,bron_id,bron,old_idbron
0,0,"	Pas, Wil van de, en Peet Theeuwen, Ambtenaren Gelderland 1543-1795. Ongepubliceerd manuscript Gelders Archief.",['republiek_280']
1,1,"(1)Correspondentie van Willem van Oranje (1533-1584), De (database met gedigitaliseerd beeldmateriaal, www.inghist.nl)",['me_107']
2,2,"(2)Correspondentie van Willem van Oranje (1533-1584), De (database met gedigitaliseerd beeldmateriaal, www.inghist.nl)",['me_218']
3,3,"A.J. Mensema, De ridderschap van Overijssel 1460-1795 (3 dln., Zwolle 1993)","['batfra_6', 'divperioden_5']"
4,4,"A.J. van der Aa, Biographisch woordenboek der Nederlanden (12 dln., Haarlem 1852-1878)","['batfra_4', 'negentiende_eeuw_6', 'divperioden_36']"
5,5,"A.J.C.M. Gabriëls, De heren als dienaren en de dienaar als heer. Het stadhouderlijk stelsel in de tweede helft van de achttiende eeuw ('s-Gravenhage 1990)",['divperioden_10']
6,6,"A.M. Elias en P.C.M. Schölvinck, met medewerking van H. Boels, Volksrepresentanten en wetgevers. De politieke elite in de Bataafs-Franse tijd 1796-1810 (Amsterdam 1991)","['batfra_2', 'negentiende_eeuw_13']"
7,7,"A.P. van Nienes en M. Bruggeman, Archieven van de Friese stadhouders (Leeuwarden 2002)",['divperioden_7']
8,8,"Aa, A.J. van der, Biographisch woordenboek der Nederlanden (12 dln., Haarlem 1852-1878)","['republiek_151', 'republiek_friezen_36']"
9,9,"Aa, A.J. van der. Biografisch woordenboek der Nederlanden. Haarlem 1852-1878",['me_606']
10,10,"Aalbers, J., 'Een oude richting doorbroken. De Utrechtse Ridderschap 1814-1815', Virtus 2 (1994-1995) afl. 1",['republiek_291']
11,11,"Aalbers, J., e.a., Utrechtse biografieën. Levensbeschrijvingen van bekende en onbekende Utrechters (Amsterdam/Utrecht 1994-)",['me_129']
12,12,"Aalbers, P.G., Justitiae Sacrum. Zeven eeuwen rechtspraak in Arnhem (Utrecht 1998)",['me_69']
13,13,"Aalst, G.M. van. Inventaris van de collectie charters ontvangen van het Centraal Bureau voor Genealogie (regesten), 1457-1829 (Den Haag 1976)",['me_334']
14,14,"Aalst, G.M.van. Inventaris van de collectie Cazius, 1342-1692 (Den Haag 1986)",['me_592']
15,15,Abdij van Egmond 1140-1574 [Regesten]. Haarlem archief,['me_343']
16,16,Abdij van Egmond 1140-1574. Haarlems archief,['me_342']
17,17,"Ablaing van Giessenburg, W.J. d', Bannerheeren en Ridderschap van Zutphen. Van den aanvang der beroerten in de XVIe Eeuw, tot het jaar 1795 (Den Haag 1877).",['republiek_242']
18,18,"Ablaing van Giessenburg, W.J. d', Bannerheeren en ridderschap van Zutphen van den aanvang der beroerten in de XVIe eeuw tot het jaar 1795 (2 dln., 's-Gravenhage 1877-1885)",['me_56']
19,19,"Ablaing van Giessenburg, W.J. d', De Ridderschap van Holland (manuscript Centraal Bureau voor Genealogie Den Haag 1850)",['republiek_127']
20,20,"Ablaing van Giessenburg, W.J. d', De Ridderschap van Veluwe, of Geschiedenis der Veluwsche Jonkers (Den Haag 1899).",['republiek_243']
21,21,"Ablaing van Giessenburg, W.J. d', De Ridderschap van het Kwartier van Nijmegen. Namen en stamdeelen van de sedert 1587 verschenen edelen (Den Haag 1899).",['republiek_241']
22,22,"Ablaing van Giessenburg, W.J. d', De ridderschap van het kwartier van Nijmegen. Namen en stamdeelen van de sedert 1587 verschenen edelen ('s-Gravenhage 1899)",['me_85']
23,23,Adelsarchief. Jaarboek van den Nederlandschen adel (1900-1904),['republiek_38']
24,24,"Aesch, F.H.J. van, ‘De dijkgraven van de Krimpenerwaard, 1608-heden’, Historische Encyclopedie Krimpenerwaard 6 (1981), nr. 4.",['republiek_67']
25,25,"Aktenarchief eigendomsakten der gemeente 's-Gravenhage, met retroacta, in 1892 geordend en tot op heden voortgezet.",['me_267']
26,26,Album studiosorum academiae Lugduno Batavae MDLXXV-MDCCCLXXV ('s-Gravenhage 1875),['republiek_207']
27,27,Algemeen Nederlandsch Familieblad (1883-1905),"['negentiende_eeuw_24', 'divperioden_3', 'republiek_135', 'republiek_friezen_3']"
28,28,"Algemeene rekenkamer in de Nederlanden en de daaraan voorafgegane commissien en collegien van toezigt op het beheer van 's lands geldmiddelen 1428-1873, De (ongepubliceerd manuscript; Bibliotheek Algemene Rekenkamer 's-Gravenhage)",['republiek_190']
29,29,"Alkemade, W.R.C., Langs de Oude Rijn. Levensbeschrijvingen van bekende en onbekende mensen uit Vleuten-De Meern, Harmelen en Woerden (Utrecht 1999)",['me_138']
30,30,Alkmaars Jaarboekje (Alkmaar 1965-1974),['republiek_178']
31,31,"Andries Vierlingh, Tractaet van dyckagie, uitgeg. door J. de Hullu en A.G. Verhoeven, 2 dln. 's-Gravenhage 1920 Rijks Geschiedkundige Publikatiën, Kleine serie 20, 20a.",['me_392']
32,32,Annuaire de la Noblesse de Belgique. I. de Stein d'Altenstein (red.) (Brussel 1847-1945),['negentiende_eeuw_5']
33,33,"Anspach, J., De Veluwsche familie Tulleken en hare aanverwanten (z.p. 1882)",['republiek_290']
34,34,"Archief Hoogheemraadschap Rijnland, charters",['me_435']
35,35,"Archief Schepenbank Geertruidenberg, regestenlijst inventaris nr. 10, bewerkt door Arjan van Loon",['me_431']
36,36,"Archief Schepenbank Geertruidenberg, regestenlijst inventaris nr. 11, bewerkt door Arjan van Loon",['me_432']
37,37,"Archief Schepenbank Geertruidenberg, regestenlijst inventaris nr. 12, bewerkt door Arjan van Loon",['me_433']
38,38,"Archief Schepenbank Geertruidenberg, regestenlijst inventaris nr. 13, bewerkt door Arjan van Loon",['me_434']
39,39,"Archief Schepenbank Geertruidenberg, regestenlijst inventaris nr. 8, bewerkt door Arjan van Loon",['me_429']
40,40,"Archief Schepenbank Geertruidenberg, regestenlijst inventaris nr. 9, bewerkt door Arjan van Loon",['me_430']
41,41,"Archief Schouwen-Duiveland, Poorterboeken Zierikzee 1302-1809",['me_483']
42,42,"Archief van de Weeskamer van Schoonhoven, 1387-1809",['me_609']
43,43,"Archief van de gemeente Schagen, 1415-1813",['me_412']
44,44,Archief van het Provenhuis van Zessen te Alkmaar 1626-1986,['me_597']
45,45,"BHIC, 2039, Collectie charters van het Groot Seminarie te Haaren, 1238-1801",['me_524']
46,46,"BHIC, 221, Charters van het Provinciaal Genootschap van K&W, 1303-1845",['me_527']
47,47,"BHIC, 239, Klooster Mariënkroon en Mariëndonk in Heusden",['me_522']
48,48,"BHIC, 240, Klooster Het Hollandse Huis bij Geertruidenberg",['me_526']
49,49,"BHIC, 242, Klooster Sint-Catharina in Heusden, 1316-1588",['me_528']
50,50,"BHIC, 243, Kapittel Heusden, 1339-1603",['me_529']
51,51,"BHIC, 346, Collectie Cuypers van Velthoven, 1320-1870",['me_523']
52,52,"BHIC, 346, Kapittel Heusden, 1339-1603",['me_525']
53,53,"Baelde, M., De collaterale raden onder Karel V en Filips II (1531-1578). Bijdrage tot de geschiedenis van de centrale instellingen in de zestiende eeuw (Brussel 1965)",['me_16']
54,54,"Baerdt van Sminia, H., Nieuwe naamlijst van grietmannen van de vroegste tijden af tot het jaar 1795, met eenige geschiedkundige aanteekeningen (Leeuwarden 1837)","['republiek_203', 'republiek_friezen_27']"
55,55,"Bailly, M. C. le en P.J.M. van den Heuvel e.a. Inventaris van het archief van het Hof van Holland 1428-1811 (Den Haag 2008)",['me_299']
56,56,"Bakker, G., ‘Leden fan de Warkumer froedskip tusken 1632 en 1795’, in: idem ed., De sted Warkum (Bolsward 1967) 32-41.",['republiek_friezen_25']
57,57,"Balen, Matthys, Beschryvinge der stad Dordrecht (Dordrecht 1678)",['republiek_36']
58,58,"Baumann, E.D., Een lijfarts der Oranjes in de XVIIde eeuw (Utrecht 1952)",['republiek_224']
59,59,"Beek, E.J.A. van, Encyclopedie van munten en bankbiljetten (Houten 1986), 3 dln.",['me_141']
60,60,"Beerthuizen-van Kooten, Ada (red.) Montfoort, geschiedenis van een kleine Utrechtse stad 1670 - 1750. Stichts Hollandse Bijdragen 19 (1988)",['republiek_249']
61,61,"Belonje, J., Ter Coulster (Wormerveer 1946)",['republiek_139']
62,62,"Benders, J., & T. Nissen, Muntmeester Jan van Landaes en de fijne groot (Dordtse muntslag in 1370), (Utrecht 2006)",['me_143']
63,63,"Berends, P., Het oud-archief der gemeente Harderwijk (2 dln., Harderwijk 1935)",['me_83']
64,64,"Beresteyn, E.A. van en W.F. del Campo Hartman, Genealogie van het geslacht Van Beresteyn I ('s-Gravenhage 1954)",['republiek_37']
65,65,"Beresteyn, E.A. van, Cohier van de vermogensbelasting te Haarlem anno 1511, Jaarboek van het Centraal Bureau voor Genealogie 1 (1947) 77-92,
,",['me_418']
66,66,"Berkel, K. van, 'Aggeus de Albada en de crisis in de Opstand (1579-1587)', Bijdragen en Mededelingen betreffende de Geschiedenis der Nederlanden 96 (1981) 1-25,",['me_91']
67,67,"Berkenvelder, F.C., Zwolse regesten (6 dln., Zwolle 1980-1997)",['me_81']
68,68,Beschryving van de stad Amersfoort II (Utrecht 1760),['republiek_264']
69,69,"Bessem, R. Oorkondenboek van het Kathuizerklooster St. Andries-ter-Zaliger-Haven bij Amsterdam (1352)1392-1579(1583) Amsterdam 1997.",['me_238']
70,70,"Bijdragen en Mededeelingen Gelre, Vereeniging tot Beoefening van Geldersche Geschiedenis, Oudheidkunde en Recht (Arnhem 1898-)",['negentiende_eeuw_31']
71,71,Bijdragen en Mededelingen - Vereniging Gelre,['republiek_244']
72,72,"Bijl, M. van der, Idee en interest. Voorgeschiedenis, verloop en achtergronden van de politieke twisten in Zeeland en vooral in Middelburg tussen 1702 en 1715 (Groningen 1981)",['republiek_206']
73,73,"Bijlsma, R., C.H. van Marle. Inventaris van het archief van de Kamer van Tresorie dezer landen[1586] Kamer van Financien en Domeinen [1586] Kamer van de Tresorie [1586-1588]  (Den Haag 1976)",['me_332']
74,74,"Bijlsma, R., C.H. van Marle. Inventaris van het archief van de Staten-Generaal 1576-1588 (Den Haag 1976)",['me_331']
75,75,Biografisch Portaal van Nederland (http://www.biografischportaal.nl),['republiek_277']
76,76,Biografisch Woordenboek Gelderland (https://www.biografischwoordenboekgelderland.nl),['republiek_304']
77,77,Biografisch Woordenboek van Gelderland. Bekende en onbekende mannen en vrouwen uit de Gelderse geschiedenis (Hilversum 1998-),['me_120']
78,78,Biografisch Woordenboek van Nederland ('s-Gravenhage 1979-),['negentiende_eeuw_7']
79,79,"Blonden, J.L. Inventaris van het archief van het klooster van Sint Michiel in den Hem bij Schoonhoven [Den Haag 1925] versie 15-03-2019",['me_608']
80,80,"Bloys van Treslong Prins, P.C., Genealogische en heraldische gedenkwaardigheden in en uit de kerken der provincie Overijssel (Utrecht 1925)",['republiek_187']
81,81,"Blécourt, A.S. de en E.M. Meijers, Memorialen van het Hof (den Raad) van Holland, Zeeland en West-Friesland, van de secretaris Jan Rosa. Deelen I, II en III (Haarlem 1929)","['me_8', 'republiek_7']"
82,82,"Boddaert, Pieter e.a., Tegenwoordige staat der Vereenigde Nederlanden. Behelzende eene beschryving van Zeeland (Amsterdam 1751)",['republiek_193']
83,83,"Boitet, Reinier, Beschryving der stadt Delft (Delft 1729)",['republiek_120']
84,84,"Boitet, Reinier, Beschryving der stadt Delft, - - - (Delft 1729)",['me_436']
85,85,"Bondam, J.K., P.A. Meilink. Inventaris van een verzameling stukken, afkomstig van jhr. dr. C.G.W.F. van Vredenburch (Den Haag 1924)",['me_324']
86,86,"Bonke, Hans en Katja Bossaers, Heren investeren. De bewindhebbers van de West-Friese kamers van de VOC (Haarlem/Hoorn/Enkhuizen 2002)",['republiek_191']
87,87,"Bos-Rops, J.A.M.Y., 'The power of money. Financial officers in Holland in the late 15th and early 16th century' in: Robert Stein ed., Powerbrokers in the late middle-ages/Les courtiers du pouvoir au bas moyen-âge (Leuven 2001) 47-66,",['me_13']
88,88,"Bossaers, K.W.J.M., `Van kintsbeen aan ten staatkunde opgewassen'. Bestuur en bestuurders van het Noorderkwartier in de achttiende eeuw ('s-Gravenhage 1996) [Bijlagen]",['republiek_19']
89,89,"Bouricius, L.G.N., Lijst der regeeringspersoonen van Delft, alphabetisch gerangschikt naar Boitet's opgaven (manuscript Centraal Bureau voor Genealogie 1925)",['republiek_40']
90,90,"Braake, S. ter, 'In dienst in Den Haag. Makelaardij bij het Hof van Holland aan het eind van de Middeleeuwen (1483-1506)', Holland 35 (2003) 9-26,",['me_48']
91,91,"Braake, S. ter, De weg naar het Hof. De activiteiten  van 43 grafelijke ambtenaren in Den Haag aan het eind van de Middeleeuwen (1483-1506) (doctoraalscriptie VU 2002)",['me_57']
92,92,"Braake, S. ter. Zwaeren arbeyden ende cleen proffijten. Tijdschrift voor sociale en economische geschiedenis 3 [2006] nr. 1, p. 51-72",['me_159']
93,93,"Braake, Serge ter. Met recht en rekenschap. De ambtenaren bij het Hof van Holland en de Haagse Rekenkamer in de Habsburgse Tijd (1483-1558) (Hilversum 2007).",['me_150']
94,94,"Brand, Hanno. Floris en Jan van Boschuysen: Leidse edelen aan het Beierse en Bourgondische Hof. Leidschrift jrg. 14 nr. 1 (april 2000)",['me_346']
95,95,"Brand, Hanno. Over macht en overwicht; stedelijke elites in Leiden 1420-1510 http:// www.janvanhout.nl/brand/br-frame.htm (bezocht op 19-09-2016)",['me_344']
96,96,"Brieffies, W. Stede en gemeente Grootebroek 1364-1949. (Grootebroek 1985, 1997)",['me_354']
97,97,"Brieffies, W. [Regesten bij] Stede en gemeente Grootebroek 1364-1949. (Grootebroek 1985, 1997)",['me_355']
98,98,"Briefwisseling van Anthonie Heinsius 1702-1720, De, A.J. Veenendaal ed. (19 dln., 's-Gravenhage 1976-2001)",['republiek_210']
99,99,"Briefwisseling van Hugo Grotius (17 dln., 's-Gravenhage 1928-2001). P.C. Molhuysen e.a. ed.",['republiek_297']
100,100,Brieven en andere bescheiden betreffende Daniël van der Meulen. Bew. door Gisela Jongbloet-van Houtte ('s-Gravenhage 1986),['republiek_298']
101,101,"Brom, G en A.H.L. Hensen., Romeinse bronnen voor de kerkelijke geschiedenis van Nederland, 1521-1914, 's-Gravenhage 1922 (Rijks Geschiedkundige Publicatiën Grote Serie 52)",['me_397']
102,102,"Brood,  P. e.a. ed., Homines novi. De eerste volksvertegenwoordigers van 1795 (Amsterdam 1993)",['republiek_friezen_15']
103,103,"Brood, P. e.a. ed., Homines novi. De eerste volksvertegenwoordigers van 1795 (Amsterdam 1993)",['republiek_215']
104,104,"Bruggeman, J. Inventaris van het archief der adellijke Vrouwenabdij van Rijnsburg van de Orde van Benedictus 1179-1574 (Den Haag 1931)",['me_311']
105,105,"Bruggeman, J. [Regesten bij] Inventaris van het archief der adellijke Vrouwenabdij van Rijnsburg van de Orde van Benedictus 1179-1574 (Den Haag 1931)",['me_312']
106,106,"Bruin, J. de. Archieven van de dorpen Abbekerk en Lambertschaag en gemeente Abbekerk 1399- 1945 (1977)",['me_356']
107,107,"Bruinvis, C.W., De Alkmaarsche vroedschap tot 1795 (Z.pl., z.d.)",['republiek_117']
108,108,"Buchel, Aernout van, Monumenta passim in templis ac monasteriis Trajectinae urbis atque agri inventa (handschrift Utrechts Archief)",['republiek_268']
109,109,"Burgers, J.W.J, Registers Hollandse grafelijkheid, 1299-1345, NH (http://resources.huygens.knaw.nl/registershollandsegrafelijkheid/oorkonde) (20-06-2014)",['me_152']
110,110,"Burgers, J.W.J. Registers Hollandse grafelijkheid 1299-1345, UT(http://recources.huygens.knaw.nl/registershollandsegrafelijkheid/oorkonde)(20-06-2014)",['me_169']
111,111,"Burgers, J.W.J. Registers Hollandse grafelijkheid 1299-1345, WO (http//resources.huygens.knaw.nl/registershollandsegrafelijkheid/oorkonde)(20-06-2014)",['me_170']
112,112,"Burgers, J.W.J. Registers Hollandse grafelijkheid, 1299-1345, AW (http://resources.huygens.knaw.nl/registershollandsegrafelijkheid/oorkonde)  (20-06-2014)",['me_157']
113,113,"Burgers, J.W.J. Registers Hollandse grafelijkheid, 1299-1345, CA (http://resources.huygens.knaw.nl/registershollandsegrafelijkheid/oorkonde)  (20-06-2014)",['me_164']
114,114,"Burgers, J.W.J. Registers Hollandse grafelijkheid, 1299-1345, DE (http://resources.huygens.knaw.nl/registershollandsegrafelijkheid/oorkonde) (27-01-2015)",['me_176']
115,115,"Burgers, J.W.J. Registers Hollandse grafelijkheid, 1299-1345, FR (http://resources.huygens.knaw.nl/registershollandsegrafelijkheid/oorkonde)  (20-06-2014)",['me_165']
116,116,"Burgers, J.W.J. Registers Hollandse grafelijkheid, 1299-1345, HE (http://resources.huygens.knaw.nl/registershollandsegrafelijkheid/oorkonde) (27-01-2015)",['me_178']
117,117,"Burgers, J.W.J. Registers Hollandse grafelijkheid, 1299-1345, KE (http://resources.huygens.knaw.nl/registershollandsegrafelijkheid/oorkonde)  (20-06-2014)",['me_156']
118,118,"Burgers, J.W.J. Registers Hollandse grafelijkheid, 1299-1345, NH2 (http://resources.huygens.knaw.nl/ registershollandsegrafelijkheid/oorkonde) (10-02-2015)",['me_183']
119,119,"Burgers, J.W.J. Registers Hollandse grafelijkheid, 1299-1345, PC (http:// resources.huygens.knaw.nl/registershollandsegrafelijkheid/oorkonde) (27-01-2015)",['me_177']
120,120,"Burgers, J.W.J. Registers Hollandse grafelijkheid, 1299-1345, UT (http://resources.huygens.knaw.nl/registershollandsegrafelijkheid/oorkonde)  (20-06-2014)",['me_168']
121,121,"Burgers, J.W.J. Registers Hollandse grafelijkheid, 1299-1345, WI (http://resources.huygens.knaw.nl/registershollandsegrafelijkheid/oorkonde)  (20-06-2014)",['me_154']
122,122,"Burgers, J.W.J. Registers Hollandse grafelijkheid, 1299-1345, ZE (http://resources.huygens.knaw.nl/registershollandsegrafelijkheid/oorkonde)  (20-06-2014)",['me_155']
123,123,"Burgers, J.W.J. Registers Hollandse grafelijkheid, 1299-1345, ZH (http://resources.huygens.knaw.nl/registershollandsegrafelijkheid/oorkonde)  (20-06-2014)",['me_153']
124,124,"Burgers, J.W.J., Registers Hollandse grafelijkheid, 1299-1345, BR (http://resources.huygens.knaw.nl/registershollandsegrafelijkheid/oorkonde) (27-01-2015)",['me_174']
125,125,"Burgers, J.W.J., Registers Hollandse grafelijkheid, 1299-1345, GE (http:// resources.huygens.knaw.nl/registershollandsegrafelijkheid/oorkonde) (27-01-2015)",['me_179']
126,126,"Burgers, J.W.J., Registers Hollandse grafelijkheid, 1299-1345, ZE2 (http://resources.huygens.knaw.nl/registershollandsegrafelijkheid/oorkonde) (27-01-2015)",['me_175']
127,127,"Buy, H. du. Inventaris van het archief van het Leprooshuis 1386-1800 (online 2012)",['me_269']
128,128,Catalogs bij de tentoonstelling: Van centrale kern tot kerncentrale. Geslacht en land van Borssele (Rijksarchief Zeeland 1971),['me_291']
129,129,Catalogus bij de tentoonstelling: Een verdronken stad - Reimerswaal. (Rijksarchief Zeeland 1971-1972),['me_290']
130,130,"Cleveringa, R.P., Gemeene Landswarf en Hoofdmannenkamer te Groningen tot 1601 (Groningen etc. 1934)",['me_65']
131,131,"Collectie aanwinsten, afkomstig van het Rijksarchief in Noord-Brabant, 1417-1899.",['me_380']
132,132,Consilium Magnum 1473-1973 (Brussel 1977),['me_59']
133,133,"Cools, H., Mannen met macht. Edellieden en de Moderne Staat in de Bourgondisch-Habsburgse landen (1475-1530) (Zutphen 2001)",['me_23']
134,134,"Cox, J.C.M., ""De Heeren van Alkmaer"". Regeerders en regenten, vroedschap en raad, 1264-2005 (Alkmaar 2005)",['me_140']
135,135,"Cuijpers, Th. e.a., Brabantse biografieën. Levensbeschrijvingen van bekende en onbekende Noordbrabanders (Amsterdam/Meppel 1992-)",['me_25']
136,136,"Dalen, J.L. van, Geschiedenis van Dordrecht (2 dln., Dordrecht 1931)",['republiek_33']
137,137,"Dalen, J.L.van. Stadsarchieven: grafelijke tijd 1200-1572 (Dordrecht 1909)",['me_589']
138,138,"Damen, M., De staat van dienst. De gewestelijke ambtenaren van Holland en Zeeland in de Bourgondische periode (1425-1482) (Hilversum 2002)",['me_10']
139,139,"De Maasgouw. Limburgs tijdschrift voor Geschiedenis, Taal en Kunst (MAastricht 1879-)",['negentiende_eeuw_20']
140,140,De Navorscher (Amsterdam 1851-),['negentiende_eeuw_12']
141,141,De Nederlandsche Leeuw ('s-Gravenhage 1883-),"['negentiende_eeuw_8', 'divperioden_17']"
142,142,De Wapenheraut ('s-Gravenhage 1897-1920),"['negentiende_eeuw_10', 'divperioden_11']"
143,143,"Debruyne, N., (2010) “Een Gentse staatsgreep. De Gevangenneming van de Hertog van Aarschot en andere edelen te Gent op 28 oktober 1577.”, Handelingen der Maatschappij voor Geschiedenis en Oudheidkunde te Gent 64, 167-216",['republiek_302']
144,144,"Dekker, C. Inventaris van het archief van de heren van Putten en Strijen 1235-1459 (Den Haag 1960)",['me_288']
145,145,"DelaHaye, A. Archief ambachtsheerlijkheid Oud en Nieuw-Vossemeer en Vrijberge 1410-1962. (Oud-Vossemeer 1965)",['me_358']
146,146,"DelaHaye, A. Vossemeer land van 1000 heren. 1969",['me_361']
147,147,"DelaHaye, A. [Regesten bij] Archief ambachtsheerlijkheid Oud en Nieuw-Vossemeer 1410-1962. (Oud-Vossemeer 1965)",['me_359']
148,148,"Den Haag, Gemeentearchief, Hervormde Gemmente Voorburg (6140-01), Regestenlijst van het Cartularium",['me_439']
149,149,"Doeleman, F., Lijst van civiele rechtszaken voor het Hof van Utrecht, waarvan de processtukken in het archief van het Hof zijn bewaard gebleven 1530-1630 (Utrecht 1980)",['me_18']
150,150,"Dolk, Th. F. J. A e.a. Inventaris van het oud-archief Hoogheemraadschap Delfland 1319-1853 (Den Haag 1940)",['me_364']
151,151,"Dolk, Th. F. J. A. e.a. [Regesten bij] Inventaris van het oud-archief Hoogheemraadschap Delfland 1319-1853 (Den Haag 1940)",['me_365']
152,152,"Don, J., De archieven der gemeente Kampen (3 dln, 1963-1971)",['me_139']
153,153,"Doorninck, J. van, Geslachtkundige aanteekeningen ten aanzien van de gecommitteerden ten landdage van Overijssel zedert 1610-1794 met eenige berigten omtrent de voormalige havezathen in dat gewest (Deventer 1869)",['republiek_162']
154,154,"Doppler, P., Lijst der proosten van het Vrije Rijkskapittel van St. Servaas te Maastricht (800-1797) (Maastricht 1936)",['me_98']
155,155,"Douma, H. Inventaris van het familiearchief Cousebant ca. 1400-1800 (Den Haag 1965)",['me_296']
156,156,"Douma, H. [Regesten bij] Inventaris van het familiearchief Cousebant ca. 1400-1800 (Den Haag 1965)",['me_598']
157,157,"Driel, W.W. van, Inventaris van het archief van de familie Van Dorp (1414)1503-1657 (2 dln., 's-Gravenhage 1986)",['me_53']
158,158,"Drossaers, S.W.A. Inventaris Delftse statenkloosters: Heilige Maria op den Berg Sion 1440-1584 (Den Haag 1916)",['me_318']
159,159,"Drossaers, S.W.A. Inventaris Delftse statenkloosters: Koningsveld 1275-1575 (Den Haag 1916)",['me_316']
160,160,"Drossaers, S.W.A. Inventaris Delftse statenkloosters: Sint-Agatha 1275-1575 (Den Haag 1916)",['me_314']
161,161,"Drossaers, S.W.A. Inventaris Delftse statenkloosters: Sint-Barbara 1275-1575 (Den Haag 1916)",['me_319']
162,162,"Drossaers, S.W.A. Inventaris van het archief van de Nassause Domeinraad: Anna van Buren 1166-1580 (1582) (Den Haag 1955)",['me_295']
163,163,"Drossaers, S.W.A. Inventaris van het archief van de Nassause Domeinraad: Raad en Rekenkamer te Breda 1170-1580 (1582) (Den Haag 1948)",['me_307']
164,164,"Drossaers, S.W.A. Inventaris van het archief van de Ontvangers der kloosters binnen en buiten Delft, aangesteld door de Staten van Holland (Den Haag 1916)",['me_315']
165,165,"Drossaers, S.W.A. [Regesten bij] Delftse statenkloosters: Heilige Maria op den Berg Sion 1440-1584 (Den Haag 1916)",['me_317']
166,166,"Drossaers, S.W.A. [Regesten bij] Delftse statenkloosters: Koningsveld 1275-1575 (Den Haag 1916)",['me_255']
167,167,"Drossaers, S.W.A. [Regesten bij] Delftse statenkloosters: Sint Bartholomeus 1275-1575 (Den Haag 1916)",['me_260']
168,168,"Drossaers, S.W.A. [Regesten bij] Delftse statenkloosters: Sint Hieronymusdal 1251-1575 (Den Haag 1916)",['me_258']
169,169,"Drossaers, S.W.A. [Regesten bij] Delftse statenkloosters: Sint Ursula 1275-1575 (Den Haag 1916)",['me_259']
170,170,"Drossaers, S.W.A. [Regesten bij] Delftse statenkloosters: Sint-Agatha 1275-1575 (Den Haag 1916)",['me_256']
171,171,"Drossaers, S.W.A. [Regesten bij] Delftse statenkloosters: Sint-Barbara 1275-1575 (Den Haag 1916)",['me_257']
172,172,"Drossaers, S.W.A. [Regester bij] Delftse statenkloosters: Sint Agnes 1275-1575 (Den Haag 1916)",['me_275']
173,173,"Drossaers, S.W.A. [Regester bij] Delftse statenkloosters: Sint Anna 1275-1575 (Den Haag 1916)",['me_261']
174,174,"Dumbar, G., Kerkelyk en wereltlyk Deventer (2 dln., Deventer 1732 en 1788)",['republiek_204']
175,175,"E. Napjus, Geschiedkundige kronijk en beschrijving van de stad Sneek (Sneek 1826)",['divperioden_26']
176,176,"E. Smits, De Friesche admiraliteit boven water (2 dln., Dokkum 1996)",['divperioden_8']
177,177,"Eekhout, L., Het admiralenboek. De vlagofficieren van de Nederlandse marine, 1382-1991 (Amsterdam 1992)",['me_26']
178,178,"Elias, A.M. en P.C.M. Schölvinck, met medewerking van H. Boels, Volksrepresentanten en wetgevers. De politieke elite in de Bataafs-Franse tijd, 1796-1810 (Amsterdam 1991)",['republiek_48']
179,179,"Elias, J.E., De vroedschap van Amsterdam, 1578-1795 (2 dln., Haarlem 1903-1905)","['me_135', 'republiek_6']"
180,180,"Elias, J.E., Genealogie van het geslacht Elias: Faas Elias en Witsen Elias (Assen 1942)",['republiek_226']
181,181,"Elias, J.E., Het geslacht Elias: de geschiedenis van een Amsterdamsche regentenfamilie ('s Gravenhage 1937)",['republiek_225']
182,182,"Engelbrecht, E.A., De vroedschap van Rotterdam, 1572-1795 (Rotterdam 1973)",['republiek_29']
183,183,"Engelfried, Aad, 'De bewindhebbers van de VOC kamer Rotterdam', http://www.engelfriet.net/Alie/Hans/bewindhebbersvoc.htm (9-5-2016).",['republiek_270']
184,184,"Enklaar, D.Th., Het landsheerlijk bestuur in het Sticht Utrecht aan deze zijde van den IJsel gedurende de regeering van bisschop David van Bourgondië 1456-1496 (Utrecht 1922)",['me_21']
185,185,"Enthoven, V., ‘”Veel vertier”’. De Verenigde Oostindische Compagnie in Zeeland, een economische reus op Walcheren’, Archief. Mededelingen van het Koninklijk Zeeuwsch Genootschap der Wetenschappen (1989) 49-127.",['republiek_299']
186,186,"Epen, D.G. van, Het geslacht Van Hoorn van 1571-1899 (Brussel 1899)",['republiek_55']
187,187,"Erfgoed Leiden en omstreken, I, Archieven van de kloosters te Leiden en in de vrijheid, B, Sint Agatha- of Sint Aechten-klooster",['me_508']
188,188,"Erfgoed Leiden en omstreken, I, Archieven van de kloosters te Leiden en in de vrijheid, C, Sint Agnes-klooster",['me_509']
189,189,"Erfgoed Leiden en omstreken, I, Archieven van de kloosters te Leiden en in de vrijheid, D, Sint Barbara-klooster, genaamd Bethanië",['me_510']
190,190,"Erfgoed Leiden en omstreken, I, Archieven van de kloosters te Leiden en in de vrijheid, G, Sint Heronymusdal-klooster of Lopsen",['me_511']
191,191,"Erfgoed Leiden en omstreken, I, Archieven van de kloosters te Leiden en in de vrijheid, H, Sint Catharina-klooster, genaamd Schagen",['me_600']
192,192,"Erfgoed Leiden en omstreken, I, Archieven van de kloosters te Leiden en in de vrijheid, L, Sint Michiels-klooster",['me_601']
193,193,"Erfgoed Leiden en omstreken, I, Archieven van de kloosters te Leiden en in de vrijheid, N, Nazareth-klooster, van de Grauwe Zusters",['me_512']
194,194,"Erfgoed Leiden en omstreken, I, Archieven van de kloosters te Leiden en in de vrijheid, O, Sint Hieronymus-klooster, genaamd Roma",['me_513']
195,195,"Erfgoed Leiden en omstreken, I, Archieven van de kloosters te Leiden en in de vrijheid, P, Sint Ursula-klooster",['me_515']
196,196,"Erfgoed Leiden en omstreken, II, Archieven van de begijnhoven te Leiden, B, Sint Pancras begijnhof",['me_514']
197,197,"Erfgoed Leiden en omstreken, III, Archieven van de kloosters buiten Leiden, A, Klooster Engelendaal te Leiderdorp",['me_516']
198,198,"Erfgoed Leiden en omstreken, III, Archieven van de kloosters buiten Leiden, B, Klooster Mariënpoel te Oegstgeest",['me_517']
199,199,"Erfgoed Leiden en omstreken, III, Archieven van de kloosters buiten Leiden, C, Klooster Mariënhaven te Warmond",['me_519']
200,200,"Erfgoed Leiden en omstreken, III, Archieven van de kloosters buiten Leiden, C, Klooster van de Elfduizend Maagden te Warmond",['me_518']
201,201,"Erfgoed Leiden en omstreken, III, Archieven van de kloosters buiten Leiden, D, Klooster Mariënhaven te Warmond",['me_520']
202,202,"Erfgoed Leiden en omstreken, III, Archieven van de kloosters buiten Leiden, E, Klooster Rodenburg te Zoeterwoude",['me_521']
203,203,"Erfgoed Leiden en omstreken, Inventaris van het Archief der Secretarie van de stad Leiden (1253) 1290-1575 (1858)",['me_605']
204,204,"Erfgoed Leiden en omstreken, Stadsheerlijkheden en Vroonwateren, I, Archief van de ambachtheerlijkheid De Vennip",['me_506']
205,205,"Erfgoed Leiden en omstreken, Stadsheerlijkheden en Vroonwateren, III, Archief van de ambachtheerlijkheid Zoeterwoude",['me_507']
206,206,"Erfgoed Leiden en omstreken, Stadsheerlijkheden en Vroonwateren, III.C. Archief van de ambachtsheerlijkheid Stompwijk",['me_602']
207,207,"Erfgoed Leiden en omstreken, Stadsheerlijkheden en Vroonwateren, IV, Archief van Oegstgeest",['me_603']
208,208,"Erfgoed Leiden en omstreken, Stadsheerlijkheden en Vroonwateren, V Archief van de Vroonwateren",['me_604']
209,209,Erfgoedcentrum Zutphen,['republiek_276']
210,210,"Ernsting, P. en J.D. Winsemius. Regesten van oorkonden en akten voorkomende in de registers van de heren van Putten en Strijen (Den Haag 1969).",['me_161']
211,211,"Ernsting, P. en J.D. Winsemius. Regesten van oorkonden en akten voorkomende in de registers van de heren van Putten en Strijen. 1969",['me_160']
212,212,Etat présent de la Noblesse du Royaume de Belgique (Brussel 1960-),['negentiende_eeuw_4']
213,213,Familiedossiers Centraal Bureau voor Genealogie te 's-Gravenhage (dossier op naam van de betrokkene),['republiek_24']
214,214,"Feenstra, Hidde, Spinnen in het web. Groningse regenten in relatie tot het omringende platteland tijdens de Republiek. (Assen 2007)",['republiek_219']
215,215,"Felix, D.A. Het archief der ambachtsheerlijkheid St-Annaland, regestenlijst 1922 (1983)",['me_284']
216,216,"Fockema Andreae, S.J. Hoogheemraadschap van Rijnland (Oud Archief Rijnland OAR), 1255-1857.",['me_300']
217,217,"Formsma, W.J., De archieven van de Hoge Justitiekamer in Groningen en andere gewestelijke rechterlijke instellingen tot 1811 (’s Gravenhage 1968)",['republiek_223']
218,218,"Formsma, W.J., R.A. Luitjens-Dijkveld en A. Pathuis, De Ommelander Borgen en Steenhuizen (Assen 1973)",['republiek_220']
219,219,"Fouw jr., A. de, Onbekende raadpensionarissen ('s-Gravenhage 1946)",['me_55']
220,220,"Frick Collection, The Montias Database of 17th Century Dutch Art Inventories (https://research.frick.org/montias)",['republiek_friezen_37']
221,221,"Fruin, R. Beschrijving eener verzameling charters en papieren afkomstig van Anna van Bourgondie, vrouwe van Ravestein. 1895. Regesten",['me_220']
222,222,"Fruin, R. Beschrijving eener verzameling charters en papieren afkomstig van de heeren van Beveren en Veere berustende in het Rijks archiefdepot in de provincie Zeeland (1896)",['me_203']
223,223,"Fruin, R. Beschrijving eener verzameling charters en papieren betreffende de familie Van Wakkene-Kapelle, berustende in het Rijks archief-depot in de provincie Zeeland (1895)",['me_279']
224,224,"Fruin, R. Beschrijving eener verzameling charters en papieren betreffende de provincie Zeeland, afkomstig van verschillende particulieren (charters betreffende Zeeland [2] 1357-1796 (1896)",['me_283']
225,225,"Fruin, R. Informacie up den staet faculteyt ende gelegentheyt van de steden ende dorpen van Hollant ende Vrieslant om daernae te reguleren de nyeuwe schiltaele gedaen in den jaere MDXIV (Leiden 1866)",['me_226']
226,226,"Fruin, R. Inventaris van het archief van het Serment van de werklieden en munters van de Munt van Holland te Dordrecht 1368-1806 (1914)",['me_285']
227,227,"Fruin, R. [Aanhangsel bij] Informacie up den staet faculteyt ende gelegentheyt van de steden ende dorpen van Hollant ende Vrieslant om daernae te reguleren de nyeuwe schiltaele gedaen in den jaere MDXIV (Leiden 1866)",['me_276']
228,228,"Fruin, R. [Inventaris van] Het archief der O.L.V. Abdij te Middelburg ('s-Gravenhage 1901)",['me_184']
229,229,"Fruin, R. [Inventaris van]Het archief der stad Reimerswaal (Den Haag 1897)",['me_209']
230,230,"Fruin, R. [Regesten bij] De rekeningen en andere stukken in 1607 uit de Hollandsche rekenkamer naar de Zeeuwsche overgebracht ('s-Gravenhage 1901), regesten I,2",['me_185']
231,231,"Fruin, R. [Regesten bij] Het archief der O.L.V. Abdij te Middelburg ('s-Gravenhage 1901)",['me_181']
232,232,"Fruin, R. [Regesten bij] Inventaris van het archief van het Serment van de werklieden en munters van de Munt van Holland te Dordrecht 1368-1806 (1914)",['me_286']
233,233,"Fruin, R. [Regesten van]Het archief der stad Reimerswaal (Den Haag 1897)",['me_210']
234,234,"Fruin, R., De leenregisters van Bewesten Schelde 1470-1535 ('s-Gravenhage 1911), regesten I",['me_167']
235,235,"Fruin, R., De leenregisters van Bewesten Schelde 1470-1535 ('s-Gravenhage 1911), regesten II",['me_171']
236,236,"Fruin, R., Enqueste ende Informatie upt Stuck van der Reductie ende Reformatie van den Schiltaelen, voertijts getaxeert ende gestelt geweest over de landen van Hollant ende Vrieslant: gedaen in den jaere 1494 (Leiden 1876)",['me_217']
237,237,"Fruin, R., [Aanhangsel bij] Enqueste ende Informatie upt Stuck van der Reductie ende Reformatie van den Schiltaelen (Leiden 1876)",['me_219']
238,238,"Fruin, R., [Bijlagen nr. 16 van] Het archief van prelaat en edelen van Zeeland ('s-Gravenhage 1904)",['me_196']
239,239,"Fruin, R., [Bijlagen nr. 17 van] Het archief van prelaat en edelen van Zeeland ('s-Gravenhage 1904)",['me_197']
240,240,"Fruin, R., [Bijlagen van] Het archief van prelaat en edelen van Zeeland ('s-Gravenhage 1904)",['me_195']
241,241,"Fruin, R., [Inventaris van] De rekeningen en andere stukken in 1607 uit de Hollandsche rekenkamer naar de Zeeuwsche overgebracht ('s-Gravenhage 1909), inventaris",['me_128']
242,242,"Fruin, R., [Inventaris van] Het archief van prelaat en edelen van Zeeland ('s-Gravenhage 1904)",['me_14']
243,243,"Fruin, R., [Regesten I,1 bij] Het archief van prelaat en edelen van Zeeland ('s-Gravenhage 1904)",['me_188']
244,244,"Fruin, R., [Regesten I,2 bij] Het archief van prelaat en edelen van Zeeland ('s-Gravenhage 1904)",['me_191']
245,245,"Fruin, R., [Regesten II bij] Het archief van prelaat en edelen van Zeeland ('s-Gravenhage 1904)",['me_189']
246,246,"Fruin, R., [Regesten bij] De rekeningen en andere stukken in 1607 uit de Hollandsche rekenkamer naar de Zeeuwsche overgebracht. Het Bourgondisch-Oostenrijkse tijdvak 1433-1584 ('s-Gravenhage 1909), regesten I,1",['me_166']
247,247,"Fruin, R., [gevonden archieven in] Het archief van prelaat en edelen van Zeeland ('s-Gravenhage 1904)",['me_190']
248,248,"Fruin, R., ‘Gedenkschrift van Joris de Bye, betreffende het bewind van Oldenbarnevelt’, Bijdragen en Mededelingen van het Historisch Genootschap 11 (1888) 400-459,",['me_92']
249,249,"Fölting, H.P., De landsadvocaten en raadpensionarissen der Staten van Holland en West-Friesland 1480-1795. Een genealogische benadering ('s-Gravenhage 1976)",['me_58']
250,250,"Fölting, H.P., De vroedschap van 's-Gravenhage, 1572-1795 (Pijnacker 1985)",['republiek_8']
251,251,"G. Bakker, ‘Leden fan de Warkumer froedskip tusken 1632 en 1795’, in: idem ed., De sted Warkum (Bolsward 1967) 32-41.",['divperioden_25']
252,252,"G. Chr. Kok, In dienst van het recht. Uit de geschiedenis van het gerechtshof te 's-Gravenhage en de daaraan voorafgegane hoven (1428-heden) (Hilversum 2005)","['batfra_16', 'negentiende_eeuw_32']"
253,253,"Gaastra, Femme Simon, Bewind en beleid bij de VOC. De financiële en commerciële politiek van de bewindhebbers, 1672-1702 (Zutphen 1989) 263-266: Chronologische naamlijst met zittingsdata en beknopte persoonsgegevens.",['republiek_274']
254,254,"Gabriëls, A.J.C.M., De heren als dienaren en de dienaar als heer. Het stadhouderlijk stelsel in de tweede helft van de achttiende eeuw ('s-Gravenhage 1990)","['republiek_174', 'republiek_friezen_10']"
255,255,"Gabriëls, A.J.C.M., `""De Edel Mogende Heeren Gecommitteerde Raaden van de Staaten van Holland en Westvriesland"", 1747-1795. Aspecten van een buitencommissie op gewestelijk niveau', Tijdschrift voor Geschiedenis 94 (1981) [Bijlage]",['republiek_5']
256,256,"Gabriëls, A.J.C.M., ongepubliceerd databestand ter voorbereiding op 'De heren als dienaren en de dienaar als heer'. Berustend bij de auteur.",['republiek_246']
257,257,"Geer van Oudegein, J.J. de, Proeve eener geschiedenis van het geslacht van Nyenrode (met nalezingen) (2 dln., Utrecht 1851-1854)",['me_97']
258,258,"Gegevens betreffende roerend en onroerend bezit in de Nederlanden in de 16e eeuw, bew. door H.A. Enno van Gelder, 2 dln., 's-Gravenhage 1972-1973 (Rijks Geschiedkundige Publicatiën, Grote serie 140-141).",['me_393']
259,259,"Gelder, H.E. van en A.M.J. de Haan. Inventaris van het archief van de Haagsche Broederschap van Sint Joris 1453-1850 (online 2012)",['me_245']
260,260,"Gelder, H.E. van en A.M.J. de Haan. [Regesten bij] Inventaris van het archief van de Haagsche Broederschap van Sint Joris 1453-1850 (online 2012)",['me_246']
261,261,Gelders Archief,"['me_111', 'republiek_275']"
262,262,"Gemeentearchief Alphen aan den Rijn, 112.1.02, Archief van het gerecht van Alphen 1582-1811",['me_503']
263,263,"Gemeentearchief Alphen aan den Rijn, 114.1.02, Archief van het gerecht van Zwammerdam 1579-1811",['me_505']
264,264,"Gemeentearchief Alphen aan den Rijn, 143.1.01, Archief van het gerecht van Hazerswoude 1555-1811",['me_504']
265,265,Gemeentearchief Delft,['republiek_148']
266,266,"Gemeentearchief Tholen, 2, Stad en gemeente Tholen, 1330-1935",['me_554']
267,267,"Gemeentearchief Tholen, 41, Charters gemeente Tholen, 1330-1788",['me_553']
268,268,"Gemeentearchief Vlissingen, 100, Stads (Gemeente)bestuur Vlissingen",['me_486']
269,269,"Gemeentearchief Vlissingen, 100, Stas (Gemeente)bestuur Vlissingen I",['me_485']
270,270,"Gemeentearchief Zaanstad, OA-0126, Ambachtsheerlijkheid (Banne) Westzaan",['me_501']
271,271,"Genealogie van de Familie Boelisz en aanverwante geslachten. Handschrift in het Familiedossier Boelisz (CBG, collectie Verloren)",['republiek_72']
272,272,Genealogische en Heraldische Bladen. E.B.F.F. Wittert van Hoogland (red.) (1906-1915),['negentiende_eeuw_11']
273,273,Genealogische en heraldische bladen (1906-1915),"['divperioden_14', 'republiek_137', 'republiek_friezen_14']"
274,274,Genealogysk jierboek,"['divperioden_34', 'republiek_friezen_34']"
275,275,Gens Nostra (Amsterdam 1945-),"['negentiende_eeuw_21', 'republiek_141']"
276,276,"Gent, M.J. van, 'Pertijelike saken'. Hoeken en Kabeljouwen in het Bourgondisch-Oostenrijks tijdperk. ['s-Gravenhage 1994]. Hollandse Historische Reeks 22",['me_149']
277,277,"Geschiedenis van de provincie Utrecht (3 dln., Utrecht 1997)",['me_123']
278,278,"Geselschap, J., Alfabetische naamlijst van de vroedschap van Gouda, 1559-1795 (Gouda 1975)",['republiek_61']
279,279,"Geselschap, J.E.J. en R, Grootveld. Inventaris van de rechterlijke archieven van 's-Gravenhage (online 2015)",['me_268']
280,280,Gids 101 Admiraliteit in Zeeland (1574) 1586-1609 (1795),['me_211']
281,281,"Godenne, W. en L.Th. Maes, Iconografie van de leden van de Grote Raad van Mechelen (Brussel etc. 1951)",['me_54']
282,282,"Gonnet, C. J. en R. D. Baart de la Faille. Oud-archief stad Hoorn 1356-1815 (1918, herzien in 2009-2010)",['me_348']
283,283,"Gonnet, C. J. en R. D. Baart de la Faille. [Regesten bij] Oud-archief stad Hoorn 1356-1815 (1918, herzien in 2009-2010)",['me_349']
284,284,"Gonnet, C.J. Oud archief stad Medemblik 1414-1813",['me_350']
285,285,"Gonnet, C.J. [Inleiding] Oude archief stad Medemblik 1414-1813",['me_352']
286,286,"Gonnet, C.J. [Regesten bij] Oud archief stad Medemblik 1414-1813",['me_351']
287,287,"Gooskens, F.A. Archief van de ambachtsheerlijkheid Vierbannen van Duiveland 1387-1951 (Middelburg 1995)",['me_224']
288,288,"Gooskens, F.A. De Admiraliteit te Veere. Inventaris van het archief en kort overzicht van de geschiedenis tot 1559 (Middelburg 1983)",['me_202']
289,289,"Gorissen, P., De Raadkamer van de hertog van Bourgondië te Maastricht (1473-1477) (Louvain/Paris 1959)",['me_61']
290,290,"Gouw, J. L. van der. Ambtenaren van het centraal bestuur onder Karel V met betrekking tot de noordelijke gewesten (1243-1554). Den Haag 1952.",['me_294']
291,291,"Gouw, J.L. van der. Rekeningen van de domeinen van Putten 1379-1429. Deel I rekeningen 1379-1419. RGP GS 170 (Den Haag 1980)",['me_262']
292,292,"Gouw, J.L. van der. Rekeningen van de domeinen van Putten 1379-1429. Deel II rekeningen 1420-1429, teksten en regesten 1229-1430. RGP GS 171 (Den Haag 1980)",['me_263']
293,293,"Graaf, Ronald de, Oorlog om Holland, 1000-1375 (Hilversum 1996)",['me_235']
294,294,"Graaff, S.A.L. de e.a., Inventarissen van de archivalia van de familie Zoudenbalch, 1393-1678 en van de familie van Wijckersloot, 1416-1827 (Utrecht 1986)",['me_71']
295,295,"Graswinckel, D.P.M., Graswinckel. Geschiedenis van een Delfts brouwers- en regenten-geslacht ('s-Gravenhage 1956)",['republiek_43']
296,296,"Grimm, P. (ed.), Heeren in zaken. De kamer Rotterdam van de Verenigde Oostindische Compagnie (Zutphen 1994)",['republiek_272']
297,297,Groninger Archieven,['republiek_288']
298,298,"Groninger Archieven, Verzameling Duco Kuiken, 1930-1995 (1700), inv. nr. 16, Lijst van gezagsdragers vermeld in het Regeringsboek afkomstig uit het Gemeente-archief Groningen 1594 - ca. 1811.",['republiek_222']
299,299,"Groot Placaatboek […] der […] Staten ’s Lands van Utrecht […], J. van de Water ed. (3 dln., Utrecht 1729)",['me_37']
300,300,Groot Placaatboek vervattende alle de placaten … van Utrecht … (Utrecht 1729),['republiek_265']
301,301,"H. Baerdt van Sminia, Nieuwe naamlijst van grietmannen van de vroegste tijden af tot het jaar 1795, met eenige geschiedkundige aanteekeningen (Leeuwarden 1837)",['divperioden_27']
302,302,"H. Ringoir, Hoofdofficieren der infanterie van 1568 tot 1813 ('s-Gravenhage, 1981)",['batfra_25']
303,303,"H. Ringoir, Nederlandse generaals van 1568 tot 1940 ( 's-Gravenhage, 1981)",['batfra_24']
304,304,"H. van Felius en H.J. Metselaars, Noordhollandse Statenleden 1840-1919 ('s-Gravenhage [z.jr.])",['negentiende_eeuw_15']
305,305,"H.A.J. van Schie, De archieven van het Comité te Lande 1795-1798 en het Ministerie van Oorlog 1798-1810 (1813) (Den Haag, 1979)",['batfra_15']
306,306,"H.A.M. Roelants, Gulden boek van Schiedam. Genealogieën en fragment-genealogieën van vroegere en hedendaagsche Schiedamsche geslachten (Amsterdam 1900)",['negentiende_eeuw_30']
307,307,"H.G.A. Obreen, Geschiedenis van het geslacht van Wassenaer (Leiden 1903)",['divperioden_6']
308,308,"H.P. Fölting, De vroedschap van 's-Gravenhage 1572-1795 (Pijnacker 1985)",['negentiende_eeuw_17']
309,309,"Haags Gemeentearchief, Kerkvoogdij der Hervormde gemeente 's-Gravenhage, bezocht 26-09-2012",['me_144']
310,310,"Haags Gemeentearchief, Oud archief van de gemeente 's-Gravenhage, bezocht 26-09-2012",['me_145']
311,311,"Haags Gemeentearchief, Sint Nicolaas Gasthuis",['me_147']
312,312,"Haags Gemeentearchief, Sint Nicolaas Gasthuis, bezocht 26-09-2012",['me_148']
313,313,"Haagsma, S., Lijst van ambtenaren en beambten bij het collegie ter admiraliteyt in Vrieslandt (1899; handschrift 9360 in bibliotheek Tresoar )",['republiek_friezen_21']
314,314,"Haan Hettema, M. de en A. van Halmael, Stamboek van den Frieschen, vroegeren en lateren, adel (2 dln., Leeuwarden 1846)","['republiek_185', 'republiek_friezen_9']"
315,315,"Haan, A.M.J. de [Regesten bij] Inventaris van het archief van het Leengoed Kortenbosch 1384-1877 (online 2013)",['me_253']
316,316,"Haan, A.M.J. de. Inventaris van het archief van de heilige geest en het heilige geesthofje te 's-Gravenhage 1311-1917 (Den Haag 1969)",['me_266']
317,317,"Haan, A.M.J. de. [Regesten bij] Inventaris van het archief van het Sint Jacobshofje, ook genaamd Sint Jacobshuisjes, Heilige Drievuldigheids- of Geefhuisjes (1481)1563-1621 (online 2014)",['me_249']
318,318,"Haar, C.C. ter. [Regesten bij] Inventaris van de archieven van de heerlijkheden van Oost- en West-Barendrecht en Canisse tot het jaar 1850 (Den Haag 1923)",['me_336']
319,319,Handelingen van het Provinciaal Genootschap van Kunsten en Wetenschappen in Noord-Brabant,['republiek_180']
320,320,"Hardenberg, H [Regesten bij] Inventaris van het archief van de Heren van Altena (Den Haag 1932)",['me_309']
321,321,"Hardenberg, H. Inventaris van het archief van de Heren van Altena (Den Haag 1932)",['me_308']
322,322,"Hart, G 't en J.E.J. Geselschap. [Regesten bij] Inventaris van de Heilige Geest te Scheveningen 1571-1678. (online 2012)",['me_265']
323,323,"Hart, G. 't. Inventaris van het oude archief van de gemeente s'-Gravenhage 1313-1815. (online 2015)",['me_239']
324,324,"Hart, G. 't. [Regesten bij] Inventaris van het oude archief van de gemeente s'-Gravenhage 1313-1815. (online 2015)",['me_240']
325,325,"Haslinghuis, E.J. en C.J.A.C. Peeters, De Dom van Utrecht ('s-Gravenhage 1965)",['republiek_260']
326,326,"Hazemeijer, S.K., J.W.A. van Hengel en J.A.C. Mathijssen, Inventaris van het archief van de familie Ram (1400) 1560-1886 (Utrechts Archief)",['republiek_261']
327,327,"Heel, Caspar van, 400 jaar gedeputeerde staten van Overijssel (Zwolle 1993)",['republiek_160']
328,328,"Heeringa, K. Het archief van de Staten van Zeeland en hunne gecommitteerde Raden (1574) 1578-1795 (1799) (Den Haag 1922)",['me_205']
329,329,"Heeringa, K. [Inventaris van] Beschrijving eener verzameling charters en papieren, afkomstig van A.W. van Borssele, heer van Borssele, berustende in Rijksarchief-bewaarplaats in Zeeland (1918)",['me_187']
330,330,"Heeringa, K. [Inventaris van] Rekeningen en andere stukken in 1607 uit de Hollandsche rekenkamer naar de Zeeuwsche overgebracht. Henegouws-Beierse tijdvak 1319-1432.",['me_173']
331,331,"Heeringa, K. [Regesten bij] Beschrijving eener verzameling charters en papieren, afkomstig van A.W. van Borssele, heer van Borssele, berustende in Rijksarchief-bewaarplaats in Zeeland (1918)",['me_186']
332,332,"Heeringa, K. [Regesten bij] Rekeningen en andere stukken in 1607 uit de Hollandsche rekenkamer naar de Zeeuwsche overgebracht. Henegouws-Beiersche tijdvak 1319-1432.",['me_182']
333,333,"Heerma van Voss, A.L., Rekeningen en andere stukken betreffende Friesland, afkomstig uit de Hollandsche Rekenkamer (1515-1575) ('s-Gravenhage 1949)",['me_102']
334,334,"Heldring, H. Inventaris van het archief van Oostduin, Arendsdorp en Waalsdorp, onderdeel van het familiearchief van Bylandt 1432-1905. (online 2013)",['me_248']
335,335,"Heldring, H. [Regesten bij] Inventaris van het archief van Oostduin, Arendsdorp en Waalsdorp, onderdeel van het familiearchief van Bylandt 1432-1905. (online 2013)",['me_247']
336,336,Heraldieke Bibliotheek. J.B. Rietstap (red.) ('s-Gravenhage 1872-1883),['negentiende_eeuw_18']
337,337,Heraldieke bibliotheek (1872-1883),['republiek_138']
338,338,Heraldische databank: http://www.heraldischedatabank.nl,['republiek_254']
339,339,"Heuff, G., L.M. van der Hoeven, Van linie en stamme Hueff. Genealogie van het geslacht Hueff (Hilversum 2007)",['republiek_253']
340,340,"Hingman, J.H. Inventaris van het archief van de Grafelijkheidsrekenkamer of Rekenkamer der Domeinen van Holland: registers en stukken (1233) 1446-1728 (1815) (Den Haag 1875)",['me_273']
341,341,"Hofland, P., Leden van de Raad. De Amsterdamse gemeenteraad 1814-1941 (Amsterdam 1998)",['republiek_friezen_35']
342,342,Holland. Regionaal historisch tijdschrift (Den Haag 1969- ),['republiek_116']
343,343,"Hoof, M.C.J.C. van, E.A.T.M. Schreuder en B.J. Slot. Inventaris van het archief van de Nassause Domeinraad (1218) 1581-1811 (1842) (Den Haag 1997)",['me_306']
344,344,"Hoogheemraadschap Rijnland, Registers OAR 11, 12, 13 (1253-1564), ed. William H. TeBrake http://www.janvanhout.nl/tebrake/oar_frame.htm",['me_443']
345,345,"Hoogheemraadschap van Schieland (Oud Archief, OAS) (1299-1953)",['me_446']
346,346,"Hormann, H.Th., Gezagsdragers Amersfoort 1405 - 1795. Historische toegangen van de Gelderse vallei, deel 18 (Woudenberg 1998)",['republiek_250']
347,347,"Houssiau, J., Les secrétaires du Conseil privé sous Charles Quint en Philippe II (c. 1531 - c. 1567) (Brussel 1998)",['me_119']
348,348,"Houtzager, H.L. e.a. (eds.), Delft en de Oostindische Compagnie (Amsterdam 1987) 202-207: Chronologische naamlijst met zittings- en leefjarenjaren en beknopte carrièregegevens.",['republiek_273']
349,349,"Hoven van Genderen, B. van den, De heren van de kerk. De kanunniken van Oudmunster te Utrecht in de late middeleeuwen (Zutphen 1997)",['me_42']
350,350,"Huffer, M. Bronnen voor de geschiedenis der Abdij van Rijnsburg 1e deel, 1e stuk: oorkonden (tot 1620) (Den Haag 1951)",['me_237']
351,351,"Huffer, M. Bronnen voor de geschiedenis der Abdij van Rijnsburg 1e deel, 2e stuk: Manboek rekeningen (tot 1500) (Den Haag 1951)",['me_293']
352,352,"Hullu, De ,'Het dagboek van Dr. Johan Dorre, burgemeester van Deventer', in: Bijdragen tot de Geschiedenis van Overijssel XI (1896) 337-346",['me_134']
353,353,Inventaris Oud-Archief Schoonhoven 1271-1813 (1816)//www.archiefman.nl/inv/ac1011.htm.,['me_587']
354,354,Inventaris van de familie Van Egmond van de Nijenburg 1428-1765.,['me_357']
355,355,Inventaris van de heerlijkheid Schagen 1427-1830,['me_607']
356,356,Inventaris van het Archief van het Groot-Waterschap van Woerden (bezocht 19-04-2012),['me_391']
357,357,Inventaris van het archief van de stad van Alkmaar 1254 (1325) - 1815 (1816),['me_353']
358,358,Inventaris van het stadsbestuur van Haarlem 1245-1572,['me_363']
359,359,"J. Rosendaal, Bataven! Lijst van de Nederlandse vluchtelingen in Frankrijk 1787-1795 (cd-rom, 2003)",['batfra_3']
360,360,"J. Tulard, Dictionnaire Napoléon. Nouvelle édition revue et augmentée (Parijs 1989)",['batfra_10']
361,361,"J.C. Mollema, Geschiedenis van Nederland ter zee (4 dln.; Amsterdam 1939-1942)",['negentiende_eeuw_27']
362,362,"J.E. Elias, De vroedschap van Amsterdam, 1578-1795 (2 dln., Haarlem 1903-1905)",['batfra_21']
363,363,Jaarboek Centraal Bureau voor Genealogie en het Iconographisch Bureau ('s-Gravenhage 1947-),['negentiende_eeuw_29']
364,364,Jaarboek Oudheidkundige Kring 'De Ghulden Roos' (Roosendaal 1941-),['negentiende_eeuw_23']
365,365,Jaarboek van den Nederlandschen Adel ('s-Gravenhage 1888-1894),['negentiende_eeuw_28']
366,366,Jaarboek van den Nederlandschen adel ('s-Gravenhage/Oisterwijk 1888-1894),"['divperioden_23', 'republiek_14', 'republiek_friezen_23']"
367,367,Jaarboek van het Centraal Bureau voor Genealogie en het Iconographisch Bureau ('s-Gravenhage 1947- ),"['me_132', 'divperioden_16', 'republiek_125', 'republiek_friezen_16']"
368,368,Jaarboekje voor geschiedenis en oudheidkunde van Leiden en omstreken (Leiden 1904-),['me_127']
369,369,Jaarverslag Vereniging Oud Monnickendam,['republiek_147']
370,370,"Jaeger, J. Inventaris van de collectie handschriften van de derde afdeling ARA tot 1950 (Den Haag 1968)",['me_335']
371,371,"Jaeger, J.A. [Regesten bij] Inventaris van het archief van de familie Van der Goes van Dirxland 1419-1928 (Den Haag 1965)",['me_301']
372,372,"Jaeger, J.A., Inventaris van het archief van de familie Van der Goes van Dirxland 1419-1928 (Den Haag 1965)",['me_74']
373,373,"Jager, H. de, De Brielsche vroedschap in de jaren 1618-1794 (Rijswijk 1904) (Overdrukken uit Algemeen Nederlandsch Familieblad 1887-1903)",['republiek_26']
374,374,"Jager, H. de, Het geslacht Tromp (Rotterdam 1883)",['republiek_66']
375,375,"Janse, Antheun. Ridderschap in Holland (Hilversum 2009)",['me_345']
376,376,"Japikse, N., 'Onafhankelijksdag (26 Juli 1581)', Bijdragen voor Vaderlandsche Geschiedenis en Oudheidkunde, 5e reeks, I (1913) 213-240,",['me_88']
377,377,Johan Huyssen van Kattendijke-kroniek. Bew. door Antheun Janse (Den Haag 2005),['republiek_198']
378,378,"Johan van Oldenbarnevelt, Bescheiden betreffende zijn staatkundig beleid en zijn familie I, 1570-1601, uitg. door S.P. Haak, 's-Gravenhage 1934 (Rijks Geschiedkundige Publicatiën, Grote serie 80.",['me_394']
379,379,Johan van Oldenbarnevelt. Bescheiden betreffende zijn staatkundig beleid en zijn familie II. A.J. Veenendaal ed. (Den Haag 1962),['republiek_75']
380,380,"Jong, J.J. de, Met goed fatsoen. De elite in een Hollandse stad: Gouda, 1700-1780 (Amsterdam 1985)",['republiek_11']
381,381,"Jong, S.P. de, J.A. Schuur en P.M. Peucker, Inventaris van de archieven van de gewestelijke bestuursinstellingen van Friesland 1580-1795 (Leeuwarden 1998)",['republiek_friezen_19']
382,382,"Jongh, G.J.W. de. Inventaris van het archief van de familie Van Persijn 1419-1950 (Den Haag 2013)",['me_222']
383,383,"Jorissen, Th., Memorien van mr. Diderik van Bleyswijk, 1734-1755. Werken uitgegeven door het Historisch Genootschap te Utrecht, Nieuwe serie 45 (Utrecht 1887)",['republiek_65']
384,384,"Kaajan, H.J.Ph.G. Inventaris van het archief van mr. Paulus Buys (1572-1578). (Den Haag 1976)",['me_305']
385,385,"Kalveen, C.A. van, Het bestuur van bisschop en Staten in het Nedersticht, Oversticht en Drenthe, 1483-1520 (Utrecht 1974)",['me_22']
386,386,"Kan, F. van , Haagse Elite tot 1572 http://www.gemeentearchief.denhaag.nl/websitehga/haagseelite/hal-a.htm (bezocht 06-08-2008)",['me_142']
387,387,"Kan, F. van. Leids patriciaat tot 1420 http://www.janvanhouten.nl/pat/pat_frame.htm (bezocht 31-08-2016)",['me_337']
388,388,"Kenningboek der stad Leiden, 1553/1570, ed. A.S. de Blécourt en J.J.A. Wijs (Utrecht 1936)",['me_494']
389,389,"Kenningboek der stad Leiden, 1570/1580, ed. M.D. Osinga en W.S. Gelinck, 2 dln. ('s-Gravenhage 1928-1930)",['me_493']
390,390,"Kerckhoffs-de Heij, A.J.M., De Grote Raad en zijn functionarissen 1477-1531 (Amsterdam 1980)",['me_117']
391,391,"Kerckhoffs-de Heij, A.J.M., De Grote Raad en zijn functionarissen 1477-1531. Biografieën van raadsheren (Amsterdam 1980)",['me_19']
392,392,"Kernkamp, G.W., Archivalia uit de Baltische landen met betrekking tot de Nederlandse geschiedenis 1191-1792, 's-Gravenhage 1909 (Rijks Geschiedkundige Publicatiën Kleine Serie 4).",['me_395']
393,393,"Klerk, F. H. de. Inventaris van de archieven van Arnemuiden 1431-1857 (1892) (Goes 1996)",['me_298']
394,394,"Klerk, F. H. de. [Regesten bij] Inventaris van de archieven van Arnemuiden 1431-1857 (1892). Goes 1996",['me_180']
395,395,"Knevel, Paul, Het Haagse bureau. Zeventiende-eeuwse ambtenaren tussen staatsbelang en eigenbelang (Amsterdam 2001)",['republiek_216']
396,396,"Koch, A.C.F., J.G. Kruisheer en E.C. Dijkhof, Oorkondenboek van Holland en Zeeland tot 1299 (5 dln., Assen-Maastricht-Den Haag 1970-2005)",['me_126']
397,397,"Kok, G. Chr., In dienst van het recht. Uit de geschiedenis van het gerechtshof te 's-Gravenhage en de daaraan voorafgegane hoven (1428-heden) (Hilversum 2005)","['me_116', 'republiek_214']"
398,398,"Kokken, H. Steden en Staten (Den Haag 1991)",['me_347']
399,399,"Kollenburg, H.M.M. van, Archief van de heren van Oijen (1550-1899) ('s-Hertogenbosch 1969)",['me_115']
400,400,"Kooijmans, L., Onder regenten. De elite in een Hollandse stad. Hoorn, 1700-1780 (Amsterdam 1985)",['republiek_10']
401,401,"Koolen, A.W.M. Inventaris van het archief van de ridderschap en edelen van Holland en West-Friesland 1572-1795 (Den Haag 1982)",['me_313']
402,402,"Kooperberg, L.M.G., Anna van Borssele, haar geslacht en haar omgeving in: Archief: vroegere en latere mededeelingen voornamelijk in betrekking tot Zeeland, uitg. door het Zeeuwsch Genootschap der Wetenschappen (1938)",['me_441']
403,403,"Koopmans, J.W., De Staten van Holland en de Opstand. De ontwikkeling van hun functies en organisatie in de periode 1544-1588 ('s-Gravenhage 1990)","['me_6', 'republiek_77']"
404,404,"Kort, J.C. (bewerkt door N. Friedel). Collectie familie van Mathenesse (1251) 1311-1760 (1861-1917) (Den Haag 1988, bewerkt 2008)",['me_340']
405,405,"Kort, J.C. Inventaris van het archief van de familie Van Wassenaer van Duvenvoorde 1226-1996 (Den Haag 2002)",['me_339']
406,406,"Kort, J.C. Inventaris van het archief van de graven van Holland 1189-1581 (ca. 1650) (Den Haag 1981)",['me_272']
407,407,"Kort, J.C. Inventaris van het archief van het huis Offem en de families Van Limburg Stirum, Doys en Van der Does 1428-1937 (Den Haag 1983)",['me_341']
408,408,"Kort, J.C. Repertorium op de grafelijke lenen in Friesland ten westen van het Vlie, 1254-1649.",['me_378']
409,409,"Kort, J.C. Repertorium op de lenen van de hofstede Voorne in Zuid-Holland, het land van Gelre, het Sticht van Utrecht, Putten en Heenvliet, 1199-1648.",['me_583']
410,410,"Kort, J.C., Het archief van de familie Van Matenesse en van de heerlijkheid Matenesse, 1251-1917 ('s-Gravenhage 1988)","['me_133', 'republiek_35']"
411,411,"Kortlang, D.J. Inventaris van de losse aanwinsten van RAZH (Den Haag 2002)",['me_303']
412,412,"Krol, Hans, De eerste Schouten van Heemstede, in: Librariana (https://librariana.wordpress.com/2012/02/15/de-eerste-schouten-van-heemstede/ (bezocht 13-10-2017).)",['me_426']
413,413,Kronieken. Tijdschrift van de Genealogische Vereniging Prometheus (Delft 1992- ),['republiek_149']
414,414,"Kuiper, Yme, Adel in Friesland 1780-1880 (Groningen 1993)",['republiek_friezen_22']
415,415,"L.M.G. Kooperberg , Anna van Borssele, haar geslacht en haar omgeving in: Archief: vroegere en latere mededeelingen voornamelijk in betrekking tot Zeeland, uitg. door het Zeeuwsch Genootschap der Wetenschappen (1938)",['me_440']
416,416,"Laar, J.G. van en E.A.G van den Bent. Inventaris van de archieven van de parochie van de Heilige Jacobus de Meerdere te 's-Gravenhage (1341) 1437-1979. Den Haag 1989.",['me_254']
417,417,"Lamet, Sterling Andre, Men in government: the patriciate of Leiden, 1550-1600 (proefschrift Universiteit van Massachusetts 1979)",['republiek_128']
418,418,"Lanschot Hubrecht, J.A. van, Zeven generaties van het uitgestorven Leidse geslacht Van Lanschot en vijftien generaties van het geslacht Hubrecht (Van Lanschot Hubrecht), geplaatst in historisch perspectief, 1515-1983 (manuscript CBG 1984)",['republiek_58']
419,419,"Lasonder, L.W.A.M. [Regesten van]De archieven van de rechtbanken, weeskamers en notarissen, die over het tegenwoordig grondgebied der provincie Zeeland gefungeerd hebben. [Deel I] Zeeuwsche eilanden 1456-1811 (1852) (Den Haag 1914).",['me_206']
420,420,Leeuwarder Historische Reeks,"['divperioden_24', 'republiek_friezen_24']"
421,421,"Leeuwen, Simon van, Batavia illustrata, ofte verhandelinge van den oorspronk, voortgank, zeden, eere, staat en godtsdienst van Oud Batavien, mitsgaders van den adel en regeringe van Hollandt ('s-Gravenhage 1685)",['republiek_143']
422,422,"Lentz, Th., Dictionnaire des ministres de Napoléon. Dictionnaire analytique, statistique et comparé des trente-deux ministres de Napoléon. Paris, 1999.",['batfra_27']
423,423,"Leupen, P.H.D.  e.a. (red.), Nederlandse historische bronnen 9. Nederlands Historisch Genootschap,
P.H.D. Leupen e.a. (red.), Nederlandse historische bronnen 9. Nederlands Historisch Genootschap Den Haag 1991",['republiek_300']
424,424,"Lijste van de heeren geëligeerden, representerende den Eersten Staat van den lande van Utrecht (Utrecht 1723)",['republiek_228']
425,425,"Lindeman, R., Y. Scherf en R.M. Dekker, Reisverslagen van Noord-Nederlanders van de zestiende tot begin negentiende eeuw. Een chronologische lijst (Rotterdam 1994)",['republiek_197']
426,426,"Linden van den Heuvell, J.H. van en J. Hoogendijk Kzn, De regeering van Vlaardingen, Wapenheraut 15 (1911), 193-288",['me_420']
427,427,"Louw, R.G., Wie was wie in Watergang. Een Waterlands dorp en zijn inwoners in de 17e en 18e eeuw (2 dln., Gouda 2004)",['republiek_217']
428,428,"Lyst der edele mogende heeren gecommitteerde raaden van Zeeland, sedert de opregting van het collegie in het jaar 1578, en der ministers van die provintie (z.d., z.p.)",['republiek_152']
429,429,"M. de Haan Hettema en A. van Halmael, Stamboek van den Frieschen, vroegeren en lateren, adel (2 dln., Leeuwarden 1846)",['divperioden_9']
430,430,"Maarschalkerweerd-Dechamps, S. Inventaris van het archief van de Heren van Veere 1359-1590 (Veere 1986).",['me_199']
431,431,"Maarschalkerweerd-Dechamps, S. [Bijlage I bij] Inventaris van het archief van de Heren van Veere 1359-1590 (Veere 1986).",['me_200']
432,432,"Magistraet der stadt Middelburgh, die geregeert hebben sedert anno 1560, De (Middelburg 1694)",['republiek_166']
433,433,"Margry, P.J. e.a., Van Camere vander Rekeninghen tot Algemene Rekenkamer. Zes eeuwen Rekenkamer. Gedenkboek bij het 175-jarig bestaan van de Algemene Rekenkamer ('s-Gravenhage 1989)",['me_11']
434,434,"Maris, A.J. (red.), De leen, keurmedige en tynsgoederen van de Sint-Salvator-abdij te Prüm in Gelderland (leenkamer van Klarenbeek) (Arnhem 1934).",['republiek_245']
435,435,"Maris, A.J. en  H.L. Driessen, Het archief van het Hof van Gelre en Zutphen (1543-1795), het Hof van Justitie (1795-1802) en het departementaal Gerechtshof (1802-1811) I (Arnhem 1978)",['me_20']
436,436,"Maris, A.J. en H.L. Driessen, Het archief van het Hof van Gelre en Zutphen (1543-1795), het Hof van Justitie (1795-1802) en het departementaal Gerechtshof (1802-1811) I (Arnhem 1978)",['republiek_221']
437,437,"Maris, A.J., 'De raadkamers of hoven van Karel den Stoute in Gelre en Zutphen, 1473-1477', Bijdragen en Mededelingen Gelre LVI (1957) 45-123,",['me_29']
438,438,"Martens van Sevenhoven, A.H. Archief van het kapittel van Sint Maria op het Hof te 's-Gravenhage (Den Haag 1914)",['me_329']
439,439,"Martens van Sevenhoven, A.H. [Regesten bij] Archief van het kapittel van Sint Maria op het Hof te 's-Gravenhage (Den Haag 1914)",['me_330']
440,440,"Martens van Sevenhoven, A.H., Het archief der Geldersche Rekenkamer, 1559-1795, en van de commissarissen, belast met het beheer van de Geldersche Domeinen, 1543-1559 (2 dln., Den Haag 1925)",['me_122']
441,441,"Martens van Sevenhoven, A.H., Het archief der Geldersche Rekenkamer, 1559-1795, en van de commissarissen, belast met het beheer van de Geldersche domeinen, 1543-1559 deel 1 (’s-Gravenhage 1925)",['republiek_279']
442,442,"Meghelen, Pieter van, Register van de regering tot Edam beginnende voor zoo veel men vinden kan van 't jaar 1572 (manuscript Rijksarchief Noord-Holland, collectie losse aanwinsten, inv. nr. 104)",['republiek_129']
443,443,"Meij, G.M.J. de, Inventaris van de archieven van de familie Martini Buys, 1559-1966, en van het huis en de heerlijkheid Loenersloot (1276) 1569-1954 (Utrecht 1984)",['me_93']
444,444,"Meijer, F. Ch., De vroedschap van Schiedam. Een maatschappelijke en politieke plaatsbepaling van de Schiedamse vroedschap gedurende de patriottentijd en de restauratie (doctoraalscriptie Leiden 1986; bijlagen blz. 94-96)",['republiek_124']
445,445,"Meilink, P.A. en J.L van der Gouw. Inventraris van het archief van de Grafelijkheidsrekenkamer of Rekenkamer der Domeinen van Holland; afgehoorde en gedeponeerde rekeningen (1425) 1446-1728 (1793) (Den Haag 1946)",['me_274']
446,446,"Meilink, P.A., bewerkt door H.J.Ph.G. Kaajan, Inventaris van de archieven van de Staten van Holland vóór 1572 (Den Haag 1993)",['me_236']
447,447,"Melker, B.R. de. Oorkondenboek van Amsterdam tot 1400; supplement. (Hilversum 1995)",['me_264']
448,448,"Mensema, A.J., De ridderschap van Overijssel 1460-1795 (3 dln., Zwolle 1993)",['republiek_friezen_5']
449,449,"Mensema, A.J., De ridderschap van Overijssel 1460-1795 (4 dln., Zwolle 1993)",['republiek_155']
450,450,"Mensema, A.J., Repertorium op de leenregisters van de leen- en hofhorige goederen van de Proosdij van St. Lebuinus te Deventer 1408-1809 I (Zwolle 1981)",['me_130']
451,451,"Merens, A., De geschiedenis van een Westfriese regentenfamilie. Het geslacht Merens ('s-Gravenhage 1957)",['republiek_80']
452,452,"Middeleeuwsche rechtsbronnen van stad en lande van Gooiland, ed. D.Th. Enklaar (Utrecht 1932)",['me_487']
453,453,Middeleeuwse dwangburchten in W-Friesland en Alkmaar. Kasteel de Middelburg in de 14e eeuw. Slotvoogden (webside),['me_377']
454,454,Middeleeuwse dwangburchten in W-Friesland en Alkmaar. Kasteel de Nieuwburg in de 14e eeuw. Baljuwschap. Update 18-12-2012 (webside),['me_374']
455,455,Middeleeuwse dwangburchten in W-Friesland en Alkmaar. Kasteel de Nieuwburg in de 15e eeuw. Meer feiten uit grafelijke archieven. Update 31-05-2012 (webside),['me_375']
456,456,Middeleeuwse dwangburchten in W-Friesland en Alkmaar. Rampspoed in de 16e eeuw. Revisie 13-10-2015 (webside),['me_376']
457,457,Middeleeuwse dwangburchten in W-Friesland en Alkmaar. Waterdreiging. Slotvoogden en baljuws in de 14e de eeuw.  Update 23-4-2016.,['me_369']
458,458,Middeleeuwse dwangburchten van W-Friesland en Alkmaar. De Nuwendoorn herbouwd. Slotvoogden in de 14e de eeuw (webside),['me_370']
459,459,Middeleeuwse dwangburchten van West-Friesland en Alkmaar. Centrum van bestuur en rechtelijke macht. Gezagsdragers en kasteleins van de 15e de eeuw (webside),['me_360']
460,460,"Mieris, Frans van, Groot charterboek der graaven van Holland, van Zeeland en heeren van Vriesland - - -, 4 dln. (Te Leyden 1753-1756)",['me_423']
461,461,"Mommers, A.R.M., Brabant van Generaliteitsland tot gewest. Bestuursinrichting en gezagsuitoefening in en over de landen en steden van Staats-Brabant en Bataafs Braband (Utrecht 1953)",['republiek_50']
462,462,Mr. W.J. baron d'Ablaing van Giessenburg,['republiek_240']
463,463,"Muller Fz., S. e.a., Regesten van het archief der bisschopen van Utrecht (722-1528) (4 dln., Utrecht 1917-1922)",['me_108']
464,464,"Naam-register van de heeren van de regeering der stad Haarlem [...] (Haarlem 1733) Koninklijke Bibliotheek, signatuur 393 E 17, met aanvullingen tot en met 1771; andere exemplaren met aanvullingen tot 1795)",['republiek_115']
465,465,"Naamwijzer van Middelburg (Stichting Genealogische Publikaties Zeeland, Den Helder/Vlissingen 1997)",['republiek_154']
466,466,"Naamwyser, waar in vertoond werden de naamen van de Ed. Achtb. H.H. regenten der stad Leyden (Leiden 1688)",['republiek_121']
467,467,"Nagtglas, F., Levensberichten van Zeeuwen (2 dln., Middelburg 1890-1893)",['republiek_188']
468,468,"Namen van de heeren geëligeerde raaden, edelen en ridderschappe, mitsgaders van de regenten der steede des lands van Utrecht etc. [afzonderlijk genummerd onderdeel van naamregister der leeden, steeden en regeeringen derzelve, uyt welke de vergaderinge etc",['republiek_262']
469,469,"Namen van de wel ed. gr. achtbare heeren, regeerders der stad Enchuysen, mitsgaders bewindhebberen van de Oost- en West-Indische Compagnien etc. (Enkhuizen z.d.)",['republiek_114']
470,470,"Napjus, E., Geschiedkundige kronijk en beschrijving van de stad Sneek (Sneek 1826)",['republiek_friezen_26']
471,471,Nationaal Archief,"['me_68', 'divperioden_28', 'republiek_130', 'republiek_friezen_28']"
472,472,"Nationaal Archief, 1.10.15, Inventaris van de familiearchieven van de Familie Van Bylandt-Halt, Familie Van Bylandt-Reydt, 1289-1970",['me_586']
473,473,"Nationaal Archief, 2.21.018, Inventaris van het archief van het geslacht Van Beresteyn en aanverwante geslachten",['me_596']
474,474,"Nationaal Archief, 3.01.06, Inventaris van het archief van de ridderschap en edelen van Holland en West-Friesland, 1572-1795",['me_573']
475,475,"Nationaal Archief, 3.18.22, Inventaris van het archief van het klooster van St. Elisabeth te Rugge, 1403-1570",['me_578']
476,476,"Nationaal Archief, 3.18.23, Inventaris van het archief van het klooster der Kruisbroeders te Schiedam, 1443-1554",['me_595']
477,477,"Nationaal Archief, 3.18.26, Inventaris van het archief van het klooster Sint Michiel in den Hem bij Schoonhoven",['me_502']
478,478,"Nationaal Archief, 3.18.26, Klooster St. Michiel in den Hem",['me_565']
479,479,"Nationaal Archief, 3.18.27, Inventaris van het archief van het klooster Emaus in het Land van Stein",['me_570']
480,480,"Nationaal Archief, 3.18.32, Inventaris van het archief van de Sint-Bartholomeuskerk te Nootdorp, 1418-1567",['me_575']
481,481,"Nationaal Archief, 3.19.09, Inventaris van het archief van de heerlijkheid Bleiswijk",['me_585']
482,482,"Nationaal Archief, 3.19.14, Inventaris van het archief der heerlijkheid Goudriaan",['me_572']
483,483,"Nationaal Archief, 3.19.18, Inventaris van het archief van de ambachtsheren van 's-Heer Aertsberg, Bergambacht en Ammerstol",['me_571']
484,484,"Nationaal Archief, 3.19.20, Inventaris van het archief der heerlijkheid Heerjansdam",['me_584']
485,485,"Nationaal Archief, 3.19.34, Inventaris van het archief van enige heren van Lisse en hun rentmeesters",['me_568']
486,486,"Nationaal Archief, 3.19.38, Inventaris van het archief van de heerlijkheid Mijnsheerenland van Moerkerk",['me_563']
487,487,"Nationaal Archief, 3.19.54, Inventaris van het archief van de heerlijkheid Terschelling, 1322-1615",['me_594']
488,488,"Nationaal Archief, 3.19.57, Heerlijkheid Voshol",['me_564']
489,489,"Nationaal Archief, 3.19.71, Heerlijkheid Wijngaarden en Ruybroek",['me_567']
490,490,"Nationaal Archief, 3.20.13, Inventaris van een verzameling stukken afkomstig van de Heer van Dijk van Matenesse, 1413-1785",['me_576']
491,491,"Nationaal Archief, 3.20.41, Inventaris van het archief van de familie Van Oldenbarnevelt, (1449) 1510-1705",['me_593']
492,492,"Nationaal Archief, 3.20.47, Inventaris van het archief van de familie De Raadt, geschonken door het Genootschap Noorthey",['me_569']
493,493,"Nationaal Archief, 3.22.03, Inventaris van de collectie Losse Aanwinsten vml Rijksarchief in Zuid-Holland",['me_574']
494,494,"Nationaal Archief, 3.22.24, Collectie Cazius",['me_566']
495,495,"Nationaal Archief, Grafelijkheidsrekenkamer, Registers",['me_546']
496,496,"Nationaal Archief, Grafelijkheidsrekenkamer, Rekeningen",['me_422']
497,497,"Nationaal Archief, archief graven van Holland",['me_400']
498,498,"Nationaal Biografisch Woordenboek (14 dln., Brussel 1964-1992)",['me_27']
499,499,Nationaal Biografisch Woordenboek (Brussel 1964- ),['republiek_303']
500,500,"Navorscher, De (Amsterdam 1851- )",['republiek_145']
501,501,Nederland's Adelsboek ('s-Gravenhage 1903- ),['batfra_8']
502,502,Nederland's Adelsboek ('s-Gravenhage 1903-),"['negentiende_eeuw_1', 'me_113', 'divperioden_13', 'republiek_4', 'republiek_friezen_13']"
503,503,Nederland's Patriciaat ('s-Gravenhage 1910-),['me_445']
504,504,Nederland's Patriciaat. Genealogieën van vooraanstaande geslachten ('s-Gravenhage 1910-),"['batfra_7', 'negentiende_eeuw_2', 'divperioden_12', 'republiek_15', 'republiek_friezen_12']"
505,505,"Nederlandsche Leeuw, De ('s-Gravenhage 1883-)","['me_66', 'republiek_134', 'republiek_friezen_17']"
506,506,"Nienes, A.P. van en M. Bruggeman, Archieven van de Friese stadhouders (Leeuwarden 2002)","['republiek_169', 'republiek_friezen_7']"
507,507,"Niermeyer, J. F. (bewerkt door J. G. Smit) Bronnen voor de economische geschiedenis van het Beneden-Maasgebied 2e deel: rekeningen van de Hollandse tollen 1422-1534, RGP GS 236 (Den Haag 1997)",['me_373']
508,508,"Niermeyer, J.F. Bronnen voor de economische geschiedenis van het Beneden-Maasgebied 1e deel 1104-1399. RGP GS 172. (Den Haag 1968)",['me_372']
509,509,"Nierop, H.F.K. van, Van ridders tot regenten. De Hollandse adel in de zestiende en zeventiende eeuw (Den Haag 1984)","['me_60', 'republiek_126']"
510,510,"Nieuw Nederlandsch Biografisch Woordenboek. P.C. Molhuysen en P.J. Blok ed. (10 dln., Leiden 1911-1937)","['batfra_12', 'negentiende_eeuw_3', 'me_2', 'republiek_16']"
511,511,Nieuw Nederlandsch Biografisch Woordenboek. P.C. Molhuysen en P.J. Blok ed. (10 dln.; Leiden 1911-1937),"['divperioden_20', 'republiek_friezen_20']"
512,512,Nieuwe Nederlandsche Jaerboeken,['republiek_287']
513,513,Noord-Hollands Archief,['republiek_296']
514,514,"Noord-Hollands Archief, nr. 131, Heerlijkheid Oosthuizen",['me_462']
515,515,"Noord-Hollands Archief, nr. 133, Heerlijkheid Schagen",['me_458']
516,516,"Noord-Hollands Archief, nr. 140, Familie Roeper te Haarlem",['me_450']
517,517,"Noord-Hollands Archief, nr. 1561, Kerkvoogdij van de Nederlands-Hervormde Gemeente te Haarlem",['me_453']
518,518,"Noord-Hollands Archief, nr. 1573, Stadsbestuur van Haarlem 1245-1572",['me_448']
519,519,"Noord-Hollands Archief, nr. 1614, Familie Van Sypesteyn te Haarlem",['me_451']
520,520,"Noord-Hollands Archief, nr. 176, Collectie van Losse Aanwinsten (verkregen tot 1984)",['me_455']
521,521,"Noord-Hollands Archief, nr. 2123, Kloosters te Haarlem",['me_447']
522,522,"Noord-Hollands Archief, nr. 3239, Familie Van Berkenrode te Haarlem",['me_456']
523,523,"Noord-Hollands Archief, nr. 3310, Leprooshuis te Haarlem",['me_449']
524,524,"Noord-Hollands Archief, nr. 3862, Heerlijkheid Heemstede",['me_454']
525,525,"Noord-Hollands Archief, nr. 3921, Heilig Kerstmisgilde te Haarlem",['me_461']
526,526,"Noord-Hollands Archief, nr. 3993, Stadsbestuur van Haarlem 1573-1813",['me_452']
527,527,"Noordam, D.J., Databestand Leidse veertigraad (ongepubliceerd)",['republiek_131']
528,528,"Notarieel Archief Woerden, inv. nr. 8496 (bezocht 19-04-2012)",['me_390']
529,529,"Notarieel archief Edam, inventarisnr. 481-785",['me_234']
530,530,Notulen van de Staten van Zeeland (gedrukt),['republiek_205']
531,531,Nouvelle Biographie National (Brussel 1988-),['me_114']
532,532,"O. Schutte, De orde van de Unie. Werken uitgegeven door het Koninklijk Nederlands Genootschap voor geslacht- en wapenkunde, IX (Zutphen, 1985)",['batfra_9']
533,533,"O. Schutte, Repertorium der Nederlandse vertegenwoordigers, residerende in het buitenland 1584-1810 ('s-Gravenhage 1976)",['divperioden_33']
534,534,"O. Schutte, Repertorium der Nederlandse vertegenwoordigers, residerende in het buitenland 1584-1810 ('s-Gravenhage, 1976)",['batfra_20']
535,535,"O. Vries, e.a., De heeren van den raede. Biografieën en groepsportret van de raadsheren van het hof van Friesland, 1499-1811 (Hilversum 1999)","['batfra_17', 'divperioden_2']"
536,536,"Obreen, H.G.A., Geschiedenis van het geslacht van Wassenaer (Leiden 1903)","['republiek_142', 'republiek_friezen_6']"
537,537,"Olde Meierink, B. (et al.) Kastelen en ridderhofsteden in Utrecht (Utrecht 1995)",['republiek_257']
538,538,Overijsselse Historische Bijdragen (Zwolle 1977-),['republiek_159']
539,539,"P. Brood e.a. ed., Homines novi. De eerste volksvertegenwoordigers van 1795 (Amsterdam 1993)","['batfra_5', 'negentiende_eeuw_14', 'divperioden_15']"
540,540,"P. Hofland, Leden van de Raad. De Amsterdamse gemeenteraad 1814-1941 (Amsterdam 1998)","['negentiende_eeuw_16', 'divperioden_35']"
541,541,"P.D. de Vos, De vroedschap van Zierikzee van de tweede helft der 16e eeuw tot 1795 (2e druk, Alphen aan den Rijn 1982)",['divperioden_32']
542,542,"P.J. van Koppen en J. ten Kate, De Hoge Raad in persoon. Benoemingen in de Hoge Raad der Nederlanden 1838-2002 (Deventer 2003)",['negentiende_eeuw_33']
543,543,"P.W. van Wissing, De eerste volksvertegenwoordigers van Gelderland in 1795 (Amsterdam, 1996)",['batfra_19']
544,544,Particuliere notulen van de vergaderingen der Staten van Holland,['republiek_211']
545,545,"Pas, W. van de, 'Gelre en de crises in de Opstand. De vredesoproep van Thomas Gramaye de Oude (1583)', Bijdragen en Mededelingen Gelre LXXXIV (1993) 21-41.",['me_90']
546,546,Peronalia (archiefvormer J. van Zwijndrecht).,['me_271']
547,547,"Persman, J.R., 'De bestuursorganisatie in West-Friesland en het Noorderkwartier vanaf de eerste vergadering van de Staten van Noord-Holland in 1573 tot en met 1795', West-Frieslands oud en nieuw 40 (1973) 136-160.",['republiek_79']
548,548,"Poelgeest, L. van, Tussen politie en administratie van de justitie. `De Edel Mogende Heeren President en Raden van de Hoge Raad over Holland, Zeeland en Westvriesland', 1704-1795 (Ongepubliceerde doctoraalscriptie Rechten R.U. Leiden 1985) Bijlage",['republiek_13']
549,549,"Postma, C., Het Hoogheemraadschap van Delfland in de middeleeuwen, 1289-1589 (Hilversum 1989)",['me_9']
550,550,"Prak, M., Gezeten burgers. De elite in een Hollandse stad. Leiden 1700-1780 (Amsterdam 1985)",['republiek_9']
551,551,"Prevenier, W., J.G. Smit e.a., Bronnen voor de geschiedenis der dagvaarten van de Staten en steden van Holland voor 1544, 6 dln, 8 bdn, Den Haag 1987-2011",['me_151']
552,552,"R. Bargeton e.a., Les préfets du 11 ventôse an VIII au 4 september 1870. Répertoires nominatif et territorial (Parijs, 1981)",['batfra_18']
553,553,"R. Fruin, Enqueste ende Informatie upt Stuck van der Reductie ende Reformatie van den Schiltaelen, voertijts getaxeert ende gestelt geweest over de landen van Hollant ende Vrieslant: gedaen in den jaere 1494 (Leiden 1876)",['me_215']
554,554,"R.E. de Bruin, Burgers op het kussen. Volkssoevereiniteit en bestuurssamenstelling in de stad Utrecht, 1795-1813 (Utrecht, 1986)",['batfra_26']
555,555,"R.S. Wegener Sleeswijk en L. Oldersma, Rechterlijk Friesland 1811-1999. Naamlijst leden rechterlijke macht, leden openbaar ministerie en griffiers (Hilversum 1999)",['negentiende_eeuw_19']
556,556,Raad van State 450 jaar ('s-Gravenhage 1981),['me_17']
557,557,Raad van State 450 jaar. Repertorium ('s-Gravenhage 1983),"['me_118', 'divperioden_4', 'republiek_132', 'republiek_friezen_4']"
558,558,"Raadsveld, F.Ch.L. Inventaris van het archief van het Sacramentsgeasthuis 1440-1771 (online 2012)",['me_250']
559,559,"Raadsveld, F.Ch.L. [Regesten bij] Inventaris van het archief van het Sacramentsgasthuis 1440-1771 (online 2012)",['me_251']
560,560,"Raat, A. J. P., The life of Governor Joan Gideon Loten (1710-1789): a personal history of a Dutch virtuoso (proefschrift Leiden 2010).",['republiek_286']
561,561,"Rechtsbronnen van Woudrichem en het land van Altena, ed. K. N. Korteweg (Utrecht 1948)",['me_496']
562,562,"Ree-Scholtens, G.F. van der, Inventaris van het archief van de Baljuw en Hoge Vierschaar van Rijnland, (1539) 1574-1811",['me_577']
563,563,"Regionaal Archief Alkmaar, Archief van de Banne Graft-De Rijp",['me_415']
564,564,"Regionaal Archief Alkmaar, Archief van de Familie Van Egmond van Nijenburg",['me_411']
565,565,"Regionaal Archief Alkmaar, Archief van de gemeente Schagen, 1415-1813",['me_413']
566,566,"Regionaal Archief Alkmaar, Archief van de gemeente Schoorl en Groet",['me_414']
567,567,"Regionaal Archief Alkmaar, Archief van het Hoogheemraadschap van de Hondsbossche en Duinen te Petten",['me_409']
568,568,"Regionaal Archief Alkmaar, Archief van het ambacht van Westfriesland, genaamd Geestermerambacht",['me_410']
569,569,"Regionaal Archief Alkmaar, Inventaris van de archieven van de gasthuizen te Alkmaar, 1386-1576",['me_457']
570,570,"Regionaal Archief Dordrecht, nr. 1052, Archief Gemeente Mijnsheerenland, 1504 - 1813",['me_470']
571,571,"Regionaal Archief Dordrecht, nr. 728,  Hoogheemraadschap van de Zwijndrechtse Waard",['me_472']
572,572,"Regionaal Archief Dordrecht, nr. 955,  Ambachtsheerlijkheid Cromstrijen",['me_471']
573,573,"Regionaal Archief Dordrecht, nr.826,  Gemeente Brandwijk en Gijbeland, 1529-1941",['me_473']
574,574,"Regionaal Archief Rivierenland, nr.826, Archief van het stadsbestuur van Culemborg, 1318-1813",['me_555']
575,575,"Regionaal Historisch Centrum Vecht en Venen, GAW 028-13, Stad Weesp, charters 1349-1793",['me_488']
576,576,"Regionaal Historisch Centrum Vecht en Venen, SAGV 057.7, Archief van de directie van de Veenderij in de Hollands-Ankeveense polder (...)",['me_492']
577,577,"Regionaal Historisch Centrum Vecht en Venen, SAGV 060, Archief van het dorpsbestuur van Hilversum",['me_491']
578,578,"Regionaal Historisch Centrum Vecht en Venen, SAGV 155.5, Archief van het gerecht Kortenhoef",['me_489']
579,579,"Regionaal Historisch Centrum Vecht en Venen, SSAN 053.04, Archief van Stad en Lande van Gooiland",['me_490']
580,580,Regionaal Historisch Centrum Zuidoost Utrecht: http://www.genealogiezuidoostutrecht.org,['republiek_255']
581,581,Register op de leenaktenboeken op het vorstendom Gelre en het graafschap Zutphen. Het kwartier van Nijmegen. Bew. door J.J.S. baron Sloet en A.M. Martens van Sevenhoven (Arnhem 1924).,['republiek_292']
582,582,Register op de leenaktenboeken op het vorstendom Gelre en het graafschap Zutphen. Het kwartier van Zutphen. Bew. door J.S. Veen (Arnhem 1917).,['republiek_247']
583,583,"Register van allen den schouten, burghermesteren, schepenen, XXXVI raiden ende allen anderen regenten der stede Amstelredamme [Utrecht 1597]",['me_421']
584,584,Rekeningen van de grafelijkheid van Holland uit de Beierse periode. RGP GS 174 Serie III: rekeningen van de gerechtelijke ambtenaren (baljuwen en drossaards 1393-1396) (Den Haag 1980),['me_277']
585,585,Rekeningen van de grafelijkheid van Holland uit de Beierse periode. RGP GS 182 Serie II: rekeningen van de rentmeesters der domeinen 1393-1396 (Den Haag 1980),['me_366']
586,586,Rekeningen van de grafelijkheid van Holland uit de Beierse periode. RGP GS 237 Serie I: hofrekeningen en de dijkgraafsrekeningen van de Grote Waard 1358-1361 (Den Haag 1997),['me_367']
587,587,Rekeningen van de grafelijkheid van Holland uit de Beierse periode. RGP GS 239 Serie I: rekeningen van de tresorier en de dijkggraaf van de Grote Waard 1393-1396 (Den Haag 1997),['me_368']
588,588,"Rekenkamer in Zeeland, Rekenkamer A regesten 1230-1806",['me_212']
589,589,"Rekenkamer van Zeeland, Rekenkamer B, inventaris (1565)1597-1805 (1808)",['me_201']
590,590,"Rekenkamer van Zeeland, Rekenkamer C inventaris (1573) 1597-1805 (1808)",['me_204']
591,591,"Rekenkamer van Zeeland, Rekenkamer D (1573) 1597-1805 (1808)",['me_162']
592,592,"Rentenaar, R. Index op van Mieris'Groot Charterboek der graaven van Holland (dl. II, III en IV), (1969)",['me_590']
593,593,Resolutiën der Staten-Generaal,"['me_52', 'divperioden_31', 'republiek_209', 'republiek_friezen_31']"
594,594,"Riemsdijk, Th. van, De griffie van Hare Hoog Mogenden. Bijdrage tot de kennis van het archief van de Staten-Generaal der Vereenigde Nederlanden ('s-Gravenhage 1885)","['me_136', 'republiek_196']"
595,595,Rijks Archief in Noord-Brabant,['republiek_192']
596,596,"Rijn, M.E. van, Wroeten in de vroedschap. Delftse regentenfamilies in de eerste helft van de 18e eeuw (ongepubliceerde doctoraalscriptie Leiden 1985) Bijlage D",['republiek_123']
597,597,"Roelants, H.A.M., Gulden boek van Schiedam (Amsterdam 1900)",['republiek_70']
598,598,"Rombach, J.H. van, Inventaris van de archieven van de families Van Foreest, Van Egmond van de Nijenburg, etc.., (Alkmaar 1992)","['me_72', 'republiek_81']"
599,599,"Romeijn, A. ‘Alles ten meesten oirboir van de stad.’ De stadsregering van Tholen (1577-1702) (Giessen 2001)",['republiek_153']
600,600,"Rompaey, J. van, De Grote Raad van de hertogen van Boergondie en het parlement van Mechelen (Brussel 1973)",['me_46']
601,601,"Roorda, D.J., Rond prins en patriciaat (verspreide opstellen) (Weesp 1984)",['republiek_179']
602,602,"Rotterdam, Gemeentearchief, Ambacht en Gemmente Pernis (bezocht 1-11-2017)",['me_437']
603,603,"Rotterdam, Gemeentearchief, Archief Oost- en West-IJsselmonde en Gemeente IJsselmonde",['me_419']
604,604,"Rotterdam, Gemeentearchief, Archief voormalige Gemeente IJsselmonde Inventarisnummer 183 = Oud-rechterlijk archief IJsselmonde: Protocol van grondverkopen en hypotheken beginnende met den jare 1552 (bezocht 27-28-09-2017)",['me_407']
605,605,"Rotterdam, Gemeentearchief, Notariële acten (bezocht 1-11-2017)",['me_438']
606,606,Rotterdams Jaarboekje,['republiek_301']
607,607,Rotterdamsche Courant,['republiek_294']
608,608,"Ruitenberg, G.M.W. , Inventaris van het huisarchief Verwolde (14e-20e eeuw) en van het familiearchief Van der Borch van Verwolde (15e-20e eeuw) Geldersche inventarissen reeks 38 (Arnhem-Harfsen 2002)",['republiek_251']
609,609,"Ruitenberg, G.M.W., Inventaris van het archief van de familie Taets van Amerongen van Natewisch 1438-1937 (Utrecht 1979)",['republiek_267']
610,610,"Ruitenberg, G.M.W., Inventaris van het archief van de familie Taets van Amerongen van Natewisch, 1438-1937",['me_131']
611,611,"Ruë, Pieter de la, Staatkundig en heldhaftig Zeeland (Middelburg 1736)","['republiek_184', 'republiek_293']"
612,612,"Röell, H.H., Veertigraden van Delft, 1618-1795 (manuscript Centraal Bureau voor Genealogie)",['republiek_41']
613,613,"S. Haagsma, Lijst van ambtenaren en beambten bij het collegie ter admiraliteyt in Vrieslandt (1899; handschrift 9360 in bibliotheek Tresoar )",['divperioden_21']
614,614,"S.P. de Jong, J.A. Schuur en P.M. Peucker, Inventaris van de archieven van de gewestelijke bestuursinstellingen van Friesland 1580-1795 (Leeuwarden 1998)",['divperioden_19']
615,615,"Saaltink, H.W., 'Bernardus Blok, een rebelse regent', Holland 19 (1987) 233-245,",['republiek_78']
616,616,"Salomon, K.T. en A. Griffioen, Archeologische opgraving Fort Nekkerweg, gemeente Beemster, NH (Zaandijk 2014)",['republiek_295']
617,617,"Sandberg, G.F. Inventaris van de archieven van de Rekenkamer van Zeeland. Deel II. Gedeponeerde archieven 1189-ca. 1825.",['me_172']
618,618,"Scheffer, J.H., Genealogie van het geslacht Steyn (Rotterdam 1879)",['republiek_45']
619,619,"Schiedam, Gemeentearchief, Nadere toegang nr. 69.1 = Transcriptie van Kohier van de 10e penning van 1553 van Schiedam, ed. A. van der Tuijn (bezocht 3-02-2011)",['me_402']
620,620,"Schiedam, Gemeentearchief, Nadere toegangen nr. 52.1 = Transcriptie van Kohier van de 100e penning van 1575 van Schiedam, ed. A. van der Tuijn (bezocht 03-02-2011",['me_405']
621,621,"Schiedam, Gemeentearchief, Nadere toegangen nr. 52.2 = Transcriptie van kohier van de 100e penning van 1575 van Oud-Mathenesse, ed. A. van der Tuijn (bezocht 03-02-2011)",['me_406']
622,622,"Schiedam, Gemeentearchief, Nadere toegangen nr. 69.2 = Transcriptie van Kohier van de 10e penning van 1557 van Schiedam, ed. A. van der Tuijn (bezocht 3-02-2011)",['me_403']
623,623,"Schiedam, Gemeentearchief, Nadere toegangen nr. 69.3 = Transcriptie van de 10e penning van 1561 van Schiedam, ed. A. van der Tuijn (bezocht 3-02-2011)",['me_404']
624,624,"Schiedam, Gemeentearchief, Oudrechtelijk archief Schiedema inv.nr. 177, bewerkt door A. van der Tuijn ter Hoon (bezocht 9-2-2011)",['me_401']
625,625,"Schilder, K., Anthony van Mierlo's register van Overijsselse ambtenaren (Kampen 1984)",['republiek_156']
626,626,"Schilder, K., Van raad tot municipaliteit (3 dln., Kampen 1985)",['republiek_157']
627,627,"Schilfgaarde, A.P. van, Het huis Bergh (Maastricht 1950)",['me_121']
628,628,"Schmidt Ernsthausen, A.A.M. Inventaris van de archieven van de Graven van Blois 1304-1397 (Den Haag 1982)",['me_292']
629,629,"Schmidt, C., Om de eer van de familie. Het geslacht Teding van Berkhout 1500-1950. Een sociologische benadering (Amsterdam 1986)",['republiek_212']
630,630,"Schneeloch, N.H., ‘Die Bewindhebber der Westindischen Compagnie in der Kammer Amsterdam’, Economisch en Sociaal-Historisch Jaarboek 36 (1973) 1-52.",['republiek_283']
631,631,"Schutte, O., Repertorium der Nederlandse vertegenwoordigers, residerende in het buitenland 1584-1810 ('s-Gravenhage 1976)","['republiek_27', 'republiek_friezen_33']"
632,632,"Sernee, J. M. e.a. [Regesten bij] Inventaris van het archief van het Sint Nicolaas Gasthuis 1362-1991 (online 2015)",['me_242']
633,633,"Sernee, J.M. e.a. Inventaris van het Sint Nicolaas Gasthuis 1362-1991 (online 2015)",['me_241']
634,634,"Sernee, J.M., S. W.A. Drossaers, W.G. Feith. Inventaris van het archief van de ontvangers van kloosters en andere stichtingen in Delfland (Den Haag 1920)",['me_322']
635,635,"Sernee, J.M., S.W.A. Drossaers en W.G. Feith [Regesten bij] Inventaris van het archief van de proosdij St. Barbara in Bethlehem te Den Haag, 1470-1579 (Den Haag 1920)",['me_326']
636,636,"Sernee, J.M., S.W.A. Drossaers en W.G. Feith. Inventaris van het archief van het klooster Maria Magdalena in Bethanie te 's-Gravenzande (Den Haag 1920)",['me_327']
637,637,"Sernee, J.M., S.W.A. Drossaers en W.G. Feith. [Regesten bij] Inventaris van het archief van het klooster Maria Magdalena in Bethanie te 's-Gravenzande (Den Haag 1920)",['me_328']
638,638,"Sernee, J.M., S.W.A. Drossaers en W.G. Feith. [Regesten bij] Inventaris van het archief van het zusterhuis Sint Maria in Galilea (Den Haag 1920)",['me_325']
639,639,"Sernee, J.M., S.W.A. Drossaers, W.G. Feith. Inventaris van het klooster van Sint-Elisabeth (Den Haag 1920)",['me_320']
640,640,"Sernee, J.M., S.W.A. Drossaers, W.G. Feith. [Regesten bij] Inventaris van het archief van de Memorie en Stichting van de Sint Jacobs kerk (Den Haag 1920)",['me_323']
641,641,"Sernee, J.M., S.W.A. Drossaers, W.G. Feith. [Regesten bij] Inventaris van het archief van het klooster Onze Lieve Vrouw in Nazareth te Rijswijk (Den Haag 1920)",['me_333']
642,642,"Sernee, J.M., S.W.A. Drossaers, W.G. Feith. [Regesten bij] Inventaris van het klooster van Sint-Elisabeth (Den Haag 1920)",['me_321']
643,643,"Siegenbeek van Heukelom-Lamme, C.A., Album scholasticum academiae Lugduno-Batavae MDLXXV-MCMXL (Leiden 1941)",['republiek_133']
644,644,"Sloof, J.H.M. De oudste bestuursregisters van het hoogheemraadschap van Rijnland (1444-1520) regesten van de handelingen van dijkgraaf en hoogheemraden (Leiden 1999)",['me_338']
645,645,"Smallegange, Mattheus, Nieuwe Cronyk van Zeeland (Middelburg 1696)",['republiek_194']
646,646,"Smedt, R. de ed., Les chevaliers de l'Ordre de la Toison d'or au XVe siècle. Notices bio-bibliographiques (2e dr., Frankfurt am Main 2000)",['me_125']
647,647,"Smelt, W.E., Het oud-archief van de gemeente Zutphen (2 dln., Utrecht 1941)",['me_109']
648,648,"Smidt, J.Th. de e.a. ed., Van tresorier tot thesaurier-generaal. Zes eeuwen financieel beleid in handen van een hoge Nederlandse ambtsdrager (Hilversum 1996)",['republiek_182']
649,649,"Smit, H.J., Bronnen tot de geschiedenis van den handel met Engeland, Schotland en Ierland 1150-1585, 2 dln., 4 bdn., 's-Gravenhage 1928-1950 (Rijks Geschiedkundige Publicatiën Grote Serie 65, 66, 86, 91)",['me_399']
650,650,"Smit, H.J., De rekeningen der graven en gravinnen uit het Henegouwsche huis, III, Inleiding",['me_158']
651,651,"Smit, J. Inventaris van het archief van de Financie van Holland (1515) 1572-1806 (1830)  (Den Haag 1947)",['me_304']
652,652,"Smit, J., Het archief der rekenkamer ter Auditie van de gemeenelandsrekeningen en de opvolgende colleges met de daaronder berustende rekeningen ('s-Gravenhage 1946)",['me_73']
653,653,"Smit, J.G., J.W.J. Burgers en E.T. van der Vlist. Bronnen voor de geschiedenis der dagvaarten van de Staten van Zeeland 1318-1572 (Den Haag 2011)",['me_310']
654,654,"Smit, inl. inv. Arch. Financie van Holland",['me_137']
655,655,"Smits, E., De Friesche admiraliteit boven water (2 dln., Dokkum 1996)",['republiek_friezen_8']
656,656,"Stadermann, G. Regestenlijst van de charters van het oud-archief van de gemeente Tholen 1291-1788 (Tholen, 1953)",['me_581']
657,657,"Stads- en gemeentebestuur van Beverwijk (gemeente Beverwijk) 1298-1817, regesten",['me_362']
658,658,Stadsarchief Woerden 1393-1811 (bezocht 19-01-2012),['me_389']
659,659,"Stapel, A.S., Inventaris van het archief van de Staten van Utrecht in de landsheerlijke tijd 1375-1581 (Utrecht 1986)",['me_33']
660,660,"Steensel, A. van. Edelen in Zeeland (Leiden 2010)",['me_371']
661,661,"Sterk, J., Philips van Bourgondië (1465-1524), bisschop van Utrecht, als protagonist van de Renaissance. Zijn leven en maecenaat (Zutphen 1980)",['me_35']
662,662,"Streekarchief Land van Heusden en Altena,  T.T.A.B.M. van der Aalst, Inventaris van Waterschap Oudland van Altena,
1511-1958. Heusden 2009.",['me_385']
663,663,"Streekarchief Land van Heusden en Altena, Heusden, Collectie aanwinsten, afkomstig van het
Rijksarchief in Noord-Brabant, 1417 - 1899, toegang 0353.",['me_381']
664,664,"Streekarchief Land van Heusden en Altena, Heusden, Fred v.d. Kieboom, Inventaris R.-K. Parochie Sint-Jan Geboorte te
Vlijmen, 1365-1960 (2004), toegang 0416, Heusden 2010.",['me_384']
665,665,"Streekarchief Land van Heusden en Altena, Heusden, T.T.A.B.M. van der Aalst, College van de Oude Schutters van de voetboog van Sint-Joris, vanaf 1837 gecombineerd met het college van de Jonge Schutters van de handboog te Heusden, 1392 - 1906 (1937).",['me_382']
666,666,"Streekarchief Langestraat, Heusden, Altena, 0322, Oud-rechterlijk Archief Heusden  1501-1813",['me_499']
667,667,"Streekarchief Langestraat, Heusden, Altena, 0416, R.K. parochie sint-Jan Geboorte, Vlijmen 1365-1983 (1994-2004)",['me_500']
668,668,"Streekarchief Langestraat, Heusden, Altena, 1001, Dorpsbestuur Baardwijk",['me_497']
669,669,"Streekarchief Langestraat, Heusden, Altena, 1007, Dorpsbestuur Sprang 1498-1812",['me_498']
670,670,Streekarchief Midden Holland,['me_442']
671,671,"Streekarchief Midden Holland, baljuwschap van Schoonhoven 1322-1806.",['me_588']
672,672,"Streekarchief Rijnstreek, Stadsarchief Woerden",['me_408']
673,673,"Streekarchief Voorne-Putten, 023, Ambacht Zuidland, bijlage: Lijst van functionarissen",['me_476']
674,674,"Streekarchief Voorne-Putten, 030, Stad Brielle",['me_477']
675,675,"Streekarchief Voorne-Putten, 030, Stad Brielle, stukken betreffende bijzondere onderwerpen",['me_599']
676,676,"Streekarchief Voorne-Putten, 031, Stad Brielle 1572-1811",['me_475']
677,677,"Streekarchief Voorne-Putten, 033, Stad en ambacht Heenvliet",['me_482']
678,678,"Streekarchief Voorne-Putten, 033, Stad en ambacht Heenvliet, bijlage, schepenvonnisboek",['me_474']
679,679,"Streekarchief Voorne-Putten, 070, De Ring van Putten",['me_480']
680,680,"Streekarchief Voorne-Putten, 122, Heerlijkheid Heenvliet",['me_479']
681,681,"Streekarchief Voorne-Putten, 135, Hervormde Kerk Brielle",['me_484']
682,682,"Streekarchief Voorne-Putten, 241a, Catharina gasthuis te Brielle",['me_481']
683,683,"Streekarchief Voorne-Putten, 619, Collectie Handschriften",['me_478']
684,684,"Streng, J.C., 'Stemme in staat'. De bestuurlijke elite in de stadsrepubliek Zwolle (Hilversum 1997)",['republiek_158']
685,685,"Stroobant, L., Les magistrats du Grand conseil de Malines (Antwerpen 1903)",['me_40']
686,686,"Strzelczyk, S.W.R., Schiedamse regenten 1710-1740 (ongepubliceerde doctoraalscriptie Leiden 1983) Bijlage 8: personenregister",['republiek_122']
687,687,"T.T.A.B.M. van der Aalst,  College van de Oude Schutters van de
voetboog van Sint-Joris, vanaf 1837 gecombineerd met het college van de Jonge Schutters
van de handboog te Heusden, 1392 - 1906 (1937)",['me_379']
688,688,Taxandria. Tijdschrift voor Noordbrabantsche Geschiedenis en Volkskunde (Bergen op Zoom 1894-1943),['negentiende_eeuw_9']
689,689,Taxandria. Tijdschrift voor Noordbrabantsche geschiedenis en volkskunde (Bergen op Zoom 1894-1943),['republiek_195']
690,690,"Thierry de Bye Dólleman, M., 'Het Haarlemse geslacht Geltsack' in: Liber amicorum Jhr. Mr. C.C. van Valkenburg ('s-Gravenhage 1985) 81-89,",['republiek_208']
691,691,Tijdschrift voor Geschiedenis,['republiek_177']
692,692,"Tombe, J.W. des, Het geslacht Van den Boetzelaer (Assen 1969)",['republiek_113']
693,693,Tresoar,"['divperioden_18', 'republiek_friezen_18']"
694,694,"Uil, H., Inventaris van het archief van de stad Goes (1267) 1449-1851 (1927). Goese inventarisreeks nr. 1. Goes 1980.",['me_383']
695,695,"Unger, J.H.W., De regeering van Rotterdam 1328-1892 (Rotterdam 1892)",['republiek_173']
696,696,"Unger, J.H.W., De regeering van Rotterdam 1328-1892. Naamlijst van personen die in of van wege de regeering ambten hebben bekleed voorafgegaan door eene geschiedkundige inleiding over den regeeringsvorm van Rotterdam (Rotterdam 1892)",['me_444']
697,697,"Unger, W.S. Bronnen tot de geschiedenis van Middelburg deel 1, GS 54 (1923)",['me_579']
698,698,"Unger, W.S. Bronnen tot de geschiedenis van Middelburg deel 3 GS 75 (1931)",['me_582']
699,699,"Unger, W.S., Bronnen tot de geschiedenis van Middelburg deel 2 GS 61 (1926)",['me_580']
700,700,"Unger, W.S., De tol van Iersekeroord. Documenten en rekeningen 1321-1572, 's-Gravenhage 1939 (Rijks Geschiedkundige Publicatiën Kleine Serie 29)",['me_396']
701,701,Utrechts Archief,['republiek_248']
702,702,"Utrechts Archief, 1, Balije van Utrecht van de Johanniterorde",['me_542']
703,703,"Utrechts Archief, 1001, Huis Amerongen",['me_551']
704,704,"Utrechts Archief, 1005-1, Sint Stevensabdij van Benedictinessen te Oudwijk bij Utrecht",['me_537']
705,705,"Utrechts Archief, 1197, Cisterciënzer priorij Onze-lieve-vrouwen of Mariënberg te IJsselstein",['me_544']
706,706,"Utrechts Archief, 17, Collectie Rijsenburg",['me_552']
707,707,"Utrechts Archief, 205, Huis Jaarsveld",['me_548']
708,708,"Utrechts Archief, 209, Heerlijkheid Montfoort",['me_531']
709,709,"Utrechts Archief, 216, Domkapittel te Utrecht",['me_545']
710,710,"Utrechts Archief, 218-1, Bisschoppen van Utrecht",['me_533']
711,711,"Utrechts Archief, 221, Kapittel van Sint Marie te Utrecht",['me_541']
712,712,"Utrechts Archief, 254, Huis Wickenburg te 't Goy",['me_549']
713,713,"Utrechts Archief, 26, Familie Des Tombe",['me_539']
714,714,"Utrechts Archief, 307, Heerlijkheid Cabauw en Zevender",['me_543']
715,715,"Utrechts Archief, 32, Familie Van Boetzelaer",['me_550']
716,716,"Utrechts Archief, 326, Kalenderbroederschap Oudewater",['me_538']
717,717,"Utrechts Archief, 34-4, Notarissen in de stad Utrecht",['me_534']
718,718,"Utrechts Archief, 709, Archieven bewaard bij het Stadsbestuur van Utrecht - - -",['me_535']
719,719,"Utrechts Archief, 76, Huis Zuilen",['me_536']
720,720,"Utrechts Archief, 8, Regulierenklooster Vrededael te Utrecht",['me_540']
721,721,"Utrechts Archief, 88, Verzamelde stukken van de oud-katholieke kerk in Nederland",['me_547']
722,722,"Utrechts Archief, Het",['me_39']
723,723,"Utrechts Archief, OA, Ridderlijke Duitsche Orde, Balije van Utrecht",['me_530']
724,724,"Utrechtse bestuurders. 900 jaar stadsbestuur, website Het Utrechts Archief (februari 2023)",['republiek_227']
725,725,"Utrechtse biografieën. Levensbeschrijvingen van bekende en onbekende Utrechters. W. van den Broeke e.a. ed. (5 dln., Utrecht 1994-1998)",['me_124']
726,726,"V. Azimi, Les premiers sénateurs français. Consulat et Premier Empire 1800-1814 (Parijs, 2000)",['batfra_23']
727,727,"Valentyn, François, Oud en nieuw Oostindiën (Dordrecht/Amsterdam 1724-1726) 5 dln.",['republiek_271']
728,728,"Velden, Esther van, en Siert Wieringa, Deventer & slavernij. Vooronderzoek (Deventer 2023).",['republiek_285']
729,729,"Veldhuijzen, G., Nieuwe heeren nieuwe kussens. Het regentenpatriciaat van Dordrecht 1672-1685 (Dordrecht 1988)",['republiek_189']
730,730,"Velius, Theodorus en Sebastiaan Centen, Chronyk van Hoorn (Hoorn 1740)",['republiek_119']
731,731,"Velius, Theodorus, Chroniick van Hoorn, daer in verhaelt werden des selven Stadts eerste begin, opcomen, en gedenckweerdige geschiedenissen, tot op den jare 1630 - - -. Derde druck - - - (Hoorn 1648)",['me_428']
732,732,"Velius, Theodorus, Chronyk van Hoorn, daar in het begin, aanwasch, en tegenwoordige staat dier stad verhaalt worden - - -. Dezen vierden druk met aantekeningen vermeerdert door Sebastiaan Centen (Hoorn 1740)",['me_427']
733,733,"Verburgt, J.M. en R. Grootveld. [Regesten bij] Inventaris van de archieven van de kerkvoogdij der Hervormde Gemeente  's-Gravenhage (1341) 1437-1977. (online 2015)",['me_252']
734,734,"Verhas, C.M.O., De beginjaren van de Hoge Raad van Holland, Zeeland en West-Friesland (Den Haag 1997)","['me_76', 'republiek_200']"
735,735,"Vernooij, R.A.M. en H.P.Ros. Inventaris van het dichtlievend kunstgenootschap 'Kunstliefde Spaart Geen Vlijt', sinds 1818 de Hollandsche Maatschappij van Fraaye Kunsten en Wetenschappen, afdeling 's- Gravenhage (1533) 1772-1883. (online 2015)",['me_270']
736,736,Verslagen omtrent 's rijks oude archieven ('s-Gravenhage 1866-1969),['negentiende_eeuw_26']
737,737,"Verzameling afschriften en regesten van R. Fruin, vervaardigd t.b.v. de inventarisatie van het archief van O.L.V. Abdij te Middelburg en corcondans op het cartularium van de abdij (1981)",['me_278']
738,738,"Verzameling charters betreffende Zeeland, afkomstig van het Centraal Bureau voor Generalogie 1489-1789; regestenlijst (1982)",['me_282']
739,739,Verzameling handschriften van het Rijksarchief van Zeeland 1206-1948 (1955),['me_287']
740,740,"Vorsterman van Oijen, A.A., Stam- en wapenboek van aanzienlijke Nederlandsche familiën, met genealogische en heraldische aanteekeningen (3 dln., Groningen 1883-1890)",['republiek_46']
741,741,"Vos, P.D. de, De vroedschap van Zierikzee van de tweede helft der 16e eeuw tot 1795 (2e druk, Alphen aan den Rijn 1982)","['republiek_31', 'republiek_friezen_32']"
742,742,"Vreede, G.W., 'Hooge Raad van Holland, Zeeland en West-Friesland', Jaarboekje van de regterlijke magt in het Koningrijk der Nederlanden 1 (1839) 3-56 (achterin gebonden, met nieuwe nummering),",['republiek_144']
743,743,"Vries, Hanno de, Databestand van regenten van Hollandse steden 1572-1700, met name Rotterdam (berust bij de auteur)",['republiek_176']
744,744,"Vries, O. e.a., De Heeren van den Raede. Biografieën en groepsportret van de raadsheren van het Hof van Friesland, 1499-1811 (Hilversum 1999)",['me_112']
745,745,"Vries, O. e.a., De heeren van den raede. Biografieën en groepsportret van de raadsheren van het hof van Friesland, 1499-1811 (Hilversum 1999)",['republiek_friezen_2']
746,746,"Waard, C. de. De archieven berustende onder het bestuur der Godshuizen te Middelburg. Inventaris van de oude archieven 1343-1812 (Middelburg 1907)",['me_198']
747,747,"Waard, C. de. Inventaris van de archieven der besturen van het eiland Walcheren 1511-1870 ('s-Gravenhage 1904)",['me_192']
748,748,"Waard, C. de. Rijksarchief in Zeeland. Inventaris van kaarten en tekeningen (Middelburg 1916)",['me_289']
749,749,"Waard, C. de. [Bijlagen I bij] Inventaris van de archieven der besturen van het eiland Walcheren 1511-1870 ('s-Gravenhage 1904) 1.",['me_194']
750,750,"Waard, C. de. [Bijlagen I bij] Inventaris van de archieven der besturen van het eiland Walcheren 1511-1870 ('s-Gravenhage 1904) 2.",['me_225']
751,751,"Waard, C. de. [Regesten bij] Inventaris van de archieven der besturen van het eiland Walcheren 1511-1870 ('s-Gravenhage 1904)",['me_193']
752,752,"Wagenaar, F.P., ""Dat de regeringe niet en bestaet by het corpus van de magistraet van Den Hage alleen"". De Sociëteit van 's-Gravenhage (1587-1802. Een onderzoek naar bureaucratisering (
Hilversum : Verloren 1999",['me_416']
753,753,"Wagenaar. J., Amsterdam, in zyne opkomst, aanwas,geschiedenissen, voorregten, koophandel,gebouwen, kerkenstaat, schoolen, schutterye, gilden en regeeringe, 7 dln., 13 bndn. (Amsterdam 1760-1768)",['me_424']
754,754,"Walvis, I., Beschryving der Stad Gouda (Leiden 1714)",['republiek_305']
755,755,"Walvis, I., Beschryving der stad Gouda (Gouda [1714])",['me_425']
756,756,"Wapenheraut, De ('s-Gravenhage 1897-1920)","['republiek_136', 'republiek_friezen_11']"
757,757,"Wapenheraut, maandblad gewijd aan Geschiedenis, geslacht-, Wapen-, Oudheidkunde, enz.",['me_417']
758,758,Waterlands Archief: hoogheemraadschap uitwaterende sluizen in Kennemerland en W-Friesland te Edam 1544-1950,['me_231']
759,759,Waterlands Archief; dorps- en polderbestuur van Katwoude 1322-1796,['me_230']
760,760,Waterlands Archief; regestenlijst stad Purmerend (1275) 1578-1813 (1824),['me_232']
761,761,Waterlands Archief; stad Edam (1310) 1357-1813 (1822),['me_229']
762,762,Waterlands Archief; stad Edam (1310) 1357-1813 (1822) inventaris nr. 65.,['me_233']
763,763,Waterlands Archief; stad Monnickendam (1273) 1403-1813,['me_227']
764,764,Waterlands Archief; stad Purmerend (1275) 1578-1813 (1824),['me_228']
765,765,Waterlands archief,['republiek_146']
766,766,Website 'Parlement en Politiek' van het Parlementair Documentatie Centrum van de Universiteit Leiden,['republiek_263']
767,767,"West-Brabants Archief, 0600, Stadsbestuur Zevenbergen, Regestenlijst",['me_532']
768,768,West-Friesland's oud en nieuw (1926-),['republiek_213']
769,769,Westfries Archief,['republiek_150']
770,770,"Westfries Archief, nr. 0094 Stede Westwoud, 1414-1810 (...)",['me_459']
771,771,"Westfries Archief, nr. 0120, Oud Archief stad Enkhuizen, 1353-1815 (1872)",['me_466']
772,772,"Westfries Archief, nr. 0216,  Collectie handschriften en losse archivalia",['me_468']
773,773,"Westfries Archief, nr. 0514, Kerkenarmenfonds Hoorn",['me_469']
774,774,"Westfries Archief, nr. 0643,  Staties en parochies van Hoorn, dekenaat West-Friesland",['me_467']
775,775,"Westfries Archief, nr. 0715-01, Oud archief stad Medemblik",['me_463']
776,776,"Westfries Archief, nr. 0905-1, Stede Sijbekarspel",['me_460']
777,777,"Westfries Archief, nr. 0964, Huisarchief Weldam",['me_465']
778,778,"Westfries Archief, nr. 1048, Heren van Spanbroek en stede en dorpsbestuur Spanbroek, 1399-1823",['me_464']
779,779,"Westfries archief, Oudarchief van de stad Hoorn (bezocht 15-09-2017)",['me_398']
780,780,Wie was wie database: https://www.wiewaswie.nl,['republiek_256']
781,781,"Wiersum, E. [Regesten bij ]Het archief van de ambachtsheerlijkheid Bruinisse 1387-1902 (1903).",['me_223']
782,782,"Wijks, E.H. en A.M.J. de Haan. Inventaris van het archief van de familiie van Brienen van de Groote Lindt 1400-1927 (online 2013)",['me_243']
783,783,"Wijks, E.H. en A.M.J. de Haan. [Regesten bij] Inventaris van het archief van de familie van Brienen van de Groote Lindt 1400-1927 (online 2013)",['me_244']
784,784,"Wijnaendts van Resandt, W., Genealogie van het geslacht Sels - Van Löben Sels (Arnhem 1923)",['republiek_278']
785,785,Wikipedia,['republiek_284']
786,786,"Wildschut, B.T., Genealogie van Nassau (Amsterdam 2009, vierde druk)",['republiek_258']
787,787,"Wilschut, B.T., Genealogie van Nassau (Amsterdam 2009, vierde druk)",['republiek_259']
788,788,"Winter, P.J. van, De Westindische Compagnie ter kamer Stad en Lande ('s-Gravenhage 1978)",['republiek_282']
789,789,"Wittert van Hoogland, E.B.F.F., De Nederlandsche adel 1 ('s-Gravenhage 1913)",['republiek_181']
790,790,"Woelderink, B., Inventaris van het archief van Het Huis ten Donck (Rotterdam 1968)",['me_70']
791,791,"Wolf, M.M. de en M.W. de Wolf, Het Enkhuizer regentengeslacht Van Loosen en aanverwante geslachten (’s-Gravenhage 1972)",['republiek_84']
792,792,"Yme Kuiper, Adel in Friesland 1780-1880 (Groningen 1993)",['divperioden_22']
793,793,"Zeeuws Archief, 10, Rechterlijke, weeskamer en notariële archieven Zeeuwse eilanden, 1456-1811 (1852)",['me_562']
794,794,"Zeeuws Archief, 157, Familie Schorer, 1547-1983 (1991)",['me_556']
795,795,"Zeeuws Archief, 2000, Stad Veere 1349-1816",['me_591']
796,796,"Zeeuws Archief, 2030, Weeskamer Veere, (1454) 1463-1811 (1851)",['me_558']
797,797,"Zeeuws Archief, 2750, Heren van Veere, 1359-1590",['me_557']
798,798,"Zeeuws Archief, 33.1, Verzameling Handschriften Rijksarchief in Zeeland 1206",['me_561']
799,799,"Zeeuws Archief, 33.3, Verzameling Aanwinsten Rijksarchief in Zeeland 1955-1999, 16e-20e eeuw",['me_559']
800,800,"Zeeuws Archief, 59, Ambachtheerlijkheid Bruinisse, 1387-1902",['me_560']
801,801,Zeeuws archief,['republiek_165']
802,802,"Zijp, A., De strijd tusschen de Staten van Gelderland en het Hof 1543-1566 (Arnhem 1913)",['me_86']
803,803,"Zilverberg, S.B.J., David van Bourgondië, bisschop van Terwaan en van Utrecht (± 1427-1496) (Groningen/Djakarta 1951)",['me_38']
804,804,"Zomeren, Cornelis van, Beschrijvinge der stadt Gorinchem en Landen van Arkel, benevens der aloude en adelyke geslagten der doorlugtige Heeren van Arkel (Gorinchem 1755) 499-584.",['republiek_63']
805,805,"Zomeren, Cornelis van, Beschryvinge der stadt Gorinchem en den Landen van Arkel - - -. Gorinchem 1755.",['me_387']
806,806,"[Cartularium bij] Stukken afkomstig van het kapittel van Utrecht der oud-bisschoppelijke cleresie, kapittel der collegiale kerk te Tholen (1946)",['me_280']
807,807,[Cartularium van de] Familie van Borssele van Brigdamme 1387-1540.,['me_207']
808,808,"[Charters bij] Stukken afkomstig van het kapittel van Utrecht der oud-bisschoppelijke cleresie, kapittel der collegiale kerk te Tholen (1946)",['me_281']
809,809,[Charters van de] Familie van Borssele van Brigdamme 1387-1540.,['me_208']
810,810,[Rekeningen] Familie van Borssele van Brigdamme 1387-1540,['me_221']
811,811,superintendant van de Bewapening van de Zuiderzee,['me_388']
812,812,www.napoleonica.org - membres du Conseil d' État,['batfra_11']
