,functie_id,functie,old_idfunctie
0,0,Drossaard van het Land van Heusden,['me_1464']
1,1,adjunct advocaat-fiscaal,"['divperioden_27', 'republiek_70', 'republiek_friezen_27']"
2,2,adjunct archivarius,['batfra_37']
3,3,adjunct chef divisie,['batfra_657']
4,4,adjunct hoofdcommies,['batfra_721']
5,5,adjunct klerk van de cijfers,['batfra_696']
6,6,adjunct procureur-generaal,['republiek_71']
7,7,adjunct secretaris,"['batfra_687', 'divperioden_28', 'republiek_73', 'republiek_friezen_28']"
8,8,adjunct secretaris der cijfers,['batfra_616']
9,9,adjunct-auditeur,['me_7']
10,10,adjunct-griffier,['me_300']
11,11,adjunct-secretaris,['me_1456']
12,12,administrateur,['negentiende_eeuw_57']
13,13,administrateur van het kohier der verpondingen,['batfra_479']
14,14,administrateur-generaal,['batfra_663']
15,15,admiraal,['me_1677']
16,16,advocaat,['me_363']
17,17,advocaat Grote Raad,['me_351']
18,18,advocaat Staten van Holland,['me_77']
19,19,advocaat-fiscaal,"['batfra_554', 'negentiende_eeuw_46', 'me_25', 'divperioden_8', 'republiek_10', 'republiek_friezen_8']"
20,20,advocaat-fiscaal civiel,['republiek_44']
21,21,advocaat-fiscaal crimineel,['republiek_43']
22,22,advocaat-fiscaal over de militie,['batfra_330']
23,23,advocaat-fiscaal over de zeemacht,['batfra_332']
24,24,advocaat-fiscaal-generaal,['batfra_204']
25,25,advocaat-generaal,['negentiende_eeuw_30']
26,26,advocaat-postulant,['me_1775']
27,27,advocat-général,['batfra_541']
28,28,afgevaardigd lid,['batfra_622']
29,29,agendaris,['batfra_620']
30,30,agent,"['batfra_92', 'republiek_11']"
31,31,algemeen geheimschrijver,['batfra_417']
32,32,algemeen secretaris,['batfra_295']
33,33,algemene secretaris van staat,['batfra_342']
34,34,amanuensis,['batfra_719']
35,35,archi-chancelier de l' empire,['batfra_135']
36,36,archi-trésorier de l' empire,['batfra_136']
37,37,archivarius,['batfra_311']
38,38,archivist,['batfra_208']
39,39,archivist en chef expeditie,['batfra_690']
40,40,archivist-directeur van de plannen,['batfra_416']
41,41,archiviste,['batfra_148']
42,42,assessor,['batfra_544']
43,43,assistant,['batfra_713']
44,44,auditeur,"['batfra_651', 'me_4', 'republiek_12']"
45,45,auditeur (onbezoldigd),['me_301']
46,46,auditeur de la deuxième classe,['batfra_160']
47,47,auditeur de la première classe,['batfra_159']
48,48,auditeur de la troisième classe,['batfra_161']
49,49,auditeur en service extraordinaire,['batfra_162']
50,50,auditeur rekeningen Zeeland,['me_29']
51,51,auditeur-extraordinaris,['me_13']
52,52,auditeur-ordinaris,['me_8']
53,53,audiëncier,['me_85']
54,54,azing,['me_594']
55,55,baljuw,['me_541']
56,56,baljuw der wateren,['me_666']
57,57,baljuw op de Geer,['me_1187']
58,58,baljuw van 's-Gravenzande,['me_166']
59,59,baljuw van (de wateren van) Arnemuiden,['me_664']
60,60,baljuw van Abbekerk,['me_280']
61,61,baljuw van Abbenbroek,['me_651']
62,62,baljuw van Alkmaar,['me_824']
63,63,baljuw van Ammers,['me_1166']
64,64,baljuw van Amstelland,['me_260']
65,65,baljuw van Amstelland en Waterland,['me_570']
66,66,baljuw van Arnemuiden,['me_678']
67,67,baljuw van Assendelft,['me_398']
68,68,baljuw van Beijerland,['me_819']
69,69,baljuw van Benthuizen,['me_1132']
70,70,baljuw van Bergen,['me_135']
71,71,baljuw van Beveren,['me_323']
72,72,baljuw van Beverwijk,['me_141']
73,73,baljuw van Beverwijk en Noordwijk,['me_1329']
74,74,baljuw van Bleiswijk,['me_299']
75,75,baljuw van Bommenede,['me_826']
76,76,baljuw van Borsele,['me_1346']
77,77,"baljuw van Boskoop, Akersdijk en de Vennen",['me_1347']
78,78,baljuw van Brederode,['me_1523']
79,79,baljuw van Brielle,['me_1622']
80,80,baljuw van Brouwershaven,['me_181']
81,81,baljuw van Bruinisse,['me_1058']
82,82,baljuw van Capelle aan den Ijssel,['me_1322']
83,83,baljuw van De Lier,"['me_462', 'me_1843']"
84,84,baljuw van Delfland,['me_235']
85,85,baljuw van Delfland en Schieland,['me_574']
86,86,baljuw van Den Briel,['me_364']
87,87,baljuw van Den Haag,['me_234']
88,88,baljuw van Dirksland,['me_1119']
89,89,baljuw van Domburg,['me_178']
90,90,baljuw van Drechterland,['me_646']
91,91,baljuw van Dreischor,['me_674']
92,92,baljuw van Duiveland,['me_611']
93,93,baljuw van Edam,['me_829']
94,94,baljuw van Egmond,['me_404']
95,95,baljuw van Geervliet,['me_355']
96,96,baljuw van Goedereede,"['me_367', 'me_461']"
97,97,baljuw van Goes,['me_201']
98,98,baljuw van Gooiland,"['me_126', 'me_1376']"
99,99,baljuw van Gorinchem,['me_754']
100,100,baljuw van Gouda,['me_217']
101,101,"baljuw van Gouda, Schoonhoven, Land van Stein",['me_1315']
102,102,baljuw van Grijsoord,['me_449']
103,103,baljuw van Grootebroek,['me_278']
104,104,baljuw van Haagambacht,['me_1824']
105,105,baljuw van Haarlem,['me_764']
106,106,baljuw van Haastrecht,['me_1839']
107,107,baljuw van Hazerswoude,['me_650']
108,108,baljuw van Heemstede,['me_1603']
109,109,baljuw van Heenvliet,['me_828']
110,110,baljuw van Hensbroek,['me_439']
111,111,baljuw van Heusden,['me_1320']
112,112,baljuw van Hoedekenskerke,['me_1304']
113,113,baljuw van Holland,['me_732']
114,114,baljuw van Hoogwouderambacht,['me_645']
115,115,baljuw van Hoorn,['me_1693']
116,116,baljuw van IJsselstein,['me_1757']
117,117,baljuw van Iersike,['me_507']
118,118,baljuw van Ijsselstein,"['me_309', 'me_1718', 'me_1719']"
119,119,baljuw van Kennemerland,['me_137']
120,120,baljuw van Kennemerland en West-Friesland,['me_572']
121,121,baljuw van Kortgene,['me_428']
122,122,baljuw van Land van Voorne,['me_366']
123,123,baljuw van Langedijk (N-H),['me_1438']
124,124,baljuw van Langeveld,['me_1134']
125,125,baljuw van Leiden,['me_597']
126,126,baljuw van Liesveld,['me_759']
127,127,baljuw van Loosdrecht,['me_433']
128,128,baljuw van Maasland,['me_237']
129,129,baljuw van Medemblik,['me_136']
130,130,baljuw van Melissant,['me_775']
131,131,baljuw van Middelburg,['me_124']
132,132,baljuw van Middelharnas,['me_814']
133,133,baljuw van Mijnden,['me_511']
134,134,baljuw van Monnickendam,['me_834']
135,135,baljuw van Monster,['me_634']
136,136,baljuw van Monster (op Borselen),['me_452']
137,137,baljuw van Muiden,['me_312']
138,138,baljuw van Naaldwijk,['me_612']
139,139,baljuw van Naarden,['me_552']
140,140,baljuw van Nieuwenburg,['me_213']
141,141,baljuw van Nieuwenkerk aan den Ijssel,['me_1848']
142,142,baljuw van Nieuwkoop,['me_843']
143,143,baljuw van Nieuwpoort (bij Schoonhoven),['me_821']
144,144,baljuw van Nijenburg,['me_394']
145,145,baljuw van Noordgouw,['me_837']
146,146,baljuw van Noordholland,['me_91']
147,147,baljuw van Noordwijk,['me_169']
148,148,baljuw van Noordwijk aan Zee,['me_1136']
149,149,baljuw van Noordwijkerhout,['me_1130']
150,150,baljuw van Obdam,['me_438']
151,151,baljuw van Oegstgeest,['me_1175']
152,152,baljuw van Offem,['me_1407']
153,153,baljuw van Oosthuizen,['me_515']
154,154,baljuw van Oostvoorne,['me_502']
155,155,baljuw van Oostzanen,['me_609']
156,156,baljuw van Opmeer,['me_440']
157,157,baljuw van Oud-Vossemeer,['me_766']
158,158,baljuw van Oude- en Nieuwe Tonge,['me_1292']
159,159,baljuw van Oudewater,"['me_1487', 'me_1488']"
160,160,baljuw van Pendrecht en Rhoon,['me_735']
161,161,baljuw van Polnis,['me_1172']
162,162,baljuw van Poortugaal,['me_1215']
163,163,baljuw van Poortvliet,['me_479']
164,164,baljuw van Purmerend,['me_1023']
165,165,baljuw van Putten,['me_101']
166,166,baljuw van Putten en Strijen,['me_568']
167,167,baljuw van Reimerswaal,['me_445']
168,168,baljuw van Rhoon,['me_817']
169,169,baljuw van Rietwijk,['me_1232']
170,170,baljuw van Rijnland,['me_216']
171,171,baljuw van Rijnsburg,['me_172']
172,172,baljuw van Rijswijk,['me_1209']
173,173,baljuw van Rotterdam,"['me_96', 'me_229']"
174,174,baljuw van Schakerloo,['me_190']
175,175,baljuw van Schiedam,['me_328']
176,176,baljuw van Schieland,['me_282']
177,177,baljuw van Schoonhoven,['me_295']
178,178,baljuw van Schoten,['me_867']
179,179,baljuw van Sint-Annaland,['me_1297']
180,180,baljuw van Sluis,['me_633']
181,181,baljuw van Sommelsdijk,['me_779']
182,182,baljuw van Spanbroek,['me_437']
183,183,baljuw van St. Maartensdijk,['me_430']
184,184,baljuw van Strijen,['me_104']
185,185,baljuw van Texel,['me_473']
186,186,baljuw van Texel en Vlieland,['me_1333']
187,187,baljuw van Tholen,['me_187']
188,188,baljuw van Tholen en Schakerloo,['me_652']
189,189,baljuw van Veere,['me_534']
190,190,baljuw van Vlaardingen,['me_315']
191,191,baljuw van Vlieland,['me_1112']
192,192,baljuw van Vlissingen,['me_470']
193,193,baljuw van Voorne,['me_444']
194,194,baljuw van Voshol,['me_1754']
195,195,baljuw van Vossemeer,['me_1444']
196,196,baljuw van Vrouwenpolder,['me_701']
197,197,baljuw van Warmond,['me_1728']
198,198,baljuw van Wassenaar,['me_614']
199,199,baljuw van Wateringen,['me_1129']
200,200,baljuw van Waterland,['me_261']
201,201,baljuw van Weede,['me_620']
202,202,baljuw van Weesp,['me_553']
203,203,baljuw van West-Friesland,['me_240']
204,204,baljuw van Westkapelle,['me_179']
205,205,baljuw van Westvoorne,['me_475']
206,206,baljuw van Wieringen,['me_456']
207,207,baljuw van Wijk,['me_298']
208,208,baljuw van Wimmenum,['me_1126']
209,209,baljuw van Woerden,['me_98']
210,210,baljuw van Wognum,['me_279']
211,211,baljuw van Woudrichem,['me_1426']
212,212,baljuw van Zandambacht,['me_1399']
213,213,baljuw van Zeeland,['me_500']
214,214,baljuw van Zeeland Beoosterschelde,['me_481']
215,215,baljuw van Zeevang,['me_262']
216,216,baljuw van Zierikzee,['me_127']
217,217,baljuw van Zijbekarspel,['me_281']
218,218,baljuw van Zijpe,['me_1204']
219,219,baljuw van Zonnemaire,['me_836']
220,220,baljuw van Zouteveen,['me_776']
221,221,baljuw van Zuid-Beveland,['me_1453']
222,222,baljuw van Zuidholland,['me_90']
223,223,baljuw van Zwammerdam,['me_1842']
224,224,baljuw van de Hofvenne,['me_1356']
225,225,baljuw van de Zijpe,['me_1115']
226,226,baljuw van de hoge heerlijkheid Kapelle,['me_1357']
227,227,baljuw van de landen van Blois,['me_1073']
228,228,baljuw van het Land van Altena,['me_291']
229,229,baljuw van het Land van Arkel,['me_1321']
230,230,baljuw van het Land van Haastrecht,['me_1747']
231,231,baljuw van het Land van Stein,['me_1542']
232,232,baljuw van het Land van Woerden,['me_1484']
233,233,baljuw van het klooster Sint-Barbara,['me_1385']
234,234,bestuursraad,"['divperioden_1', 'republiek_friezen_1']"
235,235,betaalmeester te velde,['batfra_380']
236,236,betaalmeester van oorlog,['batfra_379']
237,237,bewaarder van de Katwijkse duinen,['me_1501']
238,238,bewaarder van de duinen,['me_1770']
239,239,bewaarder van de zeevond,['me_1771']
240,240,bewaarder van grootzegel en charters,['me_1539']
241,241,bewindhebber,"['republiek_90', 'republiek_friezen_30']"
242,242,beziener op de tol van Dordrecht,['me_1493']
243,243,beziener op de tol van Gorinchem,['me_1495']
244,244,beziener op de tol van Schoonhoven,['me_1496']
245,245,beziener op de tol van Woudrichem,['me_1494']
246,246,bibliothecaris-generaal,['batfra_653']
247,247,bisschoppelijke raad,['me_44']
248,248,boekhouder,['batfra_630']
249,249,boekhouder van de waterstaat,['batfra_577']
250,250,boodschapper van staat,['batfra_724']
251,251,buitengewoon commissaris,['negentiende_eeuw_52']
252,252,buitengewoon lid in werkelijke dienst,['negentiende_eeuw_5']
253,253,buitengewoon substituut-procureur-generaal,['negentiende_eeuw_40']
254,254,burggraaf van Torenburg,['me_1511']
255,255,burggraaf van Zeeland,['me_198']
256,256,censeur,['batfra_720']
257,257,charterbewaarder,['batfra_581']
258,258,charterkamer-commies,['batfra_613']
259,259,charterklerk,['batfra_588']
260,260,chartermeester,['batfra_621']
261,261,chef,['batfra_496']
262,262,chef Frans Bureau,['batfra_647']
263,263,chef algemene comptabiliteit,['batfra_691']
264,264,chef bureau de traduction,['batfra_644']
265,265,chef bureau rekesten,['batfra_668']
266,266,chef de bureau,"['batfra_509', 'batfra_564']"
267,267,chef de la division du Nord,['batfra_489']
268,268,chef der Politie,['batfra_605']
269,269,chef divisie,['batfra_675']
270,270,chef divisie artillerie en genie,['batfra_665']
271,271,chef generaal secretariaat,['batfra_659']
272,272,chef generale comptabiliteit,['batfra_680']
273,273,chef militaire du port à Amsterdam,['batfra_187']
274,274,chef militaire du port à Rotterdam,['batfra_188']
275,275,chef secretariaat,['batfra_686']
276,276,commies,"['batfra_547', 'republiek_13']"
277,277,commies Buitenlandse Zaken en Agent,['batfra_708']
278,278,commies chartermeester,['batfra_722']
279,279,commies commissie Buitenlandse Zaken,['batfra_703']
280,280,commies expediteur,['batfra_568']
281,281,commies tekenaar,['batfra_575']
282,282,commies ter ordonnantie,['batfra_593']
283,283,commies tot de geneeskundige Staatsregeling,['batfra_604']
284,284,commies tot de zaken van de waterstaat,['batfra_619']
285,285,commies van de Controleur van de gebouwen in de residentie,['batfra_534']
286,286,commies van staat,['negentiende_eeuw_3']
287,287,commies-directeur van de equipage,['batfra_611']
288,288,commies-directeur van financiën,['batfra_612']
289,289,commies-generaal van de Convooien en Licenten,['batfra_693']
290,290,commies-generaal van de convooien en licenten,"['divperioden_25', 'republiek_66', 'republiek_friezen_25']"
291,291,commies-griffier,"['batfra_542', 'negentiende_eeuw_4']"
292,292,commies-indexmaker,['batfra_35']
293,293,commies-notularis,['batfra_583']
294,294,commissaire des poudreries à Amsterdam,['batfra_232']
295,295,commissaire général de l' agriculture,['batfra_436']
296,296,commissaire impérial Monnaie d' Utrecht,['batfra_283']
297,297,commissaire spécial de la police,['batfra_238']
298,298,commissaire-général de la police,['batfra_503']
299,299,commissaire-vérificateur à l' Estampille,['batfra_231']
300,300,commissaris,"['batfra_326', 'negentiende_eeuw_53', 'me_19']"
301,301,commissaris Domeinen Nassau,['batfra_636']
302,302,commissaris Kwartier Noordholland belastingen,['me_1695']
303,303,commissaris Mortificatiebureau,['batfra_638']
304,304,commissaris bij het departement van Landbouw,['batfra_594']
305,305,commissaris bij het departement van de Fabrieken,['batfra_595']
306,306,commissaris des konings,['negentiende_eeuw_51']
307,307,commissaris directeur,['batfra_571']
308,308,commissaris geconfisqueerde goederen,['me_1724']
309,309,commissaris geconfisqueerde goederen Waterland,['me_1706']
310,310,commissaris tot de Gecedeerde Landen aan de Bataafse Republiek,['batfra_336']
311,311,commissaris tot de zaken der geneeskundige staatsregeling,['batfra_40']
312,312,commissaris tot de zaken van de geneeskundige staatsregeling,['batfra_348']
313,313,commissaris tot de zaken van de landbouw,['batfra_41']
314,314,commissaris tot de zaken van het fabriekswezen,['batfra_432']
315,315,commissaris tot de zaken van het lager schoolwezen,['batfra_39']
316,316,commissaris van besogne op de Verdronken Waard,['me_1720']
317,317,commissaris van de Nationale Thesaurie,['batfra_628']
318,318,commissaris van de uitheemse dépêches,['batfra_699']
319,319,"commissaris, raad van 4",['me_275']
320,320,commissaris-Verificateur,['batfra_688']
321,321,"commissaris-adviseur tot de zaken der wis-, natuur-, schei- en werktuigkunde",['batfra_38']
322,322,commissaris-directeur Klein Zegel,['batfra_641']
323,323,commissaris-directeur Zegel Patent,['batfra_642']
324,324,commissaris-generaal,['negentiende_eeuw_11']
325,325,commissaris-generaal a.i.,['negentiende_eeuw_19']
326,326,commissaris-generaal in Oost-Friesland,['batfra_658']
327,327,commissaris-generaal van Zeeland,['me_1305']
328,328,commissaris-generaal voor de koloniën,['batfra_403']
329,329,commissaris-generaal voor het geneeskundige,['batfra_413']
330,330,commissaris-inspecteur Domeinen Nassau,['batfra_637']
331,331,commissaris-inspecteur bij de Waterstaat,['batfra_610']
332,332,commissaris-liquidateur,['batfra_103']
333,333,commissielid,['batfra_551']
334,334,conseiller,['batfra_72']
335,335,conseiller de préfecture,['batfra_543']
336,336,conservateur des forêts à Amsterdam,['batfra_282']
337,337,consul de France à Rotterdam,['batfra_139']
338,338,consul-général de France à Amsterdam,['batfra_138']
339,339,contre-amiral de la Marine Impériale,['batfra_186']
340,340,controleur,['me_64']
341,341,controleur grafelijke ambtenaren,['me_79']
342,342,controleur van de Koninklijke gebouwen binnen Utrecht,['batfra_535']
343,343,controleur van de gebouwen in de residentie,['batfra_533']
344,344,controleur-generaal van de publieke inkomsten en uitgaven,['batfra_31']
345,345,deurwaarder,['me_5']
346,346,dijkgraaf,['me_567']
347,347,dijkgraaf Beoosten Ierseke,['me_200']
348,348,dijkgraaf in het Nieuwe ambacht op Duiveland,['me_579']
349,349,dijkgraaf in het Oude ambacht op Duiveland,['me_578']
350,350,dijkgraaf in het nieuwe land op Sint-Maartensdijk,['me_581']
351,351,dijkgraaf in het oosteinde van Walcheren,['me_1178']
352,352,dijkgraaf oost/midden Noord-Beveland,['me_180']
353,353,dijkgraaf tussen Honte en Hinkele (Zuid-Beveland),['me_499']
354,354,dijkgraaf tussen Lek en Merwede,['me_506']
355,355,dijkgraaf van Albrandswaard,['me_1030']
356,356,dijkgraaf van Beoosten Yerseke,['me_1799']
357,357,dijkgraaf van Bewesten Ierseke,['me_128']
358,358,dijkgraaf van Biezelinge,['me_1445']
359,359,dijkgraaf van Bommenede,['me_827']
360,360,dijkgraaf van Brouwershaven,['me_825']
361,361,dijkgraaf van Charloisse,['me_1075']
362,362,dijkgraaf van Clauskinderen,['me_1455']
363,363,dijkgraaf van Delfland,['me_236']
364,364,dijkgraaf van Den Briel,['me_811']
365,365,dijkgraaf van Dirksland,['me_1120']
366,366,dijkgraaf van Drechterland,['me_1417']
367,367,dijkgraaf van Dubbeldam,['me_628']
368,368,dijkgraaf van Duiveland,['me_577']
369,369,dijkgraaf van Edam,['me_830']
370,370,dijkgraaf van Geervliet,['me_1325']
371,371,dijkgraaf van Geesterambacht,['me_378']
372,372,dijkgraaf van Goedereede,['me_812']
373,373,dijkgraaf van Goes,['me_1029']
374,374,dijkgraaf van Grote Waard,['me_254']
375,375,dijkgraaf van Herkingen,['me_1801']
376,376,dijkgraaf van Het Zuiderland,['me_1118']
377,377,dijkgraaf van IJsselmonde,['me_1526']
378,378,dijkgraaf van Kennemerland,['me_276']
379,379,dijkgraaf van Korendijk,['me_356']
380,380,dijkgraaf van Kruiningen,['me_1301']
381,381,dijkgraaf van Lokhorstland,['me_1031']
382,382,dijkgraaf van Lopikerwaard,['me_434']
383,383,dijkgraaf van Maasdam,['me_1808']
384,384,dijkgraaf van Matenesse,['me_1328']
385,385,dijkgraaf van Medemblik,['me_338']
386,386,dijkgraaf van Middelharnas,['me_1413']
387,387,dijkgraaf van Niervaart,['me_1043']
388,388,dijkgraaf van Nieuw-Beijerland,['me_1034']
389,389,dijkgraaf van Nieuw-Matenesse,['me_1404']
390,390,dijkgraaf van Nieuw-Roden,['me_1227']
391,391,dijkgraaf van Nieuwendam (bij Akersloot),['me_1598']
392,392,dijkgraaf van Noord-Beveland,['me_195']
393,393,dijkgraaf van Oost-Duiveland,['me_1753']
394,394,dijkgraaf van Oostwatering,['me_1797']
395,395,dijkgraaf van Oud-Herkingen,['me_1804']
396,396,dijkgraaf van Oude en Nieuwe Kats,['me_287']
397,397,dijkgraaf van Oudekerken op Duiveland,['me_1047']
398,398,dijkgraaf van Oudkarspel,['me_1437']
399,399,dijkgraaf van Poortambacht,['me_623']
400,400,dijkgraaf van Poortugaal,['me_1044']
401,401,dijkgraaf van Putten,['me_102']
402,402,dijkgraaf van Rhoon,['me_818']
403,403,dijkgraaf van Ridderkerk,['me_1818']
404,404,dijkgraaf van Riederwaard,['me_582']
405,405,dijkgraaf van Rijnland,['me_396']
406,406,dijkgraaf van Schager- en Niedorperkoggen,['me_748']
407,407,dijkgraaf van Schakerloo,['me_191']
408,408,dijkgraaf van Schieland,['me_354']
409,409,dijkgraaf van Schouwen,['me_175']
410,410,dijkgraaf van Sint-Annaland,['me_1298']
411,411,dijkgraaf van Sint-Elisabethspolder,['me_1806']
412,412,dijkgraaf van Sommelsdijk,['me_796']
413,413,dijkgraaf van Strijen,['me_105']
414,414,dijkgraaf van Tholen,['me_188']
415,415,dijkgraaf van Tholen en Schakerloo,['me_653']
416,416,dijkgraaf van Vlissingen,['me_1624']
417,417,dijkgraaf van Voorne,['me_761']
418,418,dijkgraaf van Vossemeer,['me_1440']
419,419,dijkgraaf van Vrankenland (bij Schiedam),['me_1038']
420,420,dijkgraaf van Wateringen,['me_1388']
421,421,dijkgraaf van Waterland,['me_835']
422,422,dijkgraaf van Weesperkarspel,['me_1632']
423,423,dijkgraaf van West-Friesland,['me_277']
424,424,dijkgraaf van Westeinde (Noord-Beveland),['me_285']
425,425,dijkgraaf van Westenrijk,['me_1626']
426,426,dijkgraaf van Wieringen,['me_1319']
427,427,dijkgraaf van Woerden,['me_99']
428,428,dijkgraaf van Wolfaartsdijk,['me_288']
429,429,dijkgraaf van Zeeland Beoosterschelde,['me_1593']
430,430,dijkgraaf van Zeevang,['me_832']
431,431,dijkgraaf van Zuid-Walcheren,['me_583']
432,432,dijkgraaf van Zuidholland,['me_510']
433,433,dijkgraaf van Zuidland (Schouwen),['me_284']
434,434,dijkgraaf van Zwijndrecht,['me_289']
435,435,dijkgraaf van de Alblasserwaard,['me_270']
436,436,dijkgraaf van de Breede Watering bewesten Yerseke,['me_1478']
437,437,dijkgraaf van de Goese polder,['me_1402']
438,438,dijkgraaf van de Hikkepolder,['me_1439']
439,439,dijkgraaf van de Hondsbossche en Duinen te Petten,['me_1521']
440,440,dijkgraaf van de Hondsbosse,['me_1434']
441,441,dijkgraaf van de Krimpenerwaard,['me_314']
442,442,dijkgraaf van de Lek,['me_781']
443,443,dijkgraaf van de Merwede,['me_780']
444,444,dijkgraaf van de Oostwatering in Walcheren,['me_691']
445,445,dijkgraaf van de Uitwaterende Sluizen,['me_1601']
446,446,dijkgraaf van de Vijf Ambachten op Walcheren,['me_655']
447,447,dijkgraaf van de West-Friese omringdijk,['me_346']
448,448,dijkgraaf van de Westwatering in Walcheren,['me_182']
449,449,dijkgraaf van de Zijpe,"['me_750', 'me_1606']"
450,450,dijkgraaf van de Zuidwatering in Walcheren,['me_694']
451,451,dijkgraaf van de polder Klinkerland (Herkingen),['me_1802']
452,452,dijkgraaf van de vier Noorder Kogge te Medemblik,['me_752']
453,453,dijkgraaf van het Land van Altena,['me_290']
454,454,dijkgraaf van het Land van Arkel,['me_632']
455,455,dijkgraaf van het Land van Woerden,['me_1485']
456,456,dijkgraaf van het Noorderkwartier,['me_924']
457,457,dijkgraaf van het Oosterbaljuwschap,['me_1430']
458,458,dijkgraaf van het Oudland van Altena,['me_1468']
459,459,dijkgraaf van het ambacht en vrije van Baarsdorp,['me_1694']
460,460,dijkgraaf van het land van Haastrecht,['me_768']
461,461,dijkgraaf van het land van Meeuwen,['me_1327']
462,462,dijkgraaf van het nieuwe land in Riederwaard,['me_488']
463,463,dijkgraaf van het nieuwe land van Markenburg,['me_618']
464,464,dijkgraaf van sint-Elisabethspolder,['me_1805']
465,465,dijkgraaf van westambacht van Ijsselmonde,['me_401']
466,466,dijkgraaf van zeewering tussen Petten en Hondsbos,['me_560']
467,467,dijkgraaf westelijk derde deel van Noord-Beveland,['me_174']
468,468,dingwaarder,['me_45']
469,469,directeur,"['batfra_34', 'negentiende_eeuw_27']"
470,470,directeur Bataafse Courant,['batfra_627']
471,471,directeur Loterijen,['batfra_640']
472,472,directeur correspondentie,['batfra_723']
473,473,directeur d' équipement dans l' arrondissement maritime de Hollande,['batfra_192']
474,474,directeur de la Monnaie d' Utrecht,['batfra_506']
475,475,directeur des Ponts et Chaussées en Hollande,['batfra_226']
476,476,directeur des élèves à Paris et à Rome,['batfra_669']
477,477,directeur du premier arrondissement de la police générale,['batfra_69']
478,478,directeur particulier des douanes à  Amsterdam,['batfra_212']
479,479,directeur particulier des douanes à  Emden,['batfra_215']
480,480,directeur particulier des douanes à Dokkum,['batfra_214']
481,481,"directeur principal des douanes en Hollande, à Amsterdam",['batfra_157']
482,482,directeur van de administratie van oorlog,['batfra_381']
483,483,directeur van de middelen te water,['batfra_516']
484,484,"directeur van de militaire archieven, plans en kaarten",['batfra_439']
485,485,directeur van de publieke domeinen en de geestelijke goederen,['batfra_247']
486,486,directeur van het Depot der Koloniën,['batfra_667']
487,487,directeur van het Depot van Marine,['batfra_666']
488,488,directeur-generaal,"['batfra_28', 'negentiende_eeuw_20']"
489,489,directeur-generaal a.i.,['negentiende_eeuw_21']
490,490,directeur-generaal van de middelen te water,['batfra_517']
491,491,directeur-generaal van de nationale rivier- en zeewerken,['batfra_623']
492,492,directeur-generaal van het geneeskundig Bestuur van de Armée,['batfra_499']
493,493,directeur-général,['batfra_66']
494,494,drossaard,"['batfra_608', 'me_592']"
495,495,drossaard van Ameide,['me_536']
496,496,drossaard van Arkel,['me_485']
497,497,drossaard van Drongelen,['me_411']
498,498,drossaard van Eethen,['me_410']
499,499,drossaard van Engelen,['me_1707']
500,500,drossaard van Gorinchem,['me_204']
501,501,drossaard van Gorkum,['me_1470']
502,502,drossaard van Hekendorp,['me_1750']
503,503,drossaard van Heukelum,['me_122']
504,504,drossaard van Heusden,['me_304']
505,505,drossaard van Hoorn,['me_744']
506,506,drossaard van IJsselstein,['me_1674']
507,507,drossaard van Ijsselstein,['me_557']
508,508,drossaard van Jaarsveld,['me_608']
509,509,drossaard van Leerdam,['me_425']
510,510,drossaard van Linschoten,['me_1748']
511,511,drossaard van Loevestein,['me_1394']
512,512,drossaard van Meeuwen,['me_412']
513,513,drossaard van Muiden,['me_863']
514,514,drossaard van Purmerend,['me_640']
515,515,drossaard van Schoonrewoerd,['me_258']
516,516,drossaard van Snelrewaard,['me_1749']
517,517,drossaard van Ter Leede,['me_257']
518,518,drossaard van Vianen,['me_535']
519,519,drossaard van Vlijmen,['me_1708']
520,520,drossaard van Vlijmen en Engelen,['me_1062']
521,521,drossaard van Woerden,['me_823']
522,522,drossaard van Woudrichem,['me_892']
523,523,drossaard van Zevenbergen,['me_1387']
524,524,drossaard van half-Asperen,['me_459']
525,525,drossaard van het Land van Altena,['me_493']
526,526,drossaard van het Land van Arkel,['me_203']
527,527,drossaard van het Land van Heusden,['me_1465']
528,528,duinwaarder,['me_1331']
529,529,duinwaarder van Noordwijk,['me_1342']
530,530,eerste Boekhouder,['batfra_689']
531,531,eerste Kabinetssecretaris,['batfra_683']
532,532,eerste aalmoezenier van de koning,['batfra_440']
533,533,eerste advocaat-generaal,['negentiende_eeuw_37']
534,534,eerste commies,['batfra_567']
535,535,eerste commies notularis,['batfra_606']
536,536,eerste commissaris van het commissariaat der Franse troepen in soldij der Bataafse Republiek,['batfra_101']
537,537,eerste griffier,"['batfra_555', 'negentiende_eeuw_38']"
538,538,eerste klerk,['batfra_585']
539,539,eerste president,['negentiende_eeuw_39']
540,540,eerste president van de staatsraad,['batfra_391']
541,541,eerste presiderende raad,"['divperioden_23', 'republiek_friezen_23']"
542,542,eerste rekenmeester,['me_232']
543,543,eerste secretaris,['batfra_32']
544,544,eerste voorzitter van het Hof van Rekeningen van het Koninkrijk Holland,['batfra_245']
545,545,employé,['batfra_572']
546,546,employé Frans Bureau,['batfra_648']
547,547,essayeur,['me_487']
548,548,essayeur Hollandse Munt,['me_111']
549,549,essayeur Zeeuwse Munt,['me_155']
550,550,essayeur te Dordrecht,['me_114']
551,551,essayeur-generaal,"['batfra_335', 'me_115']"
552,552,expediteur,['batfra_711']
553,553,extra-ordinaris generaal van de Munt van Holland,['me_918']
554,554,extraordinaris bestuursraad,"['divperioden_10', 'republiek_friezen_10']"
555,555,extraordinaris commies-generaal van de con. en lic,['republiek_64']
556,556,extraordinaris expediteur,['batfra_712']
557,557,extraordinaris gecommiteerde,['republiek_80']
558,558,extraordinaris gedeputeerde,['republiek_85']
559,559,extraordinaris klerk,['batfra_615']
560,560,extraordinaris klerk ter assistentie van de Agent,['batfra_574']
561,561,extraordinaris raad,['batfra_633']
562,562,extraordinaris raadsheer,"['divperioden_2', 'republiek_3', 'republiek_friezen_2']"
563,563,gecommiteerde raad van Zeeland,['me_1673']
564,564,gecommitteerde,"['batfra_725', 'me_37', 'divperioden_14', 'republiek_1', 'republiek_friezen_14']"
565,565,gedeputeerde,"['batfra_700', 'divperioden_13', 'republiek_50', 'republiek_friezen_13']"
566,566,gedeputeerde Staten van Walcheren,['me_1762']
567,567,geheim secretaris,['negentiende_eeuw_59']
568,568,geheimklerk,['batfra_599']
569,569,generaalmeester van de Munt,['batfra_698']
570,570,gewaard rechter in ambachten van Jan v/d Dussen,['me_1640']
571,571,gewaard rechter van Babyloniënbroek,['me_1652']
572,572,gewaard rechter van Brandwijk,['me_1638']
573,573,gewaard rechter van De Werken,['me_1725']
574,574,gewaard rechter van Gijbeland,['me_1639']
575,575,gewaard rechter van Kijfhoek,['me_1646']
576,576,gewaard rechter van Langerak,['me_1645']
577,577,gewaard rechter van Rotterdam,['me_1637']
578,578,gewaarde rechter in ambachten van Pieter v/d Lek,['me_1642']
579,579,gewaarde rechter van Almsvoet,['me_1643']
580,580,gewaarde rechter van Alsmvoet,['me_1644']
581,581,gewaarde rechter van Heimsland,['me_1641']
582,582,gouverneur,"['batfra_289', 'negentiende_eeuw_50', 'me_50']"
583,583,gouverneur van Arnemuiden,['me_801']
584,584,gouverneur van Bommenede,['me_949']
585,585,gouverneur van Brielle,['me_1761']
586,586,gouverneur van Delft,['me_1537']
587,587,gouverneur van Den Briel,['me_376']
588,588,gouverneur van Geertruidenberg,['me_939']
589,589,gouverneur van Goes,['me_970']
590,590,gouverneur van Gorinchem,['me_1776']
591,591,gouverneur van Gouda,['me_1518']
592,592,gouverneur van Haarlem,['me_1596']
593,593,gouverneur van Heusden,['me_1395']
594,594,gouverneur van Holland,['me_492']
595,595,gouverneur van Kaap de Goede Hoop,['batfra_512']
596,596,gouverneur van Kamperland (Kampvere),['me_1306']
597,597,gouverneur van Leerdam,['me_537']
598,598,gouverneur van Leiden,['me_942']
599,599,gouverneur van Loevestein,['me_961']
600,600,gouverneur van Middelburg,['me_799']
601,601,gouverneur van Muiden,['me_1362']
602,602,gouverneur van Naarden,['me_1363']
603,603,gouverneur van Rotterdam,['me_1536']
604,604,gouverneur van Schiedam,['me_1538']
605,605,gouverneur van Veere,['me_802']
606,606,gouverneur van Vlissingen,['me_798']
607,607,gouverneur van Voorne,['me_1769']
608,608,gouverneur van Walcheren,['me_840']
609,609,gouverneur van Waterland,['me_1675']
610,610,gouverneur van Weesp,['me_1364']
611,611,gouverneur van Woerden,['me_940']
612,612,gouverneur van Zeeland,['me_675']
613,613,gouverneur van Zeeland Beoostenschelde,['me_875']
614,614,gouverneur van Zierikzee,['me_985']
615,615,gouverneur van het Land van Arkel,['me_1779']
616,616,gouverneur van het Noorderkwartier,['me_624']
617,617,gouverneur van het eiland Voorne,['me_379']
618,618,gouverneur-generaal,['batfra_483']
619,619,gouverneur-generaal der Nederlanden,['me_544']
620,620,gouverneur-generaal van Oost-Friesland,['batfra_493']
621,621,gouverneur-generaal van de gewapende macht,['negentiende_eeuw_17']
622,622,gouverneur-général des départements de la Hollande,['batfra_76']
623,623,gouverneur-stadhouder,['me_318']
624,624,grafelijk houtvester,['me_584']
625,625,grafelijk kamerling,['me_585']
626,626,grafelijk klerk,['me_586']
627,627,grafelijk maarschalk,['me_590']
628,628,grafelijk raad,['me_588']
629,629,grafelijk rentmeester,['me_746']
630,630,grafelijk secretaris,['me_1573']
631,631,grafelijk tresorier,['me_490']
632,632,grafelijk zegelbewaarder,['me_1662']
633,633,grand Chambellan,['batfra_521']
634,634,grand maréchal du Palais,['batfra_109']
635,635,grand maître,['batfra_74']
636,636,grand-chancellier,['batfra_128']
637,637,grand-trésorier,['batfra_718']
638,638,griffier,"['batfra_343', 'negentiende_eeuw_2', 'me_9', 'divperioden_9', 'republiek_15', 'republiek_friezen_9']"
639,639,griffier van de Staten van Zeeland,['me_1793']
640,640,griffier van de hoge Vierschaar in Zeeland,['me_1471']
641,641,griffier van de lenen van het Land van Altena,['me_1689']
642,642,griffier van het leenhof te Den Haag,['me_1568']
643,643,groot-kanselier,['batfra_384']
644,644,groot-thesaurier,['batfra_385']
645,645,groot-tresorier van Zeeland,['me_659']
646,646,grootceremoniemeester,['batfra_376']
647,647,grootkamerheer,['batfra_374']
648,648,grootmaarschalk van het Paleis,['batfra_375']
649,649,grootmeester,['batfra_382']
650,650,grootmeester der Wapenen,['batfra_685']
651,651,grootmeester van het huis van de Koning,['batfra_83']
652,652,"général de division, commandant de la trente-unième division",['batfra_250']
653,653,hoofd,['me_33']
654,654,hoofd-administrateur van het mortificatiefonds,['batfra_453']
655,655,hoofd-commissaris-inspecteur bij de Waterstaat,['batfra_609']
656,656,hoofd-voorzitter,['me_32']
657,657,hoofdadministrateur,['negentiende_eeuw_25']
658,658,hoofdambtenaar,['negentiende_eeuw_58']
659,659,hoofdcommies,['batfra_592']
660,660,hoofddirecteur,['negentiende_eeuw_64']
661,661,hoofdman van Zeeland,['me_1540']
662,662,hoog-baljuw van Schoonhoven,['me_1847']
663,663,hoogbaljuw van Bewesterschelde,['me_1048']
664,664,houtvester,['me_297']
665,665,houtvester Haagse Bos,['me_386']
666,666,houtvester van Haarlemmerhout,['me_196']
667,667,houtvester van Holland,['me_403']
668,668,houtvester van Weesp,['me_1756']
669,669,indexmaker,['batfra_566']
670,670,ingénieur en chef des Ponts et Chaussées,['batfra_227']
671,671,inspecteur,['batfra_652']
672,672,inspecteur de l' imprimerie et de la librairie,['batfra_229']
673,673,inspecteur de la marine à Amsterdam,['batfra_189']
674,674,inspecteur des 32e et 33e légions de la Gendarmerie impériale à Amsterdam,['batfra_251']
675,675,inspecteur en chef de la Loterie à Amsterdam,['batfra_484']
676,676,inspecteur en essayeur-generaal van de munt en van goud- en zilverwerken,['batfra_409']
677,677,inspecteur van de Domeinen,['batfra_597']
678,678,inspecteur van de rivieren,['batfra_624']
679,679,inspecteur van de zeehavens en zeegaten,['batfra_625']
680,680,inspecteur voor het geneeskundige,['batfra_10']
681,681,inspecteur voor het lagere schoolwezen,['batfra_11']
682,682,"inspecteur voor maten en gewichten, tevens adviseur wis-, natuur-, schei- en werktuigkunde",['batfra_12']
683,683,inspecteur-generaal,['batfra_491']
684,684,inspecteur-generaal van de Nationale Middelen,['batfra_643']
685,685,inspecteur-generaal van de waterstaat,['batfra_45']
686,686,inspecteur-général de la gendarmerie impériale,['batfra_70']
687,687,inspecteur-général des Côtes de la Mer du Nord,['batfra_184']
688,688,inspecteur-général des Ponts et Chaussées,['batfra_172']
689,689,inspecteur-général du Service de Santé des Armées,['batfra_233']
690,690,intendant,['batfra_717']
691,691,intendant général de l' Empereur,['batfra_113']
692,692,intendant-generaal,['negentiende_eeuw_54']
693,693,intendant-général,['batfra_510']
694,694,intendant-général de l' intérieur en Hollande,['batfra_78']
695,695,justitieraad,"['divperioden_3', 'republiek_friezen_3']"
696,696,kabinetsraad,['batfra_676']
697,697,kamerheer,['batfra_634']
698,698,kamerpresident,['negentiende_eeuw_32']
699,699,kanselier,"['me_40', 'republiek_81']"
700,700,kanselier van de koning,['batfra_6']
701,701,kapitein,['me_561']
702,702,kapitein op kasteel Zeeburch,['me_1020']
703,703,kapitein van Amsterdam,['me_389']
704,704,kapitein van Biervliet,['me_402']
705,705,kapitein van Borsele,['me_521']
706,706,kapitein van De Lemmer,['me_1502']
707,707,kapitein van Delft,['me_917']
708,708,kapitein van Den Briel,['me_375']
709,709,kapitein van Den Haag,['me_233']
710,710,kapitein van Doeveren,['me_1647']
711,711,kapitein van Duiveland,['me_478']
712,712,kapitein van Enkhuizen,['me_862']
713,713,kapitein van Geertruidenberg,['me_1368']
714,714,kapitein van Gooiland,['me_333']
715,715,kapitein van Gorinchem,['me_294']
716,716,kapitein van Gouda,['me_221']
717,717,kapitein van Haarlem,['me_194']
718,718,kapitein van Heukelum,['me_302']
719,719,kapitein van Heusden,['me_1648']
720,720,kapitein van Holland,['me_251']
721,721,kapitein van Hoorn,['me_549']
722,722,kapitein van IJsselstein,['me_1758']
723,723,kapitein van Ijsselstein,['me_524']
724,724,kapitein van Leerdam,['me_343']
725,725,kapitein van Leiden,['me_134']
726,726,kapitein van Loenersloot,['me_556']
727,727,kapitein van Maasland,['me_523']
728,728,kapitein van Muiden,['me_334']
729,729,kapitein van Naarden,['me_505']
730,730,kapitein van Noord-Beveland,['me_286']
731,731,kapitein van Oudewater,['me_451']
732,732,kapitein van Reimerswaal,['me_508']
733,733,kapitein van Rotterdam,['me_293']
734,734,kapitein van Schiedam,['me_1451']
735,735,kapitein van Schoonhoven,['me_296']
736,736,kapitein van Sluis,['me_340']
737,737,kapitein van Staveren,['me_501']
738,738,kapitein van Voorne,['me_455']
739,739,kapitein van Walcheren,['me_480']
740,740,kapitein van Warmond,['me_1684']
741,741,kapitein van Weesp,['me_436']
742,742,kapitein van West-Friesland,['me_527']
743,743,kapitein van Woerden,['me_272']
744,744,kapitein van Woudrichem,['me_516']
745,745,kapitein van Zeeland,['me_193']
746,746,kapitein van Zevenbergen,['me_341']
747,747,kapitein van Zierikzee,['me_183']
748,748,kapitein van Zuid-Beveland,['me_509']
749,749,kapitein van de bewapening van de Zuiderzee,['me_1022']
750,750,kapitein van het fort van Rammekens,['me_915']
751,751,kapitein van het huis Honingen (bij Rotterdam),['me_920']
752,752,kapitein van het huis Lokhorst (Leiden),['me_1685']
753,753,kapitein van het huis Warmond,['me_1686']
754,754,kapitein van het slot Loevestein,['me_919']
755,755,kapitein-generaal,['me_921']
756,756,kapitein-generaal van Friesland,['me_1503']
757,757,kapitein-generaal van Holland,['me_564']
758,758,kapitein-generaal van Zeeland,['me_184']
759,759,kapitein-generaal van de jacht,['batfra_355']
760,760,kapitein/kastelein van Geertruidenberg,['me_1365']
761,761,kapitein/kastelein van Lokhorst,['me_923']
762,762,kapitein/kastelein van Warmond,['me_922']
763,763,kassier,['batfra_692']
764,764,kastelein,['me_498']
765,765,kastelein of het Hof in Den Haag,['me_1713']
766,766,kastelein op het slot van Medemblik,['me_1433']
767,767,kastelein van Batenstein,['me_1046']
768,768,kastelein van Beveren,['me_324']
769,769,kastelein van Drongelen,['me_408']
770,770,kastelein van Eethen,['me_407']
771,771,kastelein van Egmond,['me_749']
772,772,kastelein van Geertruidenberg,['me_303']
773,773,kastelein van Geervliet,['me_103']
774,774,kastelein van Gooiland,['me_320']
775,775,kastelein van Gorinchem,['me_202']
776,776,kastelein van Gouda,['me_205']
777,777,kastelein van Heemskerk,['me_474']
778,778,kastelein van Heenvliet,['me_782']
779,779,kastelein van Heukelum,['me_121']
780,780,kastelein van Heusden,['me_306']
781,781,kastelein van Honselaarsdijk,['me_896']
782,782,kastelein van Hoorn,"['me_559', 'me_1428']"
783,783,kastelein van IJsselstein,['me_1759']
784,784,kastelein van Ijsselstein,['me_1042']
785,785,kastelein van Klundert,['me_874']
786,786,kastelein van Kortgene,['me_429']
787,787,kastelein van Kronenburg,['me_1450']
788,788,kastelein van Leerdam,['me_342']
789,789,kastelein van Leiden,['me_723']
790,790,kastelein van Liesveld,['me_627']
791,791,kastelein van Loevestein,['me_133']
792,792,kastelein van Medemblik,['me_283']
793,793,kastelein van Meeuwen,['me_409']
794,794,kastelein van Muiden,['me_125']
795,795,kastelein van Naarden,['me_554']
796,796,kastelein van Niervaart,['me_742']
797,797,kastelein van Nieuwenburg,['me_214']
798,798,kastelein van Nijenburg,['me_551']
799,799,kastelein van Nuwendoorn,['me_1460']
800,800,kastelein van Oostvoorne,['me_372']
801,801,kastelein van Oudewater,['me_550']
802,802,kastelein van Purmerend,['me_533']
803,803,kastelein van Putten,['me_1355']
804,804,kastelein van Schoonhoven,"['me_123', 'me_1810']"
805,805,kastelein van Sluis,['me_1827']
806,806,kastelein van Souburg,['me_914']
807,807,kastelein van Staveren,['me_1545']
808,808,kastelein van Teilingen,['me_197']
809,809,kastelein van Weesp,['me_555']
810,810,kastelein van Westhove,['me_683']
811,811,kastelein van Woerden,['me_271']
812,812,kastelein van Woudrichem,['me_778']
813,813,kastelein van Zevenbergen,['me_393']
814,814,kastelein van het Binnenhof,['me_898']
815,815,kastelein van het Huis en slot te Honselersdijk,['me_784']
816,816,kastelein van het Land van Altena,['me_476']
817,817,kastelein van het Land van Arkel,['me_542']
818,818,kastelein van het Land van Putten,['me_1324']
819,819,kastelein van het fort van Rammekens,['me_916']
820,820,kastelein van het huis Brederode,['me_1482']
821,821,kastelein van het huis Rijnenburg,['me_1782']
822,822,kastelein van het huis ter Nesse,['me_753']
823,823,kastelein van slot Middelburg,['me_1461']
824,824,kasteleineres op slot van Honselersdijk,['me_786']
825,825,keizer van Frankrijk,['batfra_49']
826,826,keizerin van Frankrijk,['batfra_290']
827,827,klerk,"['batfra_561', 'me_157']"
828,828,klerk bij de commies indexmaker,['batfra_618']
829,829,klerk der Derde Klasse,['batfra_602']
830,830,klerk der eerste Klasse,['batfra_600']
831,831,klerk der tweede Klasse,['batfra_601']
832,832,klerk van de Houtvesterij,['me_1475']
833,833,klerk van de cijfers,['batfra_695']
834,834,klerk van de rentmeester Bewesterschelde,['me_1307']
835,835,klerk van de rentmeester-generaal,['me_211']
836,836,klerk van gouverneur,['me_173']
837,837,klerk-auditeur,['me_10']
838,838,klerk-expediteur,['batfra_584']
839,839,klerk-indexmaker,['batfra_710']
840,840,klerk-notularis,['batfra_598']
841,841,koning van Holland,['batfra_5']
842,842,koningin van Holland,['batfra_77']
843,843,kopiist geheime stukken,['batfra_580']
844,844,kwartierdrost (drost),['batfra_546']
845,845,landdrost,['batfra_395']
846,846,landgriffier van Delfland,['me_1071']
847,847,landrentmeester-generaal,['me_48']
848,848,lands-fiscaal,['batfra_589']
849,849,landsadvocaat,"['batfra_582', 'me_66', 'republiek_16']"
850,850,landsadvocaat van de Staten van Holland,['me_250']
851,851,landsastronomist,['batfra_43']
852,852,landschrijver,['batfra_578']
853,853,lid,"['batfra_338', 'negentiende_eeuw_1', 'me_34', 'divperioden_19', 'divperioden_29', 'republiek_28', 'republiek_76', 'republiek_friezen_19', 'republiek_friezen_29']"
854,854,lid (in gewone dienst),['batfra_525']
855,855,lid Schive,['me_46']
856,856,lid van de commissie van superintendentie tot de zaken van de verpondingen,['batfra_513']
857,857,lid van de raad van administratie over de Waterstaat,['batfra_507']
858,858,lid van de waterstaat,['batfra_576']
859,859,lid van het Comité Centraal van Marine en Koloniën,['batfra_486']
860,860,lieutenant-général de l' empereur,['batfra_75']
861,861,luitenant,['republiek_79']
862,862,luitenant-baljuw van Hazerswoude,['me_1664']
863,863,luitenant-baljuw van Reimerswaal,['me_1308']
864,864,maarschalk,"['me_589', 'republiek_83']"
865,865,maarschalk van Noordholland,['me_1530']
866,866,maire van Rotterdam,['batfra_273']
867,867,maire van Utrecht,['batfra_412']
868,868,maître des Requêtes au Conseil d' État en service extraordinaire,['batfra_155']
869,869,maître des Requêtes chargé du Service des Ponts et Chaussées en Hollande,['batfra_86']
870,870,maître des requêtes directeur des polders,['batfra_218']
871,871,meester van de herberg,['me_593']
872,872,meesterknaap van de houtvesterij,['me_1726']
873,873,meesterknecht,['batfra_614']
874,874,membre,['batfra_165']
875,875,membre du Conseil Général de Commerce,['batfra_169']
876,876,membre du Conseil général,['batfra_553']
877,877,minister,"['batfra_9', 'negentiende_eeuw_13']"
878,878,minister a.i.,['negentiende_eeuw_15']
879,879,minister secretaris van staat,['batfra_1']
880,880,minister van staat,['negentiende_eeuw_26']
881,881,minister vice-president,['batfra_7']
882,882,ministre,['batfra_55']
883,883,ministre (grand juge),['batfra_528']
884,884,ministre secrétaire d' État,['batfra_501']
885,885,momber,"['me_41', 'republiek_82']"
886,886,momber (Procureur-generaal),['batfra_548']
887,887,muntmeester,['me_317']
888,888,muntmeester te 's-Gravenhage,['me_113']
889,889,muntmeester te Dordrecht,['me_106']
890,890,muntmeester te Geertruidenberg,['me_107']
891,891,muntmeester te Hoorn,['me_156']
892,892,muntmeester te Middelburg,['me_116']
893,893,muntmeester te Zevenbergen,['me_112']
894,894,muntmeester van Holland,['me_513']
895,895,muntmeester-generaal,['me_108']
896,896,muntmeester-generaal van Holland,['me_117']
897,897,muntmeester-generaal van Zeeland,['me_248']
898,898,muntmeester-generaal van de Staten-Generaal,['me_118']
899,899,notaris van het Hof van Holland,['me_1195']
900,900,officier van criminele justitie,['negentiende_eeuw_45']
901,901,onder-drossaard van Vianen,['me_907']
902,902,onderbaljuw van Amstelland,['me_1508']
903,903,onderbaljuw van Schoonhoven,['me_1846']
904,904,onderbaljuw van Zuidholland,['me_1170']
905,905,onderdijkgraaf van Beoost Yerseke,['me_1831']
906,906,onderdijkgraaf van Duiveland,['me_1052']
907,907,onderdijkgraaf van Zeeburch,['me_1432']
908,908,onderdijkgraaf van de Vijf Ambachten op Walcheren,['me_682']
909,909,onderhoutvester op Teilingen,['me_472']
910,910,onderhoutvester van Haarlemmerhout,['me_226']
911,911,onderkastelein van Geertruidenberg,['me_1367']
912,912,onderkastelein van Heusden,['me_1379']
913,913,onderklerk,['batfra_697']
914,914,onderrentmeester omslagen,['me_1836']
915,915,onderrentmeester van Rijnsburg,['me_1191']
916,916,onderrentmeester van Westland,['me_1350']
917,917,onderschout van Alkmaar,['me_595']
918,918,onderschout van Dordrecht,['me_599']
919,919,onderschout van Giessen-Oudekerk,['me_1099']
920,920,onderschout van Gouda,['me_600']
921,921,onderschout van Hoorn,['me_601']
922,922,onderschout van Leiden,['me_598']
923,923,onderschout van Monster-ambacht,['me_605']
924,924,onderschout van Vlijmen,['me_1104']
925,925,onderschout van Zouteveen,['me_1271']
926,926,onderschout van Zuidholland,['me_1463']
927,927,ontvanger,['me_565']
928,928,ontvanger Geestelijke Goederen kerk van Rijswijk,['me_1791']
929,929,ontvanger beden,['me_308']
930,930,ontvanger domeinen van Capelle (Duiveland),['me_1723']
931,931,ontvanger espargnes,['me_15']
932,932,ontvanger exploiten,['me_52']
933,933,ontvanger geconfisqueerde goederen,['me_1323']
934,934,ontvanger gemene lands middelen te Amsterdam,['me_1680']
935,935,ontvanger gemene lands middelen te Delft,['me_1566']
936,936,ontvanger gemene lands middelen te Rotterdam,['me_1682']
937,937,ontvanger gemene lands middelen van Schieland,['me_1683']
938,938,ontvanger imposten,['me_1361']
939,939,ontvanger particulier,['me_1312']
940,940,ontvanger te Hoorn,['me_1764']
941,941,ontvanger van Beveren,['me_325']
942,942,ontvanger van Land van Voorne,['me_1025']
943,943,ontvanger van Nijenburg,['me_1522']
944,944,ontvanger van Renesse,['me_1792']
945,945,ontvanger van de Geestelijke Goederen in Delfland,['me_1661']
946,946,ontvanger van de beden in Rijnland,['me_1602']
947,947,ontvanger van de beden te Altena,['me_1594']
948,948,ontvanger van de exploten,['republiek_53']
949,949,ontvanger van de heergewaden in Holland,['me_1467']
950,950,ontvanger van de helft van Noord-Wellant,['me_1787']
951,951,ontvanger van de licenten in Zeeland,['me_1679']
952,952,ontvanger van de omslagen van de Duinen van Petten,['me_1520']
953,953,ontvanger van de omslagen voor beleg van Weesp,['me_1580']
954,954,ontvanger van de waterpenningen van Vijfambachten,['me_1710']
955,955,ontvanger van geannoteerde goederen,['me_1384']
956,956,ontvanger van het grafelijk schot [op Walcheren],['me_1709']
957,957,ontvanger van het grafelijk schot in Serooskerke,['me_1712']
958,958,ontvanger van het schot in Den Haag,['me_1698']
959,959,ontvanger van omslagen,['me_359']
960,960,ontvanger van waterpenningen op Walcheren,['me_1795']
961,961,ontvanger-generaal,"['batfra_414', 'me_21', 'divperioden_20', 'republiek_17', 'republiek_friezen_20']"
962,962,ontvanger-generaal Domeinen,['batfra_639']
963,963,ontvanger-generaal Holland,['batfra_716']
964,964,ontvanger-generaal beden,['me_75']
965,965,ontvanger-generaal in het Noorderkwartier,['republiek_26']
966,966,ontvanger-generaal van Dordrecht,['me_1382']
967,967,ontvanger-generaal van Holland,"['me_1383', 'republiek_72']"
968,968,ontvanger-generaal van Zeeland,['republiek_69']
969,969,ontvanger-generaal van de Unie,['republiek_18']
970,970,ontvanger-generaal van de administratie te lande,['batfra_492']
971,971,ontvanger-particulier Kwart. Haarlem/Kennemerland,['me_1577']
972,972,ontvanger-particulier Kwartier Delft en Delfland,['me_1578']
973,973,ontvanger-particulier Kwartier Gouda,['me_1788']
974,974,ontvanger-particulier Kwartier Leiden en Rijnland,['me_1579']
975,975,ontvanger-particulier in Kwartier Westfriesland,['me_1575']
976,976,ontvanger-particulier van West-Friesand,['me_1612']
977,977,ontvanger-rekenmeester,['me_1359']
978,978,opperboekhouder,['batfra_681']
979,979,opperdijkgraaf,['me_1303']
980,980,opperdijkgraaf van Brielle en Voorne,['me_1623']
981,981,opperdijkgraaf van Duiveland,['me_1053']
982,982,opperdijkgraaf van Schouwen,['me_382']
983,983,opperdijkgraaf van Walcheren,['me_699']
984,984,opperdijkgraaf van Zierikzee,['me_617']
985,985,opperdijkgraaf van het Land van Woerden,['me_1557']
986,986,opperdirecteur,['negentiende_eeuw_65']
987,987,opperjagermeester,['batfra_356']
988,988,opperstalmeester,['batfra_82']
989,989,opzichter der gebouwen,['batfra_706']
990,990,ordinaris gedeputeerde,"['divperioden_15', 'republiek_8', 'republiek_friezen_15']"
991,991,ordinaris klerk,['batfra_704']
992,992,ordinaris raadsheer,['republiek_2']
993,993,overste,['me_89']
994,994,overste kapitein,['me_484']
995,995,particulier secretaris van Lodewijk Napoleon,['batfra_358']
996,996,pensionaris,"['divperioden_22', 'republiek_friezen_22']"
997,997,pensionaris van de Staten van Zeeland,['me_1481']
998,998,permanente commissaris Verificateur,['batfra_682']
999,999,plaatsvervangend landsadvocaat,['me_1316']
1000,1000,postmeester-generaal,['negentiende_eeuw_23']
1001,1001,premier président,['batfra_71']
1002,1002,president,"['batfra_84', 'negentiende_eeuw_41', 'me_17', 'republiek_84']"
1003,1003,president (tijdelijk),['me_913']
1004,1004,president Cohier Verponding,['batfra_679']
1005,1005,president Schive,['me_47']
1006,1006,president der zeewerken,['batfra_573']
1007,1007,president van de commissie van superintendentie tot de zaken van de Verpondingen,['batfra_497']
1008,1008,president van het kohier van de verponding,['batfra_524']
1009,1009,president-raadsheer,"['me_88', 'divperioden_4', 'republiek_4', 'republiek_friezen_4']"
1010,1010,procureur,['me_56']
1011,1011,procureur-generaal,"['batfra_321', 'negentiende_eeuw_24', 'me_24', 'divperioden_7', 'republiek_19', 'republiek_friezen_7']"
1012,1012,procureur-generaal (onbezoldigd),['me_385']
1013,1013,procureur-generaal civiel,['republiek_49']
1014,1014,procureur-generaal crimineel,['republiek_48']
1015,1015,procureur-général-impérial,['batfra_116']
1016,1016,procureur-général-impérial à La Haye,['batfra_280']
1017,1017,procureur-postulant,['me_374']
1018,1018,provisioneel minister,['batfra_562']
1019,1019,provisioneel secretaris,['batfra_560']
1020,1020,provisioneel secretaris-generaal,['batfra_429']
1021,1021,préfet,['batfra_123']
1022,1022,préfet maritime de Hollande,['batfra_529']
1023,1023,président,['batfra_217']
1024,1024,président de la section de Cassation Criminelle,['batfra_488']
1025,1025,président de la section de cassation civile,['batfra_523']
1026,1026,président de la section de l' Intérieur,['batfra_527']
1027,1027,président de la section des requêtes,['batfra_511']
1028,1028,président du Conseil,['batfra_487']
1029,1029,président délégué,['batfra_48']
1030,1030,raad,"['batfra_307', 'negentiende_eeuw_63', 'me_18']"
1031,1031,raad en advocaat-fiscaal-generaal,['negentiende_eeuw_48']
1032,1032,raad en momber,['me_42']
1033,1033,raad extraordinaris,['me_26']
1034,1034,raad-auditeur,"['batfra_540', 'negentiende_eeuw_33']"
1035,1035,raad-secretaris,['batfra_8']
1036,1036,raadadviseur,['negentiende_eeuw_56']
1037,1037,raadpensionaris,"['batfra_81', 'republiek_20']"
1038,1038,raadsheer,"['batfra_504', 'negentiende_eeuw_34', 'me_35', 'divperioden_5', 'republiek_5', 'republiek_friezen_5']"
1039,1039,raadsheer (onbezoldigd),['me_384']
1040,1040,raadsheer extraordinaris,['me_86']
1041,1041,"raadsheer, college van 9",['me_307']
1042,1042,raadsheer-rekwestmeester,['me_249']
1043,1043,raadslid van Holland,['me_1171']
1044,1044,raadspensionaris,['me_606']
1045,1045,rang nog onbekend,['batfra_629']
1046,1046,rechter,['negentiende_eeuw_43']
1047,1047,recteur de l' Académie de Groningue,['batfra_287']
1048,1048,recteur de l' Académie de Leyde,['batfra_288']
1049,1049,redenaar,['batfra_451']
1050,1050,referendaris,['negentiende_eeuw_7']
1051,1051,referendaris eerste klasse,['negentiende_eeuw_8']
1052,1052,referendaris tweede klasse,['negentiende_eeuw_9']
1053,1053,registerbewaarder,['me_207']
1054,1054,registerklerk,['me_361']
1055,1055,registermeester,['me_1406']
1056,1056,rekenmeester,"['me_1', 'republiek_57']"
1057,1057,rekenmeester domeinen Karel van Charolais,['me_210']
1058,1058,rekenmeester van Holland,['me_517']
1059,1059,rekenmeester van Rijnland,['me_1393']
1060,1060,rekenmeester van Zeeland bewesten Schelde,['me_1479']
1061,1061,rekenmeester van de abdij van Egmond,['me_1259']
1062,1062,rekenmeester-extraordinaris,['me_3']
1063,1063,rekenmeester-supernumerair,['me_2']
1064,1064,rentmeester,['me_51']
1065,1065,rentmeester Bloise goederen in Zeeland,['me_185']
1066,1066,rentmeester Geestelijke goederen te Hoorn,['me_1473']
1067,1067,rentmeester beden,['me_80']
1068,1068,rentmeester exploten,['me_12']
1069,1069,rentmeester geconfiskeerde goed in Bewesten Scheld,['me_1491']
1070,1070,rentmeester geconfisqeerde goederen,['me_59']
1071,1071,rentmeester in het kwartier Delfland,['me_373']
1072,1072,rentmeester van 's-Gravenzande,['me_447']
1073,1073,rentmeester van Abbenbroek,['me_816']
1074,1074,rentmeester van Ackoy,['me_1352']
1075,1075,rentmeester van Alkmaar,['me_1822']
1076,1076,rentmeester van Almonde,['me_1611']
1077,1077,rentmeester van Almonde en Dubbelmonde,['me_1374']
1078,1078,rentmeester van Amstelland,['me_263']
1079,1079,rentmeester van Amstelland en Waterland,['me_1229']
1080,1080,rentmeester van Amstelveen,['me_707']
1081,1081,rentmeester van Amsterdam,['me_1721']
1082,1082,rentmeester van Arkel,['me_468']
1083,1083,rentmeester van Asperen,['me_469']
1084,1084,rentmeester van Baarland,['me_1454']
1085,1085,rentmeester van Beijerland,['me_820']
1086,1086,rentmeester van Benschop,['me_903']
1087,1087,rentmeester van Beoosten Schelde,['me_131']
1088,1088,rentmeester van Besoijen,['me_1830']
1089,1089,rentmeester van Beverwijk,['me_418']
1090,1090,rentmeester van Beverwijk en Noordwijk,['me_1330']
1091,1091,rentmeester van Bewesten Schelde,['me_129']
1092,1092,rentmeester van Biervliet (Committimus),['me_1050']
1093,1093,rentmeester van Biggekerke,['me_1705']
1094,1094,"rentmeester van Biggekerke, Welzinge, Hogeland etc",['me_703']
1095,1095,rentmeester van Bleiswijk,['me_1293']
1096,1096,rentmeester van Blois (in Zeeland),['me_1457']
1097,1097,rentmeester van Bommenede,['me_1261']
1098,1098,rentmeester van Borselen,['me_685']
1099,1099,rentmeester van Brederode,['me_1605']
1100,1100,rentmeester van Brielle,['me_149']
1101,1101,rentmeester van Brouwershaven,['me_711']
1102,1102,rentmeester van Bruinisse,['me_1059']
1103,1103,rentmeester van Delfland,['me_905']
1104,1104,rentmeester van Den Bommel,['me_1035']
1105,1105,rentmeester van Domburg,['me_841']
1106,1106,rentmeester van Dreischor,['me_689']
1107,1107,rentmeester van Dubblemonde,['me_1610']
1108,1108,rentmeester van Duiveland,['me_615']
1109,1109,rentmeester van Egmond,['me_512']
1110,1110,rentmeester van Engelen,['me_1570']
1111,1111,rentmeester van Engelen en Vlijmen,['me_1378']
1112,1112,rentmeester van Flakkee,['me_815']
1113,1113,rentmeester van Geertruidenberg,['me_755']
1114,1114,rentmeester van Geervliet,['me_1226']
1115,1115,rentmeester van Goedereede,['me_368']
1116,1116,rentmeester van Goes,['me_644']
1117,1117,rentmeester van Gooiland,['me_313']
1118,1118,rentmeester van Gorinchem,['me_241']
1119,1119,rentmeester van Gouda,['me_144']
1120,1120,"rentmeester van Gouda, Schoonhoven, Land van Stein",['me_1314']
1121,1121,rentmeester van Haarlem,['me_413']
1122,1122,rentmeester van Half-Asperen,['me_243']
1123,1123,rentmeester van Heenvliet,['me_1625']
1124,1124,rentmeester van Heukelum,['me_244']
1125,1125,rentmeester van Heusden,['me_305']
1126,1126,rentmeester van Hoge Zwaluwe,['me_1554']
1127,1127,rentmeester van Hogeland,['me_1704']
1128,1128,rentmeester van Honselersdijk,['me_785']
1129,1129,rentmeester van Hoorn,['me_1427']
1130,1130,rentmeester van IJsselmonde,['me_1527']
1131,1131,rentmeester van IJsselstein,['me_1681']
1132,1132,rentmeester van Ijsselstein,['me_310']
1133,1133,rentmeester van Kennemerland,['me_138']
1134,1134,rentmeester van Kennemerland en West-Friesland,['me_566']
1135,1135,rentmeester van Kleverskerke,['me_718']
1136,1136,rentmeester van Kloetinge,['me_696']
1137,1137,rentmeester van Klundert,['me_1397']
1138,1138,rentmeester van Koningsveld buiten Delft,['me_911']
1139,1139,rentmeester van Kortgene,['me_1353']
1140,1140,rentmeester van Koudekerke (Walcheren),['me_1389']
1141,1141,rentmeester van Krabbendijk,['me_1309']
1142,1142,rentmeester van Lage Zwaluwe,['me_900']
1143,1143,rentmeester van Leede,['me_1310']
1144,1144,rentmeester van Leerdam,['me_245']
1145,1145,rentmeester van Leeuwenhorst,['me_1176']
1146,1146,rentmeester van Leiden,['me_1409']
1147,1147,rentmeester van Liesveld,['me_760']
1148,1148,rentmeester van Meliskerke,['me_702']
1149,1149,rentmeester van Middelburg,['me_671']
1150,1150,rentmeester van Middelharnis,['me_1373']
1151,1151,rentmeester van Moermont,['me_1773']
1152,1152,rentmeester van Monnikenland,['me_1256']
1153,1153,rentmeester van Muiden,['me_311']
1154,1154,rentmeester van Naaldwijk,['me_897']
1155,1155,rentmeester van Naarden,['me_1656']
1156,1156,rentmeester van Neuzen en Axel (Committimus),['me_1049']
1157,1157,rentmeester van Niervaart,['me_741']
1158,1158,rentmeester van Nieuwenburg,['me_215']
1159,1159,rentmeester van Nieuwkoop,['me_887']
1160,1160,rentmeester van Nijenburg,['me_395']
1161,1161,rentmeester van Nisse,['me_705']
1162,1162,rentmeester van Noord-Beveland,['me_1192']
1163,1163,rentmeester van Noordeloos,['me_889']
1164,1164,rentmeester van Noordgouwe,['me_909']
1165,1165,rentmeester van Noordholland,['me_142']
1166,1166,rentmeester van Noordwellant,['me_1772']
1167,1167,rentmeester van Noordwijk,['me_419']
1168,1168,rentmeester van Noordwijkerhout e.o.,['me_1254']
1169,1169,rentmeester van Oost-Borsele,['me_710']
1170,1170,rentmeester van Oost-Zuid Beveland,['me_709']
1171,1171,rentmeester van Oostergo,['me_1571']
1172,1172,rentmeester van Oostvoorne,['me_435']
1173,1173,rentmeester van Oud-Vossemeer,['me_767']
1174,1174,rentmeester van Oude- en Nieuwe Tonge,['me_795']
1175,1175,rentmeester van Pendrecht,['me_1785']
1176,1176,rentmeester van Polanen,['me_1604']
1177,1177,rentmeester van Polanen en de Lek,['me_906']
1178,1178,rentmeester van Polsbroek,['me_902']
1179,1179,rentmeester van Poortugaal,['me_622']
1180,1180,rentmeester van Putten,['me_176']
1181,1181,rentmeester van Putten en Strijen,['me_569']
1182,1182,rentmeester van Reimerswaal,['me_400']
1183,1183,rentmeester van Rhoon,['me_1786']
1184,1184,rentmeester van Rijnland,['me_546']
1185,1185,rentmeester van Rijnsburg (abdij),['me_539']
1186,1186,rentmeester van Rotterdam,['me_352']
1187,1187,rentmeester van Ruigenhil (Willemstad),['me_1565']
1188,1188,rentmeester van Schakerloo,['me_192']
1189,1189,rentmeester van Scherpenisse,['me_908']
1190,1190,rentmeester van Schieland,['me_756']
1191,1191,rentmeester van Schoonhoven,['me_145']
1192,1192,rentmeester van Schoonrewoerd,['me_259']
1193,1193,rentmeester van Schouwen-Duiveland,['me_1054']
1194,1194,rentmeester van Serooskerke,['me_716']
1195,1195,rentmeester van Sliedrecht,['me_1816']
1196,1196,rentmeester van Slingeland,['me_1734']
1197,1197,rentmeester van Sommelsdijk,['me_1055']
1198,1198,rentmeester van Souburg,['me_656']
1199,1199,rentmeester van Spijkenisse,['me_1223']
1200,1200,rentmeester van St-Adolfsland,['me_865']
1201,1201,rentmeester van St.-Annaland,['me_616']
1202,1202,rentmeester van St.-Maartensdijk,['me_432']
1203,1203,rentmeester van St.-Philipsland,['me_712']
1204,1204,rentmeester van Stavenisse,['me_708']
1205,1205,rentmeester van Strijen,['me_177']
1206,1206,rentmeester van Ter Leede,['me_246']
1207,1207,rentmeester van Texel,['me_381']
1208,1208,rentmeester van Texel en Vlieland,['me_1334']
1209,1209,rentmeester van Teylingen,['me_1255']
1210,1210,rentmeester van Tholen,['me_189']
1211,1211,rentmeester van Tholen en Schakerloo,['me_654']
1212,1212,rentmeester van Veere,['me_692']
1213,1213,rentmeester van Vianen,['me_904']
1214,1214,rentmeester van Vlieland,['me_1332']
1215,1215,rentmeester van Vlijmen,['me_1569']
1216,1216,rentmeester van Vlissingen,['me_895']
1217,1217,rentmeester van Voorne,['me_148']
1218,1218,rentmeester van Vossemeer,['me_1295']
1219,1219,rentmeester van Vrouwenpolder,['me_698']
1220,1220,rentmeester van Walcheren,['me_706']
1221,1221,rentmeester van Wassenaar,['me_1148']
1222,1222,rentmeester van Waterland,['me_264']
1223,1223,rentmeester van Weert,['me_1372']
1224,1224,rentmeester van Weesp,['me_1657']
1225,1225,rentmeester van Welzinge,['me_1703']
1226,1226,rentmeester van Westergo,['me_1572']
1227,1227,rentmeester van Westfriesland,['me_150']
1228,1228,rentmeester van Westkapelle,['me_719']
1229,1229,rentmeester van Westland,['me_1349']
1230,1230,rentmeester van Westvoorne,['me_483']
1231,1231,rentmeester van Westzaan,['me_899']
1232,1232,rentmeester van Wieringen,['me_1147']
1233,1233,rentmeester van Wijkerzand,['me_345']
1234,1234,rentmeester van Wildernisse,['me_1348']
1235,1235,rentmeester van Woerden,['me_147']
1236,1236,rentmeester van Woudrichem,['me_893']
1237,1237,rentmeester van Zanddijk,['me_700']
1238,1238,rentmeester van Zandijk en Serooskerke,['me_658']
1239,1239,rentmeester van Zeeland,['me_446']
1240,1240,rentmeester van Zeevang,['me_265']
1241,1241,rentmeester van Zevenbergen,['me_331']
1242,1242,rentmeester van Zonnemaire,['me_910']
1243,1243,rentmeester van Zuidbeveland,['me_657']
1244,1244,rentmeester van Zuidholland,['me_228']
1245,1245,rentmeester van Zwijndrecht,['me_571']
1246,1246,rentmeester van de Geestelijke Goederen te Heusden,['me_1650']
1247,1247,rentmeester van de Geestelijke Goederen te Hoorn,['me_1474']
1248,1248,rentmeester van de Heilige Drievuldigheidshuisjes,['me_1260']
1249,1249,rentmeester van de Hondsbosse zeewering,['me_349']
1250,1250,rentmeester van de Langstraat,['me_1390']
1251,1251,rentmeester van de Leede,['me_751']
1252,1252,rentmeester van de Lek,['me_1205']
1253,1253,rentmeester van de Regulieren van 's-Gravenzande,['me_1398']
1254,1254,rentmeester van de Vroonlanden,['me_348']
1255,1255,rentmeester van de Westwatering,['me_714']
1256,1256,rentmeester van de abdij van Egmond,['me_1131']
1257,1257,rentmeester van de abdij van Kennemerland,['me_1311']
1258,1258,rentmeester van de abdij van Leeuwenhorst,['me_1381']
1259,1259,rentmeester van de bewapening Utrechtse oorlog,['me_140']
1260,1260,rentmeester van de domeinen,['me_1377']
1261,1261,rentmeester van de duinen van Petten,['me_350']
1262,1262,rentmeester van de espargne van Holland,['me_891']
1263,1263,rentmeester van de exploten,['me_1627']
1264,1264,rentmeester van de grafelijke wildernis,['me_1678']
1265,1265,rentmeester van de heerlijkheid Vlissingen,['me_332']
1266,1266,rentmeester van de houtvesterij,['me_1318']
1267,1267,rentmeester van de omslagen,['me_380']
1268,1268,rentmeester van de omslagen van Rijnland,['me_1558']
1269,1269,"rentmeester van de polder ""De Plaat""",['me_1396']
1270,1270,rentmeester van de polders de Oude en Nieuwe Zwake,['me_667']
1271,1271,rentmeester van de vroonlanden buiten Alkmaar,['me_842']
1272,1272,rentmeester van de zeevond,['me_1768']
1273,1273,rentmeester van de zeewering Petten en Hondsbos,['me_1317']
1274,1274,rentmeester van het Haagse Bos,['me_143']
1275,1275,rentmeester van het Land van Altena,['me_292']
1276,1276,rentmeester van het Land van Arckel,['me_242']
1277,1277,rentmeester van het Land van Arkel,['me_255']
1278,1278,rentmeester van het Land van Ijsselstein,['me_901']
1279,1279,rentmeester van het Land van Stein,"['me_146', 'me_1313']"
1280,1280,rentmeester van het Noorderkwartier,['me_747']
1281,1281,rentmeester van het bos van Haarlem,['me_347']
1282,1282,rentmeester van het huis ter Nesse,['me_1452']
1283,1283,rentmeester van het klooster van Sint-Barbara,['me_1386']
1284,1284,rentmeester van s-Gravenpolder,['me_362']
1285,1285,rentmeester-generaal,"['me_27', 'divperioden_12', 'republiek_friezen_12']"
1286,1286,rentmeester-generaal van Beoostenschelde,['me_673']
1287,1287,rentmeester-generaal van Bewestenschelde,['me_672']
1288,1288,rentmeester-generaal van Dordrecht,['me_888']
1289,1289,rentmeester-generaal van Holland,['me_677']
1290,1290,rentmeester-generaal van Kennemerland,['me_720']
1291,1291,rentmeester-generaal van Noordholland,['me_1070']
1292,1292,rentmeester-generaal van Rijnsburg,['me_1190']
1293,1293,rentmeester-generaal van Walcheren,['me_1060']
1294,1294,rentmeester-generaal van Westfriesland,['me_878']
1295,1295,rentmeester-generaal van Zeeland,['me_793']
1296,1296,rentmeester-generaal van Zuidholland,['me_647']
1297,1297,rentmeester-generaal van de Bede in Zeeland,['me_1767']
1298,1298,rentmeester-generaal van de beden,['me_661']
1299,1299,rentmeester-generaal van het Land van Putten,['me_890']
1300,1300,rentmeester-generaal van het Land van Voorne,['me_813']
1301,1301,rentmeester-particulier,['me_1835']
1302,1302,rentmeester-particulier van West-Friesland,['me_1823']
1303,1303,rentmeester-particulier van het Kwartier van Gouda,['me_1574']
1304,1304,representant,['batfra_494']
1305,1305,requestmeester-generaal,['batfra_30']
1306,1306,richter van 's-Grevelduin-Capelle,['me_1736']
1307,1307,richter van Almkerk,['me_1658']
1308,1308,richter van Andel,['me_1655']
1309,1309,richter van Babyloniënbroek,['me_1653']
1310,1310,richter van Besoijen,['me_1829']
1311,1311,richter van De Werken,['me_1651']
1312,1312,richter van Emmikhoven,['me_1636']
1313,1313,richter van Giessen,['me_1828']
1314,1314,richter van Muilkerk-Dussen,['me_1737']
1315,1315,richter van Sleeuwijk,['me_1659']
1316,1316,richter van Waardhuizen,['me_1654']
1317,1317,ruwaard van Holland,['me_267']
1318,1318,ruwaard van Putten,['me_100']
1319,1319,ruwaard van Strijen,['me_119']
1320,1320,ruwaard van Voorne,['me_390']
1321,1321,ruwaard van Zeeland,['me_186']
1322,1322,référendaire de la seconde classe,['batfra_225']
1323,1323,schout,['me_162']
1324,1324,schout Twisk,['me_846']
1325,1325,schout en richter van Sliedrecht,['me_1807']
1326,1326,schout in het ambacht van Hubrecht van de Werve,['me_1576']
1327,1327,schout op de Geer,['me_1179']
1328,1328,schout te Valkenburg,['me_1173']
1329,1329,schout uit de Kaag,['me_1845']
1330,1330,schout van 's-Gravenambacht,['me_1560']
1331,1331,schout van 's-Gravenkoop,['me_1841']
1332,1332,schout van 's-Gravenmoer,['me_1553']
1333,1333,schout van 's-Gravensloot,['me_757']
1334,1334,schout van 's-Gravenzande-ambacht,['me_1021']
1335,1335,schout van 's-Gravezande,['me_165']
1336,1336,schout van 't Vlieland (bij Haarlem),['me_1587']
1337,1337,schout van (Ooster)leek,['me_1162']
1338,1338,schout van (Oud)-Alblas,['me_1085']
1339,1339,schout van Aalburg,['me_1103']
1340,1340,schout van Aalsmeer,['me_952']
1341,1341,schout van Aarlanderveen,"['me_1380', 'me_1556']"
1342,1342,schout van Aartswoud,['me_1161']
1343,1343,schout van Abbekerk,['me_218']
1344,1344,schout van Abdissenrecht (van Rijnsburg),['me_1559']
1345,1345,schout van Achttienhoven,['me_772']
1346,1346,schout van Ackoy,['me_1354']
1347,1347,schout van Adriaan Pieters Ambacht,['me_1066']
1348,1348,schout van Aelbertsberg,['me_930']
1349,1349,schout van Akendam,['me_1194']
1350,1350,schout van Akersloot,['me_731']
1351,1351,schout van Akkersdijk,['me_1177']
1352,1352,schout van Alblasserdam,['me_1086']
1353,1353,schout van Albrandswaard,['me_1041']
1354,1354,schout van Alkemade,['me_638']
1355,1355,schout van Alkmaar,['me_93']
1356,1356,schout van Almersdorp (in Westfriesland),['me_1497']
1357,1357,schout van Almkerk,['me_1369']
1358,1358,schout van Alphen,['me_636']
1359,1359,schout van Alphen aan den Rijn,['me_1663']
1360,1360,schout van Amersgravelant (bij Liesveld),['me_1740']
1361,1361,schout van Amstelveen,['me_1840']
1362,1362,schout van Amsterdam,['me_266']
1363,1363,schout van Andel,['me_1326']
1364,1364,schout van Arkel,['me_1002']
1365,1365,schout van Asperen,['me_1738']
1366,1366,schout van Assendelft,['me_725']
1367,1367,schout van Baardwijk,['me_1272']
1368,1368,schout van Bakkum,['me_1152']
1369,1369,schout van Barsingerhorn,['me_854']
1370,1370,schout van Barwoutswaarder,['me_1447']
1371,1371,schout van Beiersrode,['me_1546']
1372,1372,schout van Beijerland,['me_1492']
1373,1373,schout van Beijersrode,['me_1547']
1374,1374,schout van Benningbroek,['me_845']
1375,1375,schout van Benschop,['me_1351']
1376,1376,schout van Benthoorn,['me_1140']
1377,1377,schout van Benthuizen,['me_1133']
1378,1378,schout van Bergambacht,['me_733']
1379,1379,schout van Bergambacht en Stolwijk,['me_1336']
1380,1380,schout van Bergambacht in het Overeinde,['me_1755']
1381,1381,schout van Bergen,['me_873']
1382,1382,schout van Berkel,['me_1013']
1383,1383,schout van Berkenwoude,['me_1230']
1384,1384,schout van Besoijen,['me_1083']
1385,1385,schout van Beukelsdijk,['me_1010']
1386,1386,schout van Beverwijk,['me_94']
1387,1387,schout van Biert,['me_1401']
1388,1388,schout van Biervliet,['me_1222']
1389,1389,schout van Biezelinge,['me_1466']
1390,1390,schout van Biggekerke,['me_1702']
1391,1391,"schout van Biggekerke, Welzinge, Koudekerke etc.",['me_704']
1392,1392,schout van Binnenwijzend,['me_808']
1393,1393,schout van Bleiswijk,['me_358']
1394,1394,schout van Bleskensgraaf,['me_1087']
1395,1395,schout van Bloemendaal (ZH),['me_1340']
1396,1396,schout van Blokker,['me_1600']
1397,1397,schout van Bodegraven,['me_163']
1398,1398,schout van Boekelsdijk,['me_1262']
1399,1399,schout van Boekhorst (Friesland),['me_1717']
1400,1400,schout van Bonrepas,['me_852']
1401,1401,schout van Boskoop,['me_877']
1402,1402,schout van Bovenkarspel,['me_489']
1403,1403,schout van Brandwijk,['me_1098']
1404,1404,schout van Breeveld,['me_1483']
1405,1405,schout van Brielle,['me_727']
1406,1406,schout van Broek (in het land van Strijen),['me_1220']
1407,1407,schout van Broek (onder Heusden),['me_994']
1408,1408,schout van Broek (op Langedijk),['me_925']
1409,1409,schout van Broek in Waterland,['me_1151']
1410,1410,schout van Buttinge,['me_681']
1411,1411,schout van Cabau,['me_1504']
1412,1412,schout van Cabau en Lopik,['me_1338']
1413,1413,schout van Calslagen,['me_1418']
1414,1414,schout van Capelle (N.B.),['me_1733']
1415,1415,schout van Capelle aan den IJssel,['me_1732']
1416,1416,schout van Capelle aan den Ijssel,['me_1011']
1417,1417,schout van Carnisse,['me_1289']
1418,1418,schout van Castricum,['me_871']
1419,1419,schout van Charloisse,['me_1076']
1420,1420,schout van Cromstrijen,['me_1068']
1421,1421,schout van De Indijk (bij Woerden),['me_1739']
1422,1422,schout van De Lier,['me_463']
1423,1423,schout van De Werken,['me_1660']
1424,1424,schout van De Wouden,['me_1672']
1425,1425,schout van Delfshaven,['me_1516']
1426,1426,schout van Delft,['me_95']
1427,1427,schout van Den Haag,['me_160']
1428,1428,schout van Diemen,['me_960']
1429,1429,schout van Dijkshoek (N-Beveland),['me_1798']
1430,1430,schout van Dirksland,['me_876']
1431,1431,schout van Does,['me_1533']
1432,1432,schout van Doeveren,['me_998']
1433,1433,schout van Dongen,['me_1045']
1434,1434,schout van Dordrecht,['me_321']
1435,1435,schout van Dorp,['me_1174']
1436,1436,schout van Drimmelen,['me_1548']
1437,1437,schout van Drongelen,['me_1000']
1438,1438,schout van Edam,['me_831']
1439,1439,schout van Eenigenburg,['me_884']
1440,1440,schout van Eethen,['me_992']
1441,1441,schout van Egmond,['me_1113']
1442,1442,schout van Egmond aan Zee,['me_454']
1443,1443,schout van Emminkhoven,['me_1649']
1444,1444,schout van Engelen,['me_995']
1445,1445,schout van Enkhuizen,['me_431']
1446,1446,schout van Esselijkerwoude,['me_1036']
1447,1447,schout van Etersheim,['me_968']
1448,1448,schout van Gapinge,['me_1752']
1449,1449,schout van Geertruidenberg,['me_495']
1450,1450,schout van Geervliet,['me_619']
1451,1451,"schout van Gelkenes (bij Liesvelt, ZH)",['me_1584']
1452,1452,schout van Genderen,['me_1001']
1453,1453,schout van Giessen,['me_1370']
1454,1454,schout van Giessen-Nieuwkerk,['me_1096']
1455,1455,schout van Giessen-Oudekerk,['me_1090']
1456,1456,schout van Giessendam,['me_1089']
1457,1457,schout van Gijbeland,['me_1097']
1458,1458,schout van Goes,['me_643']
1459,1459,schout van Gorinchem,['me_442']
1460,1460,schout van Gouda,['me_220']
1461,1461,schout van Gouderak,['me_989']
1462,1462,schout van Gouderak en Beijersrode,['me_1337']
1463,1463,schout van Goudriaan,['me_1077']
1464,1464,schout van Graft,['me_1431']
1465,1465,schout van Grijsoord,['me_1117']
1466,1466,schout van Groeneveld (bij Delft),['me_1589']
1467,1467,schout van Groensvoort,['me_1449']
1468,1468,schout van Groenswaarde (bij Waddinxveen),['me_1410']
1469,1469,schout van Groet,['me_864']
1470,1470,schout van Groote Lindt,['me_1285']
1471,1471,schout van Grootebroek,['me_161']
1472,1472,schout van Haagambacht,['me_1019']
1473,1473,schout van Haarlem,['me_406']
1474,1474,schout van Haarlemmerliede,"['me_945', 'me_1234']"
1475,1475,schout van Haastrecht,['me_990']
1476,1476,schout van Hardinxveld,['me_1095']
1477,1477,schout van Harenkarspel,['me_858']
1478,1478,schout van Haringhuizen,['me_1156']
1479,1479,schout van Hazerswoude,['me_629']
1480,1480,schout van Hedikhuizen,['me_769']
1481,1481,schout van Heemskerk,['me_1210']
1482,1482,schout van Heemstede,['me_894']
1483,1483,schout van Heenvliet,['me_1796']
1484,1484,schout van Heer Jacobswoude,['me_1251']
1485,1485,schout van Heer Oudelands Ambacht,['me_1280']
1486,1486,schout van Heeraartsberg,['me_1790']
1487,1487,schout van Heerjansdam,['me_1281']
1488,1488,schout van Heesbeen,['me_999']
1489,1489,schout van Heicop,['me_1751']
1490,1490,schout van Heiloo,['me_729']
1491,1491,schout van Heinenoord,['me_1277']
1492,1492,schout van Hekelingen,['me_1218']
1493,1493,schout van Hekendorp,['me_1244']
1494,1494,schout van Hem,['me_797']
1495,1495,schout van Hendrik Ido Ambacht,['me_1284']
1496,1496,schout van Hensbroek,['me_1592']
1497,1497,schout van Hensbroek en Opdam,['me_1164']
1498,1498,schout van Herkingen,['me_1800']
1499,1499,schout van Herpt,['me_997']
1500,1500,schout van Het Oosterland,['me_1616']
1501,1501,schout van Heukelum,['me_1291']
1502,1502,schout van Heusden,['me_613']
1503,1503,schout van Hill (bij Aalburg),['me_1607']
1504,1504,schout van Hillegersberg,['me_548']
1505,1505,schout van Hillegom,['me_982']
1506,1506,schout van Hilversum,['me_1243']
1507,1507,schout van Hodenpijl,['me_1144']
1508,1508,schout van Hoedekenskerke,['me_1074']
1509,1509,schout van Hof van Delft,['me_224']
1510,1510,schout van Hofambacht,['me_1235']
1511,1511,schout van Hofwegen,['me_1094']
1512,1512,schout van Hoge Zwaluwe,['me_1552']
1513,1513,schout van Hogeland,['me_1701']
1514,1514,schout van Hogenban,['me_1214']
1515,1515,schout van Hogeveen,['me_978']
1516,1516,schout van Honderdland,['me_1246']
1517,1517,schout van Hoog- en Woud-Harnasch,['me_912']
1518,1518,schout van Hoogblokland,['me_1108']
1519,1519,schout van Hooge Zwaluwe,['me_1081']
1520,1520,schout van Hoogkarspel,['me_1715']
1521,1521,schout van Hoogkarspel en Lutjebroek,['me_1435']
1522,1522,schout van Hoogmade,['me_1167']
1523,1523,schout van Hoogvliet,['me_738']
1524,1524,schout van Hoogwoud,['me_856']
1525,1525,schout van Hoogwoude,['me_849']
1526,1526,schout van Hoorn,['me_230']
1527,1527,schout van Hoornaar,['me_1005']
1528,1528,schout van Horendijk,['me_1416']
1529,1529,schout van Houtrijk,['me_1203']
1530,1530,schout van Hubrechtsrecht onder Waddinxveen,['me_1667']
1531,1531,schout van Huisduinen,['me_1595']
1532,1532,schout van Huiswaard,['me_1160']
1533,1533,schout van Huizen,['me_1242']
1534,1534,schout van IJsselmonde,['me_1697']
1535,1535,schout van IJsselstein,['me_1696']
1536,1536,schout van Ijsselmonde,['me_1040']
1537,1537,schout van Ijsselstein,['me_728']
1538,1538,schout van Indijk (onder Woerden),['me_988']
1539,1539,schout van Jaarsveld,['me_1111']
1540,1540,schout van Jisp,['me_933']
1541,1541,schout van Kapelle a/d IJssel,['me_1691']
1542,1542,schout van Kapelle a/d Ijssel,['me_1358']
1543,1543,schout van Katwijk,['me_458']
1544,1544,schout van Katwijk aan Zee,['me_1249']
1545,1545,schout van Katwijk en Valkenburg,['me_1837']
1546,1546,schout van Katwoude,['me_792']
1547,1547,schout van Kedichem,['me_1003']
1548,1548,schout van Kethel,['me_1015']
1549,1549,schout van Kijfhoek,['me_1282']
1550,1550,schout van Klaaswaal,['me_1069']
1551,1551,schout van Klein Oosterland,['me_1620']
1552,1552,schout van Kleverskerke,['me_695']
1553,1553,schout van Koedijk,['me_1159']
1554,1554,schout van Korendijk,['me_357']
1555,1555,schout van Kort-ambacht,['me_1225']
1556,1556,schout van Kortenhoef,['me_1631']
1557,1557,schout van Korteraar,['me_1420']
1558,1558,schout van Koudekerk,['me_1188']
1559,1559,schout van Koudekerk aan den Rijn,['me_1250']
1560,1560,schout van Koudekerke (Walcheren),['me_1392']
1561,1561,schout van Kralingen,['me_737']
1562,1562,schout van Krimpen aan de Lek,['me_1274']
1563,1563,schout van Krommenie,['me_950']
1564,1564,schout van Kruiningen,['me_1302']
1565,1565,schout van Kudelstaart,['me_464']
1566,1566,schout van Kwadijk (de helft),['me_959']
1567,1567,schout van Lage Zwaluwe,['me_1082']
1568,1568,schout van Lambertschaag,['me_847']
1569,1569,schout van Lange Linschoten,['me_869']
1570,1570,schout van Lange Ruigeweide,['me_941']
1571,1571,schout van Langedijk (N.H.),['me_926']
1572,1572,schout van Langeraar,['me_1419']
1573,1573,schout van Langerak,['me_1729']
1574,1574,schout van Langeveld,['me_1135']
1575,1575,schout van Leerbroek,['me_1107']
1576,1576,schout van Leerdam,['me_1741']
1577,1577,schout van Leiden,['me_327']
1578,1578,schout van Leiderdorp,['me_1185']
1579,1579,schout van Leimuiden,['me_465']
1580,1580,schout van Lekkerkerk,['me_791']
1581,1581,schout van Liesvelt,['me_991']
1582,1582,schout van Limmen,['me_730']
1583,1583,schout van Linschoten,['me_765']
1584,1584,schout van Lisse,['me_422']
1585,1585,schout van Loenen,"['me_1240', 'me_1763']"
1586,1586,schout van Loosdrecht,['me_964']
1587,1587,schout van Lopik,['me_1505']
1588,1588,schout van Lutjebroek,['me_1714']
1589,1589,schout van Maasdam,['me_1278']
1590,1590,schout van Maasland,['me_316']
1591,1591,schout van Made,['me_1079']
1592,1592,schout van Marendorp,['me_1809']
1593,1593,schout van Marken,['me_1150']
1594,1594,schout van Markerhoofd,['me_591']
1595,1595,schout van Matenesse,['me_1037']
1596,1596,schout van Medemblik,['me_529']
1597,1597,schout van Meerkerk,['me_626']
1598,1598,schout van Meeuwen,['me_993']
1599,1599,schout van Meije,['me_976']
1600,1600,schout van Melissant,['me_777']
1601,1601,schout van Middelburg (Boskoop),['me_1422']
1602,1602,schout van Middelharnas,['me_1414']
1603,1603,schout van Middelie,['me_958']
1604,1604,schout van Middelkoop,['me_1106']
1605,1605,schout van Mijnden,['me_1241']
1606,1606,schout van Mijnsheerenland,['me_1279']
1607,1607,schout van Moerkerken,['me_1744']
1608,1608,schout van Molenaarsgraaf,['me_1088']
1609,1609,schout van Monnickendam,['me_443']
1610,1610,schout van Monster,['me_154']
1611,1611,schout van Monster (ZH),['me_986']
1612,1612,schout van Moordrecht,['me_1008']
1613,1613,schout van Muiden,['me_415']
1614,1614,schout van Muiderberg,['me_965']
1615,1615,schout van Naaldwijk,['me_635']
1616,1616,schout van Naarden,['me_414']
1617,1617,schout van Neck,['me_1743']
1618,1618,schout van Niedorp,['me_392']
1619,1619,schout van Niedorpercogge,['me_319']
1620,1620,schout van Niervaart,['me_740']
1621,1621,schout van Nieuw-Lekkerland,['me_1092']
1622,1622,schout van Nieuw-Matenesse,['me_1403']
1623,1623,schout van Nieuwe Niedorp,['me_1155']
1624,1624,schout van Nieuwenbroek,['me_980']
1625,1625,schout van Nieuwenhoorn,['me_1024']
1626,1626,schout van Nieuwenlande (N-Holl.),['me_1335']
1627,1627,schout van Nieuweoord (Goeree),['me_1124']
1628,1628,schout van Nieuwer-Amstel (Amstelveen),['me_1200']
1629,1629,schout van Nieuwerkerk,['me_679']
1630,1630,schout van Nieuwerkerk (Haarlemmermeer),['me_1236']
1631,1631,schout van Nieuwerkerk aan den Ijssel,['me_1007']
1632,1632,schout van Nieuwkoop,['me_1252']
1633,1633,schout van Nieuwland (Land van Arkel),['me_1146']
1634,1634,schout van Nieuwland (Voorne-Putten),['me_1615']
1635,1635,schout van Nieuwland (in Schieland),['me_1006']
1636,1636,schout van Nieuwpoort,['me_758']
1637,1637,schout van Nieuwveen,['me_1138']
1638,1638,schout van Noord-Polsbroek,['me_1813']
1639,1639,schout van Noord-Scharwoude,['me_927']
1640,1640,schout van Noordeinde (van Schermer),['me_1157']
1641,1641,schout van Noordeloos,['me_850']
1642,1642,schout van Noorden,['me_972']
1643,1643,schout van Noordergors (Goeree),['me_1125']
1644,1644,schout van Noordgouwe,['me_721']
1645,1645,schout van Noordschemer,['me_861']
1646,1646,schout van Noordwijk,['me_171']
1647,1647,schout van Noordwijk aan Zee,['me_1137']
1648,1648,schout van Noordwijkerhout,['me_724']
1649,1649,schout van Nootdorp,['me_1213']
1650,1650,schout van Obdam,['me_1608']
1651,1651,schout van Oegstgeest,['me_397']
1652,1652,schout van Oesdom (bij Heiloo),['me_1585']
1653,1653,schout van Offem,['me_1408']
1654,1654,schout van Oost-IJsselmonde,['me_1692']
1655,1655,schout van Oost-Ijsselmonde,['me_1286']
1656,1656,schout van Oostdijk (polder op Goeree),['me_1122']
1657,1657,schout van Oosterblokker,['me_806']
1658,1658,schout van Oosterwijk,['me_1004']
1659,1659,schout van Oosthuizen,['me_967']
1660,1660,schout van Oostkapelle,['me_687']
1661,1661,schout van Oostland,['me_1812']
1662,1662,schout van Oostvoorne,['me_1619']
1663,1663,schout van Oostwoud,['me_1534']
1664,1664,schout van Oostzaan,['me_1237']
1665,1665,schout van Oostzanen,['me_405']
1666,1666,schout van Opdam,['me_1591']
1667,1667,schout van Opmeer,['me_844']
1668,1668,schout van Osdorp,['me_947']
1669,1669,schout van Oterleek,['me_1599']
1670,1670,schout van Ottoland,['me_1078']
1671,1671,schout van Oud Aartswoud,['me_857']
1672,1672,schout van Oud-Beijerland,['me_789']
1673,1673,schout van Oud-Matenesse,['me_1517']
1674,1674,schout van Oud-Reeuwijk,['me_1109']
1675,1675,schout van Ouddorp,['me_1121']
1676,1676,schout van Oude Hellevoet,['me_1617']
1677,1677,schout van Oude Niedorp,['me_1154']
1678,1678,schout van Oude- en Nieuwe Niedorp,['me_1163']
1679,1679,schout van Oudeland (Goeree),['me_1123']
1680,1680,schout van Oudenhoorn,['me_1613']
1681,1681,schout van Oudenvliet,['me_335']
1682,1682,schout van Ouderkerk aan de Amstel,['me_956']
1683,1683,schout van Ouderkerk aan de Ijssel,['me_1275']
1684,1684,schout van Oudewater,['me_977']
1685,1685,schout van Oudheusden,['me_642']
1686,1686,schout van Oudkarspel,['me_726']
1687,1687,schout van Oudorp,"['me_587', 'me_1158']"
1688,1688,schout van Oudshoorn,['me_637']
1689,1689,schout van Ouwerkerk,['me_1032']
1690,1690,schout van Overdrage,['me_1168']
1691,1691,schout van Overschie,['me_1009']
1692,1692,schout van Overveen,['me_1586']
1693,1693,schout van Pendrecht,['me_736']
1694,1694,schout van Pernis,['me_336']
1695,1695,schout van Persijn,['me_790']
1696,1696,schout van Petten,['me_745']
1697,1697,schout van Piershil,['me_1026']
1698,1698,schout van Pijnacker,['me_1180']
1699,1699,schout van Pijnakker,['me_1014']
1700,1700,schout van Poelluijnen onder Waddinxveen,['me_1665']
1701,1701,schout van Polanen,['me_739']
1702,1702,schout van Polder,['me_1441']
1703,1703,schout van Polien bij Waddinxveen,['me_1668']
1704,1704,schout van Polsbroek,['me_1114']
1705,1705,schout van Poortugaal,['me_337']
1706,1706,schout van Poortvliet,['me_668']
1707,1707,schout van Purmer,['me_1193']
1708,1708,schout van Purmerend,['me_1742']
1709,1709,schout van Purmerland,['me_783']
1710,1710,schout van Putten,['me_209']
1711,1711,schout van Puttershoek,['me_1276']
1712,1712,schout van Raamsdonk,['me_1549']
1713,1713,schout van Ransdorp,['me_953']
1714,1714,schout van Ravensberg,['me_981']
1715,1715,schout van Reeuwijk,['me_1141']
1716,1716,schout van Reimerswaal,['me_688']
1717,1717,schout van Renesse,['me_717']
1718,1718,schout van Rhoon,['me_734']
1719,1719,schout van Ridderkerk,['me_1067']
1720,1720,schout van Rietveld,['me_1201']
1721,1721,schout van Rietwijk (bij Zwammerdam),['me_974']
1722,1722,schout van Rietwijk alias Rijk,['me_929']
1723,1723,schout van Rijnsaterwoude,['me_467']
1724,1724,schout van Rijnsburg,['me_152']
1725,1725,schout van Rijswaard,['me_1509']
1726,1726,schout van Rijswijk,['me_450']
1727,1727,schout van Rijswijk (in het Land van Altena),['me_771']
1728,1728,schout van Rotterban,"['me_1820', 'me_1821']"
1729,1729,schout van Rotterdam,['me_518']
1730,1730,schout van Rugge,['me_1618']
1731,1731,schout van Ruiven,['me_1018']
1732,1732,schout van Sassenheim,['me_460']
1733,1733,schout van Schagen,['me_855']
1734,1734,schout van Schakerloo,['me_1688']
1735,1735,schout van Schalkwijk (bij Haarlem),['me_1582']
1736,1736,schout van Schellingwoude,['me_955']
1737,1737,schout van Schellinkhout,['me_426']
1738,1738,schout van Schelluinen,['me_1145']
1739,1739,schout van Scherpenisse,['me_690']
1740,1740,schout van Scheveningen,['me_153']
1741,1741,schout van Schiebroek,['me_1562']
1742,1742,schout van Schiedam,['me_538']
1743,1743,schout van Schieland,['me_573']
1744,1744,schout van Schipluiden,['me_1143']
1745,1745,schout van Schobbeland Ambacht,['me_1283']
1746,1746,schout van Schoonderloo,['me_1039']
1747,1747,schout van Schoonhoven,['me_227']
1748,1748,schout van Schoorl,['me_526']
1749,1749,schout van Schoot,['me_1669']
1750,1750,schout van Schoten,['me_868']
1751,1751,schout van Schoterbosch,['me_1233']
1752,1752,schout van Schotervlieland,['me_1198']
1753,1753,schout van Schoudee,['me_1169']
1754,1754,schout van Serooskerke,['me_540']
1755,1755,schout van Sijbekarspel,['me_212']
1756,1756,schout van Simonshaven,['me_1217']
1757,1757,schout van Sint Aachtenrecht,['me_1590']
1758,1758,schout van Sint Adolfsland,['me_1794']
1759,1759,schout van Sint Maarten,['me_885']
1760,1760,schout van Sint-Maartensnieuwland,['me_1231']
1761,1761,schout van Sliedrecht,['me_1084']
1762,1762,schout van Slingeland,['me_1735']
1763,1763,schout van Sloten,['me_948']
1764,1764,schout van Sluipwijk,"['me_979', 'me_1207']"
1765,1765,schout van Snelrewaard,['me_870']
1766,1766,schout van Snijdelwijk bij Boskoop,['me_1666']
1767,1767,schout van Spaarndam,['me_522']
1768,1768,schout van Spaarneland,['me_1541']
1769,1769,schout van Spaarneland en Spaarndam,['me_329']
1770,1770,schout van Spaarnwoude,['me_946']
1771,1771,schout van Spanbroek,['me_822']
1772,1772,schout van Spijkenisse,['me_1219']
1773,1773,schout van Sprang,['me_1064']
1774,1774,schout van St-Adolfsland,['me_866']
1775,1775,schout van Stolwijk,['me_427']
1776,1776,schout van Stompwijk,['me_630']
1777,1777,schout van Stormpolder (in Ouderkerk a.d. IJssel),['me_1564']
1778,1778,schout van Streefkerk,['me_1091']
1779,1779,schout van Strienemonde,['me_531']
1780,1780,schout van Strijen,['me_322']
1781,1781,schout van Stuivezand,['me_1080']
1782,1782,schout van Teckop,['me_966']
1783,1783,schout van Teilingen,['me_969']
1784,1784,schout van Tempel,['me_1142']
1785,1785,schout van Ter Aar,['me_1676']
1786,1786,schout van Ter Heijde,['me_987']
1787,1787,schout van Ter Leede,['me_1110']
1788,1788,schout van Terheijden,['me_1551']
1789,1789,schout van Terschelling,['me_1817']
1790,1790,schout van Tetterode,['me_931']
1791,1791,schout van Texel,['me_170']
1792,1792,schout van Tholen,['me_1687']
1793,1793,schout van Tholen en Schakerloo,['me_1294']
1794,1794,schout van Twisk,['me_1490']
1795,1795,schout van Uiterbuurt,['me_1139']
1796,1796,schout van Uitgeest,['me_882']
1797,1797,schout van Uithoorn,['me_1486']
1798,1798,schout van Upmeer,['me_1268']
1799,1799,schout van Ursem,['me_1436']
1800,1800,schout van Valkenburg,"['me_457', 'me_1248']"
1801,1801,schout van Valkenburg en Katwijk,['me_1834']
1802,1802,schout van Valkkoog,['me_886']
1803,1803,schout van Veen,['me_996']
1804,1804,schout van Veenhuizen,"['me_800', 'me_803']"
1805,1805,schout van Veere,['me_1051']
1806,1806,schout van Velsen,['me_420']
1807,1807,schout van Venhuizen,['me_804']
1808,1808,schout van Vennep,['me_1423']
1809,1809,schout van Vlaardingen,['me_477']
1810,1810,schout van Vlaardingerambacht,['me_1016']
1811,1811,schout van Vlieland,['me_339']
1812,1812,schout van Vlijmen,['me_770']
1813,1813,schout van Vlist,['me_851']
1814,1814,schout van Voorburg,['me_168']
1815,1815,schout van Voorhout,['me_607']
1816,1816,schout van Voorne,['me_1258']
1817,1817,schout van Voorschoten,['me_639']
1818,1818,schout van Vossemeer,['me_1442']
1819,1819,schout van Vriezekoop,['me_466']
1820,1820,schout van Vrijenban,['me_225']
1821,1821,schout van Vrijhoeve (bij Nieuwkoop),['me_1833']
1822,1822,schout van Vrijhoeve-Capelle,['me_1065']
1823,1823,schout van Vroon,['me_1127']
1824,1824,schout van Waarder,['me_1421']
1825,1825,schout van Waardhuizen,['me_1371']
1826,1826,schout van Waddinxveen,['me_471']
1827,1827,schout van Warder,['me_957']
1828,1828,schout van Warmenhuizen,['me_860']
1829,1829,schout van Warmond,['me_151']
1830,1830,schout van Waspik,['me_1550']
1831,1831,schout van Wassenaar,['me_164']
1832,1832,schout van Wateringen,['me_788']
1833,1833,schout van Weede,['me_1221']
1834,1834,schout van Weesp,['me_416']
1835,1835,schout van Weesperkarspel,['me_962']
1836,1836,schout van Weipoort,['me_1253']
1837,1837,schout van Welsingen,['me_1699']
1838,1838,schout van Welzinge,['me_1700']
1839,1839,schout van Wemeldinge,['me_92']
1840,1840,schout van Werkendam,['me_1489']
1841,1841,schout van West-Barendrecht,['me_1288']
1842,1842,schout van West-IJsselmonde,['me_1760']
1843,1843,schout van West-Ijsselmonde,['me_1287']
1844,1844,schout van West-Souburg,['me_1296']
1845,1845,schout van Westenrijk,['me_1415']
1846,1846,schout van Westerblokker,['me_807']
1847,1847,schout van Westvoorne,['me_387']
1848,1848,schout van Westwoud,['me_223']
1849,1849,schout van Westzaan,['me_951']
1850,1850,schout van Wieringen,['me_239']
1851,1851,schout van Wijdenes,['me_219']
1852,1852,schout van Wijk (Land van Heusden),['me_1105']
1853,1853,schout van Wijk aan Zee,['me_424']
1854,1854,schout van Wijk aan duinen,['me_943']
1855,1855,schout van Wijk en Noordwijk,['me_1341']
1856,1856,schout van Wijngaarden,['me_1093']
1857,1857,schout van Wildeveen (onder Hazerswoude),['me_1671']
1858,1858,schout van Willemstad,['me_1563']
1859,1859,schout van Wilsveen,['me_1838']
1860,1860,schout van Wimmenum,['me_883']
1861,1861,schout van Winkel,['me_853']
1862,1862,schout van Woerden,['me_448']
1863,1863,schout van Wognum,['me_1609']
1864,1864,schout van Wormer,['me_934']
1865,1865,schout van Woubrugge,['me_1448']
1866,1866,schout van Woud-Harnasch,['me_1588']
1867,1867,schout van Woudrichem,['me_641']
1868,1868,schout van Zaandam,['me_935']
1869,1869,schout van Zandvoort,['me_932']
1870,1870,schout van Zeevang,['me_833']
1871,1871,schout van Zegveld,['me_872']
1872,1872,schout van Zegwaard,['me_973']
1873,1873,schout van Zevenbergen,['me_1555']
1874,1874,schout van Zevender,['me_1745']
1875,1875,schout van Zevenhoven,['me_971']
1876,1876,schout van Zevenhuizen,['me_625']
1877,1877,schout van Zierikzee,['me_486']
1878,1878,schout van Zijdwinde,['me_1224']
1879,1879,schout van Zoetermeer,['me_353']
1880,1880,schout van Zoeterwoude,['me_159']
1881,1881,schout van Zouteveen,['me_774']
1882,1882,schout van Zuid-Linschoten,['me_1727']
1883,1883,schout van Zuid-Scharwoude,['me_928']
1884,1884,schout van Zuiderwoude,['me_954']
1885,1885,schout van Zuidland,['me_1216']
1886,1886,schout van Zuidwijk,['me_1424']
1887,1887,schout van Zuidwijk (bij Wassenaar),['me_1247']
1888,1888,schout van Zuidwijk (onder Boskoop),['me_1184']
1889,1889,schout van Zunderdorp,['me_1197']
1890,1890,schout van Zuydijck,['me_167']
1891,1891,schout van Zwammerdam,['me_975']
1892,1892,schout van Zwartewaal,['me_1614']
1893,1893,schout van beide Katwijken,['me_1186']
1894,1894,schout van de Haaiman,['me_1716']
1895,1895,schout van de Hofvenne,['me_1189']
1896,1896,schout van de Hoge Vierschaar,['me_383']
1897,1897,schout van de Hoge Vierschaar in Zeeland,['me_1597']
1898,1898,schout van de Hogewoning in Vlaardingerambacht,['me_1515']
1899,1899,schout van de Schermer,['me_1199']
1900,1900,schout van de Vier Noorder Koggen,['me_1462']
1901,1901,schout van de Vierschaar Bewesterschelde,['me_662']
1902,1902,schout van de Vrije Ambachten,['me_1196']
1903,1903,schout van de drie dorpen van Langedijk,['me_859']
1904,1904,schout van de grafelijkheid van Zeeland,['me_838']
1905,1905,schout van de heer van Arenberg,['me_1765']
1906,1906,schout van de heerlijkheid Altena,['me_1072']
1907,1907,schout van de huislieden van Heemskerk,['me_938']
1908,1908,schout van de welgeborenen van Heemskerk,['me_937']
1909,1909,schout van de welgeborenen van Velsen,['me_936']
1910,1910,schout van het Hof van Delft,['me_1265']
1911,1911,schout van het Land van IJsselstein,['me_1746']
1912,1912,schout van het Land van Stein,['me_1789']
1913,1913,schout van het Land van Stein en Papekop,['me_1339']
1914,1914,schout van het Nieuweland van Sint Maarten,['me_1153']
1915,1915,schout van het Uiteinde en het Zuiden (Enkhuizen),['me_576']
1916,1916,schout van het Uiteinde en van de Zuidzijde,['me_575']
1917,1917,schout van het ambacht Oost-Ijsselmonde,['me_763']
1918,1918,schout van het ambacht tsAps,['me_1228']
1919,1919,schout van huislieden van Velsen,['me_1239']
1920,1920,schout van welgeborenen van Velsen,['me_1238']
1921,1921,schoutinne van Vlaardingen,['me_787']
1922,1922,secretaris,"['batfra_303', 'negentiende_eeuw_6', 'me_11', 'divperioden_6', 'republiek_21', 'republiek_friezen_6']"
1923,1923,secretaris (extraordinaris),['me_563']
1924,1924,secretaris (onbezoldigd),['me_158']
1925,1925,secretaris ad interim der Financie,['batfra_545']
1926,1926,secretaris commissie Binnenlandse Correspondentie,['batfra_709']
1927,1927,secretaris commissie Buitenlandse Zaken,['batfra_702']
1928,1928,secretaris departement van de jacht,['batfra_715']
1929,1929,secretaris der cijfers,['negentiende_eeuw_60']
1930,1930,secretaris der wetenschappen en kunsten,['batfra_502']
1931,1931,secretaris en lid van het Comité Centraal van Marine en Waterstaat,['batfra_482']
1932,1932,secretaris onder orders van de Provisionele raad van Regentschap,['batfra_426']
1933,1933,secretaris politieke correspondentie (secrétaire des commandements),['batfra_360']
1934,1934,secretaris sectie Staatsraad,['batfra_27']
1935,1935,secretaris van Jacoba van Beieren,['me_238']
1936,1936,secretaris van Staat,['batfra_361']
1937,1937,secretaris van de Staten van Zeeland,['me_1480']
1938,1938,secretaris van de cijfers van de Staat,['batfra_591']
1939,1939,secretaris van de commissie van superintendentie tot de zaken van de verpondingen,['batfra_518']
1940,1940,secretaris van de eerste Kamer,['batfra_587']
1941,1941,secretaris van hertog Filips van Boergondië,['me_1567']
1942,1942,secretaris van het Hof van Holland,['me_1529']
1943,1943,secretaris van het commandement van het Gouvernement van Holland,['batfra_530']
1944,1944,secretaris van het departement,['batfra_500']
1945,1945,secretaris van staat,['negentiende_eeuw_12']
1946,1946,secretaris-adviseur,['negentiende_eeuw_61']
1947,1947,secretaris-archivist,['batfra_427']
1948,1948,secretaris-generaal,"['batfra_387', 'negentiende_eeuw_55']"
1949,1949,secretaris-generaal in Oost-Friesland,['batfra_650']
1950,1950,secretaris-generaal van de algemene directie van de Waterstaat,['batfra_532']
1951,1951,secretaris-generaal van het Kohier van de Verponding,['batfra_519']
1952,1952,secrétaire,['batfra_111']
1953,1953,secrétaire Conseil Général,['batfra_714']
1954,1954,secrétaire du Cabinet de l' Empereur,['batfra_522']
1955,1955,secrétaire-géneral,['batfra_164']
1956,1956,secrétaire-général de la préfecture,['batfra_515']
1957,1957,sous-chef,['batfra_559']
1958,1958,sous-chef division du Nord,['batfra_168']
1959,1959,sous-inspecteur de première classe de la Marine à Rotterdam,['batfra_190']
1960,1960,sous-inspecteur de seconde classe de la Marine à Amsterdam,['batfra_191']
1961,1961,sous-préfet,['batfra_275']
1962,1962,stadhouder,['me_39']
1963,1963,stadhouder lenen,['me_72']
1964,1964,stadhouder lenen van stad en Land van IJsselstein,['me_1781']
1965,1965,stadhouder over Voorne,['me_1832']
1966,1966,stadhouder rentmeester Bewestenschelde,['me_1766']
1967,1967,stadhouder van Holland,['me_545']
1968,1968,stadhouder van Noordholland,['me_497']
1969,1969,stadhouder van Zeeland,['me_482']
1970,1970,stadhouder van de Grote Waard,['me_1375']
1971,1971,stadhouder van de baljuw,['me_532']
1972,1972,stadhouder van de baljuw van Beverwijk,['me_1783']
1973,1973,stadhouder van de drossaard,['me_631']
1974,1974,stadhouder van de drossaard van Gorinchem,['me_1778']
1975,1975,stadhouder van de lenen van het Land van Altena,['me_1690']
1976,1976,stadhouder van de opperdijkgraaf,['me_676']
1977,1977,stadhouder van de rentmeester,['me_421']
1978,1978,stadhouder van de rentmeester-generaal,['me_1299']
1979,1979,stadhouder van de schout van De Lier,['me_1245']
1980,1980,stadhouder van de schout van Oost-Barendrecht,['me_1290']
1981,1981,stadhouder van de schout van Oud-Alblas,['me_1101']
1982,1982,stadhouder van de schout van Overschie,['me_1102']
1983,1983,stadhouder-generaal,['me_547']
1984,1984,sub-Agent,['batfra_570']
1985,1985,sub-griffier,['batfra_617']
1986,1986,subsituut-schout van Gouda,['me_222']
1987,1987,substituut - schout van Leerdam,['me_880']
1988,1988,substituut charter- en registerbewaarder,['me_391']
1989,1989,substituut ontvanger-generaal,['me_1429']
1990,1990,substituut secretaris,['republiek_74']
1991,1991,substituut-advocaat-fiscaal,['negentiende_eeuw_47']
1992,1992,substituut-baljuw van Arnemuiden,['me_1498']
1993,1993,substituut-baljuw van Brielle,['me_1510']
1994,1994,substituut-baljuw van Den Haag,['me_1208']
1995,1995,substituut-baljuw van Gooiland,['me_1634']
1996,1996,substituut-baljuw van Gouda,['me_1544']
1997,1997,substituut-baljuw van Heenvliet,['me_1621']
1998,1998,substituut-baljuw van Middelburg,['me_665']
1999,1999,substituut-baljuw van Muiden,['me_1633']
2000,2000,substituut-baljuw van Noordwijk,['me_1183']
2001,2001,substituut-baljuw van Noordwijkerhout,['me_1405']
2002,2002,substituut-baljuw van Oud-Vossemeer,['me_1443']
2003,2003,substituut-baljuw van Poortvliet,['me_670']
2004,2004,substituut-baljuw van Putten,['me_208']
2005,2005,substituut-baljuw van Rijnland,['me_1819']
2006,2006,substituut-baljuw van Rotterdam,['me_1581']
2007,2007,substituut-baljuw van Schiedam,['me_1512']
2008,2008,substituut-baljuw van Strijen,['me_1803']
2009,2009,substituut-baljuw van Vlaardingen,['me_1531']
2010,2010,substituut-baljuw van Woerden,['me_809']
2011,2011,substituut-baljuw van Zuidholland,['me_596']
2012,2012,substituut-dijkgraaf,['me_1476']
2013,2013,substituut-dijkgraaf van Delfland,['me_1446']
2014,2014,substituut-dijkgraaf van IJsselmonde,['me_1525']
2015,2015,substituut-dijkgraaf van Oost-IJsselmonde,['me_1524']
2016,2016,substituut-dijkgraaf van Putten,['me_371']
2017,2017,substituut-dijkgraaf van het Oudland van Altena,['me_1477']
2018,2018,substituut-drossaard van Eethen,['me_1730']
2019,2019,substituut-drossaard van Leerdam,['me_881']
2020,2020,substituut-drossaard van Meeuwen,['me_1731']
2021,2021,substituut-drossaard van het Land van Altena,['me_1635']
2022,2022,substituut-griffier,"['batfra_539', 'me_22', 'republiek_22']"
2023,2023,substituut-houtvester van Holland,['me_1116']
2024,2024,substituut-kastelein van Gouda,['me_602']
2025,2025,substituut-kastelein van Putten,['me_370']
2026,2026,substituut-kastelein van Schoonhoven,['me_603']
2027,2027,substituut-momber,['batfra_557']
2028,2028,substituut-officier,['negentiende_eeuw_44']
2029,2029,substituut-procureur-generaal,"['negentiende_eeuw_35', 'me_63']"
2030,2030,substituut-registermeester,['me_16']
2031,2031,substituut-rentmeester van Bewesterschelde,['me_604']
2032,2032,substituut-rentmeester van Oost-Ijsselmonde,['me_1815']
2033,2033,substituut-rentmeester van Rijnland,['me_1844']
2034,2034,substituut-rentmeester van Zeeland,['me_1344']
2035,2035,substituut-rentmeester-generaal,['me_562']
2036,2036,substituut-ruwaard van Putten,['me_369']
2037,2037,substituut-schout,['me_649']
2038,2038,substituut-schout van Alkmaar,['me_423']
2039,2039,substituut-schout van Amsterdam,['me_1535']
2040,2040,substituut-schout van Geertruidenberge,['me_848']
2041,2041,substituut-schout van Gouda,['me_1543']
2042,2042,substituut-schout van Haarlem,['me_1583']
2043,2043,substituut-schout van Haastrecht,['me_1028']
2044,2044,substituut-schout van Hazerswoude,['me_1670']
2045,2045,substituut-schout van Hoorn,['me_231']
2046,2046,substituut-schout van Leiden,['me_1411']
2047,2047,substituut-schout van Maasland,['me_1017']
2048,2048,substituut-schout van Naarden,['me_963']
2049,2049,substituut-schout van Oost-IJsselmonde,['me_1519']
2050,2050,substituut-schout van Schiedam,['me_1514']
2051,2051,substituut-schout van Schieland,['me_1513']
2052,2052,substituut-schout van Texel,['me_1343']
2053,2053,substituut-schout van Valkenburg,['me_1181']
2054,2054,substituut-schout van Vlaardingen,['me_1532']
2055,2055,substituut-schout van Weesp,['me_1211']
2056,2056,substituut-schout van Zeevang,['me_1561']
2057,2057,substituut-schout van beide Katwijken,['me_1182']
2058,2058,substituut-schout van het Land van Stein,['me_1345']
2059,2059,substituut-secretaris,['batfra_526']
2060,2060,substituut-stadhouder,['me_377']
2061,2061,superintendant van Gorinchem,['me_1777']
2062,2062,superintendant van Leiden,['me_1784']
2063,2063,superintendant van Vlissingen,['me_1774']
2064,2064,superintendant van Zeeland,['me_1630']
2065,2065,superintendant van de Bewapening van de Zuiderzee,['me_1472']
2066,2066,superintendant van het Land van Arkel,['me_1780']
2067,2067,superintendent Bureau Betaling van de Armee,['batfra_626']
2068,2068,superintendent Koninklijke Courant,['batfra_655']
2069,2069,syndicus,['me_54']
2070,2070,sénateur,['batfra_222']
2071,2071,tabelmaker,['batfra_631']
2072,2072,thesaurier,"['me_1400', 'republiek_51']"
2073,2073,thesaurier van de Domeinen,['batfra_596']
2074,2074,thesaurier van de Oorlog,['me_1528']
2075,2075,thesaurier-generaal,"['batfra_304', 'me_36']"
2076,2076,thesaurier-generaal van Zeeland,['republiek_68']
2077,2077,thesaurier-generaal van de Unie,['republiek_23']
2078,2078,thesaurier-generaal van de kroon,['batfra_378']
2079,2079,thesaurier-ordinaris,['me_773']
2080,2080,toegevoegd commies,['batfra_552']
2081,2081,tollenaar,['me_252']
2082,2082,tollenaar van Alkmaar,['me_441']
2083,2083,tollenaar van Almsvoet,['me_1825']
2084,2084,tollenaar van Altena,['me_1257']
2085,2085,tollenaar van Ammers,['me_503']
2086,2086,tollenaar van Amsterdam,['me_496']
2087,2087,tollenaar van Arnemuiden,['me_1500']
2088,2088,tollenaar van Dordrecht,['me_326']
2089,2089,tollenaar van Geertruidenberg,['me_1826']
2090,2090,tollenaar van Geervliet,['me_253']
2091,2091,tollenaar van Gorinchem,['me_273']
2092,2092,tollenaar van Gouda,['me_247']
2093,2093,tollenaar van Grevelingen,['me_1412']
2094,2094,tollenaar van Haarlem,['me_879']
2095,2095,tollenaar van Heusden,['me_519']
2096,2096,tollenaar van Iersekeoord,['me_130']
2097,2097,tollenaar van Leiden,['me_1149']
2098,2098,tollenaar van Middelburg,['me_983']
2099,2099,tollenaar van Niemandsvriend,['me_1458']
2100,2100,tollenaar van Schoonhoven,['me_269']
2101,2101,tollenaar van Spaarndam,['me_139']
2102,2102,tollenaar van Strienemonde,['me_504']
2103,2103,tollenaar van Veere,['me_944']
2104,2104,tollenaar van Vlaardingen,['me_1811']
2105,2105,tollenaar van Vlissingen,['me_984']
2106,2106,tollenaar van Woudrichem,['me_268']
2107,2107,tollenaar van Zeeland,['me_1499']
2108,2108,tollenaar van de Gleede,['me_1459']
2109,2109,tollenaar van de Gouwesluis,['me_558']
2110,2110,tollenaar van de Oostwatering in Walcheren,['me_697']
2111,2111,traducteur,['batfra_684']
2112,2112,translateur Duits,['batfra_707']
2113,2113,translateur Frans en Latijn,['batfra_694']
2114,2114,tresorier,['me_43']
2115,2115,tresorier van Alkmaar,['me_1027']
2116,2116,tresorier van Amsterdam,['me_1212']
2117,2117,tresorier van Arnemuiden,['me_680']
2118,2118,tresorier van Beverwijk,['me_1267']
2119,2119,tresorier van Brielle,['me_1266']
2120,2120,tresorier van Brouwershaven,['me_1300']
2121,2121,tresorier van Delft,['me_1269']
2122,2122,tresorier van Den Haag,['me_1202']
2123,2123,tresorier van Dordrecht,['me_360']
2124,2124,tresorier van Edam,['me_1165']
2125,2125,tresorier van Geertruidenberg,['me_1273']
2126,2126,tresorier van Gorinchem,['me_388']
2127,2127,tresorier van Gouda,['me_543']
2128,2128,tresorier van Haarlem,['me_330']
2129,2129,tresorier van Holland,['me_514']
2130,2130,tresorier van Holland en Zeeland,['me_621']
2131,2131,tresorier van Leiden,['me_1012']
2132,2132,tresorier van Middelburg,['me_686']
2133,2133,tresorier van Reimerswaal,['me_713']
2134,2134,tresorier van Rotterdam,['me_1263']
2135,2135,tresorier van Schiedam,['me_1264']
2136,2136,tresorier van Schoonhoven,['me_810']
2137,2137,tresorier van Vlaardingen,['me_1270']
2138,2138,tresorier van Zeeland,['me_1391']
2139,2139,tresorier van Zierikzee,['me_722']
2140,2140,tresorier-generaal,['me_684']
2141,2141,tresorier-generaal van Zeeland,['me_663']
2142,2142,tweede advocaat-fiscaal,"['divperioden_26', 'republiek_41', 'republiek_friezen_26']"
2143,2143,tweede agent,['republiek_63']
2144,2144,tweede commies,['batfra_565']
2145,2145,tweede commies notularis,"['batfra_569', 'batfra_607']"
2146,2146,tweede commies-generaal van de convooien en lic.,['republiek_67']
2147,2147,tweede griffier,"['batfra_556', 'republiek_55']"
2148,2148,tweede klerk,['batfra_603']
2149,2149,tweede ontvanger-generaal,['republiek_61']
2150,2150,tweede procureur-generaal,['republiek_62']
2151,2151,tweede secretaris,"['batfra_33', 'divperioden_21', 'republiek_42', 'republiek_friezen_21']"
2152,2152,vice-admiraal Kwartier Zeeland Bewesten Schelde,['me_1628']
2153,2153,vice-admiraal van Zeeland,['me_1629']
2154,2154,vice-amiral,['batfra_185']
2155,2155,vice-consul de France à Hellevoetsluis,['batfra_140']
2156,2156,vice-president,['negentiende_eeuw_42']
2157,2157,visitateur-generaal,['batfra_701']
2158,2158,voorzitter,"['batfra_246', 'negentiende_eeuw_10', 'me_31']"
2159,2159,waardijn,"['batfra_505', 'me_109']"
2160,2160,waardijn van Dordrecht,['me_110']
2161,2161,waardijn van Vlijmen,['me_1033']
2162,2162,waardijn van grafelijke munt van Holland,['me_648']
2163,2163,waardijn van munt te Zevenbergen,['me_274']
2164,2164,waarnemend Voorzitter,['batfra_424']
2165,2165,waarnemend advocaat-generaal,['negentiende_eeuw_36']
2166,2166,waarnemend commissaris-generaal,['negentiende_eeuw_18']
2167,2167,waarnemend directeur,['negentiende_eeuw_28']
2168,2168,waarnemend directeur-generaal,['negentiende_eeuw_22']
2169,2169,waarnemend eerste griffier,['negentiende_eeuw_31']
2170,2170,waarnemend minister,['negentiende_eeuw_14']
2171,2171,waarnemend procureur-generaal,['negentiende_eeuw_29']
2172,2172,waarnemend secretaris van staat,"['batfra_377', 'negentiende_eeuw_16']"
2173,2173,watergraaf van de Vijfambachten,['me_1366']
2174,2174,waterklerk van de Vijfambachten,['me_1711']
2175,2175,zaakverzorger des Konings bij het Hof van Rekening,['batfra_419']
2176,2176,zegelbewaarder,['me_494']
2177,2177,zegelbewaarder in Zeeland,"['me_1506', 'me_1507']"
