	id_oldnew	id_regent_orig	persoon_id	geslachtsnaam_oldnew	geslachtsnaam_orig	geslachtsnaam_latest
0	13344	republiek_22	20318	Aerssen van Voshol	Aerssen van Voshol	Aerssen van Voshol
1	13345	republiek_23	13344	Fremery	Fremery	Fremery
2	13346	republiek_24	13345	Thilenius	Thilenius	Thilenius
3	13347	republiek_25	13346	Meer	Meer	Meer
4	13348	republiek_26	13347	Josselet	Josselet	Josselet
5	13349	republiek_27	13348	Bas	Bas	Bas
6	13350	republiek_28	20030	Hoesen	Hoesen	Hoesen
7	13351	republiek_29	13349	Lijn	Lijn	Lijn
8	13352	republiek_30	19979	Hoorn	Hoorn	Hoorn
9	13353	republiek_31	20021	Rendorp	Rendorp	Rendorp
10	13354	republiek_32	20014	Dedel	Dedel	Dedel
11	13355	republiek_33	13350	Does	Does	Does
12	13356	republiek_34	13351	Beelaerts	Beelaerts	Beelaerts
13	13357	republiek_35	13352	Beelaerts van Blokland	Beelaerts van Blokland	Beelaerts van Blokland
14	13358	republiek_36	13353	Brandeler	Brandeler	Brandeler
15	13359	republiek_37	13354	Snellen	Snellen	Snellen
16	13360	republiek_38	13355	Honert	Honert	Honert
17	13361	republiek_39	13356	Beelaerts	Beelaerts	Beelaerts
18	13362	republiek_40	13357	Roo	Roo	Roo
19	13363	republiek_41	13358	Bout	Bout	Bout
20	13364	republiek_42	13359	Repelaer	Repelaer	Repelaer
21	13365	republiek_43	13360	Berkhout	Berkhout	Berkhout
22	13366	republiek_44	13361	Drolenvaux	Drolenvaux	Drolenvaux
23	13367	republiek_45	13362	Gronovius	Gronovius	Gronovius
24	13368	republiek_46	13363	Cunaeus	Cunaeus	Cunaeus
25	13369	republiek_47	13364	Hogeveen	Hogeveen	Hogeveen
26	13370	republiek_48	13365	Meerman van Dalem	Meerman van Dalem	Meerman van Dalem
27	13371	republiek_49	13366	Changuion	Changuion	Changuion
28	13372	republiek_51	13367	Gallas	Gallas	Gallas
29	13373	republiek_52	13368	Bosch	Bosch	Bosch
30	13374	republiek_53	13369	Goes	Goes	Goes
31	13375	republiek_54	13370	Crab	Crab	Crab
32	13376	republiek_55	13371	Vaillant	Vaillant	Vaillant
33	13377	republiek_56	13372	Slicher	Slicher	Slicher
34	13378	republiek_57	13373	Alderwerelt	Alderwerelt	Alderwerelt
35	13379	republiek_58	13374	Valkenburg	Valkenburg	Valkenburg
36	13380	republiek_59	13375	Twent	Twent	Twent
37	13381	republiek_60	13376	Doom	Doom	Doom
38	13382	republiek_61	13377	Bleyswijk	Bleyswijk	Bleyswijk
39	13383	republiek_62	13378	Vapour	Vapour	Vapour
40	13384	republiek_63	13379	Lelij	Lelij	Lelij
41	13385	republiek_64	13380	Echten	Echten	Echten
42	13386	republiek_66	13381	Speelman	Speelman	Speelman
43	13387	republiek_67	13382	Locquet	Locquet	Locquet
44	13388	republiek_68	13383	Mauregnault	Mauregnault	Mauregnault
45	13389	republiek_69	13384	Melvill	Melvill	Melvill
46	13390	republiek_70	13385	Bouwens	Bouwens	Bouwens
47	13391	republiek_71	13386	Griffioen	Griffioen	Griffioen
48	13392	republiek_72	13387	Pichot	Pichot	Pichot
49	13393	republiek_73	13388	Ravens	Ravens	Ravens
50	13394	republiek_74	13389	Carnier	Carnier	Carnier
51	13395	republiek_75	13390	Gijselaar	Gijselaar	Gijselaar
52	13396	republiek_76	13391	Leyden	Leyden	Leyden
53	13397	republiek_77	13392	Vooren	Vooren	Vooren
54	13398	republiek_78	13393	Jager	Jager	Jager
55	13399	republiek_79	13394	Hart	Hart	Hart
56	13400	republiek_80	13395	Reeps	Reeps	Reeps
57	13401	republiek_81	13396	Tromp	Tromp	Tromp
58	13402	republiek_82	13397	Strijen	Strijen	Strijen
59	13403	republiek_83	13398	Burch	Burch	Burch
60	13404	republiek_84	13399	Meerten	Meerten	Meerten
61	13405	republiek_85	13400	Collot d'Escury	Collot d'Escury	Collot d'Escury
62	13406	republiek_86	13401	Berkhout	Berkhout	Berkhout
63	13407	republiek_87	13402	Boogert	Boogert	Boogert
64	13408	republiek_88	13403	Vlaerdingerwout	Vlaerdingerwout	Vlaerdingerwout
65	13409	republiek_89	13404	Goes	Goes	Goes
66	13410	republiek_90	13405	Hoogeveen	Hoogeveen	Hoogeveen
67	13411	republiek_91	20975	Cats	Cats	Cats
68	13412	republiek_92	13406	Pomeren	Pomeren	Pomeren
69	13413	republiek_93	13407	Nahuijs	Nahuijs	Nahuijs
70	13414	republiek_94	13408	Foreest	Foreest	Foreest
71	13415	republiek_95	13409	Wallendal	Wallendal	Wallendal
72	13416	republiek_96	13410	Neelen	Neelen	Neelen
73	13417	republiek_97	13411	Pont	Pont	Pont
74	13418	republiek_98	13412	Sanen	Sanen	Sanen
75	13419	republiek_99	13413	Uijlenberg	Uijlenberg	Uijlenberg
76	13420	republiek_100	20459	Zuylen van Nyevelt	Zuylen van Nyevelt	Zuylen van Nyevelt
77	13421	republiek_101	13414	Staal	Staal	Staal
78	13422	republiek_102	13415	Honert	Honert	Honert
79	13423	republiek_103	13416	Hoeven	Hoeven	Hoeven
80	13424	republiek_104	13417	Berckel	Berckel	Berckel
81	13425	republiek_105	13418	Boogaert	Boogaert	Boogaert
82	13426	republiek_106	13419	Groeninx van Zoelen	Groeninx van Zoelen	Groeninx van Zoelen
83	13427	republiek_107	13420	Mossel	Mossel	Mossel
84	13428	republiek_108	13421	Mieden	Mieden	Mieden
85	13429	republiek_109	13422	Dijl	Dijl	Dijl
86	13430	republiek_110	13423	Oosten	Oosten	Oosten
87	13431	republiek_111	13424	Blankert	Blankert	Blankert
88	13432	republiek_112	13425	Kempen	Kempen	Kempen
89	13433	republiek_113	13426	Bosschaert	Bosschaert	Bosschaert
90	13434	republiek_114	13427	Morgan	Morgan	Morgan
91	13435	republiek_115	13428	Wit	Wit	Wit
92	13436	republiek_116	13429	Steenis	Steenis	Steenis
93	13437	republiek_117	13430	Alsem van Lingen	Alsem van Lingen	Alsem van Lingen
94	13438	republiek_118	13431	Bruijn	Bruijn	Bruijn
95	13439	republiek_119	13432	Boon	Boon	Boon
96	13440	republiek_120	13433	Peereboom	Peereboom	Peereboom
97	13441	republiek_121	13434	Peereboom	Peereboom	Peereboom
98	13442	republiek_122	13435	Nispen	Nispen	Nispen
99	13443	republiek_123	13436	Pont	Pont	Pont
100	13444	republiek_124	13437	Pan	Pan	Pan
101	13445	republiek_125	13438	Lange	Lange	Lange
102	13446	republiek_126	13439	Waert	Waert	Waert
103	13447	republiek_128	13440	Boot	Boot	Boot
104	13448	republiek_129	13441	Duyvensz.	Duyvensz.	Duyvensz.
105	13449	republiek_130	13442	Appelman	Appelman	Appelman
106	13450	republiek_131	20022	Dieu	Dieu	Dieu
107	13451	republiek_132	13443	Druyvesteyn	Druyvesteyn	Druyvesteyn
108	13452	republiek_133	13444	Hanswijk	Hanswijk	Hanswijk
109	13453	republiek_134	13445	Willigen	Willigen	Willigen
110	13454	republiek_135	13446	Honert	Honert	Honert
111	13455	republiek_136	13447	Honert	Honert	Honert
112	13456	republiek_137	13448	Honert	Honert	Honert
113	13457	republiek_138	13449	Brandeler	Brandeler	Brandeler
114	13458	republiek_139	20290	Eelbo	Eelbo	Eelbo
115	13459	republiek_140	13450	Hallincg	Hallincg	Hallincg
116	13460	republiek_141	13451	Witt	Witt	Witt
117	13461	republiek_142	13452	Witt	Witt	Witt
118	13462	republiek_143	13453	Witt	Witt	Witt
119	13463	republiek_144	13454	Witt	Witt	Witt
120	13464	republiek_145	13455	Witt	Witt	Witt
121	13465	republiek_146	13456	Hoeufft	Hoeufft	Hoeufft
122	13466	republiek_147	13457	Witt	Witt	Witt
123	13467	republiek_148	13458	Witt	Witt	Witt
124	13468	republiek_149	20286	Brandwijk	Brandwijk	Brandwijk
125	13469	republiek_150	13459	Blijenburg	Blijenburg	Blijenburg
126	13470	republiek_151	13460	Teresteijn	Teresteijn	Teresteijn
127	13471	republiek_152	13461	Ruysch	Ruysch	Ruysch
128	13472	republiek_153	13462	Burch	Burch	Burch
129	13473	republiek_154	13463	Burch	Burch	Burch
130	13474	republiek_155	13464	Beaumont	Beaumont	Beaumont
131	13475	republiek_156	13465	Wassenaer	Wassenaer	Wassenaer
132	13476	republiek_157	13466	Wassenaer	Wassenaer	Wassenaer
133	13477	republiek_158	13467	Wassenaer van Obdam	Wassenaer van Obdam	Wassenaer van Obdam
134	13478	republiek_159	13468	Boetzelaer van Nieuwveen	Boetzelaer van Nieuwveen	Boetzelaer van Nieuwveen
135	13479	republiek_160	13469	Boetzelaer	Boetzelaer	Boetzelaer
136	13480	republiek_161	13470	Bouchorst	Bouchorst	Bouchorst
137	13481	republiek_162	13471	Poelgeest van Homade	Poelgeest van Homade	Poelgeest van Homade
138	13482	republiek_163	13472	Does van Noordwijk	Does van Noordwijk	Does van Noordwijk
139	13483	republiek_164	13473	Does van Noordwijk	Does van Noordwijk	Does van Noordwijk
140	13484	republiek_165	13474	Crayesteyn	Crayesteyn	Crayesteyn
141	13485	republiek_166	13475	Matenesse	Matenesse	Matenesse
142	13486	republiek_167	13476	Beveren	Beveren	Beveren
143	13487	republiek_168	13477	Beveren	Beveren	Beveren
144	13488	republiek_169	20282	Beveren	Beveren	Beveren
145	13489	republiek_170	13478	Beveren	Beveren	Beveren
146	13490	republiek_171	13479	Briel	Briel	Briel
147	13491	republiek_172	13480	Kinschot	Kinschot	Kinschot
148	13492	republiek_173	13481	Born	Born	Born
149	13493	republiek_174	13482	Pauw	Pauw	Pauw
150	13494	republiek_175	20925	Boetzelaer	Boetzelaer	Boetzelaer
151	13495	republiek_176	13483	Goes	Goes	Goes
152	13496	republiek_177	13484	Hoeff	Hoeff	Hoeff
153	13497	republiek_178	13485	Meerman	Meerman	Meerman
154	13498	republiek_179	13486	Hoogenhouck	Hoogenhouck	Hoogenhouck
155	13499	republiek_180	13487	Graswinckel	Graswinckel	Graswinckel
156	13500	republiek_181	13488	Spiering	Spiering	Spiering
157	13501	republiek_182	13489	Hooft	Hooft	Hooft
158	13502	republiek_183	13490	Berkel	Berkel	Berkel
159	13503	republiek_184	13491	Dussen	Dussen	Dussen
160	13504	republiek_185	13492	Vredenburch	Vredenburch	Vredenburch
161	13505	republiek_186	13493	Ingilby	Ingilby	Ingilby
162	13506	republiek_187	13494	Matenesse	Matenesse	Matenesse
163	13507	republiek_188	13495	Wassenaer van Duvenvoirde	Wassenaer van Duvenvoirde	Wassenaer van Duvenvoirde
164	13508	republiek_189	20892	Beyeren van Schagen	Schagen	Schagen
165	13509	republiek_190	13496	Dussen	Dussen	Dussen
166	13510	republiek_191	13497	Goes	Goes	Goes
167	13511	republiek_192	13498	Goes	Goes	Goes
168	13512	republiek_193	13499	Santen	Santen	Santen
169	13513	republiek_194	13500	Duyst van Voorhout	Duyst van Voorhout	Duyst van Voorhout
170	13514	republiek_195	13501	Vredenburch van Adrichem	Vredenburch van Adrichem	Vredenburch van Adrichem
171	13515	republiek_196	13502	Admiraal	Admiraal	Admiraal
172	13516	republiek_197	13503	Alewijn	Alewijn	Alewijn
173	13517	republiek_198	13504	Bichon Visch	Bichon Visch	Bichon Visch
174	13518	republiek_199	13505	Bleyswijk	Bleyswijk	Bleyswijk
175	13519	republiek_200	13506	Broeck	Broeck	Broeck
176	13520	republiek_201	13507	Buys	Buys	Buys
177	13521	republiek_202	13508	Dierkens	Dierkens	Dierkens
178	13522	republiek_203	13509	Does	Does	Does
179	13523	republiek_204	13510	Fremeaux	Fremeaux	Fremeaux
180	13524	republiek_205	13511	Graafland	Graafland	Graafland
181	13525	republiek_206	13512	Graafland	Graafland	Graafland
182	13526	republiek_207	13513	Grande	Grande	Grande
183	13527	republiek_208	13514	Hees	Hees	Hees
184	13528	republiek_209	13515	Hees	Hees	Hees
185	13529	republiek_210	13516	Hoeufft	Hoeufft	Hoeufft
186	13530	republiek_211	13517	Hoog	Hoog	Hoog
187	13531	republiek_212	13518	Hoop	Hoop	Hoop
188	13532	republiek_213	13519	Hop	Hop	Hop
189	13533	republiek_214	13520	Hop	Hop	Hop
190	13534	republiek_215	13521	Nispen	Nispen	Nispen
191	13535	republiek_216	13522	Persijn	Persijn	Persijn
192	13536	republiek_217	13523	Rooseboom	Rooseboom	Rooseboom
193	13537	republiek_218	13524	Roovere	Roovere	Roovere
194	13538	republiek_219	13525	Ruster	Ruster	Ruster
195	13539	republiek_220	13526	Santheuvel	Santheuvel	Santheuvel
196	13540	republiek_221	13527	Santheuvel	Santheuvel	Santheuvel
197	13541	republiek_222	13528	Schaep	Schaep	Schaep
198	13542	republiek_223	13529	Scholten van Oud-Haarlem	Scholten van Oud-Haarlem	Scholten van Oud-Haarlem
199	13543	republiek_224	13530	Spaan	Spaan	Spaan
200	13544	republiek_225	13531	Sluysken	Sluysken	Sluysken
201	13545	republiek_226	13532	Visscher	Visscher	Visscher
202	13546	republiek_227	13533	Vries	Vries	Vries
203	13547	republiek_228	13534	Bisdom	Bisdom	Bisdom
204	13548	republiek_229	13535	Gerlings	Gerlings	Gerlings
205	13549	republiek_230	13536	Haer	Haer	Haer
206	13550	republiek_231	13537	Haer	Haer	Haer
207	13551	republiek_232	13538	Hartman	Hartman	Hartman
208	13552	republiek_233	13539	Hees	Hees	Hees
209	13553	republiek_234	13540	Pauw	Pauw	Pauw
210	13554	republiek_235	13541	Mol	Mol	Mol
211	13555	republiek_236	13542	Mollerus	Mollerus	Mollerus
212	13556	republiek_237	13543	Vallensis	Vallensis	Vallensis
213	13557	republiek_238	13544	Velde	Velde	Velde
214	13558	republiek_239	13545	Bisdom	Bisdom	Bisdom
215	13559	republiek_240	13546	Hoen	Hoen	Hoen
216	13560	republiek_241	13547	Hofland	Hofland	Hofland
217	13561	republiek_242	20980	Nobeling	Nobeling	Nobeling
218	13562	republiek_243	13548	Vosmaer	Vosmaer	Vosmaer
219	13563	republiek_244	13549	Wesele	Wesele	Wesele
220	13564	republiek_245	13550	Wybo	Wybo	Wybo
221	13565	republiek_246	13551	Duyn van 's-Gravenmoer	Duyn van 's-Gravenmoer	Duyn van 's-Gravenmoer
222	13566	republiek_247	13552	Bentinck van Rhoon	Bentinck van Rhoon	Bentinck van Rhoon
223	13567	republiek_248	13553	Boetzelaer	Boetzelaer	Boetzelaer
224	13568	republiek_249	13554	Does van Noordwijk	Does van Noordwijk	Does van Noordwijk
225	13569	republiek_250	13555	Wassenaer	Wassenaer	Wassenaer
226	13570	republiek_251	13556	Slingelandt	Slingelandt	Slingelandt
227	13571	republiek_252	20243	Karsseboom	Karsseboom	Karsseboom
228	13572	republiek_253	13557	Burch	Burch	Burch
229	13573	republiek_254	13558	Egmond van Kenenburg	Egmond van Kenenburg	Egmond van Kenenburg
230	13574	republiek_255	13559	Muys van Holy	Muys van Holy	Muys van Holy
231	13575	republiek_256	13560	Slingelandt	Slingelandt	Slingelandt
232	13576	republiek_257	13561	Ourijck	Ourijck	Ourijck
233	13577	republiek_258	13562	Dussen	Dussen	Dussen
234	13578	republiek_259	13563	Santheuvel	Santheuvel	Santheuvel
235	13579	republiek_260	13564	Wall	Wall	Wall
236	13580	republiek_261	13565	Jonge	Jonge	Jonge
237	13581	republiek_263	13566	Slingelandt	Slingelandt	Slingelandt
238	13582	republiek_264	13567	Bleyswijk	Bleyswijk	Bleyswijk
239	13583	republiek_265	13568	Steyn	Steyn	Steyn
240	13584	republiek_266	13569	Roo	Roo	Roo
241	13585	republiek_267	13570	Bleyswijk	Bleyswijk	Bleyswijk
242	13586	republiek_268	13571	Backus	Backus	Backus
243	13587	republiek_269	13572	Tets	Tets	Tets
244	13588	republiek_270	13573	Bleyswijk	Bleyswijk	Bleyswijk
245	13589	republiek_271	13574	Bleyswijk	Bleyswijk	Bleyswijk
246	13590	republiek_272	13575	Druyvesteyn	Druyvesteyn	Druyvesteyn
247	13591	republiek_273	13576	Bruijn	Bruijn	Bruijn
248	13592	republiek_274	13577	Dijk	Dijk	Dijk
249	13593	republiek_275	20012	Testart	Testart	Testart
250	13594	republiek_276	13578	Parvé	Parvé	Parvé
251	13595	republiek_277	13579	Camerling	Camerling	Camerling
252	13596	republiek_278	13580	Stoop	Stoop	Stoop
253	13597	republiek_279	20546	Boogaert	Boogaert	Boogaert
254	13598	republiek_280	13581	Huyghens	Huyghens	Huyghens
255	13599	republiek_281	13582	Hogendorp	Hogendorp	Hogendorp
256	13600	republiek_282	20315	Wilhem	Wilhem	Wilhem
257	13601	republiek_283	20830	Meerman	Meerman	Meerman
258	13602	republiek_284	13583	Patijn	Patijn	Patijn
259	13603	republiek_285	13584	Clotterbooke	Clotterbooke	Clotterbooke
260	13604	republiek_286	13585	Tromp	Tromp	Tromp
261	13605	republiek_287	13586	Riemsdijk	Riemsdijk	Riemsdijk
262	13606	republiek_288	13587	Eckhart	Eckhart	Eckhart
263	13607	republiek_289	13588	Bleyswijk	Bleyswijk	Bleyswijk
264	13608	republiek_290	13589	Dussen	Dussen	Dussen
265	13609	republiek_291	13590	Schuylenburch	Schuylenburch	Schuylenburch
266	13610	republiek_292	13591	Acquet	Acquet	Acquet
267	13611	republiek_293	13592	Bleyswijk	Bleyswijk	Bleyswijk
268	13612	republiek_294	20547	Boogaert	Boogaert	Boogaert
269	13613	republiek_295	13593	Lelij	Lelij	Lelij
270	13614	republiek_296	13594	Pauw	Pauw	Pauw
271	13615	republiek_297	13595	Gael	Gael	Gael
272	13616	republiek_298	13596	Heemskerck	Heemskerck	Heemskerck
273	13617	republiek_299	13597	Alderwerelt	Alderwerelt	Alderwerelt
274	13618	republiek_300	13598	Graswinckel	Graswinckel	Graswinckel
275	13619	republiek_301	13599	Roo	Roo	Roo
276	13620	republiek_302	13600	Lidt de Jeude	Lidt de Jeude	Lidt de Jeude
277	13621	republiek_303	13601	Verbrugge	Verbrugge	Verbrugge
278	13622	republiek_304	13602	Royen	Royen	Royen
279	13623	republiek_305	13603	Cunaeus	Cunaeus	Cunaeus
280	13624	republiek_306	13604	Raet	Raet	Raet
281	13625	republiek_307	13605	Leyden	Leyden	Leyden
282	13626	republiek_308	13606	Buren	Buren	Buren
283	13627	republiek_309	13607	Crucius	Crucius	Crucius
284	13628	republiek_310	13608	Hubrecht	Hubrecht	Hubrecht
285	13629	republiek_311	13609	Schrevelius	Schrevelius	Schrevelius
286	13630	republiek_312	13610	Steen	Steen	Steen
287	13631	republiek_313	13611	Leeuwen	Leeuwen	Leeuwen
288	13632	republiek_314	13612	Burch	Burch	Burch
289	13633	republiek_315	13613	Berkhout	Berkhout	Berkhout
290	13634	republiek_316	13614	Heusden	Heusden	Heusden
291	13635	republiek_318	20026	Dedel	Dedel	Dedel
292	13636	republiek_319	20017	Bicker van Swieten	Bicker van Swieten	Bicker van Swieten
293	13637	republiek_321	20025	Boudaen	Boudaen	Boudaen
294	13638	republiek_322	13615	Strijen	Strijen	Strijen
295	13639	republiek_323	19954	Court	Court	Court
296	13640	republiek_324	20031	Warin	Warin	Warin
297	13641	republiek_325	19955	Huyghens	Huyghens	Huyghens
298	13642	republiek_326	20032	Huydecoper van Maarseveen	Huydecoper van Maarseveen	Huydecoper van Maarseveen
299	13643	republiek_327	13616	Geelvinck	Geelvinck	Geelvinck
300	13644	republiek_328	20036	Hope	Hope	Hope
301	13645	republiek_329	19960	Beels	Beels	Beels
302	13646	republiek_330	20039	Goes	Goes	Goes
303	13647	republiek_331	13617	Groenendijk	Groenendijk	Groenendijk
304	13648	republiek_332	13618	Zeebergh	Zeebergh	Zeebergh
305	13649	republiek_333	13619	Quarles	Quarles	Quarles
306	13650	republiek_334	13620	Burch	Burch	Burch
307	13651	republiek_335	20225	Mey	Mey	Mey
308	13652	republiek_336	13621	Twent van Raephorst	Twent van Raephorst	Twent van Raephorst
309	13653	republiek_337	13622	Noortberg	Noortberg	Noortberg
310	13654	republiek_338	13623	Schepers	Schepers	Schepers
311	13655	republiek_339	13624	Baelde	Baelde	Baelde
312	13656	republiek_340	13625	Cordelois	Cordelois	Cordelois
313	13657	republiek_341	13626	Hogendorp	Hogendorp	Hogendorp
314	13658	republiek_342	13627	Staal	Staal	Staal
315	13659	republiek_343	19702	Goes	Goes	Goes
316	13660	republiek_344	13628	Cattenburch	Cattenburch	Cattenburch
317	13661	republiek_345	13629	Weveringh	Weveringh	Weveringh
318	13662	republiek_346	13630	Beresteyn van Hofdijck	Beresteyn van Hofdijck	Beresteyn van Hofdijck
319	13663	republiek_347	13631	Bleyswijk	Bleyswijk	Bleyswijk
320	13664	republiek_348	13632	Hemert	Hemert	Hemert
321	13665	republiek_349	13633	Schuijlenburch	Schuijlenburch	Schuijlenburch
322	13666	republiek_350	13634	Daeij	Daeij	Daeij
323	13667	republiek_351	13635	Bleyswijk	Bleyswijk	Bleyswijk
324	13668	republiek_352	13636	Schuijlenburch	Schuijlenburch	Schuijlenburch
325	13669	republiek_353	13637	Toulon	Toulon	Toulon
326	13670	republiek_354	13638	Hannes	Hannes	Hannes
327	13671	republiek_355	13639	Verboom	Verboom	Verboom
328	13672	republiek_356	13640	Gennep	Gennep	Gennep
329	13673	republiek_357	13641	Mispelblom Beyer	Mispelblom Beyer	Mispelblom Beyer
330	13674	republiek_358	13642	Vink	Vink	Vink
331	13675	republiek_359	13643	Schagen	Schagen	Schagen
332	13676	republiek_360	13644	Tromer	Tromer	Tromer
333	13677	republiek_361	13645	Elias	Elias	Elias
334	13678	republiek_362	13646	Nooten	Nooten	Nooten
335	13679	republiek_363	13647	Peursum	Peursum	Peursum
336	13680	republiek_364	13648	Warry	Warry	Warry
337	13681	republiek_365	13649	Sandra	Sandra	Sandra
338	13682	republiek_366	13650	Preuijt	Preuijt	Preuijt
339	13683	republiek_367	13651	Gevaerts	Gevaerts	Gevaerts
340	13684	republiek_368	13652	Verwer	Verwer	Verwer
341	13685	republiek_369	13653	Benningbroek	Benningbroek	Benningbroek
342	13686	republiek_370	13654	Sijms	Sijms	Sijms
343	13687	republiek_371	13655	Baert	Baert	Baert
344	13688	republiek_372	13656	Does	Does	Does
345	13689	republiek_373	13657	Schagen	Schagen	Schagen
346	13690	republiek_374	13658	Egmond van de Nijenburgh	Egmond van de Nijenburgh	Egmond van de Nijenburgh
347	13691	republiek_375	20332	Egmond van de Nijenburgh	Egmond van de Nijenburgh	Egmond van de Nijenburgh
348	13692	republiek_377	13659	Baert	Baert	Baert
349	13693	republiek_378	13660	Assendelft	Assendelft	Assendelft
350	13694	republiek_379	13661	Oudensteyn	Oudensteyn	Oudensteyn
351	13695	republiek_380	13662	Schagen	Schagen	Schagen
352	13696	republiek_381	13663	Daey	Daey	Daey
353	13697	republiek_382	13664	Mieden	Mieden	Mieden
354	13698	republiek_383	13665	Saskerus	Saskerus	Saskerus
355	13699	republiek_384	13666	Eijck	Eijck	Eijck
356	13700	republiek_385	13667	Ras	Ras	Ras
357	13701	republiek_386	13668	Kloek	Kloek	Kloek
358	13702	republiek_387	13669	Hooghcamer	Hooghcamer	Hooghcamer
359	13703	republiek_388	13670	Menssingh	Menssingh	Menssingh
360	13704	republiek_389	13671	Elias	Elias	Elias
361	13705	republiek_390	13672	Carpentier	Carpentier	Carpentier
362	13706	republiek_391	13673	Ouwens	Ouwens	Ouwens
363	13707	republiek_392	13674	Foreest	Foreest	Foreest
364	13708	republiek_393	13675	Kloek	Kloek	Kloek
365	13709	republiek_394	13676	Binkhorst	Binkhorst	Binkhorst
366	13710	republiek_395	13677	Homrigh	Homrigh	Homrigh
367	13711	republiek_396	13678	Rooleeuw l'Epie	Rooleeuw l'Epie	Rooleeuw l'Epie
368	13712	republiek_398	13679	Fabricius	Fabricius	Fabricius
369	13713	republiek_399	20009	Fabricius	Fabricius	Fabricius
370	13714	republiek_400	20010	Fabricius	Fabricius	Fabricius
371	13715	republiek_401	13680	Fabricius	Fabricius	Fabricius
372	13716	republiek_402	13681	Fabricius	Fabricius	Fabricius
373	13717	republiek_403	13682	Pauw	Pauw	Pauw
374	13718	republiek_404	13683	Thierens	Thierens	Thierens
375	13719	republiek_405	13684	Thierens	Thierens	Thierens
376	13720	republiek_406	13685	Heym	Heym	Heym
377	13721	republiek_407	13686	Kinschot	Kinschot	Kinschot
378	13722	republiek_408	13687	Dedel	Dedel	Dedel
379	13723	republiek_409	13688	Vallensis	Vallensis	Vallensis
380	13724	republiek_410	13689	Kinschot	Kinschot	Kinschot
381	13725	republiek_411	13690	Meerman	Meerman	Meerman
382	13726	republiek_412	13691	Graaff	Graaff	Graaff
383	13727	republiek_413	20816	Dussen	Dussen	Dussen
384	13728	republiek_414	13692	Beaumont	Beaumont	Beaumont
385	13729	republiek_415	13693	Jonge van Ellemeet	Jonge van Ellemeet	Jonge van Ellemeet
386	13730	republiek_416	13694	Veer	Veer	Veer
387	13731	republiek_417	13695	Bije	Bije	Bije
388	13732	republiek_418	13696	Dierkens	Dierkens	Dierkens
389	13733	republiek_419	13697	Gael	Gael	Gael
390	13734	republiek_420	13698	Kinschot	Kinschot	Kinschot
391	13735	republiek_421	13699	Boeij	Boeij	Boeij
392	13736	republiek_422	13700	Strijen	Strijen	Strijen
393	13737	republiek_423	13701	Goes	Goes	Goes
394	13738	republiek_425	13702	Wilhem	Wilhem	Wilhem
395	13739	republiek_426	20316	Wilhem	Wilhem	Wilhem
396	13740	republiek_427	13703	Wilhem	Wilhem	Wilhem
397	13741	republiek_428	13704	Kinschot	Kinschot	Kinschot
398	13742	republiek_429	13705	Persijn	Persijn	Persijn
399	13743	republiek_430	13706	Perponcher Sedlnitsky	Perponcher Sedlnitsky	Perponcher Sedlnitsky
400	13744	republiek_431	13707	Scott	Scott	Scott
401	13745	republiek_432	13708	Hoeufft	Hoeufft	Hoeufft
402	13746	republiek_433	13709	Parvé	Parvé	Parvé
403	13747	republiek_434	13710	Lodensteyn	Lodensteyn	Lodensteyn
404	13748	republiek_435	13711	Schilperoort	Schilperoort	Schilperoort
405	13749	republiek_436	13712	Groenewegen	Groenewegen	Groenewegen
406	13750	republiek_437	13713	Burch	Burch	Burch
407	13751	republiek_438	13714	Meerman	Meerman	Meerman
408	13752	republiek_439	13715	Santen	Santen	Santen
409	13753	republiek_440	13716	Steelant	Steelant	Steelant
410	13754	republiek_441	13717	Rijgersbos	Rijgersbos	Rijgersbos
411	13755	republiek_442	13718	Teffelen	Teffelen	Teffelen
412	13756	republiek_443	13719	Fabricius	Fabricius	Fabricius
413	13757	republiek_444	13720	Schatter	Schatter	Schatter
414	13758	republiek_445	13721	Schatter	Schatter	Schatter
415	13759	republiek_446	13722	Hoogtwoud	Hoogtwoud	Hoogtwoud
416	13760	republiek_447	13723	Merens	Merens	Merens
417	13761	republiek_448	13724	Luyts	Luyts	Luyts
418	13762	republiek_449	13725	Suchtelen	Suchtelen	Suchtelen
419	13763	republiek_450	13726	Coninck	Coninck	Coninck
420	13764	republiek_451	13727	Bredehoff	Bredehoff	Bredehoff
421	13765	republiek_452	13728	Graaff	Graaff	Graaff
422	13766	republiek_453	13729	Merens	Merens	Merens
423	13767	republiek_454	13730	Wybo	Wybo	Wybo
424	13768	republiek_455	13731	Velius	Velius	Velius
425	13769	republiek_456	13732	Hoogtwoud	Hoogtwoud	Hoogtwoud
426	13770	republiek_457	13733	Vicq	Vicq	Vicq
427	13771	republiek_459	13734	Velius	Velius	Velius
428	13772	republiek_460	13735	Boterpot	Boterpot	Boterpot
429	13773	republiek_461	13736	Opperdoes	Opperdoes	Opperdoes
430	13774	republiek_462	13737	Abbekerk	Abbekerk	Abbekerk
431	13775	republiek_463	13738	Akerlaken	Akerlaken	Akerlaken
432	13776	republiek_464	13739	Vrij	Vrij	Vrij
433	13777	republiek_465	13740	Foreest	Foreest	Foreest
434	13778	republiek_466	13741	Gerlings	Gerlings	Gerlings
435	13779	republiek_467	13742	Six	Six	Six
436	13780	republiek_468	13743	Honert	Honert	Honert
437	13781	republiek_469	13744	Gerlacius van Guiva	Gerlacius van Guiva	Gerlacius van Guiva
438	13782	republiek_470	13745	Eck	Eck	Eck
439	13783	republiek_471	13746	Stralen	Stralen	Stralen
440	13784	republiek_472	13747	Buteux	Buteux	Buteux
441	13785	republiek_473	13748	Swellengrebel	Swellengrebel	Swellengrebel
442	13786	republiek_474	13749	Haer	Haer	Haer
443	13787	republiek_475	13750	Berkhout	Berkhout	Berkhout
444	13788	republiek_476	13751	Verschuer	Verschuer	Verschuer
445	13789	republiek_477	13752	Binkhorst	Binkhorst	Binkhorst
446	13790	republiek_478	13753	Hellingman	Hellingman	Hellingman
447	13791	republiek_479	13754	Foreest	Foreest	Foreest
448	13792	republiek_480	13755	Bredehoff	Bredehoff	Bredehoff
449	13793	republiek_481	13756	Opperdoes	Opperdoes	Opperdoes
450	13794	republiek_482	13757	Gent	Gent	Gent
451	13795	republiek_483	13758	Ham	Ham	Ham
452	13796	republiek_484	13759	Admiraal	Admiraal	Admiraal
453	13797	republiek_485	13760	Vries	Vries	Vries
454	13798	republiek_486	13761	Proost	Proost	Proost
455	13799	republiek_487	13762	Compostel	Compostel	Compostel
456	13800	republiek_488	13763	Mossel	Mossel	Mossel
457	13801	republiek_489	13764	Hagha	Hagha	Hagha
458	13802	republiek_490	13765	Haak	Haak	Haak
459	13803	republiek_491	13766	Moeskoker	Moeskoker	Moeskoker
460	13804	republiek_492	13767	Verbruggen	Verbruggen	Verbruggen
461	13805	republiek_493	13768	Loosen	Loosen	Loosen
462	13806	republiek_494	13769	Ris	Ris	Ris
463	13807	republiek_495	13770	Buyskes	Buyskes	Buyskes
464	13808	republiek_496	13771	Duyvensz.	Duyvensz.	Duyvensz.
465	13809	republiek_497	13772	Vossen	Vossen	Vossen
466	13810	republiek_498	13773	Baanman	Baanman	Baanman
467	13811	republiek_499	13774	Kluppel	Kluppel	Kluppel
468	13812	republiek_500	13775	Semeijns van Loosen	Semeijns van Loosen	Semeijns van Loosen
469	13813	republiek_501	13776	Appelman	Appelman	Appelman
470	13814	republiek_502	13777	Minne	Minne	Minne
471	13815	republiek_503	13778	Vossen	Vossen	Vossen
472	13816	republiek_504	13779	Jong	Jong	Jong
473	13817	republiek_505	13780	Hagha	Hagha	Hagha
474	13818	republiek_506	13781	Schaak	Schaak	Schaak
475	13819	republiek_507	13782	Verbruggen	Verbruggen	Verbruggen
476	13820	republiek_508	13783	Bleyswijk	Bleyswijk	Bleyswijk
477	13821	republiek_509	13784	Pan	Pan	Pan
478	13822	republiek_510	13785	Som	Som	Som
479	13823	republiek_511	13786	Raarda	Raarda	Raarda
480	13824	republiek_513	13787	Jongh van Persijn	Jongh van Persijn	Jongh van Persijn
481	13825	republiek_514	13788	Vries	Vries	Vries
482	13826	republiek_515	13789	Oossaanen	Oossaanen	Oossaanen
483	13827	republiek_516	13790	Pronk	Pronk	Pronk
484	13828	republiek_517	13791	Groot	Groot	Groot
485	13829	republiek_518	13792	Baan	Baan	Baan
486	13830	republiek_519	13793	Pont	Pont	Pont
487	13831	republiek_520	13794	Wappers	Wappers	Wappers
488	13832	republiek_521	13795	Putoor	Putoor	Putoor
489	13833	republiek_522	13796	Brasker	Brasker	Brasker
490	13834	republiek_523	13797	Buijsman	Buijsman	Buijsman
491	13835	republiek_524	13798	Veen	Veen	Veen
492	13836	republiek_525	13799	Beets	Beets	Beets
493	13837	republiek_526	13800	Houttuijn	Houttuijn	Houttuijn
494	13838	republiek_527	13801	Wit	Wit	Wit
495	13839	republiek_528	13802	Maasbergen	Maasbergen	Maasbergen
496	13840	republiek_529	13803	Blok	Blok	Blok
497	13841	republiek_530	13804	Dekker	Dekker	Dekker
498	13842	republiek_531	13805	Trom	Trom	Trom
499	13843	republiek_532	13806	Boot	Boot	Boot
500	13844	republiek_533	13807	Reijntjes	Reijntjes	Reijntjes
501	13845	republiek_534	13808	Houttuijn	Houttuijn	Houttuijn
502	13846	republiek_535	13809	Pont	Pont	Pont
503	13847	republiek_536	13810	Leoninus	Leoninus	Leoninus
504	13848	republiek_537	13811	Kaatjes	Kaatjes	Kaatjes
505	13849	republiek_538	13812	Bost	Bost	Bost
506	13850	republiek_539	13813	Teengs	Teengs	Teengs
507	13851	republiek_540	13814	Horn	Horn	Horn
508	13852	republiek_541	13815	Leij	Leij	Leij
509	13853	republiek_542	13816	Lakeman	Lakeman	Lakeman
510	13854	republiek_543	13817	Ketel	Ketel	Ketel
511	13855	republiek_544	13818	Baen	Baen	Baen
512	13856	republiek_545	13819	Sanen	Sanen	Sanen
513	13857	republiek_546	13820	Thamis	Thamis	Thamis
514	13858	republiek_547	13821	Rijser	Rijser	Rijser
515	13859	republiek_548	13822	Houtingh	Houtingh	Houtingh
516	13860	republiek_549	13823	Sluijs	Sluijs	Sluijs
517	13861	republiek_550	13824	Berkhout	Berkhout	Berkhout
518	13862	republiek_551	13825	Houtingh	Houtingh	Houtingh
519	13863	republiek_552	13826	Houtingh	Houtingh	Houtingh
520	13864	republiek_553	13827	Poel	Poel	Poel
521	13865	republiek_554	13828	Ketel	Ketel	Ketel
522	13866	republiek_555	13829	Sanen	Sanen	Sanen
523	13867	republiek_556	13830	Baen	Baen	Baen
524	13868	republiek_557	13831	Pereboom	Pereboom	Pereboom
525	13869	republiek_558	13832	Sijes	Sijes	Sijes
526	13870	republiek_559	13833	Sluijs	Sluijs	Sluijs
527	13871	republiek_560	13834	Bloem	Bloem	Bloem
528	13872	republiek_561	13835	Maclaine	Maclaine	Maclaine
529	13873	republiek_562	13836	Kempenaer	Kempenaer	Kempenaer
530	13874	republiek_563	13837	Snels	Snels	Snels
531	13875	republiek_564	13838	Does	Does	Does
532	13876	republiek_565	13839	Doudijns	Doudijns	Doudijns
533	13877	republiek_566	13840	Olycan	Olycan	Olycan
534	13878	republiek_567	19978	Oosdorp	Oosdorp	Oosdorp
535	13879	republiek_568	13841	Slingelandt	Slingelandt	Slingelandt
536	13880	republiek_569	13842	Roos	Roos	Roos
537	13881	republiek_570	13843	Berkhout	Berkhout	Berkhout
538	13882	republiek_571	13844	Teengs	Teengs	Teengs
539	13883	republiek_572	13845	Drebbel	Drebbel	Drebbel
540	13884	republiek_573	13846	Tijssen	Tijssen	Tijssen
541	13885	republiek_574	13847	Houtingh	Houtingh	Houtingh
542	13886	republiek_575	13848	Braer	Braer	Braer
543	13887	republiek_576	13849	Houtingh	Houtingh	Houtingh
544	13888	republiek_577	13850	Boon	Boon	Boon
545	13889	republiek_578	13851	Bruijn	Bruijn	Bruijn
546	13890	republiek_579	13852	Dalen	Dalen	Dalen
547	13891	republiek_580	13853	Mostert	Mostert	Mostert
548	13892	republiek_581	13854	Leeuw	Leeuw	Leeuw
549	13893	republiek_582	13855	Claus	Claus	Claus
550	13894	republiek_583	13856	Houtingh	Houtingh	Houtingh
551	13895	republiek_584	13857	Hoogtwoud	Hoogtwoud	Hoogtwoud
552	13896	republiek_585	13858	Doncker	Doncker	Doncker
553	13897	republiek_586	13859	Wolff	Wolff	Wolff
554	13898	republiek_587	13860	Kaswijck	Kaswijck	Kaswijck
555	13899	republiek_588	13861	Brouwer	Brouwer	Brouwer
556	13900	republiek_589	13862	Brouwer	Brouwer	Brouwer
557	13901	republiek_590	13863	Lantman	Lantman	Lantman
558	13902	republiek_591	13864	Wallendal	Wallendal	Wallendal
559	13903	republiek_592	13865	Verwer (Hooghlant)	Verwer (Hooghlant)	Verwer (Hooghlant)
560	13904	republiek_593	13866	Cos	Cos	Cos
561	13905	republiek_594	13867	Houttuijn	Houttuijn	Houttuijn
562	13906	republiek_595	13868	Oostwouder	Oostwouder	Oostwouder
563	13907	republiek_596	13869	Kuijper	Kuijper	Kuijper
564	13908	republiek_597	13870	Zee	Zee	Zee
565	13909	republiek_598	13871	Amelenbergh	Amelenbergh	Amelenbergh
566	13910	republiek_599	13872	Zee	Zee	Zee
567	13911	republiek_600	13873	Vaal	Vaal	Vaal
568	13912	republiek_601	13874	Backer	Backer	Backer
569	13913	republiek_602	13875	Spanjaard	Spanjaard	Spanjaard
570	13914	republiek_603	13876	Spiegelmaker	Spiegelmaker	Spiegelmaker
571	13915	republiek_604	13877	Moorenvliet	Moorenvliet	Moorenvliet
572	13916	republiek_605	13878	Maars	Maars	Maars
573	13917	republiek_606	13879	Nobelingh	Nobelingh	Nobelingh
574	13918	republiek_607	13880	Willigen	Willigen	Willigen
575	13919	republiek_608	13881	Spaander	Spaander	Spaander
576	13920	republiek_609	13882	Rootjes	Rootjes	Rootjes
577	13921	republiek_610	13883	Haasman	Haasman	Haasman
578	13922	republiek_611	13884	Moorenvliet	Moorenvliet	Moorenvliet
579	13923	republiek_612	13885	Oldenbarneveld genaamd Witte Tullingh	Oldenbarneveld genaamd Witte Tullingh	Oldenbarneveld genaamd Witte Tullingh
580	13924	republiek_613	13886	Erpecum	Erpecum	Erpecum
581	13925	republiek_614	13887	Fagel	Fagel	Fagel
582	13926	republiek_615	13888	Fagel	Fagel	Fagel
583	13927	republiek_616	13889	Beaumont	Beaumont	Beaumont
584	13928	republiek_617	13890	Minninghen	Minninghen	Minninghen
585	13929	republiek_618	13891	Repelaer	Repelaer	Repelaer
586	13930	republiek_619	13892	Repelaer	Repelaer	Repelaer
587	13931	republiek_620	13893	Roovere	Roovere	Roovere
588	13932	republiek_621	20583	Druyvesteyn	Druyvesteyn	Druyvesteyn
589	13933	republiek_622	13894	Druyvesteyn	Druyvesteyn	Druyvesteyn
590	13934	republiek_623	13895	Wormer	Wormer	Wormer
591	13935	republiek_624	13896	Laeckeman	Laeckeman	Laeckeman
592	13936	republiek_625	13897	Melcknap	Melcknap	Melcknap
593	13937	republiek_626	13898	Ruytenburgh	Ruytenburgh	Ruytenburgh
594	13938	republiek_627	13899	Brouwer	Brouwer	Brouwer
595	13939	republiek_628	13900	Del	Del	Del
596	13940	republiek_629	13901	Cocq	Cocq	Cocq
597	13941	republiek_630	13902	Wormer	Wormer	Wormer
598	13942	republiek_631	13903	Peereboom	Peereboom	Peereboom
599	13943	republiek_632	13904	Del	Del	Del
600	13944	republiek_633	13905	Munnick	Munnick	Munnick
601	13945	republiek_634	13906	Ruytenburgh	Ruytenburgh	Ruytenburgh
602	13946	republiek_635	13907	Spoors	Spoors	Spoors
603	13947	republiek_636	13908	Bel	Bel	Bel
604	13948	republiek_637	13909	Louwen	Louwen	Louwen
605	13949	republiek_638	13910	Wormer	Wormer	Wormer
606	13950	republiek_639	13911	Pet	Pet	Pet
607	13951	republiek_640	13912	Backer	Backer	Backer
608	13952	republiek_641	13913	Neck	Neck	Neck
609	13953	republiek_642	13914	Blijdenbergh	Blijdenbergh	Blijdenbergh
610	13954	republiek_643	13915	Molenaar	Molenaar	Molenaar
611	13955	republiek_644	13916	Koel	Koel	Koel
612	13956	republiek_645	13917	Appel	Appel	Appel
613	13957	republiek_646	13918	Tamboer	Tamboer	Tamboer
614	13958	republiek_647	13919	Wormer	Wormer	Wormer
615	13959	republiek_648	13920	Wilhem	Wilhem	Wilhem
616	13960	republiek_649	13921	Hartman	Hartman	Hartman
617	13961	republiek_650	13922	Drijfhout	Drijfhout	Drijfhout
618	13962	republiek_651	13923	Banchem	Banchem	Banchem
619	13963	republiek_652	13924	Goutvelt	Goutvelt	Goutvelt
620	13964	republiek_653	13925	Muylwijck	Muylwijck	Muylwijck
621	13965	republiek_654	13926	Vroesen	Vroesen	Vroesen
622	13966	republiek_655	13927	Vlooswijck	Vlooswijck	Vlooswijck
623	13967	republiek_656	13928	Busch	Busch	Busch
624	13968	republiek_657	13929	Musch	Musch	Musch
625	13970	republiek_659	13930	Nobel	Nobel	Nobel
626	13971	republiek_660	13931	Driel	Driel	Driel
627	13972	republiek_661	13932	Groot	Groot	Groot
628	13973	republiek_662	13933	Dullaert	Dullaert	Dullaert
629	13974	republiek_663	13934	Goutswaert	Goutswaert	Goutswaert
630	13975	republiek_664	13935	Wielick	Wielick	Wielick
631	13976	republiek_665	13936	Reus	Reus	Reus
632	13977	republiek_666	13937	Hogendorp	Hogendorp	Hogendorp
633	13978	republiek_668	13938	Meyden	Meyden	Meyden
634	13979	republiek_669	13939	Navander	Navander	Navander
635	13981	republiek_671	13940	Goeree	Goeree	Goeree
636	13982	republiek_672	13941	Boon	Boon	Boon
637	13983	republiek_673	13942	Horst	Horst	Horst
638	13984	republiek_674	13943	Kievit	Kievit	Kievit
639	13985	republiek_675	13944	Aa	Aa	Aa
640	13986	republiek_676	13945	Pesser	Pesser	Pesser
641	13987	republiek_677	13946	Voorburgh	Voorburgh	Voorburgh
642	13988	republiek_678	13947	Punt	Punt	Punt
643	13989	republiek_679	13948	Naerssen	Naerssen	Naerssen
644	13991	republiek_681	13949	Roosmale	Roosmale	Roosmale
645	13992	republiek_682	13950	Massis	Massis	Massis
646	13993	republiek_683	13951	Bois	Bois	Bois
647	13994	republiek_684	13952	Velthuysen	Velthuysen	Velthuysen
648	13995	republiek_685	20460	Zuylen van Nyevelt	Zuylen van Nyevelt	Zuylen van Nyevelt
649	13996	republiek_686	20216	Backer	Backer	Backer
650	13997	republiek_687	13953	Beyer	Beyer	Beyer
651	13998	republiek_688	13954	Groeninx	Groeninx	Groeninx
652	13999	republiek_689	13955	Noordhey	Noordhey	Noordhey
653	14000	republiek_690	13956	Roosmale	Roosmale	Roosmale
654	14001	republiek_691	13957	Neyn	Neyn	Neyn
655	14002	republiek_692	13958	Ysbrands	Ysbrands	Ysbrands
656	14003	republiek_693	13959	Berckel	Berckel	Berckel
657	14004	republiek_694	13960	Boon	Boon	Boon
658	14005	republiek_695	13961	Raedt	Raedt	Raedt
659	14006	republiek_696	13962	Teylingen	Teylingen	Teylingen
660	14007	republiek_697	13963	Hogendorp	Hogendorp	Hogendorp
661	14008	republiek_698	13964	Styrum	Styrum	Styrum
662	14009	republiek_699	13965	Steyn	Steyn	Steyn
663	14010	republiek_700	20191	Steyn	Steyn	Steyn
664	14011	republiek_701	13966	Thilt	Thilt	Thilt
665	14012	republiek_702	13967	Duyst van Voorhout	Duyst van Voorhout	Duyst van Voorhout
666	14013	republiek_703	13968	Glarges	Glarges	Glarges
667	14014	republiek_704	13969	Broek	Broek	Broek
668	14015	republiek_705	13970	Hoorn	Hoorn	Hoorn
669	14016	republiek_706	13971	Blomvliet	Blomvliet	Blomvliet
670	14017	republiek_707	13972	Bleyswijk	Bleyswijk	Bleyswijk
671	14018	republiek_708	13973	Haer	Haer	Haer
672	14019	republiek_709	13974	Fagel	Fagel	Fagel
673	14020	republiek_710	13975	Pauw	Pauw	Pauw
674	14022	republiek_715	13976	Bichon	Bichon	Bichon
675	14023	republiek_716	13977	Crap	Crap	Crap
676	14024	republiek_717	13978	Wassenaer van Spanbroek	Wassenaer van Spanbroek	Wassenaer van Spanbroek
677	14025	republiek_718	13979	Veen	Veen	Veen
678	14026	republiek_719	20300	Mieden	Mieden	Mieden
679	14027	republiek_720	13980	Cluyt	Cluyt	Cluyt
680	14028	republiek_721	13981	Vredenrijk	Vredenrijk	Vredenrijk
681	14029	republiek_722	13982	Botter	Botter	Botter
682	14030	republiek_723	13983	Croeff	Croeff	Croeff
683	14031	republiek_724	13984	Arkel	Arkel	Arkel
684	14032	republiek_725	13985	Hoola	Hoola	Hoola
685	14033	republiek_726	13986	Woel	Woel	Woel
686	14034	republiek_727	13987	Putten	Putten	Putten
687	14035	republiek_728	13988	Huysman	Huysman	Huysman
688	14036	republiek_729	13989	Wijkerhelt	Wijkerhelt	Wijkerhelt
689	14037	republiek_730	13990	Bosch	Bosch	Bosch
690	14038	republiek_731	13991	Liere van Catwijck	Liere van Catwijck	Liere van Catwijck
691	14039	republiek_732	13992	Scheltus	Scheltus	Scheltus
692	14040	republiek_733	13993	Onderwater	Onderwater	Onderwater
693	14041	republiek_734	13994	Onderwater	Onderwater	Onderwater
694	14042	republiek_735	13995	Santheuvel	Santheuvel	Santheuvel
695	14043	republiek_736	13996	Steenis	Steenis	Steenis
696	14044	republiek_737	13997	Vermeulen	Vermeulen	Vermeulen
697	14045	republiek_738	13998	Lestevenon	Lestevenon	Lestevenon
698	14046	republiek_739	13999	Boesses	Boesses	Boesses
699	14047	republiek_740	14000	Weveringh	Weveringh	Weveringh
700	14048	republiek_741	14001	Schuijl	Schuijl	Schuijl
701	14049	republiek_742	14002	Schuylenburch	Schuylenburch	Schuylenburch
702	14050	republiek_743	14003	Velde	Velde	Velde
703	14051	republiek_745	14004	Boetzelaer	Boetzelaer	Boetzelaer
704	14052	republiek_746	14005	Marcus	Marcus	Marcus
705	14053	republiek_747	14006	Romswinckel	Romswinckel	Romswinckel
706	14054	republiek_748	14007	Reepmaker	Reepmaker	Reepmaker
707	14055	republiek_749	14008	Lormier	Lormier	Lormier
708	14056	republiek_750	20027	Schellinger	Schellinger	Schellinger
709	14057	republiek_751	20029	Bruyningh	Bruyningh	Bruyningh
710	14058	republiek_752	14009	Heemskerck	Heemskerck	Heemskerck
711	14059	republiek_753	20033	Hop	Hop	Hop
712	14060	republiek_754	20038	Boreel	Boreel	Boreel
713	14061	republiek_755	19750	Calkoen	Calkoen	Calkoen
714	14062	republiek_756	14010	Pui	Pui	Pui
715	14063	republiek_757	14011	Bleyswijk	Bleyswijk	Bleyswijk
716	14064	republiek_758	14012	Blok	Blok	Blok
717	14065	republiek_759	14013	Baert	Baert	Baert
718	14066	republiek_760	14014	Steen	Steen	Steen
719	14067	republiek_761	14015	Baert	Baert	Baert
720	14068	republiek_762	14016	Carpentier	Carpentier	Carpentier
721	14069	republiek_763	14017	Kock	Kock	Kock
722	14070	republiek_764	14018	Buys	Buys	Buys
723	14071	republiek_765	14019	Oldenbarnevelt	Oldenbarnevelt	Oldenbarnevelt
724	14072	republiek_766	14020	Duyck	Duyck	Duyck
725	14073	republiek_767	19935	Pauw	Pauw	Pauw
726	14074	republiek_768	14021	Cats	Cats	Cats
727	14075	republiek_769	14022	Witt	Witt	Witt
728	14076	republiek_770	14023	Fagel	Fagel	Fagel
729	14077	republiek_771	14024	Heinsius	Heinsius	Heinsius
730	14078	republiek_772	14025	Hoornbeek	Hoornbeek	Hoornbeek
731	14079	republiek_773	14026	Slingelandt	Slingelandt	Slingelandt
732	14080	republiek_774	14027	Heim	Heim	Heim
733	14081	republiek_775	14028	Gilles	Gilles	Gilles
734	14082	republiek_776	14029	Bleyswijk	Bleyswijk	Bleyswijk
735	14083	republiek_777	14030	Spiegel	Spiegel	Spiegel
736	14084	republiek_779	14031	Heemskerck	Heemskerck	Heemskerck
737	14085	republiek_780	19961	Boelens	Boelens	Boelens
738	14086	republiek_781	14032	Boom	Boom	Boom
739	14087	republiek_782	19974	Cromhout	Cromhout	Cromhout
740	14088	republiek_783	19963	Hooft	Hooft	Hooft
741	14089	republiek_784	20588	Oetgens	Oetgens	Oetgens
742	14090	republiek_785	19962	Benningh	Benningh	Benningh
743	14091	republiek_786	19813	Pauw	Pauw	Pauw
744	14092	republiek_787	19971	Egbertsz.	Egbertsz.	Egbertsz.
745	14093	republiek_788	19968	Bas	Bas	Bas
746	14094	republiek_789	20291	Graeff	Graeff	Graeff
747	14095	republiek_790	19932	Witsen	Witsen	Witsen
748	14096	republiek_791	19983	Vrij	Vrij	Vrij
749	14097	republiek_792	14033	Witsen	Witsen	Witsen
750	14098	republiek_793	19976	Boom	Boom	Boom
751	14099	republiek_794	19975	Overlander	Overlander	Overlander
752	14100	republiek_795	19981	Geelvinck	Geelvinck	Geelvinck
753	14101	republiek_796	14034	Oetgens van Waveren	Oetgens van Waveren	Oetgens van Waveren
754	14102	republiek_797	20981	Vlaming van Oudtshoorn	Vlaming van Oudtshoorn	Vlaming van Oudtshoorn
755	14103	republiek_798	14035	Burgh	Burgh	Burgh
756	14104	republiek_799	20283	Bicker	Bicker	Bicker
757	14105	republiek_800	19943	Graeff	Graeff	Graeff
758	14106	republiek_801	19937	Backer	Backer	Backer
759	14107	republiek_802	20284	Bicker	Bicker	Bicker
760	14108	republiek_803	19982	Schaep	Schaep	Schaep
761	14109	republiek_2712	14036	Sixti	Sixti	Sixti
762	14110	republiek_2713	14037	Raed	Raed	Raed
763	14111	republiek_2714	14038	Huybert	Huybert	Huybert
764	14112	republiek_2715	14039	Nierop	Nierop	Nierop
765	14113	republiek_2716	14040	Veth	Veth	Veth
766	14114	republiek_2717	14041	Ockersse	Ockersse	Ockersse
767	14115	republiek_2718	14042	Keetlaer	Keetlaer	Keetlaer
768	14116	republiek_2719	14043	Meulen	Meulen	Meulen
769	14117	republiek_2720	14044	Cobmoyer	Cobmoyer	Cobmoyer
770	14118	republiek_2721	14045	Cau	Cau	Cau
771	14119	republiek_2722	14046	Kinschot	Kinschot	Kinschot
772	14120	republiek_2723	14047	Vos	Vos	Vos
773	14121	republiek_2724	14048	Clement	Clement	Clement
774	14122	republiek_2725	14049	Beaumont	Beaumont	Beaumont
775	14123	republiek_2726	14050	Hoey	Hoey	Hoey
776	14124	republiek_2727	14051	Aekersloot	Aekersloot	Aekersloot
777	14125	republiek_2728	14052	Ghijs	Ghijs	Ghijs
778	14126	republiek_2729	14053	Moris	Moris	Moris
779	14127	republiek_2730	14054	Ockersse	Ockersse	Ockersse
780	14128	republiek_2731	19696	Hove	Hove	Hove
781	14129	republiek_2732	14055	Graafland	Graafland	Graafland
782	14130	republiek_2733	14056	Schaep	Schaep	Schaep
783	14131	republiek_2734	14057	Bockhoven	Bockhoven	Bockhoven
784	14132	republiek_2735	14058	Cau	Cau	Cau
785	14133	republiek_2736	14059	Vitriarius	Vitriarius	Vitriarius
786	14134	republiek_2737	14060	Beukelaer	Beukelaer	Beukelaer
787	14135	republiek_2738	14061	Meerman	Meerman	Meerman
788	14136	republiek_2739	14062	Wassenaer	Wassenaer	Wassenaer
789	14137	republiek_2740	14063	Gillis	Gillis	Gillis
790	14138	republiek_2741	14064	Nolst	Nolst	Nolst
791	14139	republiek_2742	14065	Villates	Villates	Villates
792	14140	republiek_2743	20974	Hoogstraten	Hoogstraten	Hoogstraten
793	14141	republiek_2744	20431	Perponcher Sedlnitsky	Perponcher Sedlnitsky	Perponcher Sedlnitsky
794	14142	republiek_2745	14066	Merens	Merens	Merens
795	14143	republiek_2746	14067	Bassecour	Bassecour	Bassecour
796	14144	republiek_2747	14068	Rijgerbosch	Rijgerbosch	Rijgerbosch
797	14145	republiek_2748	14069	Collot d'Escury	Collot d'Escury	Collot d'Escury
798	14146	republiek_2749	14070	Beem	Beem	Beem
799	14147	republiek_2750	14071	Nispen	Nispen	Nispen
800	14148	republiek_2751	14072	Wybo	Wybo	Wybo
801	14149	republiek_2752	14073	Milet	Milet	Milet
802	14150	republiek_2753	14074	Mollerus	Mollerus	Mollerus
803	14151	republiek_2754	14075	Crane	Crane	Crane
804	14152	republiek_2755	14076	Citters	Citters	Citters
805	14153	republiek_2756	14077	Reigersman	Reigersman	Reigersman
806	14154	republiek_2757	14078	Boetzelaer	Boetzelaer	Boetzelaer
807	14155	republiek_2758	14079	Baelde	Baelde	Baelde
808	14156	republiek_2759	14080	Meerten	Meerten	Meerten
809	14157	republiek_2760	20343	Heim	Heim	Heim
810	14158	republiek_2761	14081	Graafland	Graafland	Graafland
811	14159	republiek_2762	14082	Groeneveld	Groeneveld	Groeneveld
812	14160	republiek_2763	14083	Noortbergh van Brandwijk	Noortbergh van Brandwijk	Noortbergh van Brandwijk
813	14161	republiek_2764	14084	Loeff	Loeff	Loeff
814	14162	republiek_2765	14085	Onderwater	Onderwater	Onderwater
815	14163	republiek_2766	14086	Boy	Boy	Boy
816	14164	republiek_2767	14087	Strijen	Strijen	Strijen
817	14165	republiek_2768	14088	Limborch	Limborch	Limborch
818	14166	republiek_2769	14089	Hertoge	Hertoge	Hertoge
819	14167	republiek_2770	14090	Limborch	Limborch	Limborch
820	14168	republiek_2771	14091	Cracht	Cracht	Cracht
821	14169	republiek_2772	14092	Criep	Criep	Criep
822	14170	republiek_2773	14093	Heerman	Heerman	Heerman
823	14171	republiek_2774	14094	Witte	Witte	Witte
824	14172	republiek_2775	14095	Campen	Campen	Campen
825	14173	republiek_2776	14096	Rosenboom	Rosenboom	Rosenboom
826	14174	republiek_2777	14097	Thierry	Thierry	Thierry
827	14175	republiek_2778	14098	Slicher	Slicher	Slicher
828	14176	republiek_2779	14099	Parker	Parker	Parker
829	14177	republiek_2780	14100	Bleyswijck	Bleyswijck	Bleyswijck
830	14178	republiek_2781	14101	Boey	Boey	Boey
831	14179	republiek_2782	14102	Bodt	Bodt	Bodt
832	14180	republiek_2783	14103	Royer	Royer	Royer
833	14181	republiek_2784	14104	Geniets	Geniets	Geniets
834	14182	republiek_2785	14105	Coninck	Coninck	Coninck
835	14183	republiek_2786	14106	Purtijck	Purtijck	Purtijck
836	14184	republiek_2787	14107	Woerden	Woerden	Woerden
837	14185	republiek_2788	14108	Suyrendael	Suyrendael	Suyrendael
838	14186	republiek_2789	14109	Meister	Meister	Meister
839	14187	republiek_2790	14110	Soutelande	Soutelande	Soutelande
840	14188	republiek_2791	14111	Surendael	Surendael	Surendael
841	14189	republiek_2792	14112	Huybert	Huybert	Huybert
842	14190	republiek_2793	14113	Hoogenhouck	Hoogenhouck	Hoogenhouck
843	14191	republiek_2794	14114	Graft	Graft	Graft
844	14192	republiek_4712	14115	Roy	Roy	Roy
845	14193	republiek_4713	14116	Reede	Reede	Reede
846	14194	republiek_4714	14117	Nijvelt	Nijvelt	Nijvelt
847	14197	republiek_4717	19842	Utenhove	Utenhove	Utenhove
848	14198	republiek_4718	14118	Cuijpere	Cuijpere	Cuijpere
849	14199	republiek_4719	14119	Panhuys	Panhuys	Panhuys
850	14200	republiek_4721	14120	Benthem	Benthem	Benthem
851	14201	republiek_4722	14121	Berck	Berck	Berck
852	14202	republiek_4723	14122	Panhuys	Panhuys	Panhuys
853	14204	republiek_4726	14123	Lockhorst	Lockhorst	Lockhorst
854	14205	republiek_4727	14124	Clercq	Clercq	Clercq
855	14206	republiek_4728	14125	Cupius	Cupius	Cupius
856	14207	republiek_4729	14126	Rossem	Rossem	Rossem
857	14208	republiek_4730	20660	Jong	Jong	Jong
858	14209	republiek_4731	14127	Beeck	Beeck	Beeck
859	14210	republiek_4732	14128	Leeuw	Leeuw	Leeuw
860	14211	republiek_4733	20835	Ewyck	Ewyck	Ewyck
861	14212	republiek_4734	20610	Elias, Wildschut	Elias	Elias
862	14213	republiek_4735	14129	Lockhorst	Lockhorst	Lockhorst
863	14214	republiek_4736	14130	Roëll	Roëll	Roëll
864	14215	republiek_4738	14131	Bochoven	Bochoven	Bochoven
865	14216	republiek_4739	14132	Capellen	Capellen	Capellen
866	14217	republiek_4740	14133	Boetzelaar	Boetzelaar	Boetzelaar
867	14218	republiek_4742	14134	Heijden	Heijden	Heijden
868	14219	republiek_4743	14135	Pesters	Pesters	Pesters
869	14220	republiek_4744	20979	Reede tot de Parkelaar	Reede tot de Parkelaar	Reede tot de Parkelaar
870	14221	republiek_4745	14136	Nassau la Lecq	Nassau la Lecq	Nassau la Lecq
871	14222	republiek_4746	14137	Westrenen	Westrenen	Westrenen
872	14224	republiek_4748	14138	Gobius	Gobius	Gobius
873	14225	republiek_4749	14139	Wuytiers, Barchman	Wuytiers, Barchman	Wuytiers, Barchman
874	14226	republiek_4750	14140	Reede en Agrim	Reede en Agrim	Reede en Agrim
875	14227	republiek_4751	14141	Hardenbroek	Hardenbroek	Hardenbroek
876	14228	republiek_4752	14142	Foeck	Foec	Foec
877	14229	republiek_5696	14143	Coenders van Helpen	Coenders van Helpen	Coenders van Helpen
878	14230	republiek_5697	20068	Alberda	Alberda	Alberda
879	14231	republiek_5698	14144	Trip	Trip	Trip
880	14232	republiek_5699	20293	Gruys	Gruys	Gruys
881	14233	republiek_5700	14145	Emmen	Emmen	Emmen
882	14234	republiek_5701	14146	Hola	Hola	Hola
883	14235	republiek_5702	14147	Chesnoij	Chesnoij	Chesnoij
884	14236	republiek_5703	14148	Entrup	Entrup	Entrup
885	14237	republiek_5704	14149	Alberda	Alberda	Alberda
886	14238	republiek_5705	14150	Muntinghe	Muntinghe	Muntinghe
887	14239	republiek_5706	14151	Sijsen	Sijsen	Sijsen
888	14240	republiek_5707	14152	Venhuisen	Venhuisen	Venhuisen
889	14241	republiek_5708	14153	Quintus	Quintus	Quintus
890	14242	republiek_5709	14154	Alberthoma	Alberthoma	Alberthoma
891	14243	republiek_5710	14155	Idsinga	Idsinga	Idsinga
892	14244	republiek_5711	14156	Wolbers	Wolbers	Wolbers
893	14245	republiek_5712	14157	Guichart	Guichart	Guichart
894	14246	republiek_5713	14158	Borch	Borch	Borch
895	14247	republiek_5714	14159	Knock	Knock	Knock
896	14248	republiek_5715	14160	Wichers	Wichers	Wichers
897	14249	republiek_5716	14161	Sitter	Sitter	Sitter
898	14250	republiek_5717	14162	Beckeringh	Beckeringh	Beckeringh
899	14251	republiek_5718	14163	Swinderen	Swinderen	Swinderen
900	14252	republiek_5719	14164	Sickinghe	Sickinghe	Sickinghe
901	14253	republiek_5720	14165	Keiser	Keiser	Keiser
902	14254	republiek_5721	14166	Raad	Raad	Raad
903	14255	republiek_5722	14167	Upmeijer	Upmeijer	Upmeijer
904	14256	republiek_5723	14168	Wichers	Wichers	Wichers
905	14257	republiek_5724	14169	Menninga	Menninga	Menninga
906	14258	republiek_5725	14170	Engelhard	Engelhard	Engelhard
907	14259	republiek_5726	14171	Trip	Trip	Trip
908	14260	republiek_5727	14172	Hoeth	Hoeth	Hoeth
909	14261	republiek_5728	14173	Entrup	Entrup	Entrup
910	14262	republiek_5729	14174	Tjassens	Tjassens	Tjassens
911	14263	republiek_5730	14175	Guichart	Guichart	Guichart
912	14264	republiek_5731	19767	Maneel	Maneel	Maneel
913	14265	republiek_5732	14176	Keiser	Keiser	Keiser
914	14266	republiek_5733	14177	Alberda	Alberda	Alberda
915	14267	republiek_5734	14178	Alberda	Alberda	Alberda
916	14268	republiek_5735	19748	Tamminga	Tamminga	Tamminga
917	14269	republiek_5736	14179	Julsingha	Julsingha	Julsingha
918	14270	republiek_804	20603	Vlaming van Oudtshoorn	Vlaming van Oudtshoorn	Vlaming van Oudtshoorn
919	14271	republiek_805	19945	Hoorn	Hoorn	Hoorn
920	14272	republiek_806	19980	Tulp	Tulp	Tulp
921	14273	republiek_807	19997	Hasselaer	Hasselaer	Hasselaer
922	14274	republiek_808	19998	Hooft	Hooft	Hooft
923	14275	republiek_809	19940	Valckenier	Valckenier	Valckenier
924	14276	republiek_810	19951	Witsen	Witsen	Witsen
925	14277	republiek_811	14180	Pancras	Pancras	Pancras
926	14278	republiek_812	20001	Heemskerck	Heemskerck	Heemskerck
927	14279	republiek_813	19999	Boreel	Boreel	Boreel
928	14280	republiek_814	19996	Geelvinck	Geelvinck	Geelvinck
929	14281	republiek_815	14181	Opmeer	Opmeer	Opmeer
930	14282	republiek_816	19947	Hinlopen	Hinlopen	Hinlopen
931	14283	republiek_817	14182	Bors van Waveren	Bors van Waveren	Bors van Waveren
932	14284	republiek_818	14183	Haze de Georgio	Haze de Georgio	Haze de Georgio
933	14285	republiek_819	20007	Bors van Waveren	Bors van Waveren	Bors van Waveren
934	14286	republiek_820	20011	Velters	Velters	Velters
935	14287	republiek_821	20006	Pancras	Pancras	Pancras
936	14288	republiek_822	19948	Geelvinck	Geelvinck	Geelvinck
937	14289	republiek_823	20008	Bambeeck	Bambeeck	Bambeeck
938	14290	republiek_824	19812	Bempden	Bempden	Bempden
939	14291	republiek_825	20023	Backer	Backer	Backer
940	14292	republiek_826	20016	Huydecoper	Huydecoper	Huydecoper
941	14293	republiek_827	20019	Poll	Poll	Poll
942	14294	republiek_828	14184	Bempden	Bempden	Bempden
943	14295	republiek_829	19953	Boreel	Boreel	Boreel
944	14296	republiek_830	19959	Hop	Hop	Hop
945	14297	republiek_833	14185	Leyden van Leeuwen	Leyden van Leeuwen	Leyden van Leeuwen
946	14298	republiek_834	14186	Ruijsch	Ruijsch	Ruijsch
947	14299	republiek_835	14187	Banchem	Banchem	Banchem
948	14300	republiek_836	14188	Groeneveld	Groeneveld	Groeneveld
949	14301	republiek_837	14189	Eleman	Eleman	Eleman
950	14302	republiek_838	14190	Kerchem	Kerchem	Kerchem
951	14303	republiek_839	14191	Dorp	Dorp	Dorp
952	14304	republiek_840	14192	Heemskerk	Heemskerk	Heemskerk
953	14305	republiek_841	14193	Bergh	Bergh	Bergh
954	14306	republiek_842	14194	Hoogenhouk	Hoogenhouk	Hoogenhouk
955	14307	republiek_843	14195	Heemskerk	Heemskerk	Heemskerk
956	14308	republiek_844	14196	Berkhout	Berkhout	Berkhout
957	14309	republiek_845	14197	Hoogeveen	Hogeveen	Hogeveen
958	14310	republiek_846	14198	Tol	Tol	Tol
959	14311	republiek_847	14199	Lanschot	Lanschot	Lanschot
960	14312	republiek_848	14200	Lanschot	Lanschot	Lanschot
961	14313	republiek_850	14201	Baersdorp	Baersdorp	Baersdorp
962	14314	republiek_851	14202	Duyck de Jode	Duyck de Jode	Duyck de Jode
963	14315	republiek_852	14203	Duyck de Jode	Duyck de Jode	Duyck de Jode
964	14316	republiek_853	14204	Brouchoven	Brouchoven	Brouchoven
965	14317	republiek_854	14205	Brouchoven	Brouchoven	Brouchoven
966	14318	republiek_855	14206	Thorenvliet	Thorenvliet	Thorenvliet
967	14319	republiek_856	14207	Goes	Goes	Goes
968	14320	republiek_857	14208	Weesp	Weesp	Weesp
969	14321	republiek_858	14209	Verboom	Verboom	Verboom
970	14322	republiek_862	14210	Groenendijck	Groenendijck	Groenendijck
971	14323	republiek_863	14211	Swanenburgh	Swanenburgh	Swanenburgh
972	14324	republiek_864	14212	Baersdorp	Baersdorp	Baersdorp
973	14325	republiek_865	14213	Baersdorp	Baersdorp	Baersdorp
974	14326	republiek_866	14214	Gael	Gael	Gael
975	14327	republiek_867	14215	Deyman	Deyman	Deyman
976	14328	republiek_869	14216	Meerman	Meerman	Meerman
977	14329	republiek_870	14217	Aa	Aa	Aa
978	14330	republiek_871	14218	Meer	Meer	Meer
979	14331	republiek_872	14219	Meer	Meer	Meer
980	14332	republiek_873	14220	Eleman	Eleman	Eleman
981	14333	republiek_874	14221	Paedts	Paedts	Paedts
982	14334	republiek_875	19987	Cattenburch	Cattenburch	Cattenburch
983	14335	republiek_876	14222	Burch	Burch	Burch
984	14336	republiek_877	14223	Burch	Burch	Burch
985	14337	republiek_878	14224	Kerckhoven	Kerckhoven	Kerckhoven
986	14338	republiek_879	14225	Dussen	Dussen	Dussen
987	14339	republiek_880	20184	Dussen	Dussen	Dussen
988	14340	republiek_881	14226	Lestevenon	Lestevenon	Lestevenon
989	14341	republiek_882	20185	Lange	Lange	Lange
990	14342	republiek_883	14227	Lange	Lange	Lange
991	14343	republiek_885	14228	Does	Does	Does
992	14344	republiek_886	14229	Does	Does	Does
993	14345	republiek_888	14230	Groenendijk	Groenendijk	Groenendijk
994	14346	republiek_889	14231	Vrije	Vrije	Vrije
995	14347	republiek_890	14232	Someren van Vrijenes	Someren van Vrijenes	Someren van Vrijenes
996	14348	republiek_892	14233	Strijen	Strijen	Strijen
997	14349	republiek_893	14234	Suijs	Suijs	Suijs
998	14350	republiek_894	14235	Teijsen	Teijsen	Teijsen
999	14351	republiek_895	14236	Togt	Togt	Togt
1000	14352	republiek_896	14237	Hoogwerff	Hoogwerff	Hoogwerff
1001	14353	republiek_897	14238	Jongkint	Jongkint	Jongkint
1002	14354	republiek_899	14239	Crabeth	Crabeth	Crabeth
1003	14355	republiek_900	14240	Abbesteegh	Abbesteegh	Abbesteegh
1004	14356	republiek_901	14241	Blijdenberg	Blijdenberg	Blijdenberg
1005	14357	republiek_903	14242	Crucius	Crucius	Crucius
1006	14358	republiek_904	14243	Kegelingh	Kegelingh	Kegelingh
1007	14359	republiek_905	14244	Loncq	Loncq	Loncq
1008	14360	republiek_906	14245	Schoonhoven	Schoonhoven	Schoonhoven
1009	14361	republiek_908	14246	Vlack	Vlack	Vlack
1010	14362	republiek_909	14247	Houtman	Houtman	Houtman
1011	14363	republiek_910	14248	Hart	Hart	Hart
1012	14364	republiek_911	14249	Lange	Lange	Lange
1013	14365	republiek_912	14250	Lange	Lange	Lange
1014	14366	republiek_913	14251	Vesanevelt	Vesanevelt	Vesanevelt
1015	14367	republiek_914	14252	Banchem	Banchem	Banchem
1016	14368	republiek_915	14253	Maas	Maas	Maas
1017	14369	republiek_916	14254	Assendelft	Assendelft	Assendelft
1018	14370	republiek_917	14255	Grootveld	Grootveld	Grootveld
1019	14371	republiek_918	14256	Moeringh	Moeringh	Moeringh
1020	14372	republiek_919	14257	Westerhout	Westerhout	Westerhout
1021	14373	republiek_920	14258	Bonser	Bonser	Bonser
1022	14374	republiek_921	14259	Abbesteegh	Abbesteegh	Abbesteegh
1023	14375	republiek_922	14260	Graeff	Graeff	Graeff
1024	14376	republiek_923	14261	Cincq	Cincq	Cincq
1025	14377	republiek_924	14262	Verboom	Verboom	Verboom
1026	14378	republiek_925	14263	Herberts	Herberts	Herberts
1027	14379	republiek_926	14264	Vossenburch	Vossenburch	Vossenburch
1028	14380	republiek_927	14265	Cant	Cant	Cant
1029	14381	republiek_928	14266	Crabeth	Crabeth	Crabeth
1030	14382	republiek_929	14267	Cool	Cool	Cool
1031	14383	republiek_930	14268	Vrije	Vrije	Vrije
1032	14384	republiek_931	14269	Cool	Cool	Cool
1033	14385	republiek_932	14270	Steenwijck	Steenwijck	Steenwijck
1034	14386	republiek_933	14271	Antwerpen	Antwerpen	Antwerpen
1035	14387	republiek_934	14272	Ophemert	Ophemert	Ophemert
1036	14388	republiek_935	14273	Hart	Hart	Hart
1037	14389	republiek_936	14274	Trist	Trist	Trist
1038	14390	republiek_937	14275	Vroesen	Vroesen	Vroesen
1039	14391	republiek_939	14276	Hogenberch	Hogenberch	Hogenberch
1040	14392	republiek_940	14277	Rosendael	Rosendael	Rosendael
1041	14393	republiek_941	14278	Rietveld	Rietveld	Rietveld
1042	14394	republiek_943	14279	Beverningh	Beverningh	Beverningh
1043	14395	republiek_944	14280	Teylingen	Teylingen	Teylingen
1044	14396	republiek_945	14281	Tocht	Tocht	Tocht
1045	14397	republiek_946	14282	Swaenswijck	Swaenswijck	Swaenswijck
1046	14398	republiek_948	14283	Vereyck	Vereyck	Vereyck
1047	14399	republiek_949	14284	Sas	Sas	Sas
1048	14400	republiek_950	14285	Marcellus	Marcellus	Marcellus
1049	14401	republiek_951	14286	Minne	Minne	Minne
1050	14402	republiek_952	14287	Crabeth	Crabeth	Crabeth
1051	14403	republiek_953	14288	Houtman	Houtman	Houtman
1052	14404	republiek_954	14289	Dam	Dam	Dam
1053	14405	republiek_955	14290	Cincq	Cincq	Cincq
1054	14406	republiek_956	14291	Cool	Cool	Cool
1055	14407	republiek_957	14292	Hoogh	Hoogh	Hoogh
1056	14408	republiek_958	14293	Versteegh	Versteegh	Versteegh
1057	14409	republiek_959	14294	Lange	Lange	Lange
1058	14410	republiek_960	14295	Kemp	Kemp	Kemp
1059	14411	republiek_961	14296	Deijm	Deijm	Deijm
1060	14412	republiek_962	14297	Grootvelt	Grootvelt	Grootvelt
1061	14413	republiek_963	14298	Grootvelt	Grootvelt	Grootvelt
1062	14414	republiek_964	14299	Ameijde	Ameijde	Ameijde
1063	14415	republiek_965	14300	Drept	Drept	Drept
1064	14416	republiek_966	14301	Crom van Asperen	Crom van Asperen	Crom van Asperen
1065	14417	republiek_967	14302	Erkelens	Erkelens	Erkelens
1066	14418	republiek_968	14303	Vervoorn	Vervoorn	Vervoorn
1067	14419	republiek_969	14304	Boelissen	Boelissen	Boelissen
1068	14420	republiek_970	14305	Manson	Manson	Manson
1069	14421	republiek_971	14306	Snoek	Snoek	Snoek
1070	14422	republiek_972	14307	Boxel	Boxel	Boxel
1071	14423	republiek_973	14308	Does	Does	Does
1072	14424	republiek_974	14309	Hoey	Hoey	Hoey
1073	14425	republiek_975	14310	Sprang	Sprang	Sprang
1074	14426	republiek_976	14311	Schilthouwer	Schilthouwer	Schilthouwer
1075	14427	republiek_977	14312	Praem	Praem	Praem
1076	14428	republiek_978	14313	Leeuwen van Wusthuijsen	Leeuwen van Wusthuijsen	Leeuwen van Wusthuijsen
1077	14429	republiek_979	14314	Erp	Erp	Erp
1078	14430	republiek_981	14315	Assendelft	Assendelft	Assendelft
1079	14431	republiek_982	14316	Dierhout	Dierhout	Dierhout
1080	14432	republiek_983	14317	Neercassel	Neercassel	Neercassel
1081	14433	republiek_984	14318	Heusden	Heusden	Heusden
1082	14434	republiek_985	14319	Colck	Colck	Colck
1083	14435	republiek_986	14320	Loosen	Loosen	Loosen
1084	14436	republiek_987	14321	Vechoven	Vechoven	Vechoven
1085	14437	republiek_988	14322	Hurck	Hurck	Hurck
1086	14438	republiek_989	14323	Couwenhoven	Couwenhoven	Couwenhoven
1087	14439	republiek_990	14324	Gans	Gans	Gans
1088	14440	republiek_991	14325	Gellinchuysen	Gellinchuysen	Gellinchuysen
1089	14441	republiek_992	14326	Commersteyn	Commersteyn	Commersteyn
1090	14442	republiek_993	14327	Ormea	Ormea	Ormea
1091	14443	republiek_994	14328	Gerbode	Gerbode	Gerbode
1092	14444	republiek_995	14329	Commersteyn	Commersteyn	Commersteyn
1093	14445	republiek_996	14330	Sem	Sem	Sem
1094	14446	republiek_997	14331	Poth	Poth	Poth
1095	14447	republiek_998	14332	Berkhout	Berkhout	Berkhout
1096	14448	republiek_999	14333	Dijk	Dijk	Dijk
1097	14449	republiek_1000	14334	Deym	Deym	Deym
1098	14450	republiek_1001	14335	Byemont	Byemont	Byemont
1099	14451	republiek_1002	14336	Wilhem	Wilhem	Wilhem
1100	14452	republiek_1003	14337	Almonde	Almonde	Almonde
1101	14453	republiek_1004	14338	Poel	Poel	Poel
1102	14454	republiek_1005	14339	Leenmans	Leenmans	Leenmans
1103	14455	republiek_1006	14340	Tael	Tael	Tael
1104	14456	republiek_1007	14341	Deym	Deym	Deym
1105	14457	republiek_1008	14342	Helsdingen	Helsdingen	Helsdingen
1106	14458	republiek_1009	14343	Leeuwen	Leeuwen	Leeuwen
1107	14459	republiek_1010	14344	Nieustadt	Nieustadt	Nieustadt
1108	14460	republiek_1011	14345	Helsdingen	Helsdingen	Helsdingen
1109	14461	republiek_1012	14346	Almonde	Almonde	Almonde
1110	14462	republiek_1013	14347	Leyden van Leeuwen	Leyden van Leeuwen	Leyden van Leeuwen
1111	14463	republiek_1014	14348	Bramen	Bramen	Bramen
1112	14464	republiek_1015	14349	Heim	Heim	Heim
1113	14465	republiek_1016	14350	Verdam	Verdam	Verdam
1114	14466	republiek_1017	14351	Brasser	Brasser	Brasser
1115	14467	republiek_1018	14352	Bouman	Bouman	Bouman
1116	14468	republiek_1019	14353	Bolleman	Bolleman	Bolleman
1117	14469	republiek_1020	14354	Jonas	Jonas	Jonas
1118	14470	republiek_1021	14355	Nieupoort	Nieupoort	Nieupoort
1119	14471	republiek_1022	14356	Dussen	Dussen	Dussen
1120	14472	republiek_1023	14357	Cleeff	Cleeff	Cleeff
1121	14473	republiek_1024	14358	Bois	Bois	Bois
1122	14474	republiek_1025	14359	Jonasz.	Jonasz.	Jonasz.
1123	14475	republiek_1026	14360	Beijs	Beijs	Beijs
1124	14476	republiek_1027	14361	Dussen	Dussen	Dussen
1125	14477	republiek_1028	14362	Pesser van Velsen	Pesser van Velsen	Pesser van Velsen
1126	14478	republiek_1029	14363	Driel	Driel	Driel
1127	14479	republiek_1030	14364	Bleyswijk	Bleyswijk	Bleyswijk
1128	14480	republiek_1031	14365	Dussen	Dussen	Dussen
1129	14481	republiek_1032	14366	Niesen	Niesen	Niesen
1130	14482	republiek_1033	14367	Hulshout	Hulshout	Hulshout
1131	14483	republiek_1034	14368	Pesser van Velsen	Pesser van Velsen	Pesser van Velsen
1132	14484	republiek_1035	14369	Gordon	Gordon	Gordon
1133	14485	republiek_1036	14370	Heuvel	Heuvel	Heuvel
1134	14486	republiek_1038	14371	Brasser	Brasser	Brasser
1135	14487	republiek_1039	14372	Hulshout	Hulshout	Hulshout
1136	14488	republiek_1040	14373	Schuijlenburch	Schuijlenburch	Schuijlenburch
1137	14489	republiek_1041	14374	Grootvelt	Grootvelt	Grootvelt
1138	14490	republiek_1042	14375	Staal	Staal	Staal
1139	14491	republiek_1043	14376	Boelens	Boelens	Boelens
1140	14492	republiek_1044	14377	Boelisz.	Boelisz.	Boelisz.
1141	14493	republiek_1045	14378	Goijer	Goijer	Goijer
1142	14494	republiek_1046	14379	Beecke	Beecke	Beecke
1143	14495	republiek_1048	14380	Westwoude	Westwoude	Westwoude
1144	14496	republiek_1049	19989	Westwoud	Westwoud	Westwoud
1145	14497	republiek_1050	14381	Wit	Wit	Wit
1146	14499	republiek_1054	14382	Hinlopen	Hinlopen	Hinlopen
1147	14500	republiek_1055	14383	Sijms	Sijms	Sijms
1148	14501	republiek_1056	14384	Sijms	Sijms	Sijms
1149	14502	republiek_1057	14385	Abbekerk	Abbekerk	Abbekerk
1150	14503	republiek_1058	14386	Blocquery	Blocquery	Blocquery
1151	14504	republiek_1060	14387	Verboom	Verboom	Verboom
1152	14505	republiek_1061	14388	Herwaerden	Herwaerden	Herwaerden
1153	14507	republiek_1063	20005	Bas	Bas	Bas
1154	14508	republiek_1064	14389	Aerssen	Aerssen	Aerssen
1155	14509	republiek_1065	14390	Muys van Holy	Muys van Holy	Muys van Holy
1156	14510	republiek_1066	14391	Mierop	Mierop	Mierop
1157	14511	republiek_1067	14392	Mierop	Mierop	Mierop
1158	14512	republiek_1068	14393	Slingelandt	Slingelandt	Slingelandt
1159	14513	republiek_1069	14394	Duyck	Duyck	Duyck
1160	14514	republiek_1070	14395	Wolff	Wolff	Wolff
1161	14515	republiek_1071	14396	Rechtere	Rechtere	Rechtere
1162	14516	republiek_1072	14397	Clevesteyn	Clevesteyn	Clevesteyn
1163	14517	republiek_1073	14398	Buys	Buys	Buys
1164	14518	republiek_1074	14399	Clotterbooke	Clotterbooke	Clotterbooke
1165	14519	republiek_1076	14400	Roijer	Roijer	Roijer
1166	14520	republiek_1077	14401	Straten	Straten	Straten
1167	14521	republiek_1078	14402	Halewijn	Halewijn	Halewijn
1168	14522	republiek_1079	14403	Graef	Graef	Graef
1169	14523	republiek_1080	14404	Emants	Emants	Emants
1170	14524	republiek_1081	14405	Akersloot	Akersloot	Akersloot
1171	14525	republiek_1082	14406	Berkenrode	Berkenrode	Berkenrode
1172	14526	republiek_1083	14407	Backer	Backer	Backer
1173	14527	republiek_1084	14408	Boll	Boll	Boll
1174	14528	republiek_1085	14409	Bosvelt	Bosvelt	Bosvelt
1175	14529	republiek_1086	14410	Backer	Backer	Backer
1176	14530	republiek_1087	14411	Brakel	Brakel	Brakel
1177	14531	republiek_1088	14412	Camer	Camer	Camer
1178	14532	republiek_1089	14413	Colterman	Colterman	Colterman
1179	14533	republiek_1090	14414	Deyman	Deyman	Deyman
1180	14534	republiek_1091	20196	Dicx	Dicx	Dicx
1181	14535	republiek_1093	14415	Fabricius	Fabricius	Fabricius
1182	14536	republiek_1094	14416	Gravesteijn	Gravesteijn	Gravesteijn
1183	14537	republiek_1095	14417	Guldewagen	Guldewagen	Guldewagen
1184	14538	republiek_1096	14418	Laen	Laen	Laen
1185	14539	republiek_1097	14419	Meer	Meer	Meer
1186	14540	republiek_1098	14420	Nieuwenhuysen	Nieuwenhuysen	Nieuwenhuysen
1187	14541	republiek_1099	14421	Raet	Raet	Raet
1188	14542	republiek_1100	14422	Ruychaver	Ruychaver	Ruychaver
1189	14543	republiek_1101	14423	Schoterbosch	Schoterbosch	Schoterbosch
1190	14544	republiek_1102	14424	Berkenrode	Berkenrode	Berkenrode
1191	14545	republiek_1103	14425	Valkenburg	Valkenburg	Valkenburg
1192	14546	republiek_1104	14426	Teylingen	Teylingen	Teylingen
1193	14547	republiek_1105	20934	Thomasz.	Thomasz.	Thomasz.
1194	14548	republiek_1106	14427	Sont	Sont	Sont
1195	14549	republiek_1107	14428	Reus	Reus	Reus
1196	14550	republiek_1108	14429	Hoogeveen	Hoogeveen	Hoogeveen
1197	14551	republiek_1109	14430	Graeff	Graeff	Graeff
1198	14552	republiek_1110	14431	Burch	Burch	Burch
1199	14553	republiek_1112	14432	Moel	Moel	Moel
1200	14554	republiek_1114	14433	Moerkerken	Moerkerken	Moerkerken
1201	14555	republiek_1115	14434	Wel	Wel	Wel
1202	14556	republiek_1116	14435	Santen	Santen	Santen
1203	14557	republiek_1117	14436	Valckesteyn	Valckesteyn	Valckesteyn
1204	14558	republiek_1118	14437	Blok	Blok	Blok
1205	14559	republiek_1119	14438	Foreest	Foreest	Foreest
1206	14560	republiek_1120	14439	Foreest	Foreest	Foreest
1207	14561	republiek_1121	14440	Foreest	Foreest	Foreest
1208	14562	republiek_1122	14441	Foreest	Foreest	Foreest
1209	14563	republiek_1123	14442	Foreest	Foreest	Foreest
1210	14564	republiek_1124	14443	Stralen	Stralen	Stralen
1211	14565	republiek_1125	14444	Coninck	Coninck	Coninck
1212	14566	republiek_1126	14445	Carbasius	Carbasius	Carbasius
1213	14567	republiek_1127	14446	Groot	Groot	Groot
1214	14568	republiek_1128	14447	Maelson	Maelson	Maelson
1215	14569	republiek_1129	14448	Engelsman	Engelsman	Engelsman
1216	14570	republiek_1130	14449	Soop	Soop	Soop
1217	14571	republiek_1131	14450	Molenwerff	Molenwerff	Molenwerff
1218	14572	republiek_1132	14451	Crap	Crap	Crap
1219	14573	republiek_1133	14452	Sonck	Sonck	Sonck
1220	14574	republiek_1134	14453	Binneblijf	Binneblijf	Binneblijf
1221	14575	republiek_1135	14454	Veen	Veen	Veen
1222	14576	republiek_1136	14455	Merens	Merens	Merens
1223	14577	republiek_1137	14456	Kuyper	Kuyper	Kuyper
1224	14578	republiek_1138	14457	Burritsz.	Burritsz.	Burritsz.
1225	14579	republiek_1139	14458	Veen	Veen	Veen
1226	14580	republiek_1140	14459	Jacobsz.	Jacobsz.	Jacobsz.
1227	14581	republiek_1141	14460	Crap	Crap	Crap
1228	14582	republiek_1142	14461	Lammertschagen	Lammertschagen	Lammertschagen
1229	14583	republiek_1143	14462	Jager	Jager	Jager
1230	14584	republiek_1144	14463	Wybo	Wybo	Wybo
1231	14585	republiek_1145	14464	Hoogtwoud	Hoogtwoud	Hoogtwoud
1232	14586	republiek_1146	14465	Keyser	Keyser	Keyser
1233	14587	republiek_1147	14466	Ben	Ben	Ben
1234	14588	republiek_1148	14467	Groot	Groot	Groot
1235	14589	republiek_1149	14468	Twisk	Twisk	Twisk
1236	14590	republiek_1150	14469	Hovius	Hovius	Hovius
1237	14591	republiek_1151	14470	Langewagen	Langewagen	Langewagen
1238	14592	republiek_1152	14471	Sonck	Sonck	Sonck
1239	14593	republiek_1153	14472	Veen	Veen	Veen
1240	14594	republiek_1154	14473	Neck	Neck	Neck
1241	14595	republiek_1155	14474	Roosekrans	Roosekrans	Roosekrans
1242	14596	republiek_1156	14475	Munnick	Munnick	Munnick
1243	14597	republiek_1157	14476	Jongh(e)	Jongh(e)	Jongh(e)
1244	14598	republiek_1158	14477	Lobs	Lobs	Lobs
1245	14599	republiek_1159	14478	Sanen	Sanen	Sanen
1246	14600	republiek_1160	14479	Beets	Beets	Beets
1247	14601	republiek_1161	14480	Broeder	Broeder	Broeder
1248	14602	republiek_1162	14481	Huyg	Huyg	Huyg
1249	14603	republiek_1163	14482	Sieuwsz.	Sieuwsz.	Sieuwsz.
1250	14604	republiek_1164	14483	Huyg	Huyg	Huyg
1251	14605	republiek_1165	14484	Rengers	Rengers	Rengers
1252	14606	republiek_1166	14485	Jacobsz.	Jacobsz.	Jacobsz.
1253	14607	republiek_1167	14486	Gerbrandsz.	Gerbrandsz.	Gerbrandsz.
1254	14608	republiek_1168	14487	Rengers	Rengers	Rengers
1255	14609	republiek_1169	14488	Pont	Pont	Pont
1256	14610	republiek_1170	14489	Houttuijn	Houttuijn	Houttuijn
1257	14611	republiek_1171	14490	Hoek	Hoek	Hoek
1258	14612	republiek_1172	14491	Groot	Groot	Groot
1259	14613	republiek_1173	14492	Janknegt	Janknegt	Janknegt
1260	14614	republiek_1174	14493	Houtcooper	Houtcooper	Houtcooper
1261	14615	republiek_1175	14494	Heijndricxz	Heijndricxz	Heijndricxz
1262	14616	republiek_1176	14495	Pieterbaas	Pieterbaas	Pieterbaas
1263	14617	republiek_1177	14496	Hens	Hens	Hens
1264	14618	republiek_1178	14497	Outclaas	Outclaas	Outclaas
1265	14619	republiek_1179	14498	Cornelisz.	Cornelisz.	Cornelisz.
1266	14620	republiek_1180	14499	Houttuijn	Houttuijn	Houttuijn
1267	14621	republiek_1181	14500	Bouwensz.	Bouwensz.	Bouwensz.
1268	14622	republiek_1182	14501	Keetman	Keetman	Keetman
1269	14623	republiek_1183	14502	Pols	Pols	Pols
1270	14624	republiek_1184	14503	Broeck	Broeck	Broeck
1271	14625	republiek_1185	14504	Brasker	Brasker	Brasker
1272	14626	republiek_1186	14505	Outclaas	Outclaas	Outclaas
1273	14627	republiek_1187	14506	Taamses	Taamses	Taamses
1274	14628	republiek_1188	14507	Pieteijs	Pieteijs	Pieteijs
1275	14629	republiek_1189	14508	Jacobsz.	Jacobsz.	Jacobsz.
1276	14630	republiek_1190	14509	Visscher	Visscher	Visscher
1277	14631	republiek_1191	14510	Kort	Kort	Kort
1278	14632	republiek_1192	14511	Hoogerbeets	Hoogerbeets	Hoogerbeets
1279	14633	republiek_1193	14512	Meynertsz.	Meynertsz.	Meynertsz.
1280	14634	republiek_1194	14513	Swart	Swart	Swart
1281	14635	republiek_1195	14514	Fransz.	Fransz.	Fransz.
1282	14636	republiek_1196	14515	Vaal	Vaal	Vaal
1283	14637	republiek_1197	14516	Coster	Coster	Coster
1284	14638	republiek_1198	14517	Fortuijn	Fortuijn	Fortuijn
1285	14639	republiek_1199	14518	Schagen	Schagen	Schagen
1286	14640	republiek_1200	14519	Lieves	Lieves	Lieves
1287	14641	republiek_1201	14520	Verwer	Verwer	Verwer
1288	14642	republiek_1202	14521	Lynslager	Lynslager	Lynslager
1289	14643	republiek_1203	14522	Busier	Busier	Busier
1290	14644	republiek_1204	14523	Nanningsz.	Nanningsz.	Nanningsz.
1291	14645	republiek_1205	14524	Aker	Aker	Aker
1292	14646	republiek_1206	14525	Werff	Werff	Werff
1293	14647	republiek_1207	14526	Coen	Coen	Coen
1294	14648	republiek_1208	14527	Zee	Zee	Zee
1295	14649	republiek_1209	14528	Aker	Aker	Aker
1296	14650	republiek_1210	14529	Roocker	Roocker	Roocker
1297	14651	republiek_1211	14530	Schellinger	Schellinger	Schellinger
1298	14652	republiek_1212	14531	Puyner	Puyner	Puyner
1299	14653	republiek_1213	14532	Brouwer	Brouwer	Brouwer
1300	14654	republiek_1214	14533	Zee	Zee	Zee
1301	14655	republiek_1215	14534	Boos	Boos	Boos
1302	14656	republiek_1216	14535	Hauwert	Hauwert	Hauwert
1303	14657	republiek_1217	14536	Zyp	Zyp	Zyp
1304	14658	republiek_1218	14537	Snoeck	Snoeck	Snoeck
1305	14659	republiek_1219	14538	Pietersz.	Pietersz.	Pietersz.
1306	14660	republiek_1220	14539	Hoffmunter	Hoffmunter	Hoffmunter
1307	14661	republiek_1221	14540	Maelson	Maelson	Maelson
1308	14662	republiek_1222	14541	Kopges	Kopges	Kopges
1309	14663	republiek_1223	14542	Gerritsz.	Gerritsz.	Gerritsz.
1310	14664	republiek_1224	14543	Brouwer	Brouwer	Brouwer
1311	14665	republiek_1225	14544	Scharlaeken	Scharlaeken	Scharlaeken
1312	14666	republiek_1226	14545	Grota	Grota	Grota
1313	14667	republiek_1227	14546	Krijtman	Krijtman	Krijtman
1314	14668	republiek_1228	14547	Homan	Homan	Homan
1315	14669	republiek_1229	14548	Schipper	Schipper	Schipper
1316	14670	republiek_1230	14549	Palenstein	Palenstein	Palenstein
1317	14671	republiek_1231	14550	Botercoper	Botercoper	Botercoper
1318	14672	republiek_1232	14551	Brouwer	Brouwer	Brouwer
1319	14673	republiek_1233	14552	Lucasz.	Lucasz.	Lucasz.
1320	14674	republiek_1234	14553	Druif	Druif	Druif
1321	14675	republiek_1235	14554	Ossekooper	Ossekooper	Ossekooper
1322	14676	republiek_1236	14555	Moeskoker	Moeskoker	Moeskoker
1323	14677	republiek_1237	14556	Noordtlandt	Noordtlandt	Noordtlandt
1324	14678	republiek_1238	14557	Kamerlingh	Kamerlingh	Kamerlingh
1325	14679	republiek_1239	14558	Guldenarm	Guldenarm	Guldenarm
1326	14680	republiek_1240	14559	Timmerman	Timmerman	Timmerman
1327	14681	republiek_1241	14560	Hardenbol	Hardenbol	Hardenbol
1328	14682	republiek_1242	14561	Compostel	Compostel	Compostel
1329	14683	republiek_1243	14562	Lakenman	Lakenman	Lakenman
1330	14684	republiek_1244	14563	Semeyn	Semeyn	Semeyn
1331	14685	republiek_1245	14564	Hagha	Hagha	Hagha
1332	14686	republiek_1246	14565	Florisz.	Florisz.	Florisz.
1333	14687	republiek_1247	14566	Blaeu	Blaeu	Blaeu
1334	14688	republiek_1248	14567	Vis	Vis	Vis
1335	14689	republiek_1249	14568	Jonghknecht	Jonghknecht	Jonghknecht
1336	14690	republiek_1250	14569	Wijnkooper	Wijnkooper	Wijnkooper
1337	14691	republiek_1251	14570	Foreest	Foreest	Foreest
1338	14692	republiek_1252	14571	Torenburgh	Torenburgh	Torenburgh
1339	14693	republiek_1253	14572	Rabbi	Rabbi	Rabbi
1340	14694	republiek_1254	14573	Cromhout	Cromhout	Cromhout
1341	14695	republiek_1255	14574	Calf	Calf	Calf
1342	14696	republiek_1256	14575	Steenhuysen	Steenhuysen	Steenhuysen
1343	14697	republiek_1257	14576	Cooren	Cooren	Cooren
1344	14698	republiek_1258	14577	Berch	Berch	Berch
1345	14699	republiek_1259	14578	Teylingen	Teylingen	Teylingen
1346	14700	republiek_1260	14579	Medemblick	Medemblick	Medemblick
1347	14701	republiek_1261	14580	Schagen	Schagen	Schagen
1348	14702	republiek_1262	14581	Wittendel	Wittendel	Wittendel
1349	14703	republiek_1263	14582	Teylingen	Teylingen	Teylingen
1350	14704	republiek_1264	14583	Vrijburch	Vrijburch	Vrijburch
1351	14705	republiek_1265	14584	Teylingen	Teylingen	Teylingen
1352	14706	republiek_1266	14585	Egmond van de Nijenburg	Egmond van de Nijenburg	Egmond van de Nijenburg
1353	14707	republiek_1267	14586	Rijp	Rijp	Rijp
1354	14708	republiek_1268	20330	Egmond van de Nijenburg	Egmond van de Nijenburg	Egmond van de Nijenburg
1355	14709	republiek_1269	14587	Kessel	Kessel	Kessel
1356	14710	republiek_1270	14588	Oudensteyn	Oudensteyn	Oudensteyn
1357	14711	republiek_1271	14589	Sonnevelt	Sonnevelt	Sonnevelt
1358	14712	republiek_1272	14590	Zeylemaker	Zeylemaker	Zeylemaker
1359	14713	republiek_1273	14591	Clock	Clock	Clock
1360	14714	republiek_1274	14592	Teylingen	Teylingen	Teylingen
1361	14715	republiek_1275	20227	Egmond van de Nijenburg	Egmond van de Nijenburg	Egmond van de Nijenburg
1362	14716	republiek_1276	14593	Baert	Baert	Baert
1363	14717	republiek_1277	14594	Sevenhuijsen	Sevenhuijsen	Sevenhuijsen
1364	14718	republiek_1278	14595	Steenhuysen	Steenhuysen	Steenhuysen
1365	14719	republiek_1279	14596	Aris	Aris	Aris
1366	14720	republiek_1280	14597	Lourisz.	Lourisz.	Lourisz.
1367	14721	republiek_1281	14598	Brouwer	Brouwer	Brouwer
1368	14723	republiek_1283	14599	Heering	Heering	Heering
1369	14724	republiek_1284	14600	Grebber	Grebber	Grebber
1370	14725	republiek_1285	14601	Out	Out	Out
1371	14726	republiek_1286	14602	Ruyter	Ruyter	Ruyter
1372	14727	republiek_1287	14603	Backer	Backer	Backer
1373	14728	republiek_1288	14604	Cassatier	Cassatier	Cassatier
1374	14729	republiek_1289	14605	Beets	Beets	Beets
1375	14730	republiek_1290	14606	Melisz.	Melisz.	Melisz.
1376	14731	republiek_1291	14607	Heijns	Heijns	Heijns
1377	14732	republiek_1292	14608	Roothooft	Roothooft	Roothooft
1378	14733	republiek_1293	14609	Melis	Melis	Melis
1379	14734	republiek_1294	14610	Houttuyn	Houttuyn	Houttuyn
1380	14735	republiek_1295	14611	Pouwelsz.	Pouwelsz.	Pouwelsz.
1381	14736	republiek_1296	14612	Raadt	Raadt	Raadt
1382	14737	republiek_1297	14613	Sem	Sem	Sem
1383	14739	republiek_1299	14614	Baen	Baen	Baen
1384	14740	republiek_1300	14615	Hagen	Hagen	Hagen
1385	14741	republiek_1301	14616	Reijnsz.	Reijnsz.	Reijnsz.
1386	14742	republiek_1302	14617	Buijes	Buijes	Buijes
1387	14743	republiek_1303	14618	Ketel	Ketel	Ketel
1388	14744	republiek_1304	14619	Admirael	Admirael	Admirael
1389	14745	republiek_1305	14620	Leijtsen	Leijtsen	Leijtsen
1390	14746	republiek_1306	14621	Gracht	Gracht	Gracht
1391	14747	republiek_1307	14622	Marts	Marts	Marts
1392	14748	republiek_1309	14623	Kuyper	Kuyper	Kuyper
1393	14749	republiek_1316	14624	Blyenburg	Blyenburg	Blyenburg
1394	14750	republiek_1317	14625	Blankenoort	Blankenoort	Blankenoort
1395	14751	republiek_1318	20920	Wiere	Wiere	Wiere
1396	14752	republiek_1320	14626	Zuylen van Nyevelt	Zuylen van Nyevelt	Zuylen van Nyevelt
1397	14753	republiek_1321	14627	Loncq	Loncq	Loncq
1398	14754	republiek_1322	14628	Jonckman	Jonckman	Jonckman
1399	14755	republiek_1323	14629	Paets	Paets	Paets
1400	14756	republiek_1324	14630	Muijlwijck	Muijlwijck	Muijlwijck
1401	14757	republiek_1325	14631	Walenburch	Walenburch	Walenburch
1402	14758	republiek_1326	14632	Bleyswijk	Bleyswijk	Bleyswijk
1403	14759	republiek_1327	14633	Roos	Roos	Roos
1404	14760	republiek_1328	14634	Druijt	Druijt	Druijt
1405	14761	republiek_1330	14635	Hoeff	Hoeff	Hoeff
1406	14762	republiek_1331	14636	Schaelckens	Schaelckens	Schaelckens
1407	14763	republiek_1332	14637	Riele	Riele	Riele
1408	14764	republiek_1333	14638	Nieuland	Nieuland	Nieuland
1409	14765	republiek_1334	14639	Lange	Lange	Lange
1410	14766	republiek_1335	14640	Boetzelaer	Boetzelaer	Boetzelaer
1411	14767	republiek_1336	14641	Verwerf	Verwerf	Verwerf
1412	14768	republiek_1337	14642	Oem van Wijngaerden	Oem van Wijngaerden	Oem van Wijngaerden
1413	14769	republiek_1338	14643	Dussen	Dussen	Dussen
1414	14770	republiek_1339	14644	Uythoeck	Uythoeck	Uythoeck
1415	14771	republiek_1340	14645	Hallincg	Hallincg	Hallincg
1416	14772	republiek_1341	14646	Wevelinchoven	Wevelinchoven	Wevelinchoven
1417	14773	republiek_1342	14647	Goes	Goes	Goes
1418	14774	republiek_1343	19991	Schaep	Schaep	Schaep
1419	14775	republiek_1344	14648	Pijnaker	Pijnaker	Pijnaker
1420	14776	republiek_1345	14649	Laeckervelt	Laeckervelt	Laeckervelt
1421	14777	republiek_1346	14650	Damius	Damius	Damius
1422	14778	republiek_1347	14651	Vesanevelt	Vesanevelt	Vesanevelt
1423	14779	republiek_1348	20536	Drept	Drept	Drept
1424	14780	republiek_1349	14652	Riele	Riele	Riele
1425	14781	republiek_1350	14653	Hoogmoet	Hoogmoet	Hoogmoet
1426	14782	republiek_1351	14654	Schagen	Schagen	Schagen
1427	14783	republiek_1352	14655	Heeraertsberge	Heeraertsberge	Heeraertsberge
1428	14784	republiek_1353	14656	Fabricius	Fabricius	Fabricius
1429	14785	republiek_1354	14657	Brouwer	Brouwer	Brouwer
1430	14786	republiek_1355	14658	Cats	Cats	Cats
1431	14787	republiek_1356	14659	Graswinckel	Graswinckel	Graswinckel
1432	14788	republiek_1357	14660	Cats	Cats	Cats
1433	14789	republiek_1358	14661	Meurs	Meurs	Meurs
1434	14790	republiek_1359	19964	Bicker	Bicker	Bicker
1435	14791	republiek_1360	14662	Fockendijk	Fockendijk	Fockendijk
1436	14792	republiek_1361	14663	Akersloot	Akersloot	Akersloot
1437	14793	republiek_1362	14664	Geraards	Geraards	Geraards
1438	14794	republiek_1363	14665	Vianen	Vianen	Vianen
1439	14795	republiek_1364	14666	Lee	Lee	Lee
1440	14796	republiek_1365	14667	Dieningen	Dieningen	Dieningen
1441	14797	republiek_1366	14668	Alphen	Alphen	Alphen
1442	14798	republiek_1367	14669	Does	Does	Does
1443	14799	republiek_1368	14670	Brauw	Brauw	Brauw
1444	14800	republiek_1369	14671	Vries	Vries	Vries
1445	14801	republiek_1370	14672	Kevelaer	Kevelaer	Kevelaer
1446	14802	republiek_1371	14673	Taal	Taal	Taal
1447	14803	republiek_1372	19993	Harencarspel	Harencarspel	Harencarspel
1448	14804	republiek_1373	14674	Nederveen	Nederveen	Nederveen
1449	14805	republiek_1374	14675	Cromvliet	Cromvliet	Cromvliet
1450	14806	republiek_1375	14676	Kinschot	Kinschot	Kinschot
1451	14807	republiek_1376	14677	Cassiopin	Cassiopin	Cassiopin
1452	14808	republiek_1377	14678	Wolf	Wolf	Wolf
1453	14809	republiek_1379	14679	Kinschot	Kinschot	Kinschot
1454	14810	republiek_1380	14680	Pauw de By	Pauw de By	Pauw de By
1455	14811	republiek_1381	14681	Campen	Campen	Campen
1456	14812	republiek_1382	14682	Wassenaer	Wassenaer	Wassenaer
1457	14813	republiek_1384	14683	Raedt	Raedt	Raedt
1458	14814	republiek_1385	14684	Voorburgh	Voorburgh	Voorburgh
1459	14815	republiek_1386	14685	Lormier	Lormier	Lormier
1460	14816	republiek_1388	14686	Habett	Habett	Habett
1461	14817	republiek_1389	14687	Bergen	Bergen	Bergen
1462	14818	republiek_1390	14688	Crommelin	Crommelin	Crommelin
1463	14819	republiek_1391	14689	Teffelen	Teffelen	Teffelen
1464	14820	republiek_1392	14690	Santheuvel	Santheuvel	Santheuvel
1465	14821	republiek_1393	20020	Bors van Waveren	Bors van Waveren	Bors van Waveren
1466	14822	republiek_1394	14691	Cobmoijer	Cobmoijer	Cobmoijer
1467	14823	republiek_1395	14692	Snellen	Snellen	Snellen
1468	14824	republiek_1396	14693	Boreel	Boreel	Boreel
1469	14825	republiek_1397	20015	Munter	Munter	Munter
1470	14826	republiek_1398	14694	Moor van Immerzeel	Moor van Immerzeel	Moor van Immerzeel
1471	14827	republiek_1399	14695	Vromans	Vromans	Vromans
1472	14828	republiek_1400	14696	Meerman	Meerman	Meerman
1473	14829	republiek_1401	14697	Repelaer	Repelaer	Repelaer
1474	14830	republiek_1402	14698	Coolbrand	Coolbrand	Coolbrand
1475	14831	republiek_1403	14699	Keijsers	Keijsers	Keijsers
1476	14832	republiek_1404	14700	Coen	Coen	Coen
1477	14833	republiek_1405	14701	Hage	Hage	Hage
1478	14834	republiek_1406	14702	Warbol	Warbol	Warbol
1479	14835	republiek_1407	14703	Walen	Walen	Walen
1480	14836	republiek_1408	14704	Eelbo	Eelbo	Eelbo
1481	14837	republiek_1409	14705	Bosschaert	Bosschaert	Bosschaert
1482	14838	republiek_1410	14706	Verhaer	Verhaer	Verhaer
1483	14839	republiek_1411	14707	Hoogeveen	Hoogeveen	Hoogeveen
1484	14840	republiek_1412	14708	Walhoven	Walhoven	Walhoven
1485	14841	republiek_1413	14709	Beelaerts	Beelaerts	Beelaerts
1486	14842	republiek_1414	14710	Berkhout	Berkhout	Berkhout
1487	14843	republiek_1415	14711	Teylingen	Teylingen	Teylingen
1488	14844	republiek_1416	14712	Schagen Hoogland	Schagen Hoogland	Schagen Hoogland
1489	14845	republiek_1417	14713	Bijwaert	Bijwaert	Bijwaert
1490	14846	republiek_1418	14714	Schagen Winckel	Schagen Winckel	Schagen Winckel
1491	14847	republiek_1419	14715	Sevenhuysen	Sevenhuysen	Sevenhuysen
1492	14848	republiek_1420	14716	Egmond van de Nijenburg	Egmond van de Nijenburg	Egmond van de Nijenburg
1493	14849	republiek_1421	14717	Vrijburgh	Vrijburgh	Vrijburgh
1494	14850	republiek_1422	14718	Brant	Brant	Brant
1495	14851	republiek_1423	14719	Kessel	Kessel	Kessel
1496	14852	republiek_1424	14720	Sevenhuysen	Sevenhuysen	Sevenhuysen
1497	14853	republiek_1425	14721	Bijwaert	Bijwaert	Bijwaert
1498	14854	republiek_1426	14722	Vrijburgh	Vrijburgh	Vrijburgh
1499	14855	republiek_1427	14723	Daey	Daey	Daey
1500	14856	republiek_1428	14724	Sijms	Sijms	Sijms
1501	14857	republiek_1429	14725	Kinschot	Kinschot	Kinschot
1502	14858	republiek_1430	14726	Bosch	Bosch	Bosch
1503	14859	republiek_1431	14727	Sevenhuysen	Sevenhuysen	Sevenhuysen
1504	14860	republiek_1432	14728	Winder	Winder	Winder
1505	14861	republiek_1433	14729	Winder	Winder	Winder
1506	14862	republiek_1434	14730	Vos	Vos	Vos
1507	14863	republiek_1435	14731	Schooff	Schooff	Schooff
1508	14864	republiek_1436	14732	Stuylingh Sijms	Stuylingh Sijms	Stuylingh Sijms
1509	14865	republiek_1437	14733	Baert	Baert	Baert
1510	14866	republiek_1438	14734	Hoeven	Hoeven	Hoeven
1511	14867	republiek_1439	20441	Teylingen	Teylingen	Teylingen
1512	14868	republiek_1440	14735	Carpentier	Carpentier	Carpentier
1513	14869	republiek_1441	14736	Vrijburgh	Vrijburgh	Vrijburgh
1514	14870	republiek_1442	14737	Schuijt	Schuijt	Schuijt
1515	14871	republiek_1443	20333	Egmond van de Nijenburgh	Egmond van de Nijenburgh	Egmond van de Nijenburgh
1516	14872	republiek_1444	14738	Bijl	Bijl	Bijl
1517	14873	republiek_1445	14739	Schooff	Schooff	Schooff
1518	14874	republiek_1446	14740	Olphertsz.	Olphertsz.	Olphertsz.
1519	14875	republiek_1447	14741	Molenwerf	Molenwerf	Molenwerf
1520	14876	republiek_1448	14742	Roosterman	Roosterman	Roosterman
1521	14877	republiek_1449	14743	Goethals	Goethals	Goethals
1522	14878	republiek_1450	14744	Blocker	Blocker	Blocker
1523	14879	republiek_1451	14745	Sonck	Sonck	Sonck
1524	14880	republiek_1452	14746	Ment	Ment	Ment
1525	14881	republiek_1453	14747	Verschuer	Verschuer	Verschuer
1526	14882	republiek_1454	14748	Benningbroek	Benningbroek	Benningbroek
1527	14883	republiek_1455	14749	Gent	Gent	Gent
1528	14884	republiek_1456	14750	Vries	Vries	Vries
1529	14885	republiek_1457	14751	Minnes	Minnes	Minnes
1530	14886	republiek_1458	14752	Avenhorn	Avenhorn	Avenhorn
1531	14887	republiek_1459	14753	Besem	Besem	Besem
1532	14888	republiek_1460	14754	Nieuwstad	Nieuwstad	Nieuwstad
1533	14889	republiek_1461	14755	Hinlopen	Hinlopen	Hinlopen
1534	14890	republiek_1462	14756	Avenhorn	Avenhorn	Avenhorn
1535	14891	republiek_1463	14757	Jongemaats	Jongemaats	Jongemaats
1536	14892	republiek_1464	14758	Groot	Groot	Groot
1537	14893	republiek_1465	14759	Groot	Groot	Groot
1538	14894	republiek_1466	14760	Vries	Vries	Vries
1539	14895	republiek_1467	14761	Beecke	Beecke	Beecke
1540	14896	republiek_1468	14762	Merens	Merens	Merens
1541	14897	republiek_1469	14763	Nieuwstad	Nieuwstad	Nieuwstad
1542	14898	republiek_1470	14764	Segersz.	Segersz.	Segersz.
1543	14899	republiek_1471	14765	Blaeuhulk	Blaeuhulk	Blaeuhulk
1544	14900	republiek_1472	14766	Florisz.	Florisz.	Florisz.
1545	14901	republiek_1473	14767	Sluis	Sluis	Sluis
1546	14902	republiek_1474	14768	Waterman	Waterman	Waterman
1547	14903	republiek_1475	14769	Blaeue	Blaeue	Blaeue
1548	14904	republiek_1476	14770	Wit	Wit	Wit
1549	14905	republiek_1477	14771	Schagen	Schagen	Schagen
1550	14906	republiek_1478	14772	Timmerman	Timmerman	Timmerman
1551	14907	republiek_1479	14773	Poen Oudewagen	Poen Oudewagen	Poen Oudewagen
1552	14908	republiek_1480	14774	Pan	Pan	Pan
1553	14909	republiek_1481	14775	Schagen	Schagen	Schagen
1554	14910	republiek_1482	14776	Haak	Haak	Haak
1555	14911	republiek_1483	14777	Brouwer	Brouwer	Brouwer
1556	14912	republiek_1484	14778	Druyff	Druyff	Druyff
1557	14913	republiek_1485	14779	Codde van de Burgh	Codde van de Burgh	Codde van de Burgh
1558	14914	republiek_1486	14780	Vries	Vries	Vries
1559	14915	republiek_1487	14781	Romond	Romond	Romond
1560	14916	republiek_1488	14782	Stralen	Stralen	Stralen
1561	14917	republiek_1489	14783	Schouten	Schouten	Schouten
1562	14918	republiek_1490	14784	Del	Del	Del
1563	14919	republiek_1491	14785	Taamses	Taamses	Taamses
1564	14920	republiek_1492	14786	Maasbergen	Maasbergen	Maasbergen
1565	14921	republiek_1493	14787	Pietermaat	Pietermaat	Pietermaat
1566	14922	republiek_1494	14788	Beets	Beets	Beets
1567	14923	republiek_1495	14789	Roos	Roos	Roos
1568	14924	republiek_1496	14790	Schaap	Schaap	Schaap
1569	14925	republiek_1497	14791	Dobber	Dobber	Dobber
1570	14926	republiek_1498	14792	Kieft	Kieft	Kieft
1571	14927	republiek_1499	14793	Breed	Breed	Breed
1572	14928	republiek_1500	14794	Druijst	Druijst	Druijst
1573	14929	republiek_1501	14795	Baan	Baan	Baan
1574	14930	republiek_1502	14796	Swedenrijk	Swedenrijk	Swedenrijk
1575	14931	republiek_1503	14797	Horn	Horn	Horn
1576	14932	republiek_1504	14798	Schouten	Schouten	Schouten
1577	14933	republiek_1505	14799	Kroon	Kroon	Kroon
1578	14934	republiek_1506	14800	Mooker	Mooker	Mooker
1579	14935	republiek_1507	14801	Brommer	Brommer	Brommer
1580	14936	republiek_1508	14802	Leij	Leij	Leij
1581	14937	republiek_1510	14803	Heerman	Heerman	Heerman
1582	14938	republiek_1511	14804	Reijntjes	Reijntjes	Reijntjes
1583	14939	republiek_1512	14805	Putoor	Putoor	Putoor
1584	14940	republiek_1513	14806	Dekker	Dekker	Dekker
1585	14941	republiek_1514	14807	Thee	Thee	Thee
1586	14942	republiek_1515	14808	Rigter	Rigter	Rigter
1587	14943	republiek_1516	14809	Brasker	Brasker	Brasker
1588	14944	republiek_1517	14810	Admirael	Admirael	Admirael
1589	14945	republiek_1518	20285	Vreck	Vreck	Vreck
1590	14946	republiek_1519	14811	Pereboom	Pereboom	Pereboom
1591	14947	republiek_1520	14812	Lakeman	Lakeman	Lakeman
1592	14948	republiek_1521	14813	Grebber	Grebber	Grebber
1593	14949	republiek_1522	14814	Lantman	Lantman	Lantman
1594	14950	republiek_1523	14815	Teerhuijs	Teerhuijs	Teerhuijs
1595	14951	republiek_1524	14816	Sanen	Sanen	Sanen
1596	14952	republiek_1525	14817	Koeslager	Koeslager	Koeslager
1597	14953	republiek_1526	14818	Passchasius	Passchasius	Passchasius
1598	14954	republiek_1527	14819	Gort	Gort	Gort
1599	14956	republiek_1529	14820	Neck	Neck	Neck
1600	14957	republiek_1530	14821	Oossaanen	Oossaanen	Oossaanen
1601	14958	republiek_1531	14822	Pranger	Pranger	Pranger
1602	14959	republiek_1533	14823	Minne	Minne	Minne
1603	14960	republiek_1534	14824	Butenius	Butenius	Butenius
1604	14961	republiek_1536	14825	Baen	Baen	Baen
1605	14962	republiek_1537	14826	Landman	Landman	Landman
1606	14963	republiek_1538	14827	Roos	Roos	Roos
1607	14964	republiek_1539	14828	Schagen	Schagen	Schagen
1608	14965	republiek_1540	14829	Sluym	Sluym	Sluym
1609	14966	republiek_1541	14830	Flodrop	Flodrop	Flodrop
1610	14967	republiek_1542	14831	Dyck	Dyck	Dyck
1611	14968	republiek_1543	14832	Wolff	Wolff	Wolff
1612	14969	republiek_1544	14833	Spiegelmaker	Spiegelmaker	Spiegelmaker
1613	14970	republiek_1545	14834	Meyen	Meyen	Meyen
1614	14971	republiek_1546	14835	Back	Back	Back
1615	14972	republiek_1547	14836	Brouwer	Brouwer	Brouwer
1616	14973	republiek_1548	14837	Keijser	Keijser	Keijser
1617	14974	republiek_1550	14838	Keeskes	Keeskes	Keeskes
1618	14975	republiek_1551	14839	Rootjes	Rootjes	Rootjes
1619	14976	republiek_1552	14840	Rootjes	Rootjes	Rootjes
1620	14977	republiek_1553	14841	Spanjaard	Spanjaard	Spanjaard
1621	14978	republiek_1554	14842	Veen	Veen	Veen
1622	14979	republiek_1555	14843	Bourgonjen	Bourgonjen	Bourgonjen
1623	14980	republiek_1556	14844	Holland	Holland	Holland
1624	14981	republiek_1557	14845	Back de Zee	Back de Zee	Back de Zee
1625	14982	republiek_1558	14846	Bourgonjen	Bourgonjen	Bourgonjen
1626	14983	republiek_1559	14847	Vijver	Vijver	Vijver
1627	14984	republiek_1560	14848	Overtwater	Overtwater	Overtwater
1628	14985	republiek_1561	14849	Recx	Recx	Recx
1629	14986	republiek_1562	14850	Baerts	Baerts	Baerts
1630	14987	republiek_1563	14851	Moutmaecker	Moutmaecker	Moutmaecker
1631	14988	republiek_1564	14852	Mijsen	Mijsen	Mijsen
1632	14989	republiek_1565	14853	Rol	Rol	Rol
1633	14990	republiek_1566	14854	Woestijne	Woestijne	Woestijne
1634	14991	republiek_1567	14855	Welcom	Welcom	Welcom
1635	14992	republiek_1568	14856	Baars	Baars	Baars
1636	14993	republiek_1569	14857	Brouwer	Brouwer	Brouwer
1637	14994	republiek_1570	14858	Leij	Leij	Leij
1638	14995	republiek_1571	14859	Visser	Visser	Visser
1639	14996	republiek_1572	14860	Tonningh	Tonningh	Tonningh
1640	14997	republiek_1573	14861	Vermees	Vermees	Vermees
1641	14998	republiek_1574	14862	Peereboom	Peereboom	Peereboom
1642	14999	republiek_1575	14863	Appel	Appel	Appel
1643	15000	republiek_1576	14864	Tonningh	Tonningh	Tonningh
1644	15001	republiek_1577	14865	Tegel	Tegel	Tegel
1645	15002	republiek_1578	14866	Wormer	Wormer	Wormer
1646	15003	republiek_1579	14867	Beets	Beets	Beets
1647	15004	republiek_1580	14868	Lakencoper	Lakencoper	Lakencoper
1648	15005	republiek_1581	14869	Brasker	Brasker	Brasker
1649	15006	republiek_1582	14870	Doets	Doets	Doets
1650	15007	republiek_1583	14871	Sloot	Sloot	Sloot
1651	15008	republiek_1584	14872	Broek	Broek	Broek
1652	15009	republiek_1585	14873	Pols	Pols	Pols
1653	15010	republiek_1586	14874	Teengs	Teengs	Teengs
1654	15011	republiek_1587	14875	Pols	Pols	Pols
1655	15012	republiek_1588	14876	Baan	Baan	Baan
1656	15013	republiek_1589	14877	Brouwer	Brouwer	Brouwer
1657	15014	republiek_1590	14878	Jonge	Jonge	Jonge
1658	15015	republiek_1591	14879	Moens	Moens	Moens
1659	15016	republiek_1592	14880	Sijverts	Sijverts	Sijverts
1660	15017	republiek_1593	14881	Loen	Loen	Loen
1661	15018	republiek_1594	14882	Bost	Bost	Bost
1662	15019	republiek_1595	14883	Thoen	Thoen	Thoen
1663	15020	republiek_1596	14884	Wappers	Wappers	Wappers
1664	15021	republiek_1597	14885	Stevensz.	Stevensz.	Stevensz.
1665	15022	republiek_1598	14886	Westerbaan	Westerbaan	Westerbaan
1666	15023	republiek_1601	14887	Muyden	Muyden	Muyden
1667	15024	republiek_1602	14888	Dijck	Dijck	Dijck
1668	15025	republiek_1603	14889	Pauw	Pauw	Pauw
1669	15026	republiek_1604	14890	Lakencoper	Lakencoper	Lakencoper
1670	15027	republiek_1605	14891	Cooren	Cooren	Cooren
1671	15028	republiek_1606	14892	Brasker	Brasker	Brasker
1672	15029	republiek_1608	14893	Steenhuysen	Steenhuysen	Steenhuysen
1673	15030	republiek_1609	14894	Nieustadt	Nieustadt	Nieustadt
1674	15031	republiek_1610	14895	Somer	Somer	Somer
1675	15032	republiek_1611	14896	Egmond van de Nijenburg	Egmond van de Nijenburg	Egmond van de Nijenburg
1676	15033	republiek_1613	14897	Leyden van Leeuwen	Leyden van Leeuwen	Leyden van Leeuwen
1677	15034	republiek_1614	14898	Nicolai	Nicolai	Nicolai
1678	15035	republiek_1616	14899	Doedesz.	Doedesz.	Doedesz.
1679	15036	republiek_1621	14900	Hallincg	Hallincg	Hallincg
1680	15037	republiek_1623	14901	Foreest	Foreest	Foreest
1681	15038	republiek_1625	14902	Egmond van de Nijenburg	Egmond van de Nijenburg	Egmond van de Nijenburg
1682	15039	republiek_1628	14903	Treslong	Treslong	Treslong
1683	15040	republiek_1629	14904	Hogendorp	Hogendorp	Hogendorp
1684	15041	republiek_1630	14905	Banchem	Banchem	Banchem
1685	15042	republiek_1631	14906	Beets	Beets	Beets
1686	15043	republiek_1632	14907	Wensen	Wensen	Wensen
1687	15044	republiek_1634	14908	Hermansz.	Hermansz.	Hermansz.
1688	15045	republiek_1635	14909	Mortagne	Mortagne	Mortagne
1689	15046	republiek_1636	14910	Mijle	Mijle	Mijle
1690	15047	republiek_1637	14911	Loosen	Loosen	Loosen
1691	15048	republiek_1639	20323	Brederode	Brederode	Brederode
1692	15049	republiek_1641	14912	Meer	Meer	Meer
1693	15050	republiek_1642	14913	Rechtere	Rechtere	Rechtere
1694	15051	republiek_1644	14914	Veen	Veen	Veen
1695	15052	republiek_1646	14915	Junius	Junius	Junius
1696	15053	republiek_1647	14916	Wagewijns	Wagewijns	Wagewijns
1697	15054	republiek_1648	14917	Glarges	Glarges	Glarges
1698	15055	republiek_1649	14918	Couwenburch van Beloys	Couwenburch van Beloys	Couwenburch van Beloys
1699	15056	republiek_1650	14919	Rosa	Rosa	Rosa
1700	15057	republiek_1652	14920	Hogenhouck	Hogenhouck	Hogenhouck
1701	15058	republiek_1654	14921	Oudewater	Oudewater	Oudewater
1702	15059	republiek_1655	14922	Vranck	Vranck	Vranck
1703	15060	republiek_1657	14923	Voogt	Voogt	Voogt
1704	15061	republiek_1658	14924	Hoogerbeets	Hoogerbeets	Hoogerbeets
1705	15062	republiek_1659	14925	Brederode	Brederode	Brederode
1706	15063	republiek_1661	14926	Comans	Comans	Comans
1707	15064	republiek_1662	14927	Castricum	Castricum	Castricum
1708	15065	republiek_1667	14928	Schoterbosch	Schoterbosch	Schoterbosch
1709	15066	republiek_1669	14929	Buijes	Buijes	Buijes
1710	15067	republiek_1671	14930	Zevender	Zevender	Zevender
1711	15068	republiek_1672	14931	Gool	Gool	Gool
1712	15069	republiek_1676	14932	Hinojossa	Hinojossa	Hinojossa
1713	15071	republiek_1679	14933	Jessius	Jessius	Jessius
1714	15072	republiek_1680	14934	Rosa	Rosa	Rosa
1715	15073	republiek_1681	14935	Santen	Santen	Santen
1716	15074	republiek_1682	14936	Nieuwstad	Nieuwstad	Nieuwstad
1717	15075	republiek_1683	14937	Scotte	Scotte	Scotte
1718	15076	republiek_1684	14938	Vosbergen	Vosbergen	Vosbergen
1719	15077	republiek_1686	14939	Duvenvoorde	Duvenvoorde	Duvenvoorde
1720	15078	republiek_1687	14940	Matenesse	Matenesse	Matenesse
1721	15079	republiek_1689	14941	Baarts	Baarts	Baarts
1722	15080	republiek_1692	14942	Bouchorst	Bouchorst	Bouchorst
1723	15081	republiek_1693	14943	Bruynings	Bruynings	Bruynings
1724	15082	republiek_1694	14944	Aerssen	Aerssen	Aerssen
1725	15083	republiek_1695	14945	Does	Does	Does
1726	15084	republiek_1698	14946	Goedereede	Goedereede	Goedereede
1727	15086	republiek_1700	14947	Aleman	Aleman	Aleman
1728	15087	republiek_1701	14948	Kinschot	Kinschot	Kinschot
1729	15088	republiek_1703	14949	Baersdorp	Baersdorp	Baersdorp
1730	15089	republiek_1704	14950	Rosa	Rosa	Rosa
1731	15090	republiek_1705	14951	Cromhout	Cromhout	Cromhout
1732	15091	republiek_1706	14952	Pots	Pots	Pots
1733	15092	republiek_1707	14953	Persijn	Persijn	Persijn
1734	15093	republiek_1708	14954	Witt	Witt	Witt
1735	15094	republiek_1709	14955	Meer	Meer	Meer
1736	15095	republiek_1710	14956	Hoffland	Hoffland	Hoffland
1737	15096	republiek_1711	14957	Hoffland	Hoffland	Hoffland
1738	15097	republiek_1712	14958	Veer	Veer	Veer
1739	15098	republiek_1713	14959	Ruychaver	Ruychaver	Ruychaver
1740	15099	republiek_1714	14960	Fagel	Fagel	Fagel
1741	15100	republiek_1715	14961	Coren	Coren	Coren
1742	15101	republiek_1716	14962	Casembroot	Casembroot	Casembroot
1743	15102	republiek_1717	14963	Colterman	Colterman	Colterman
1744	15103	republiek_1718	14964	Berkhout	Berkhout	Berkhout
1745	15104	republiek_1719	14965	Mijle	Mijle	Mijle
1746	15105	republiek_1720	14966	Schagen	Schagen	Schagen
1747	15106	republiek_1721	20309	Roovere	Roovere	Roovere
1748	15107	republiek_1722	14967	Neck	Neck	Neck
1749	15108	republiek_1723	14968	Wael	Wael	Wael
1750	15109	republiek_1724	14969	Semeyns	Semeyns	Semeyns
1751	15110	republiek_1727	14970	Crommon	Crommon	Crommon
1752	15111	republiek_1728	14971	Boschvelt	Boschvelt	Boschvelt
1753	15112	republiek_1729	14972	Francken	Francken	Francken
1754	15113	republiek_1730	14973	Rollandt	Rollandt	Rollandt
1755	15114	republiek_1732	14974	Dorp	Dorp	Dorp
1756	15115	republiek_1733	14975	Alphen	Alphen	Alphen
1757	15116	republiek_1735	14976	Brederode	Brederode	Brederode
1758	15117	republiek_1736	14977	Doublet	Doublet	Doublet
1759	15118	republiek_1740	14978	Barentsz.	Barentsz.	Barentsz.
1760	15119	republiek_1741	14979	Febure	Febure	Febure
1761	15120	republiek_1742	14980	Boetzelaer	Boetzelaer	Boetzelaer
1762	15121	republiek_1743	14981	Tromp	Tromp	Tromp
1763	15122	republiek_1745	14982	Loo	Loo	Loo
1764	15123	republiek_1746	14983	Glas	Glas	Glas
1765	15124	republiek_1748	14984	Dedel	Dedel	Dedel
1766	15125	republiek_1749	14985	Cau	Cau	Cau
1767	15126	republiek_1751	14986	Oem van Wijngaerden	Oem van Wijngaerden	Oem van Wijngaerden
1768	15127	republiek_1752	14987	Haga	Haga	Haga
1769	15128	republiek_1753	14988	Schotte	Schotte	Schotte
1770	15129	republiek_1754	20292	Graswinckel	Graswinckel	Graswinckel
1771	15130	republiek_1757	14989	Wassenaer	Wassenaer	Wassenaer
1772	15131	republiek_1758	14990	Pauw	Pauw	Pauw
1773	15132	republiek_1759	14991	Riccen	Riccen	Riccen
1774	15133	republiek_1760	14992	Born	Born	Born
1775	15134	republiek_1761	14993	Slingelandt	Slingelandt	Slingelandt
1776	15135	republiek_1762	14994	Groenendijk	Groenendijk	Groenendijk
1777	15136	republiek_1763	14995	Graeff	Graeff	Graeff
1778	15137	republiek_1764	14996	Pauw	Pauw	Pauw
1779	15138	republiek_1765	14997	Merode	Merode	Merode
1780	15139	republiek_1766	14998	Westerhem	Westerhem	Westerhem
1781	15140	republiek_1767	14999	Guldewagen	Guldewagen	Guldewagen
1782	15141	republiek_1768	15000	Dussen	Dussen	Dussen
1783	15142	republiek_1770	15001	Colterman	Colterman	Colterman
1784	15143	republiek_1772	15002	Goes	Goes	Goes
1785	15144	republiek_1773	15003	Graaff	Graaff	Graaff
1786	15145	republiek_1774	15004	Ockers	Ockers	Ockers
1787	15146	republiek_1775	15005	Haese	Haese	Haese
1788	15147	republiek_1777	15006	Pauw	Pauw	Pauw
1789	15148	republiek_1778	15007	Moons	Moons	Moons
1790	15149	republiek_1779	15008	Riccen	Riccen	Riccen
1791	15150	republiek_1781	15009	Olycan	Olycan	Olycan
1792	15151	republiek_1782	15010	Fannius	Fannius	Fannius
1793	15152	republiek_1783	15011	Nideck	Nideck	Nideck
1794	15153	republiek_1784	15012	Druyff	Druyff	Druyff
1795	15154	republiek_1785	15013	Groenendijck	Groenendijck	Groenendijck
1796	15155	republiek_1786	15014	Lanst	Lanst	Lanst
1797	15156	republiek_1787	15015	Ruysch	Ruysch	Ruysch
1798	15157	republiek_1788	15016	Cloeck	Cloeck	Cloeck
1799	15158	republiek_1789	15017	Paffenrode	Paffenrode	Paffenrode
1800	15159	republiek_1793	15018	Boetzelaer	Boetzelaer	Boetzelaer
1801	15160	republiek_1794	15019	Oem van Wijngaarden	Oem van Wijngaarden	Oem van Wijngaarden
1802	15161	republiek_1795	15020	Teengs	Teengs	Teengs
1803	15162	republiek_1796	15021	Hoeufft	Hoeufft	Hoeufft
1804	15163	republiek_1797	15022	Groot	Groot	Groot
1805	15164	republiek_1798	15023	Pompe	Pompe	Pompe
1806	15165	republiek_1799	15024	Beuningen	Beuningen	Beuningen
1807	15166	republiek_1800	15025	Onderwater	Onderwater	Onderwater
1808	15167	republiek_1801	15026	Steyn	Steyn	Steyn
1809	15168	republiek_1803	15027	Boon	Boon	Boon
1810	15169	republiek_1804	15028	Liere	Liere	Liere
1811	15170	republiek_1805	15029	Gool	Gool	Gool
1812	15171	republiek_1806	15030	Bronckhorst	Bronckhorst	Bronckhorst
1813	15172	republiek_1807	15031	Schagen	Schagen	Schagen
1814	15173	republiek_1808	20398	Dorp	Dorp	Dorp
1815	15174	republiek_1809	15032	Slicher	Slicher	Slicher
1816	15175	republiek_1811	15033	Fagel	Fagel	Fagel
1817	15176	republiek_1812	15034	Teresteyn van Halewijn	Teresteyn van Halewijn	Teresteyn van Halewijn
1818	15177	republiek_1813	15035	Baen	Baen	Baen
1819	15178	republiek_1814	15036	Dryewegen	Dryewegen	Dryewegen
1820	15179	republiek_1815	15037	Tocht	Tocht	Tocht
1821	15180	republiek_1816	15038	Munter	Munter	Munter
1822	15181	republiek_1817	15039	Pots	Pots	Pots
1823	15182	republiek_1818	15040	Deneyn	Deneyn	Deneyn
1824	15183	republiek_1819	15041	Dedel	Dedel	Dedel
1825	15184	republiek_1820	15042	Kerckhoven	Kerckhoven	Kerckhoven
1826	15185	republiek_1821	15043	Fèbre	Fèbre	Fèbre
1827	15186	republiek_1822	15044	Assendelft	Assendelft	Assendelft
1828	15187	republiek_1823	15045	Citters	Citters	Citters
1829	15188	republiek_1825	15046	Deneyn	Deneyn	Deneyn
1830	15189	republiek_1826	15047	Spanheim	Spanheim	Spanheim
1831	15190	republiek_1827	15048	Huybert	Huybert	Huybert
1832	15191	republiek_1828	15049	Burch	Burch	Burch
1833	15192	republiek_1829	15050	Beijeren van Schagen	Beijeren van Schagen	Beijeren van Schagen
1834	15193	republiek_1830	15051	Velde	Velde	Velde
1835	15194	republiek_1831	15052	Zoete de Laeke	Zoete de Laeke	Zoete de Laeke
1836	15195	republiek_1832	15053	Brouwer	Brouwer	Brouwer
1837	15196	republiek_1833	15054	Bont	Bont	Bont
1838	15197	republiek_1834	15055	Swan	Swan	Swan
1839	15198	republiek_1835	15056	Rijser	Rijser	Rijser
1840	15199	republiek_1836	15057	Bergh	Bergh	Bergh
1841	15200	republiek_1837	15058	Hovius	Hovius	Hovius
1842	15201	republiek_1838	15059	Vlaming van Oudtshoorn	Vlaming van Oudtshoorn	Vlaming van Oudtshoorn
1843	15202	republiek_1839	15060	Sundert	Sundert	Sundert
1844	15203	republiek_1840	15061	Putmans	Putmans	Putmans
1845	15204	republiek_1841	15062	Kien	Kien	Kien
1846	15205	republiek_1842	15063	Schrevelius	Schrevelius	Schrevelius
1847	15206	republiek_1843	15064	Duyvense	Duyvense	Duyvense
1848	15207	republiek_1844	15065	Reede tot Renswoude	Reede tot Renswoude	Reede tot Renswoude
1849	15208	republiek_1846	15066	Slingelandt	Slingelandt	Slingelandt
1850	15209	republiek_1847	15067	Ravens	Ravens	Ravens
1851	15210	republiek_1848	15068	Rooseboom	Rooseboom	Rooseboom
1852	15211	republiek_1849	20437	Sluysken	Sluysken	Sluysken
1853	15213	republiek_1851	15069	Halewijn	Halewijn	Halewijn
1854	15214	republiek_1852	15070	Voorst	Voorst	Voorst
1855	15215	republiek_1853	15071	Beelaerts	Beelaerts	Beelaerts
1856	15216	republiek_1854	15072	Roovere	Roovere	Roovere
1857	15217	republiek_1855	15073	Slagtoe	Slagtoe	Slagtoe
1858	15218	republiek_1856	15074	Vicq	Vicq	Vicq
1859	15219	republiek_1857	15075	Pont	Pont	Pont
1860	15220	republiek_1858	15076	Bevere	Bevere	Bevere
1861	15221	republiek_1859	15077	Echten	Echten	Echten
1862	15222	republiek_1860	15078	Gravesande	Gravesande	Gravesande
1863	15223	republiek_1863	15079	Dussen	Dussen	Dussen
1864	15224	republiek_1864	19967	Backer	Backer	Backer
1865	15225	republiek_1865	15080	Witsen	Witsen	Witsen
1866	15227	republiek_1870	15081	Cromhout	Cromhout	Cromhout
1867	15228	republiek_1871	15082	Bleyswijk	Bleyswijk	Bleyswijk
1868	15229	republiek_1872	15083	Peereboom	Peereboom	Peereboom
1869	15230	republiek_1873	15084	Groenewegen van der Made	Groenewegen van der Made	Groenewegen van der Made
1870	15231	republiek_1874	15085	Dussen	Dussen	Dussen
1871	15232	republiek_1876	20710	Fagel	Fagel	Fagel
1872	15233	republiek_1877	15086	Sylvius	Sylvius	Sylvius
1873	15234	republiek_1878	20317	Wilhem	Wilhem	Wilhem
1874	15235	republiek_1879	15087	Fannius	Fannius	Fannius
1875	15236	republiek_1880	15088	Witte	Witte	Witte
1876	15237	republiek_1881	15089	Waeyen	Waeyen	Waeyen
1877	15238	republiek_1882	15090	Dielen	Dielen	Dielen
1878	15239	republiek_1883	15091	Brandwijk	Brandwijk	Brandwijk
1879	15240	republiek_1884	15092	Lange	Lange	Lange
1880	15241	republiek_1885	15093	Strijen	Strijen	Strijen
1881	15242	republiek_1886	15094	Hoeve	Hoeve	Hoeve
1882	15243	republiek_1887	15095	Cattenburgh	Cattenburgh	Cattenburgh
1883	15244	republiek_1888	15096	Steenlack	Steenlack	Steenlack
1884	15245	republiek_1889	20458	Zuylen van Nyevelt	Zuylen van Nyevelt	Zuylen van Nyevelt
1885	15246	republiek_1890	15097	Pelt	Pelt	Pelt
1886	15247	republiek_1891	15098	Meel	Meel	Meel
1887	15248	republiek_1892	15099	Hogendorp	Hogendorp	Hogendorp
1888	15249	republiek_1893	15120	Alphen	Alphen	Alphen
1889	15250	republiek_1894	15121	Staal	Staal	Staal
1890	15251	republiek_1895	15122	Groeninx	Groeninx	Groeninx
1891	15252	republiek_1896	15123	Cossart	Cossart	Cossart
1892	15253	republiek_1897	15124	Groot	Groot	Groot
1893	15255	republiek_1900	15125	Wassenaer	Wassenaer	Wassenaer
1894	15256	republiek_1901	15126	Boetzelaer	Boetzelaer	Boetzelaer
1895	15257	republiek_1902	15127	Wassenaer	Wassenaer	Wassenaer
1896	15258	republiek_1903	15128	Cats	Cats	Cats
1897	15259	republiek_1905	15129	Backer	Backer	Backer
1898	15260	republiek_1906	15130	Heycoop	Heycoop	Heycoop
1899	15261	republiek_1907	15131	Vicq	Vicq	Vicq
1900	15262	republiek_1908	15132	Alphen	Alphen	Alphen
1901	15263	republiek_1909	15133	Lakenman	Lakenman	Lakenman
1902	15264	republiek_1910	15134	Dussen	Dussen	Dussen
1903	15265	republiek_1911	15135	Valckenier	Valckenier	Valckenier
1904	15266	republiek_1912	15136	Bije	Bije	Bije
1905	15267	republiek_1913	15137	Schagen	Schagen	Schagen
1906	15268	republiek_1914	15138	Brandwijk van Blokland	Brandwijk van Blokland	Brandwijk van Blokland
1907	15269	republiek_1915	19990	Spiering	Spiering	Spiering
1908	15270	republiek_1916	15139	Marck	Marck	Marck
1909	15271	republiek_1917	15140	Ramhorst	Ramhorst	Ramhorst
1910	15272	republiek_1918	15141	Lycochthon	Lycochthon	Lycochthon
1911	15273	republiek_1919	15142	Hochepied	Hochepied	Hochepied
1912	15274	republiek_1920	15143	Schagen	Schagen	Schagen
1913	15275	republiek_1921	15144	Lycochthon	Lycochthon	Lycochthon
1914	15276	republiek_1922	15145	Sanen	Sanen	Sanen
1915	15277	republiek_1923	15146	Bije	Bije	Bije
1916	15278	republiek_1924	15147	Hoven	Hoven	Hoven
1917	15279	republiek_1925	15148	Bassecourt	Bassecourt	Bassecourt
1918	15280	republiek_1926	15149	Ameijde	Ameijde	Ameijde
1919	15281	republiek_1927	15150	Slingelandt	Slingelandt	Slingelandt
1920	15282	republiek_1928	20963	Corver	Corver	Corver
1921	15283	republiek_1929	15151	Paedts	Paedts	Paedts
1922	15284	republiek_1930	15152	Zoete de Lake	Zoete de Lake	Zoete de Lake
1923	15285	republiek_1932	15153	Boogaert	Boogaert	Boogaert
1924	15286	republiek_1933	15154	Rendorp	Rendorp	Rendorp
1925	15287	republiek_1934	15155	Gevaerts	Gevaerts	Gevaerts
1926	15288	republiek_1935	15156	Jongh van Persijn	Jongh van Persijn	Jongh van Persijn
1927	15289	republiek_1936	15157	Hubrecht	Hubrecht	Hubrecht
1928	15290	republiek_1937	15158	Sevenhuysen	Sevenhuysen	Sevenhuysen
1929	15291	republiek_1938	15159	Temminck	Temminck	Temminck
1930	15292	republiek_1939	15160	Alensoon	Alensoon	Alensoon
1931	15293	republiek_1940	15161	Wolf	Wolf	Wolf
1932	15294	republiek_1941	15162	Thierens	Thierens	Thierens
1933	15295	republiek_1942	15163	Pompe van Meerdervoort	Pompe van Meerdervoort	Pompe van Meerdervoort
1934	15296	republiek_1943	15164	Goes	Goes	Goes
1935	15297	republiek_1944	15165	Hoesen	Hoesen	Hoesen
1936	15298	republiek_1946	15166	Brandeler	Brandeler	Brandeler
1937	15299	republiek_1947	15167	Sweers	Sweers	Sweers
1938	15300	republiek_1948	15168	Blommesteijn	Blommesteijn	Blommesteijn
1939	15301	republiek_1949	15169	Dam	Dam	Dam
1940	15302	republiek_1950	15170	Hompesch	Hompesch	Hompesch
1941	15303	republiek_1951	15171	Agricola	Agricola	Agricola
1942	15304	republiek_1952	15172	Kretschmar	Kretschmar	Kretschmar
1943	15305	republiek_1953	15173	Aerssen	Aerssen	Aerssen
1944	15306	republiek_1954	19638	Haksteen	Haksteen	Haksteen
1945	15307	republiek_1956	15174	Onderwater	Onderwater	Onderwater
1946	15308	republiek_1957	15175	Boetzelaer	Boetzelaer	Boetzelaer
1947	15309	republiek_1959	15176	Silla	Silla	Silla
1948	15310	republiek_1965	20939	Baerdesen	Baerdesen	Baerdesen
1949	15311	republiek_1967	15177	Velde	Velde	Velde
1950	15312	republiek_1969	15178	Bie	Bie	Bie
1951	15313	republiek_1970	15179	Ruwen	Ruwen	Ruwen
1952	15314	republiek_1972	15180	Verbrugge	Verbrugge	Verbrugge
1953	15315	republiek_1973	15181	Florisz.	Florisz.	Florisz.
1954	15316	republiek_1975	15182	Goedereede	Goedereede	Goedereede
1955	15317	republiek_1977	15183	Kort	Kort	Kort
1956	15318	republiek_1979	15184	Meeusz.	Meeusz.	Meeusz.
1957	15319	republiek_1980	15185	Nijenburg	Nijenburg	Nijenburg
1958	15320	republiek_1981	15186	Santen	Santen	Santen
1959	15321	republiek_1982	15187	Coij	Coij	Coij
1960	15322	republiek_1983	15188	Poelgeest	Poelgeest	Poelgeest
1961	15323	republiek_1984	15189	Brouwer	Brouwer	Brouwer
1962	15324	republiek_1985	15190	Hasendonck	Hasendonck	Hasendonck
1963	15325	republiek_1986	15191	Crommendijk	Crommendijk	Crommendijk
1964	15326	republiek_1987	15192	Hooft	Hooft	Hooft
1965	15327	republiek_1988	15193	Schaap	Schaap	Schaap
1966	15328	republiek_1989	15194	Aartsz.	Aartsz.	Aartsz.
1967	15329	republiek_1992	15195	Dirksz.	Dirksz.	Dirksz.
1968	15330	republiek_1993	15196	Appelboom	Appelboom	Appelboom
1969	15331	republiek_1994	15197	Rodinck	Rodinck	Rodinck
1970	15332	republiek_1996	15198	Pietersz.	Pietersz.	Pietersz.
1971	15333	republiek_2000	15199	Zwaan	Zwaan	Zwaan
1972	15334	republiek_2001	15200	Florisz.	Florisz.	Florisz.
1973	15335	republiek_2002	15201	Verhee	Verhee	Verhee
1974	15336	republiek_2004	15202	Reael	Reael	Reael
1975	15337	republiek_2006	15203	Steyn	Steyn	Steyn
1976	15338	republiek_2007	15204	Scherp	Scherp	Scherp
1977	15339	republiek_2009	15205	Couwenhoven	Couwenhoven	Couwenhoven
1978	15340	republiek_2011	15206	Assendelft	Assendelft	Assendelft
1979	15341	republiek_2012	15207	Egmont	Egmont	Egmont
1980	15342	republiek_2013	20049	Matenesse	Matenesse	Matenesse
1981	15343	republiek_2014	15208	Schagen	Schagen	Schagen
1982	15344	republiek_2015	20311	Swieten	Swieten	Swieten
1983	15345	republiek_2016	15209	Raephorst	Raephorst	Raephorst
1984	15346	republiek_2017	15210	Raephorst	Raephorst	Raephorst
1985	15347	republiek_2018	15211	Liere	Liere	Liere
1986	15348	republiek_2019	15212	Liere	Liere	Liere
1987	15349	republiek_2020	15213	Does	Does	Does
1988	15350	republiek_2021	15214	Wassenaer	Wassenaer	Wassenaer
1989	15351	republiek_2022	15215	Gronsfeld	Gronsfeld	Gronsfeld
1990	15352	republiek_2023	15216	Wassenaer	Wassenaer	Wassenaer
1991	15353	republiek_2024	15217	Bentinck-Rhoon	Bentinck-Rhoon	Bentinck-Rhoon
1992	15354	republiek_2025	15218	Geltsack	Geltsack	Geltsack
1993	15355	republiek_2026	15219	Deyman	Deyman	Deyman
1994	15356	republiek_2027	15220	Schout	Schout	Schout
1995	15357	republiek_2028	15221	Wildt	Wildt	Wildt
1996	15358	republiek_2029	15222	Veer	Veer	Veer
1997	15359	republiek_2030	15223	Tin	Tin	Tin
1998	15360	republiek_2031	15224	Hoef	Hoef	Hoef
1999	15361	republiek_2032	15225	Akersloot	Akersloot	Akersloot
2000	15362	republiek_2033	15226	Haaswindius	Haaswindius	Haaswindius
2001	15363	republiek_2034	15227	Backer	Backer	Backer
2002	15364	republiek_2035	15228	Loreyn	Loreyn	Loreyn
2003	15365	republiek_2036	15229	Schatter	Schatter	Schatter
2004	15366	republiek_2037	15230	Steyn	Steyn	Steyn
2005	15367	republiek_2038	15231	Boll	Boll	Boll
2006	15368	republiek_2039	15232	Craye	Craye	Craye
2007	15369	republiek_2040	15233	Sprang	Sprang	Sprang
2008	15370	republiek_2041	15234	Laanen	Laanen	Laanen
2009	15371	republiek_2042	15235	Pauw	Pauw	Pauw
2010	15372	republiek_2043	15236	Hochepied	Hochepied	Hochepied
2011	15373	republiek_2044	15237	Deutz	Deutz	Deutz
2012	15374	republiek_2045	15238	Akersloot	Akersloot	Akersloot
2013	15375	republiek_2046	15239	Dierkens	Dierkens	Dierkens
2014	15376	republiek_2047	15240	Clifford	Clifford	Clifford
2015	15377	republiek_2048	15241	Koek	Koek	Koek
2016	15378	republiek_2049	15242	Laclé	Laclé	Laclé
2017	15379	republiek_2050	15243	Paedts	Paedts	Paedts
2018	15380	republiek_2051	15244	Warmond	Warmond	Warmond
2019	15381	republiek_2052	15245	Coedijck	Coedijck	Coedijck
2020	15382	republiek_2053	15246	Lanschot	Lanschot	Lanschot
2021	15383	republiek_2054	15247	Nieuwenhoven	Nieuwenhoven	Nieuwenhoven
2022	15384	republiek_2055	15248	Gallus	Gallus	Gallus
2023	15385	republiek_2056	15249	Warmond	Warmond	Warmond
2024	15386	republiek_2057	15250	Staveren	Staveren	Staveren
2025	15387	republiek_2058	15251	Hogeveen	Hogeveen	Hogeveen
2026	15388	republiek_2060	15252	Leeusveld	Leeusveld	Leeusveld
2027	15389	republiek_2061	15253	Warmond	Warmond	Warmond
2028	15390	republiek_2062	15254	Willigen	Willigen	Willigen
2029	15391	republiek_2063	15255	Wittens	Wittens	Wittens
2030	15392	republiek_2064	15256	Leeuwen	Leeuwen	Leeuwen
2031	15393	republiek_2065	15257	Kerchem	Kerchem	Kerchem
2032	15394	republiek_2066	15258	Gool	Gool	Gool
2033	15395	republiek_2067	15259	Marck	Marck	Marck
2034	15396	republiek_2068	15260	Gerard	Gerard	Gerard
2035	15397	republiek_2069	15261	Goes van Absmade	Goes van Absmade	Goes van Absmade
2036	15398	republiek_2070	15262	Wittens	Wittens	Wittens
2037	15399	republiek_2071	15263	Leyden (van Leeuwen)	Leyden (van Leeuwen)	Leyden (van Leeuwen)
2038	15400	republiek_2072	15264	Alphen	Alphen	Alphen
2039	15401	republiek_2073	15265	Gerwen	Gerwen	Gerwen
2040	15402	republiek_2074	15266	Cunaeus	Cunaeus	Cunaeus
2041	15403	republiek_2075	15267	Gijs	Gijs	Gijs
2042	15404	republiek_2076	15268	Hoogmade	Hoogmade	Hoogmade
2043	15405	republiek_2077	15269	Teijlingen	Teijlingen	Teijlingen
2044	15406	republiek_2078	15270	Leeuwen	Leeuwen	Leeuwen
2045	15407	republiek_2079	15271	Groeneveld	Groeneveld	Groeneveld
2046	15408	republiek_2080	15272	Sautijn	Sautijn	Sautijn
2047	15409	republiek_2081	15273	Pla	Pla	Pla
2048	15410	republiek_2082	15274	Alphen	Alphen	Alphen
2049	15411	republiek_2083	15275	Heijns	Heijns	Heijns
2050	15412	republiek_2084	15276	Speelman	Speelman	Speelman
2051	15413	republiek_2085	15277	Tol	Tol	Tol
2052	15414	republiek_2086	15278	Royen	Royen	Royen
2053	15415	republiek_2087	15279	Leyden	Leyden	Leyden
2054	15416	republiek_2088	15280	Kuffeler	Kuffeler	Kuffeler
2055	15417	republiek_2089	15281	Vinck	Vinck	Vinck
2056	15418	republiek_2090	15282	Valckenier	Valckenier	Valckenier
2057	15419	republiek_2091	19956	Poppen	Poppen	Poppen
2058	15420	republiek_2092	15283	Raep	Raep	Raep
2059	15421	republiek_2093	15284	Bas	Bas	Bas
2060	15422	republiek_2094	15285	Hasselaer	Hasselaer	Hasselaer
2061	15423	republiek_2095	15286	Bas	Bas	Bas
2062	15424	republiek_2096	15287	Huydecoper	Huydecoper	Huydecoper
2063	15425	republiek_2097	15288	Spiegel	Spiegel	Spiegel
2064	15426	republiek_2098	15289	Vlooswijck	Vlooswijck	Vlooswijck
2065	15427	republiek_2099	20605	Hudde	Hudde	Hudde
2066	15428	republiek_2100	20598	Huydecoper	Huydecoper	Huydecoper
2067	15429	republiek_2101	15290	Corver	Corver	Corver
2068	15430	republiek_2102	15291	Vries	Vries	Vries
2069	15431	republiek_2103	15292	Munter	Munter	Munter
2070	15432	republiek_2104	15293	Pancras	Pancras	Pancras
2071	15433	republiek_2105	15294	Strijen	Strijen	Strijen
2072	15434	republiek_2106	15295	Trip	Trip	Trip
2073	15435	republiek_2107	15296	Munter	Munter	Munter
2074	15436	republiek_2108	15297	Sautijn	Sautijn	Sautijn
2075	15437	republiek_2109	15298	Trip	Trip	Trip
2076	15438	republiek_2110	15299	Geelvinck	Geelvinck	Geelvinck
2077	15439	republiek_2111	15300	Collen	Collen	Collen
2078	15440	republiek_2112	15301	Dieu	Dieu	Dieu
2079	15441	republiek_2113	15302	Hooft	Hooft	Hooft
2080	15442	republiek_2114	15303	Hooft	Hooft	Hooft
2081	15443	republiek_2115	15304	Deutz	Deutz	Deutz
2082	15444	republiek_2116	15305	Hooft	Hooft	Hooft
2083	15445	republiek_2117	15306	Clifford	Clifford	Clifford
2084	15446	republiek_2118	20035	Dedel	Dedel	Dedel
2085	15447	republiek_2119	20018	Poll	Poll	Poll
2086	15448	republiek_2120	15307	Vlammenburch	Vlammenburch	Vlammenburch
2087	15449	republiek_2121	15308	Immerzeel	Immerzeel	Immerzeel
2088	15450	republiek_2122	20221	Lestevenon	Lestevenon	Lestevenon
2089	15451	republiek_2123	15309	Boudens	Boudens	Boudens
2090	15452	republiek_2124	15310	Decker	Decker	Decker
2091	15453	republiek_2125	15311	Lestevenon	Lestevenon	Lestevenon
2092	15454	republiek_2126	15312	Decker	Decker	Decker
2093	15455	republiek_2127	15313	Velaar	Velaar	Velaar
2094	15456	republiek_2128	15314	Pietersz.	Pietersz.	Pietersz.
2095	15457	republiek_2129	15315	Breed	Breed	Breed
2096	15458	republiek_2130	15316	Trom	Trom	Trom
2097	15459	republiek_2131	15317	Meusses	Meusses	Meusses
2098	15460	republiek_2132	15318	Westerbaan	Westerbaan	Westerbaan
2099	15461	republiek_2133	15319	Pieterknecht	Pieterknecht	Pieterknecht
2100	15462	republiek_2134	15320	Olij	Olij	Olij
2101	15463	republiek_2135	15321	Houttuijn	Houttuijn	Houttuijn
2102	15464	republiek_2136	15322	Brouwer	Brouwer	Brouwer
2103	15465	republiek_2137	15323	Bost	Bost	Bost
2104	15466	republiek_2138	15324	Teengs	Teengs	Teengs
2105	15467	republiek_2139	15325	Brasker	Brasker	Brasker
2106	15468	republiek_2140	15326	Beeldsnijder	Beeldsnijder	Beeldsnijder
2107	15469	republiek_2141	15327	Meer	Meer	Meer
2108	15470	republiek_2142	15328	Storm	Storm	Storm
2109	15471	republiek_2143	15329	Storm	Storm	Storm
2110	15472	republiek_2144	15330	Alteren	Alteren	Alteren
2111	15473	republiek_2145	15331	Hooft	Hooft	Hooft
2112	15474	republiek_2146	15332	Bicker	Bicker	Bicker
2113	15475	republiek_2147	15333	Boreel	Boreel	Boreel
2114	15476	republiek_2148	19986	Boreel	Boreel	Boreel
2115	15477	republiek_2149	15334	Hoop	Hoop	Hoop
2116	15478	republiek_2150	15335	Oosterman	Oosterman	Oosterman
2117	15479	republiek_2151	15336	Reael	Reael	Reael
2118	15480	republiek_2152	15337	Wildt	Wildt	Wildt
2119	15481	republiek_2153	15338	Hoeffijser	Hoeffijser	Hoeffijser
2120	15482	republiek_2154	15339	Hoeffijser	Hoeffijser	Hoeffijser
2121	15483	republiek_2155	15340	Spiegel	Spiegel	Spiegel
2122	15484	republiek_2156	15341	Slicher	Slicher	Slicher
2123	15485	republiek_2157	15342	Slicher	Slicher	Slicher
2124	15486	republiek_2158	15343	Wildt	Wildt	Wildt
2125	15487	republiek_2159	15344	Graafland	Graafland	Graafland
2126	15488	republiek_2160	20028	Graafland	Graafland	Graafland
2127	15489	republiek_2161	15345	Wildt	Wildt	Wildt
2128	15490	republiek_2162	15346	Backer	Backer	Backer
2129	15491	republiek_2163	20013	Backer	Backer	Backer
2130	15492	republiek_2164	15347	Waal	Waal	Waal
2131	15493	republiek_2165	15348	Haen	Haen	Haen
2132	15494	republiek_2166	15349	Casembroot	Casembroot	Casembroot
2133	15495	republiek_2167	15350	Berck	Berck	Berck
2134	15496	republiek_2168	19637	Splinter	Splinter	Splinter
2135	15497	republiek_2169	15351	Splinter	Splinter	Splinter
2136	15498	republiek_2170	15352	Lodensteyn	Lodensteyn	Lodensteyn
2137	15499	republiek_2171	15353	Broek	Broek	Broek
2138	15500	republiek_2172	15354	Zas van den Bossche	Zas van den Bossche	Zas van den Bossche
2139	15501	republiek_2173	15355	Hartigsveld	Hartigsveld	Hartigsveld
2140	15502	republiek_2174	15356	Baerle	Baerle	Baerle
2141	15503	republiek_2175	15357	Heim	Heim	Heim
2142	15504	republiek_2176	15358	Heim	Heim	Heim
2143	15505	republiek_2177	15359	Bisschop	Bisschop	Bisschop
2144	15506	republiek_2178	15360	Vroesen	Vroesen	Vroesen
2145	15507	republiek_2180	15361	Yck	Yck	Yck
2146	15508	republiek_2181	15362	Berckel	Berckel	Berckel
2147	15509	republiek_2182	15363	Meer	Meer	Meer
2148	15510	republiek_2183	19918	Paets	Paets	Paets
2149	15511	republiek_2184	15364	Paets	Paets	Paets
2150	15512	republiek_2185	15365	Schepers	Schepers	Schepers
2151	15513	republiek_2186	15366	Wassenaer	Wassenaer	Wassenaer
2152	15514	republiek_2187	15367	Collot d'Escury	Collot d'Escury	Collot d'Escury
2153	15515	republiek_2188	20891	Huerenblocq	Huerenblocq	Huerenblocq
2154	15516	republiek_2189	15368	Broeck	Broeck	Broeck
2155	15517	republiek_2190	15369	Horst	Horst	Horst
2156	15518	republiek_2191	15370	Dussen	Dussen	Dussen
2157	15519	republiek_2192	15371	Dussen van Beverningh	Dussen van Beverningh	Dussen van Beverningh
2158	15520	republiek_2193	15372	Denick	Denick	Denick
2159	15521	republiek_2194	15373	Paulus	Paulus	Paulus
2160	15522	republiek_2195	20443	Teylingen	Teylingen	Teylingen
2161	15523	republiek_2196	15374	Steengracht	Steengracht	Steengracht
2162	15524	republiek_2197	15375	Steengracht	Steengracht	Steengracht
2163	15525	republiek_2198	15376	Steengracht	Steengracht	Steengracht
2164	15526	republiek_2199	15377	Beaufort	Beaufort	Beaufort
2165	15527	republiek_2200	15378	Nebbens	Nebbens	Nebbens
2166	15528	republiek_2201	15379	Boddaert	Boddaert	Boddaert
2167	15529	republiek_2202	20338	Lynden van Blitterswijk	Lynden van Blitterswijk tot Kolverschoten	Lynden van Blitterswijk tot Kolverschoten
2168	15530	republiek_2203	20313	Thibaut	Thibaut	Thibaut
2169	15531	republiek_2204	15380	Schorer	Schorer	Schorer
2170	15532	republiek_2205	15381	Oilliaerts	Oilliaerts	Oilliaerts
2171	15533	republiek_2206	15382	Slachmulder	Slachmulder	Slachmulder
2172	15534	republiek_2207	15383	Comans	Comans	Comans
2173	15535	republiek_2209	15384	Fannius	Fannius	Fannius
2174	15536	republiek_2210	15385	Esse	Esse	Esse
2175	15537	republiek_2211	15386	Parduin	Parduin	Parduin
2176	15538	republiek_2212	15387	Visvliet	Visvliet	Visvliet
2177	15539	republiek_2213	15388	Vriese	Vriese	Vriese
2178	15540	republiek_2214	15389	Tulleken	Tulleken	Tulleken
2179	15541	republiek_2215	15390	Steengracht	Steengracht	Steengracht
2180	15542	republiek_2216	15391	Steengracht	Steengracht	Steengracht
2181	15543	republiek_2218	15392	Neck	Neck	Neck
2182	15544	republiek_2219	15393	Neck	Neck	Neck
2183	15545	republiek_2220	15394	Neck	Neck	Neck
2184	15546	republiek_2222	20103	Groot	Groot	Groot
2185	15547	republiek_2224	15395	Akerlaken	Akerlaken	Akerlaken
2186	15548	republiek_2226	15396	Haak	Haak	Haak
2187	15549	republiek_2228	15397	Bredenhoff	Bredenhoff	Bredenhoff
2188	15550	republiek_2229	15398	Vicq	Vicq	Vicq
2189	15551	republiek_2230	15399	Carbasius	Carbasius	Carbasius
2190	15552	republiek_2231	15400	Ramhorst	Ramhorst	Ramhorst
2191	15553	republiek_2232	15401	Noordlander	Noordlander	Noordlander
2192	15554	republiek_2233	15402	Lucasz.	Lucasz.	Lucasz.
2193	15555	republiek_2234	15403	Compostel	Compostel	Compostel
2194	15556	republiek_2236	15404	Compostel	Compostel	Compostel
2195	15557	republiek_2237	15405	Neck	Neck	Neck
2196	15558	republiek_2238	15406	Duijvensz.	Duijvensz.	Duijvensz.
2197	15559	republiek_2239	15407	Vossen	Vossen	Vossen
2198	15560	republiek_2241	15408	Keyser	Keyser	Keyser
2199	15561	republiek_2242	15409	Groot	Groot	Groot
2200	15562	republiek_2243	15410	Sander	Sander	Sander
2201	15563	republiek_2244	15411	Haak	Haak	Haak
2202	15564	republiek_2246	15412	Stralen	Stralen	Stralen
2203	15565	republiek_2275	15413	Haer	Haer	Haer
2204	15566	republiek_2278	15414	Gouwenaer	Gouwenaer	Gouwenaer
2205	15567	republiek_2279	15415	Sluijs	Sluijs	Sluijs
2206	15568	republiek_2280	15416	Brasser	Brasser	Brasser
2207	15569	republiek_2281	15417	Heim	Heim	Heim
2208	15570	republiek_2282	15418	Beijs	Beijs	Beijs
2209	15571	republiek_2283	15419	Mathol	Mathol	Mathol
2210	15572	republiek_2284	15420	Vermeulen	Vermeulen	Vermeulen
2211	15573	republiek_2285	15421	Burg	Burg	Burg
2212	15574	republiek_2286	15422	Houten	Houten	Houten
2213	15575	republiek_2287	15423	Maan	Maan	Maan
2214	15576	republiek_2288	15424	Hodenpijl	Hodenpijl	Hodenpijl
2215	15577	republiek_2289	15425	Heim	Heim	Heim
2216	15578	republiek_2290	15426	Hodenpijl	Hodenpijl	Hodenpijl
2217	15579	republiek_2291	15427	Beer	Beer	Beer
2218	15580	republiek_2292	15428	Cambier	Cambier	Cambier
2219	15581	republiek_2293	15429	Beer	Beer	Beer
2220	15582	republiek_2294	15430	Voogd	Voogd	Voogd
2221	15583	republiek_2295	15431	Elias	Elias	Elias
2222	15584	republiek_2296	15432	Bosschaert	Bosschaert	Bosschaert
2223	15585	republiek_2297	15433	Walwijk	Walwijk	Walwijk
2224	15586	republiek_2298	15434	Bulderen	Bulderen	Bulderen
2225	15587	republiek_2299	15435	Berg	Berg	Berg
2226	15588	republiek_2300	15436	Schouhamer	Schouhamer	Schouhamer
2227	15589	republiek_2301	15437	Greve	Greve	Greve
2228	15590	republiek_2302	15438	Doom	Doom	Doom
2229	15591	republiek_2306	15439	Schaep	Schaep	Schaep
2230	15592	republiek_2307	15440	Cleyburg	Cleyburg	Cleyburg
2231	15593	republiek_2308	15441	Lodensteyn	Lodensteyn	Lodensteyn
2232	15594	republiek_2309	15442	Berkhout	Berkhout	Berkhout
2233	15595	republiek_2310	15443	Oly	Oly	Oly
2234	15596	republiek_2311	15444	Soutmaet	Soutmaet	Soutmaet
2235	15597	republiek_2312	15445	Garbrantsz.	Garbrantsz.	Garbrantsz.
2236	15598	republiek_2317	15446	Santen	Santen	Santen
2237	15599	republiek_2320	15447	Trompet	Trompet	Trompet
2238	15600	republiek_2322	15448	Lynden	Lynden	Lynden
2239	15601	republiek_2324	15449	Mast	Mast	Mast
2240	15602	republiek_2326	15450	Heul	Heul	Heul
2241	15603	republiek_2328	15451	Schuer	Schuer	Schuer
2242	15604	republiek_2329	15452	Vries	Vries	Vries
2243	15605	republiek_2330	15453	Opmeer	Opmeer	Opmeer
2244	15606	republiek_2331	15454	Houtkooper	Houtkooper	Houtkooper
2245	15607	republiek_2332	15455	Wijnkoop	Wijnkoop	Wijnkoop
2246	15608	republiek_2333	15456	Berchout	Berchout	Berchout
2247	15609	republiek_2334	15457	Buys	Buys	Buys
2248	15610	republiek_2336	15458	Feltrum	Feltrum	Feltrum
2249	15611	republiek_2337	15459	Corput	Corput	Corput
2250	15612	republiek_2338	15460	Coulster	Coulster	Coulster
2251	15613	republiek_2339	15461	Hoey	Hoey	Hoey
2252	15614	republiek_2342	15462	Duyn	Duyn	Duyn
2253	15615	republiek_2343	15463	Groenewegen	Groenewegen	Groenewegen
2254	15616	republiek_2344	15464	Vink	Vink	Vink
2255	15617	republiek_2345	15465	Molshouk	Molshouk	Molshouk
2256	15618	republiek_2346	15466	Bonstoe	Bonstoe	Bonstoe
2257	15619	republiek_2348	15467	Honert	Honert	Honert
2258	15620	republiek_2349	15468	Besemer	Besemer	Besemer
2259	15621	republiek_2350	15469	Dorp	Dorp	Dorp
2260	15622	republiek_2351	15470	Dussen	Dussen	Dussen
2261	15623	republiek_2352	15471	Stockum	Stockum	Stockum
2262	15624	republiek_2353	15472	Versijden	Versijden	Versijden
2263	15625	republiek_2354	15473	Groes	Groes	Groes
2264	15626	republiek_2355	15474	Harencarspel	Harencarspel	Harencarspel
2265	15627	republiek_2356	15475	Haen	Haen	Haen
2266	15628	republiek_2357	15476	Opperdoes	Opperdoes	Opperdoes
2267	15629	republiek_2358	15477	Druyf	Druyf	Druyf
2268	15630	republiek_2359	15478	Nierop	Nierop	Nierop
2269	15631	republiek_2361	15479	Huych	Huych	Huych
2270	15632	republiek_2364	15480	Pompe van Meerdervoort	Pompe van Meerdervoort	Pompe van Meerdervoort
2271	15633	republiek_2365	15481	Noest	Noest	Noest
2272	15634	republiek_2366	15482	Jonge	Jonge	Jonge
2273	15635	republiek_2367	15483	Horst	Horst	Horst
2274	15636	republiek_2368	15484	Jansz.	Jansz.	Jansz.
2275	15637	republiek_2369	15485	Spierinck	Spierinck	Spierinck
2276	15638	republiek_2370	15486	Kalf	Kalf	Kalf
2277	15639	republiek_2371	15487	Hartman	Hartman	Hartman
2278	15640	republiek_2372	15488	Vroesen	Vroesen	Vroesen
2279	15641	republiek_2373	15489	Zoelen	Zoelen	Zoelen
2280	15642	republiek_2374	15490	Blanckert	Blanckert	Blanckert
2281	15643	republiek_2375	15491	Mey	Mey	Mey
2282	15644	republiek_2376	15492	Dane	Dane	Dane
2283	15645	republiek_2377	15493	Hogendorp	Hogendorp	Hogendorp
2284	15646	republiek_2378	15494	Teylingen	Teylingen	Teylingen
2285	15647	republiek_2379	15495	Gevers	Gevers	Gevers
2286	15648	republiek_2380	15496	Groenhout	Groenhout	Groenhout
2287	15649	republiek_2381	15497	Prins	Prins	Prins
2288	15650	republiek_2382	15498	Groeninx van Zoelen	Groeninx van Zoelen	Groeninx van Zoelen
2289	15651	republiek_2383	15499	Groot	Groot	Groot
2290	15652	republiek_2384	15500	Vingerhoed	Vingerhoed	Vingerhoed
2291	15653	republiek_2385	15501	Gevers	Gevers	Gevers
2292	15654	republiek_2386	15502	Meyners	Meyners	Meyners
2293	15655	republiek_2387	15503	Beeftingh	Beeftingh	Beeftingh
2294	15656	republiek_2388	15504	Berckel	Berckel	Berckel
2295	15657	republiek_2391	15505	Swinnas	Swinnas	Swinnas
2296	15658	republiek_2392	15506	Corput	Corput	Corput
2297	15659	republiek_2393	15507	Couckebakker	Couckebakker	Couckebakker
2298	15660	republiek_2394	15508	Jonge van Ellemeet	Jonge van Ellemeet	Jonge van Ellemeet
2299	15661	republiek_2396	15509	Verdoes	Verdoes	Verdoes
2300	15662	republiek_2397	19988	Loosen	Loosen	Loosen
2301	15663	republiek_2401	15510	Harencarspel	Harencarspel	Harencarspel
2302	15664	republiek_2402	15511	Reynst	Reynst	Reynst
2303	15665	republiek_2403	15512	Timman	Timman	Timman
2304	15666	republiek_2405	15513	Raat	Raat	Raat
2305	15667	republiek_2406	15514	Bas	Bas	Bas
2306	15668	republiek_2407	15515	Someren	Someren	Someren
2307	15669	republiek_2408	15516	Beveren	Beveren	Beveren
2308	15670	republiek_2409	15517	Waveren	Waveren	Waveren
2309	15671	republiek_2412	15518	Graaff	Graaff	Graaff
2310	15672	republiek_2413	15519	Gael	Gael	Gael
2311	15673	republiek_2414	15520	Beresteyn	Beresteyn	Beresteyn
2312	15674	republiek_2415	15521	Dussen	Dussen	Dussen
2313	15675	republiek_2416	15522	Beresteyn	Beresteyn	Beresteyn
2314	15676	republiek_2417	15523	Dussen	Dussen	Dussen
2315	15677	republiek_2418	15524	Halling	Halling	Halling
2316	15678	republiek_2419	15525	Doublet	Doublet	Doublet
2317	15679	republiek_2420	15526	Fransz.	Fransz.	Fransz.
2318	15680	republiek_2421	15527	Beaumont	Beaumont	Beaumont
2319	15681	republiek_2422	15528	Segwaert	Segwaert	Segwaert
2320	15682	republiek_2423	15529	Hallincg	Hallincg	Hallincg
2321	15683	republiek_2424	15530	Dorsten	Dorsten	Dorsten
2322	15684	republiek_2425	15531	Everwijn	Everwijn	Everwijn
2323	15685	republiek_2426	15532	Berck	Berck	Berck
2324	15686	republiek_2427	15533	Bevere	Bevere	Bevere
2325	15687	republiek_2428	15534	Waerthuysen	Waerthuysen	Waerthuysen
2326	15688	republiek_2429	15535	Mast	Mast	Mast
2327	15689	republiek_2430	15536	Bleyswijk	Bleyswijk	Bleyswijk
2328	15690	republiek_2431	15537	Soetens	Soetens	Soetens
2329	15691	republiek_2432	15538	Berkhout	Berkhout	Berkhout
2330	15692	republiek_2433	15539	Slicher	Slicher	Slicher
2331	15693	republiek_2434	15540	Goch	Goch	Goch
2332	15694	republiek_2435	15541	Blanckert	Blanckert	Blanckert
2333	15695	republiek_2436	15542	Veen	Veen	Veen
2334	15696	republiek_2437	15543	Nobel	Nobel	Nobel
2335	15697	republiek_2438	15544	Brauw	Brauw	Brauw
2336	15698	republiek_2439	15545	Bisschop	Bisschop	Bisschop
2337	15699	republiek_2440	15546	Bidloo	Bidloo	Bidloo
2338	15700	republiek_2441	15547	Casteleyn	Casteleyn	Casteleyn
2339	15701	republiek_2442	15548	Hennekyn	Hennekyn	Hennekyn
2340	15702	republiek_2443	15549	Hoeven	Hoeven	Hoeven
2341	15703	republiek_2444	15550	Does	Does	Does
2342	15704	republiek_2445	15551	Hogendorp	Hogendorp	Hogendorp
2343	15705	republiek_2446	15552	Meer	Meer	Meer
2344	15706	republiek_2447	20426	Mathenesse	Mathenesse	Mathenesse
2345	15707	republiek_2448	15553	Erp	Erp	Erp
2346	15708	republiek_2449	15554	Venlo	Venlo	Venlo
2347	15709	republiek_2450	15555	Nolthenius	Nolthenius	Nolthenius
2348	15710	republiek_2451	15556	Bicker	Bicker	Bicker
2349	15711	republiek_2452	15557	Meer	Meer	Meer
2350	15712	republiek_2454	15558	Schrijver	Schrijver	Schrijver
2351	15713	republiek_2455	15559	Fuds	Fuds	Fuds
2352	15714	republiek_2456	15560	Jager	Jager	Jager
2353	15715	republiek_2457	19985	Schaep	Schaep	Schaep
2354	15716	republiek_2458	15561	Houtingh	Houtingh	Houtingh
2355	15717	republiek_2459	15562	Ockersse	Ockersse	Ockersse
2356	15718	republiek_2460	15563	Roos	Roos	Roos
2357	15719	republiek_2461	15564	Houten	Houten	Houten
2358	15720	republiek_2462	15565	Cortleven	Cortleven	Cortleven
2359	15721	republiek_2463	15566	Vladeracken	Vladeracken	Vladeracken
2360	15723	republiek_2465	15567	Hudde	Hudde	Hudde
2361	15724	republiek_2466	15568	Backer	Backer	Backer
2362	15725	republiek_2467	15569	Groot	Groot	Groot
2363	15726	republiek_2468	15570	Overtwater	Overtwater	Overtwater
2364	15727	republiek_2469	15571	Linde	Linde	Linde
2365	15728	republiek_2471	15572	Block	Block	Block
2366	15729	republiek_2472	15573	Recx	Recx	Recx
2367	15730	republiek_2473	15574	Juynbol	Juynbol	Juynbol
2368	15731	republiek_2475	15575	Cleijburgh	Cleijburgh	Cleijburgh
2369	15732	republiek_2476	15576	Cools	Cools	Cools
2370	15733	republiek_2477	15577	Graeff	Graeff	Graeff
2371	15734	republiek_2478	15578	Jongh	Jongh	Jongh
2372	15735	republiek_2479	15579	Mewen	Mewen	Mewen
2373	15736	republiek_2480	15580	Carpentier	Carpentier	Carpentier
2374	15737	republiek_2481	15581	Buys	Buys	Buys
2375	15738	republiek_2482	15582	Neurenburg	Neurenburg	Neurenburg
2376	15739	republiek_2483	15583	Huygens	Huygens	Huygens
2377	15740	republiek_2484	15584	Steenhuysen	Steenhuysen	Steenhuysen
2378	15741	republiek_2485	19984	Spiegel	Spiegel	Spiegel
2379	15742	republiek_2486	15585	Sijes	Sijes	Sijes
2380	15743	republiek_2487	15586	Roos	Roos	Roos
2381	15744	republiek_2489	15587	Cock	Cock	Cock
2382	15745	republiek_2490	15588	Buyskes	Buyskes	Buyskes
2383	15746	republiek_2491	15589	Steenhuysen	Steenhuysen	Steenhuysen
2384	15747	republiek_2492	15590	Schonen	Schonen	Schonen
2385	15748	republiek_2493	15591	Verwer	Verwer	Verwer
2386	15749	republiek_2494	15592	Bloem	Bloem	Bloem
2387	15750	republiek_2495	15593	Vrijburgh	Vrijburgh	Vrijburgh
2388	15751	republiek_2496	15594	Moor	Moor	Moor
2389	15752	republiek_2498	15595	Homan	Homan	Homan
2390	15753	republiek_2500	15596	Veen	Veen	Veen
2391	15754	republiek_2501	15597	Schagen	Schagen	Schagen
2392	15755	republiek_2504	15598	Neck	Neck	Neck
2393	15756	republiek_2505	15599	Kaiser	Kaiser	Kaiser
2394	15757	republiek_2506	15600	Mars van Hoorn	Mars van Hoorn	Mars van Hoorn
2395	15758	republiek_2507	15601	Velius	Velius	Velius
2396	15759	republiek_2509	15602	Ericksz.	Ericksz.	Ericksz.
2397	15760	republiek_2510	15603	Roosterman	Roosterman	Roosterman
2398	15761	republiek_2511	15604	Maertsz.	Maertsz.	Maertsz.
2399	15762	republiek_2513	15605	Vervoorn	Vervoorn	Vervoorn
2400	15763	republiek_2514	15606	Berch	Berch	Berch
2401	15764	republiek_2515	15607	Heijckes	Heijckes	Heijckes
2402	15765	republiek_2516	15608	Slingeland	Slingeland	Slingeland
2403	15766	republiek_2518	15609	Teylingen Bas	Teylingen Bas	Teylingen Bas
2404	15767	republiek_2519	15610	Stoop	Stoop	Stoop
2405	15768	republiek_2520	15611	Stoop	Stoop	Stoop
2406	15769	republiek_2521	15612	Houtcooper	Houtcooper	Houtcooper
2407	15770	republiek_2522	15613	Jansz.	Jansz.	Jansz.
2408	15771	republiek_2523	15614	Philipsz.	Philipsz.	Philipsz.
2409	15772	republiek_2524	15615	Hases	Hases	Hases
2410	15773	republiek_2525	15616	Schram	Schram	Schram
2411	15774	republiek_2526	15617	Baenman	Baenman	Baenman
2412	15775	republiek_2527	15618	Gracht	Gracht	Gracht
2413	15776	republiek_2528	15619	Hasselt	Hasselt	Hasselt
2414	15777	republiek_2529	15620	Verdoes	Verdoes	Verdoes
2415	15778	republiek_2530	15621	Aems	Aems	Aems
2416	15779	republiek_2531	15622	Verwen	Verwen	Verwen
2417	15780	republiek_2532	15623	Viscroon	Viscroon	Viscroon
2418	15781	republiek_2533	15624	Keerssemaker	Keerssemaker	Keerssemaker
2419	15782	republiek_2534	15625	Spiegel	Spiegel	Spiegel
2420	15783	republiek_2535	15626	Bie	Bie	Bie
2421	15784	republiek_2536	15627	Crom van Asperen	Crom van Asperen	Crom van Asperen
2422	15785	republiek_2537	15628	Moutmaker	Moutmaker	Moutmaker
2423	15786	republiek_2538	15629	Brouwer	Brouwer	Brouwer
2424	15787	republiek_2539	15630	Berkhout	Berkhout	Berkhout
2425	15788	republiek_2541	15631	Cloeck	Cloeck	Cloeck
2426	15789	republiek_2542	15632	Graeff	Graeff	Graeff
2427	15790	republiek_2543	15633	Hoots	Hoots	Hoots
2428	15791	republiek_2544	15634	Bosschaert	Bosschaert	Bosschaert
2429	15792	republiek_2545	15635	Segwaert	Segwaert	Segwaert
2430	15793	republiek_2546	15636	Hage	Hage	Hage
2431	15794	republiek_2547	15637	Valckenier	Valckenier	Valckenier
2432	15795	republiek_2548	15638	Crap	Crap	Crap
2433	15796	republiek_2549	15639	Beverwijk	Beverwijk	Beverwijk
2434	15797	republiek_2550	15640	Jong	Jong	Jong
2435	15798	republiek_2551	15641	Roos	Roos	Roos
2436	15799	republiek_2552	15642	Butenius	Butenius	Butenius
2437	15800	republiek_2553	15643	Vis	Vis	Vis
2438	15801	republiek_2554	15644	Spiegelmaker	Spiegelmaker	Spiegelmaker
2439	15802	republiek_2555	15645	Buyskes	Buyskes	Buyskes
2440	15803	republiek_2556	15646	Briel	Briel	Briel
2441	15804	republiek_2557	15647	Steenis	Steenis	Steenis
2442	15805	republiek_2558	15648	Cletcher	Cletcher	Cletcher
2443	15806	republiek_2559	15649	Wijtmans	Wijtmans	Wijtmans
2444	15807	republiek_2560	15650	Molewater	Molewater	Molewater
2445	15808	republiek_2561	15651	Hallincg	Hallincg	Hallincg
2446	15809	republiek_2562	15652	Gallas	Gallas	Gallas
2447	15810	republiek_2563	15653	Schilthouwer	Schilthouwer	Schilthouwer
2448	15811	republiek_2567	15654	Jongemaats	Jongemaats	Jongemaats
2449	15812	republiek_2569	15655	Trip	Trip	Trip
2450	15813	republiek_2570	15656	Jongh	Jongh	Jongh
2451	15814	republiek_2571	15657	Brouwer	Brouwer	Brouwer
2452	15815	republiek_2572	15658	Backer	Backer	Backer
2453	15816	republiek_2574	15659	Marck	Marck	Marck
2454	15817	republiek_2575	15660	Peursum	Peursum	Peursum
2455	15818	republiek_2576	15661	Does	Does	Does
2456	15819	republiek_2577	15662	Vis	Vis	Vis
2457	15820	republiek_2578	15663	Handt	Handt	Handt
2458	15821	republiek_2579	15664	Hoogtwoud	Hoogtwoud	Hoogtwoud
2459	15822	republiek_2580	15665	Levendigh	Levendigh	Levendigh
2460	15823	republiek_2581	15666	Veldhuijs	Veldhuijs	Veldhuijs
2461	15824	republiek_2582	15667	Hairen	Hairen	Hairen
2462	15825	republiek_2583	15668	Jong	Jong	Jong
2463	15826	republiek_2586	15669	Wassenaer-Obdam	Wassenaer-Obdam	Wassenaer-Obdam
2464	15827	republiek_2587	15670	Does	Does	Does
2465	15828	republiek_2588	20344	Hoogwerf	Hoogwerf	Hoogwerf
2466	15829	republiek_2589	15671	Langereis	Langereis	Langereis
2467	15830	republiek_2590	15672	Hooft	Hooft	Hooft
2468	15831	republiek_2591	15673	Ruyter	Ruyter	Ruyter
2469	15832	republiek_2592	15674	Koel	Koel	Koel
2470	15833	republiek_2594	15675	Bernard	Bernard	Bernard
2471	15834	republiek_2595	15676	Groenevelt	Groenevelt	Groenevelt
2472	15835	republiek_2596	15677	Burch	Burch	Burch
2473	15836	republiek_2597	15678	Gomar	Gomar	Gomar
2474	15837	republiek_2598	15679	Winter	Winter	Winter
2475	15838	republiek_2599	15680	Bije	Bije	Bije
2476	15839	republiek_2600	15681	Hoogwerf	Hoogwerf	Hoogwerf
2477	15840	republiek_2601	15682	Onderwater	Onderwater	Onderwater
2478	15841	republiek_2602	15683	Wassenaer-Obdam	Wassenaer-Obdam	Wassenaer-Obdam
2479	15842	republiek_2603	15684	Hoolwerf	Hoolwerf	Hoolwerf
2480	15843	republiek_2604	20004	Sautijn	Sautijn	Sautijn
2481	15844	republiek_2605	15685	Foreest	Foreest	Foreest
2482	15845	republiek_2606	15686	Meer	Meer	Meer
2483	15846	republiek_2607	15687	Oetgens van Waveren	Oetgens van Waveren	Oetgens van Waveren
2484	15847	republiek_2608	15688	Mogge	Mogge	Mogge
2485	15848	republiek_2609	15689	Hasselaer	Hasselaer	Hasselaer
2486	15849	republiek_2610	15690	Hoogeveen	Hoogeveen	Hoogeveen
2487	15850	republiek_2612	15691	Veer	Veer	Veer
2488	15851	republiek_2613	15692	Barnevelt	Barnevelt	Barnevelt
2489	15852	republiek_2614	15693	Verschoor	Verschoor	Verschoor
2490	15853	republiek_2615	15694	Mouchon	Mouchon	Mouchon
2491	15854	republiek_2616	15695	Gevaerts	Gevaerts	Gevaerts
2492	15855	republiek_2617	15696	Dussen	Dussen	Dussen
2493	15856	republiek_2618	15697	Berchem	Berchem	Berchem
2494	15857	republiek_2619	15698	Witt	Witt	Witt
2495	15858	republiek_2620	15699	Voogd	Voogd	Voogd
2496	15859	republiek_2621	15700	Daey	Daey	Daey
2497	15860	republiek_2622	15701	Stuurman	Stuurman	Stuurman
2498	15861	republiek_2623	15702	Schellinger	Schellinger	Schellinger
2499	15862	republiek_2624	15703	Leeuw	Leeuw	Leeuw
2500	15863	republiek_2626	15704	Lestevenon	Lestevenon	Lestevenon
2501	15864	republiek_2627	15705	Rothe	Rothe	Rothe
2502	15865	republiek_2628	15706	Brouwer	Brouwer	Brouwer
2503	15866	republiek_2629	15707	Overveld	Overveld	Overveld
2504	15867	republiek_2630	15708	Bruyn	Bruyn	Bruyn
2505	15868	republiek_2631	15709	Ouwens	Ouwens	Ouwens
2506	15869	republiek_2632	15710	Brandeler	Brandeler	Brandeler
2507	15870	republiek_2633	15711	Beels	Beels	Beels
2508	15871	republiek_2634	15712	Sluys	Sluys	Sluys
2509	15872	republiek_2635	15713	Schagen	Schagen	Schagen
2510	15873	republiek_2636	15714	Oudewagen	Oudewagen	Oudewagen
2511	15874	republiek_2637	15715	Kous	Kous	Kous
2512	15875	republiek_2638	15716	Witsen	Witsen	Witsen
2513	15876	republiek_2639	15717	Zee	Zee	Zee
2514	15877	republiek_2640	15718	Buyskes	Buyskes	Buyskes
2515	15878	republiek_2641	15719	Roos	Roos	Roos
2516	15879	republiek_2642	15720	Winder	Winder	Winder
2517	15880	republiek_2643	15721	Boon	Boon	Boon
2518	15881	republiek_2644	15722	Verschuer	Verschuer	Verschuer
2519	15882	republiek_2645	15723	Mogge	Mogge	Mogge
2520	15883	republiek_2646	15724	Braet	Braet	Braet
2521	15884	republiek_2647	15725	Barnevelt	Barnevelt	Barnevelt
2522	15885	republiek_2648	15726	Burch	Burch	Burch
2523	15886	republiek_2649	15727	Convent	Convent	Convent
2524	15887	republiek_2653	15728	Mirell	Mirell	Mirell
2525	15888	republiek_2654	15729	Goes	Goes	Goes
2526	15889	republiek_2655	15730	Bodeghem	Bodeghem	Bodeghem
2527	15890	republiek_2656	15731	Brouwer	Brouwer	Brouwer
2528	15891	republiek_2657	15732	Gallis	Gallis	Gallis
2529	15892	republiek_2658	15733	Blok	Blok	Blok
2530	15893	republiek_2660	15734	Nassau-Woudenbergh	Nassau-Woudenbergh	Nassau-Woudenbergh
2531	15894	republiek_2661	15735	Molenaar	Molenaar	Molenaar
2532	15895	republiek_2662	15736	Vossen	Vossen	Vossen
2533	15896	republiek_2663	15737	Warin	Warin	Warin
2534	15897	republiek_2664	15738	Mol	Mol	Mol
2535	15898	republiek_2665	15739	Marle	Marle	Marle
2536	15899	republiek_2666	15740	Buyskes	Buyskes	Buyskes
2537	15900	republiek_2667	15741	Pompe van Meerdervoort	Pompe van Meerdervoort	Pompe van Meerdervoort
2538	15901	republiek_2668	15742	Eijk	Eijk	Eijk
2539	15902	republiek_2669	15743	Appel	Appel	Appel
2540	15903	republiek_2671	15744	Nooten	Nooten	Nooten
2541	15904	republiek_2672	15745	Schilthouwer van Hoeij	Schilthouwer van Hoeij	Schilthouwer van Hoeij
2542	15905	republiek_2673	15746	Hogendijk van Domselaar	Hogendijk van Domselaar	Hogendijk van Domselaar
2543	15906	republiek_2674	15747	Ras	Ras	Ras
2544	15907	republiek_2676	20024	Backer	Backer	Backer
2545	15908	republiek_2677	20037	Hooft	Hooft	Hooft
2546	15909	republiek_2678	19994	Poll	Poll	Poll
2547	15910	republiek_2680	15748	Berkhout	Berkhout	Berkhout
2548	15911	republiek_2681	15749	Loosen	Loosen	Loosen
2549	15912	republiek_2682	20034	Alewijn	Alewijn	Alewijn
2550	15913	republiek_2683	20871	Ewijck	Ewijck	Ewijck
2551	15914	republiek_2684	15750	Solingen	Solingen	Solingen
2552	15915	republiek_2685	15751	Hinlopen	Hinlopen	Hinlopen
2553	15916	republiek_2686	15752	Pigeaud	Pigeaud	Pigeaud
2554	15917	republiek_2688	15753	Cromhout	Cromhout	Cromhout
2555	15918	republiek_2689	15754	Maurik	Maurik	Maurik
2556	15919	republiek_2690	15755	Schaak	Schaak	Schaak
2557	15920	republiek_2691	15756	Bresser	Bresser	Bresser
2558	15921	republiek_2692	15757	Weits	Weits	Weits
2559	15922	republiek_2693	15758	Genderen	Genderen	Genderen
2560	15923	republiek_2694	15759	Holk	Holk	Holk
2561	15924	republiek_2695	15760	Wassenaer-Obdam	Wassenaer-Obdam	Wassenaer-Obdam
2562	15925	republiek_2696	15761	Pompe	Pompe	Pompe
2563	15926	republiek_2697	15762	Eelbo	Eelbo	Eelbo
2564	15927	republiek_2698	15763	Repelaer	Repelaer	Repelaer
2565	15928	republiek_2699	20002	Backer	Backer	Backer
2566	15929	republiek_2700	15764	Wassenaer	Wassenaer	Wassenaer
2567	15930	republiek_2701	15765	Neurenburg	Neurenburg	Neurenburg
2568	15931	republiek_2702	15766	Oem van Wijngaerden	Oem van Wijngaerden	Oem van Wijngaerden
2569	15932	republiek_2703	15767	Mauregnault	Mauregnault	Mauregnault
2570	15933	republiek_2704	20301	Mieden	Mieden	Mieden
2571	15934	republiek_2705	15768	Slicher	Slicher	Slicher
2572	15935	republiek_2706	20927	Hallinc	Hallinc	Hallinc
2573	15936	republiek_2707	15769	Loenius	Loenius	Loenius
2574	15937	republiek_2708	20937	Mathenesse	Mathenesse	Mathenesse
2575	15938	republiek_2709	15770	Muylwijk	Muylwijk	Muylwijk
2576	15939	republiek_2710	15771	Block	Block	Block
2577	15940	republiek_2711	15772	Lyere	Lyere	Lyere
2578	15941	republiek_2795	15773	Strijen	Strijen	Strijen
2579	15942	republiek_2796	15774	Booth	Booth	Booth
2580	15943	republiek_2797	15775	Appolloni	Appolloni	Appolloni
2581	15944	republiek_2798	15776	Sixti	Sixti	Sixti
2582	15945	republiek_2799	15777	Buery	Buery	Buery
2583	15946	republiek_2800	15778	Hurck	Hurck	Hurck
2584	15947	republiek_2801	15779	Thilenius	Thilenius	Thilenius
2585	15948	republiek_2803	15780	Eversdijk	Eversdijk	Eversdijk
2586	15949	republiek_2804	15781	Vredenburch	Vredenburch	Vredenburch
2587	15950	republiek_2805	15782	Tubalkijn	Tubalkijn	Tubalkijn
2588	15951	republiek_2806	15783	Bleyswijk	Bleyswijk	Bleyswijk
2589	15952	republiek_2807	15784	Cau	Cau	Cau
2590	15953	republiek_2808	15785	Hop	Hop	Hop
2591	15954	republiek_2809	15786	Eversdijk	Eversdijk	Eversdijk
2592	15955	republiek_2810	15787	Slicher	Slicher	Slicher
2593	15956	republiek_2811	15788	Graafland	Graafland	Graafland
2594	15957	republiek_2812	15789	Changuion	Changuion	Changuion
2595	15958	republiek_2813	15790	Jacobsz.	Jacobsz.	Jacobsz.
2596	15959	republiek_2814	15791	Craen	Craen	Craen
2597	15960	republiek_2815	15792	Daey	Daey	Daey
2598	15961	republiek_2817	15793	Nicolai	Nicolai	Nicolai
2599	15962	republiek_2818	15794	Bijnkershoek	Bijnkershoek	Bijnkershoek
2600	15963	republiek_2819	15795	Mollerus	Mollerus	Mollerus
2601	15964	republiek_2820	15796	Pauw	Pauw	Pauw
2602	15965	republiek_2821	15797	Mauregnault	Mauregnault	Mauregnault
2603	15966	republiek_2822	15798	Amstel van Mijnden tot Cronenburgh	Amstel van Mijnden tot Cronenburgh	Amstel van Mijnden tot Cronenburgh
2604	15967	republiek_2823	15799	Valke	Valke	Valke
2605	15968	republiek_2824	15800	Does	Does	Does
2606	15969	republiek_2825	15801	Bouchorst	Bouchorst	Bouchorst
2607	15970	republiek_2826	15802	Asperen	Asperen	Asperen
2608	15971	republiek_2827	15803	Reygersberge	Reygersberge	Reygersberge
2609	15972	republiek_2828	15804	Jonge	Jonge	Jonge
2610	15973	republiek_2829	15805	Waal	Waal	Waal
2611	15974	republiek_2830	15806	Heemskerck	Heemskerck	Heemskerck
2612	15975	republiek_2831	15807	Pieterson	Pieterson	Pieterson
2613	15976	republiek_2832	15808	Gruywaart	Gruywaart	Gruywaart
2614	15977	republiek_2833	15809	Brande	Brande	Brande
2615	15978	republiek_2834	20381	Borselen van der Hooge	Borselen van der Hooge	Borselen van der Hooge
2616	15979	republiek_2835	15810	Ockers	Ockers	Ockers
2617	15980	republiek_2836	15811	Pieterson	Pieterson	Pieterson
2618	15981	republiek_2837	15812	Ruys Nicolai	Ruys Nicolai	Ruys Nicolai
2619	15982	republiek_2838	15813	Geniets	Geniets	Geniets
2620	15983	republiek_2839	15814	Wagewijns	Wagewijns	Wagewijns
2621	15984	republiek_2840	15815	Both van der Eem	Both van der Eem	Both van der Eem
2622	15985	republiek_2841	15816	Coenen	Coenen	Coenen
2623	15986	republiek_2842	15817	Leeuwen	Leeuwen	Leeuwen
2624	15987	republiek_2843	15818	Verbrugge	Verbrugge	Verbrugge
2625	15988	republiek_2844	15819	Ketelaer	Ketelaer	Ketelaer
2626	15989	republiek_2845	15820	Kruysse	Kruysse	Kruysse
2627	15990	republiek_2846	15821	Hoop	Hoop	Hoop
2628	15991	republiek_2847	15822	Duurcant	Duurcant	Duurcant
2629	15992	republiek_2848	15823	Hemert	Hemert	Hemert
2630	15993	republiek_2849	15824	Pottey Turcq	Pottey Turcq	Pottey Turcq
2631	15994	republiek_2850	15825	Thomèze	Thomèze	Thomèze
2632	15995	republiek_2851	15826	Pols	Pols	Pols
2633	15996	republiek_2852	15827	Griffioen	Griffioen	Griffioen
2634	15997	republiek_2853	15828	Boymert	Boymert	Boymert
2635	15998	republiek_2854	15829	Buys	Buys	Buys
2636	15999	republiek_2855	15830	Florij	Florij	Florij
2637	16000	republiek_2857	15831	Grebber	Grebber	Grebber
2638	16001	republiek_2858	15832	Berckhout	Berckhout	Berckhout
2639	16002	republiek_2859	15833	Ackersloot	Ackersloot	Ackersloot
2640	16003	republiek_2860	15834	Cassa	Cassa	Cassa
2641	16004	republiek_2861	15835	Larenius	Larenius	Larenius
2642	16005	republiek_2862	15836	IJsbrandtsz.	IJsbrandtsz.	IJsbrandtsz.
2643	16006	republiek_2863	15837	Alberts	Alberts	Alberts
2644	16007	republiek_2864	15838	Lindeborg	Lindeborg	Lindeborg
2645	16008	republiek_2865	15839	Schoenmaker	Schoenmaker	Schoenmaker
2646	16009	republiek_2866	15840	Hoen	Hoen	Hoen
2647	16010	republiek_2867	15841	Dirksz.	Dirksz.	Dirksz.
2648	16011	republiek_2868	15842	Jonckers	Jonckers	Jonckers
2649	16012	republiek_2869	15843	Croon	Croon	Croon
2650	16013	republiek_2870	15844	Heering	Heering	Heering
2651	16014	republiek_2871	15845	Matthijsz.	Matthijsz.	Matthijsz.
2652	16015	republiek_2872	15846	Goijkes	Goijkes	Goijkes
2653	16016	republiek_2873	15847	Gort	Gort	Gort
2654	16017	republiek_2874	15848	Sanen	Sanen	Sanen
2655	16018	republiek_2875	15849	Bruijn	Bruijn	Bruijn
2656	16019	republiek_2876	20278	Mars van Hoorn	Mars van Hoorn	Mars van Hoorn
2657	16020	republiek_2877	15850	Taymont	Taymont	Taymont
2658	16021	republiek_2878	15851	Roels	Roels	Roels
2659	16022	republiek_2879	15852	Pous	Pous	Pous
2660	16023	republiek_2880	20667	Munninx	Muenicx	Muenicx
2661	16024	republiek_2881	15853	Cau	Cau	Cau
2662	16025	republiek_2882	15854	Malepert	Malepert	Malepert
2663	16026	republiek_2883	15855	Lampsins	Lampsins	Lampsins
2664	16027	republiek_2884	15856	Huybert	Huybert	Huybert
2665	16028	republiek_2885	15857	Jonge	Jonge	Jonge
2666	16029	republiek_2886	15858	Elfsdijk	Elfsdijk	Elfsdijk
2667	16030	republiek_2887	15859	Ockers	Ockers	Ockers
2668	16031	republiek_2888	15860	Pompe	Pompe	Pompe
2669	16032	republiek_2889	15861	Sage	Sage	Sage
2670	16033	republiek_2890	15862	Vossius	Vossius	Vossius
2671	16034	republiek_2891	15863	Scotte	Scotte	Scotte
2672	16035	republiek_2892	15864	Ingels	Ingels	Ingels
2673	16036	republiek_2893	15865	Huijbrechts	Huijbrechts	Huijbrechts
2674	16037	republiek_2894	15866	Huybert	Huybert	Huybert
2675	16038	republiek_2895	15867	Merct	Merct	Merct
2676	16039	republiek_2896	15868	Mathisius	Mathisius	Mathisius
2677	16040	republiek_2898	15869	Hatting	Hatting	Hatting
2678	16041	republiek_2899	15870	Boddaert	Boddaert	Boddaert
2679	16042	republiek_2900	15871	Mathias	Mathias	Mathias
2680	16043	republiek_2901	15872	Pompe	Pompe	Pompe
2681	16044	republiek_2902	15873	Brande van Cleverskerke	Brande van Cleverskerke	Brande van Cleverskerke
2682	16045	republiek_2903	15874	Winkelman	Winkelman	Winkelman
2683	16046	republiek_2904	15875	Reygersberge	Reygersberge	Reygersberge
2684	16047	republiek_2905	15876	Citters	Citters	Citters
2685	16048	republiek_2906	15877	Swancke	Swancke	Swancke
2686	16049	republiek_2907	15878	Keijser	Keijser	Keijser
2687	16050	republiek_2908	15879	Domburg	Domburg	Domburg
2688	16051	republiek_2909	15880	Pedecoeur	Pedecoeur	Pedecoeur
2689	16052	republiek_2910	20733	Huybert	Huybert	Huybert
2690	16053	republiek_2912	15881	Voet van Winssen	Voet van Winssen	Voet van Winssen
2691	16054	republiek_2913	15882	Brauw	Brauw	Brauw
2692	16055	republiek_2914	20706	Buysero	Buysero	Buysero
2693	16056	republiek_2915	15883	Bevers	Bevers	Bevers
2694	16057	republiek_2916	15884	Ham	Ham	Ham
2695	16058	republiek_2917	15885	Loens	Loens	Loens
2696	16059	republiek_2918	15886	Hurgronje	Hurgronje	Hurgronje
2697	16060	republiek_2919	15887	Cruisse	Cruisse	Cruisse
2698	16061	republiek_2920	15888	Coux	Coux	Coux
2699	16062	republiek_2921	15889	Kokelaar	Kokelaar	Kokelaar
2700	16063	republiek_2922	15890	Caen	Caen	Caen
2701	16064	republiek_2924	15891	Broen de Kuijser	Broen de Kuijser	Broen de Kuijser
2702	16065	republiek_2925	15892	Schorer	Schorer	Schorer
2703	16066	republiek_2926	15893	Schorer	Schorer	Schorer
2704	16067	republiek_2927	15894	Wils	Wils	Wils
2705	16068	republiek_2928	15895	Koux	Koux	Koux
2706	16069	republiek_2929	15896	Poort	Poort	Poort
2707	16070	republiek_2931	15897	Boddaert	Boddaert	Boddaert
2708	16071	republiek_2932	15898	Couvert	Couvert	Couvert
2709	16072	republiek_2933	15899	Oole	Oole	Oole
2710	16073	republiek_2934	15900	Rosevelt	Rosevelt	Rosevelt
2711	16074	republiek_2935	15901	Braams	Braams	Braams
2712	16075	republiek_2936	15902	Perre	Perre	Perre
2713	16076	republiek_2937	15903	Zeeberg	Zeeberg	Zeeberg
2714	16077	republiek_2938	15904	Kokelaar	Kokelaar	Kokelaar
2715	16078	republiek_2939	15905	Wils	Wils	Wils
2716	16079	republiek_2940	15906	Citters	Citters	Citters
2717	16080	republiek_2941	15907	Loke	Loke	Loke
2718	16081	republiek_2942	15908	Radermacher	Radermacher	Radermacher
2719	16082	republiek_2943	15909	Schoor	Schoor	Schoor
2720	16083	republiek_2944	15910	Bomme	Bomme	Bomme
2721	16084	republiek_2945	15911	Geene	Geene	Geene
2722	16085	republiek_2946	15912	Steengracht	Steengracht	Steengracht
2723	16086	republiek_2947	15913	Porrenaer	Porrenaer	Porrenaer
2724	16087	republiek_2948	15914	Cannoye	Cannoye	Cannoye
2725	16088	republiek_2949	15915	Roels	Roels	Roels
2726	16089	republiek_2950	15916	Granier	Granier	Granier
2727	16090	republiek_2951	15917	Veranneman	Veranneman	Veranneman
2728	16091	republiek_2952	15918	Schorer	Schorer	Schorer
2729	16092	republiek_2953	15919	Pous	Pous	Pous
2730	16093	republiek_2954	15920	Bochoven	Bochoven	Bochoven
2731	16094	republiek_2955	15921	Versluys	Versluys	Versluys
2732	16095	republiek_2956	15922	Schorer	Schorer	Schorer
2733	16096	republiek_2957	15923	Schorer	Schorer	Schorer
2734	16097	republiek_2959	15924	Blocq	Blocq	Blocq
2735	16098	republiek_2960	15925	Blocq	Blocq	Blocq
2736	16099	republiek_2961	15926	Coenen	Coenen	Coenen
2737	16100	republiek_2962	15927	Teelinck	Teelinck	Teelinck
2738	16101	republiek_2963	15928	Bauté	Bauté	Bauté
2739	16102	republiek_2965	15929	Cau	Cau	Cau
2740	16103	republiek_2966	15930	Schorer	Schorer	Schorer
2741	16104	republiek_2969	15931	Schorer	Schorer	Schorer
2742	16105	republiek_2973	15932	Reitz	Reitz	Reitz
2743	16106	republiek_2985	15933	Huyssen	Huyssen	Huyssen
2744	16107	republiek_2986	15934	Thibaut	Thibaut	Thibaut
2745	16108	republiek_2987	15935	Roels	Roels	Roels
2746	16109	republiek_2989	15936	Pous	Pous	Pous
2747	16110	republiek_2990	15937	Bevers	Bevers	Bevers
2748	16111	republiek_2991	15938	Roseveldt	Roseveldt	Roseveldt
2749	16112	republiek_2992	15939	Meeuwsen	Meeuwsen	Meeuwsen
2750	16113	republiek_2993	20057	Reygersberge	Reygersberge	Reygersberge
2751	16114	republiek_2994	15940	Buysero	Buysero	Buysero
2752	16115	republiek_2996	15941	Canisius	Canisius	Canisius
2753	16116	republiek_2997	15942	Sloet tot Tweenijenhuizen	Sloet tot Tweenijenhuizen	Sloet tot Tweenijenhuizen
2754	16117	republiek_2998	15943	Tuyll van Serooskerke	Tuyll van Serooskerke	Tuyll van Serooskerke
2755	16118	republiek_3000	15944	Straten	Straten	Straten
2756	16119	republiek_3001	15945	Eversdijk	Eversdijk	Eversdijk
2757	16120	republiek_3002	15946	Loeff	Loeff	Loeff
2758	16121	republiek_3003	15947	Moens	Moens	Moens
2759	16122	republiek_3004	15948	Quintingh	Quintingh	Quintingh
2760	16123	republiek_3006	15949	Ringh	Ringh	Ringh
2761	16124	republiek_3007	15950	Goijkes	Goijkes	Goijkes
2762	16125	republiek_3008	15951	Meijer	Meijer	Meijer
2763	16126	republiek_3009	15952	Vrij	Vrij	Vrij
2764	16127	republiek_3010	15953	Schoemaker	Schoemaker	Schoemaker
2765	16128	republiek_3011	15954	Lakencooper	Lakencooper	Lakencooper
2766	16129	republiek_3013	15955	Everhardt	Everhardt	Everhardt
2767	16130	republiek_3014	15956	Nels	Nels	Nels
2768	16131	republiek_3015	15957	Brouwer	Brouwer	Brouwer
2769	16132	republiek_3016	15958	Schellinger	Schellinger	Schellinger
2770	16133	republiek_3017	15959	Busier	Busier	Busier
2771	16134	republiek_3018	15960	Snoeck	Snoeck	Snoeck
2772	16135	republiek_3019	15961	Neck	Neck	Neck
2773	16136	republiek_3020	15962	Brasker	Brasker	Brasker
2774	16137	republiek_3021	15963	Grebber	Grebber	Grebber
2775	16138	republiek_3022	15964	Adriaansz.	Adriaansz.	Adriaansz.
2776	16139	republiek_3023	20985	Vleugels	Vleugels	Vleugels
2777	16140	republiek_3024	15965	Steengracht	Steengracht	Steengracht
2778	16141	republiek_3025	15966	Jonge van Campensnieuwland	Jonge van Campensnieuwland	Jonge van Campensnieuwland
2779	16142	republiek_3026	15967	Citters	Citters	Citters
2780	16143	republiek_3028	15968	Kien	Kien	Kien
2781	16144	republiek_3029	19972	Vlaming	Vlaming	Vlaming
2782	16145	republiek_3030	15969	Bruyns	Bruyns	Bruyns
2783	16146	republiek_3031	15970	Baersdorp	Baersdorp	Baersdorp
2784	16147	republiek_3032	15971	Duijst van Zanten	Duijst van Zanten	Duijst van Zanten
2785	16148	republiek_3034	15972	Vaillant	Vaillant	Vaillant
2786	16149	republiek_3035	15973	Reygersberge	Reygersberge	Reygersberge
2787	16150	republiek_3037	15974	Groot	Groot	Groot
2788	16151	republiek_3038	15975	Schooff	Schooff	Schooff
2789	16152	republiek_3039	20287	Bredehoff	Bredehoff	Bredehoff
2790	16153	republiek_3040	15976	Poll	Poll	Poll
2791	16154	republiek_3041	15977	Westwoude	Westwoude	Westwoude
2792	16155	republiek_3042	15978	Waacker	Waacker	Waacker
2793	16156	republiek_3043	15979	Jacobi	Jacobi	Jacobi
2794	16158	republiek_3045	15980	Heyns	Heyns	Heyns
2795	16159	republiek_3046	15981	Nicolaï	Nicolaï	Nicolaï
2796	16160	republiek_3047	15982	Hoeck	Hoeck	Hoeck
2797	16161	republiek_3048	15983	Taymont	Taymont	Taymont
2798	16162	republiek_3049	15984	Campe	Campe	Campe
2799	16163	republiek_3050	15985	Beaumont	Beaumont	Beaumont
2800	16164	republiek_3051	15986	Gillart	Gillart	Gillart
2801	16165	republiek_3052	15987	Huyssen	Huyssen	Huyssen
2802	16166	republiek_3053	15988	Engelbrecht	Engelbrecht	Engelbrecht
2803	16167	republiek_3054	15989	Dorp	Dorp	Dorp
2804	16168	republiek_3055	15990	Rycke	Rycke	Rycke
2805	16169	republiek_3056	15991	Malderé	Malderé	Malderé
2806	16170	republiek_3057	15992	Manmaker	Manmaker	Manmaker
2807	16171	republiek_3058	15993	Knuyt	Knuyt	Knuyt
2808	16172	republiek_3059	15994	Nassau-Odijk	Nassau-Odijk	Nassau-Odijk
2809	16173	republiek_3060	20384	Borssele van der Hooghe	Borssele van der Hooghe	Borssele van der Hooghe
2810	16174	republiek_3061	15995	Citters	Citters	Citters
2811	16175	republiek_3062	15996	Perre	Perre	Perre
2812	16176	republiek_3063	15997	Palma	Palma	Palma
2813	16177	republiek_3064	15998	Aleman	Aleman	Aleman
2814	16178	republiek_3065	15999	Serooskerke	Serooskerke	Serooskerke
2815	16179	republiek_3066	16000	Meyros	Meyros	Meyros
2816	16180	republiek_3067	16001	Tenys	Tenys	Tenys
2817	16181	republiek_3068	16002	Palma	Palma	Palma
2818	16182	republiek_3069	16003	Tenys	Tenys	Tenys
2819	16183	republiek_3070	16004	Beke	Beke	Beke
2820	16184	republiek_3071	20639	Godin	Godin	Godin
2821	16185	republiek_3072	16005	Merct	Merct	Merct
2822	16186	republiek_3073	16006	Perre	Perre	Perre
2823	16187	republiek_3074	16007	Versluys	Versluys	Versluys
2824	16188	republiek_3075	16008	Reygersberge	Reygersberge	Reygersberge
2825	16189	republiek_3076	16009	Schorer	Schorer	Schorer
2826	16190	republiek_3077	16010	Brande	Brande	Brande
2827	16191	republiek_3078	16011	Imans (van der Lisse)	Imans (van der Lisse)	Imans (van der Lisse)
2828	16192	republiek_3079	16012	Teelinck	Teelinck	Teelinck
2829	16193	republiek_3080	20237	Cooper	Cooper	Cooper
2830	16194	republiek_3081	16013	Huybert	Huybert	Huybert
2831	16195	republiek_3082	16014	Cocq	Cocq	Cocq
2832	16196	republiek_3083	16015	Jonge	Jonge	Jonge
2833	16197	republiek_3084	16016	Huybert	Huybert	Huybert
2834	16198	republiek_3085	16017	Stavenisse	Stavenisse	Stavenisse
2835	16199	republiek_3086	16018	Hoffer	Hoffer	Hoffer
2836	16200	republiek_3087	16019	Cau	Cau	Cau
2837	16201	republiek_3088	16020	Kempe	Kempe	Kempe
2838	16202	republiek_3089	16021	Gelre	Gelre	Gelre
2839	16203	republiek_3090	16022	Blancx	Blancx	Blancx
2840	16204	republiek_3091	16023	Crommon	Crommon	Crommon
2841	16205	republiek_3092	16024	Nisse	Nisse	Nisse
2842	16206	republiek_3093	16025	Watervliet	Watervliet	Watervliet
2843	16207	republiek_3094	16026	Westerwyck	Westerwyck	Westerwyck
2844	16208	republiek_3095	16027	Watervliet	Watervliet	Watervliet
2845	16209	republiek_3096	16028	Nisse	Nisse	Nisse
2846	16210	republiek_3097	16029	Nollens	Nollens	Nollens
2847	16211	republiek_3098	16030	Couwerve	Couwerve	Couwerve
2848	16212	republiek_3099	16031	Resen	Resen	Resen
2849	16213	republiek_3100	16032	Brande	Brande	Brande
2850	16214	republiek_3101	16033	Zuydtlandt	Zuydtlandt	Zuydtlandt
2851	16215	republiek_3102	16034	Tuyll van Serooskerke	Tuyll van Serooskerke	Tuyll van Serooskerke
2852	16216	republiek_3103	16035	Tuyll van Serooskerke	Tuyll van Serooskerke	Tuyll van Serooskerke
2853	16217	republiek_3104	16036	Vrijberghe	Vrijberghe	Vrijberghe
2854	16218	republiek_3105	16037	Vrijberghe	Vrijberghe	Vrijberghe
2855	16219	republiek_3107	16038	Bils	Bils	Bils
2856	16220	republiek_3108	16039	Vrijberghe	Vrijberghe	Vrijberghe
2857	16221	republiek_3109	16040	Beaufort	Beaufort	Beaufort
2858	16222	republiek_3110	16041	Turcq	Turcq	Turcq
2859	16223	republiek_3111	16042	Beaufort	Beaufort	Beaufort
2860	16224	republiek_3112	16043	Turcq	Turcq	Turcq
2861	16225	republiek_3113	16044	Polaanen	Polaanen	Polaanen
2862	16226	republiek_3114	16045	Oillaerts	Oillaerts	Oillaerts
2863	16227	republiek_3115	16046	Leunissen	Leunissen	Leunissen
2864	16228	republiek_3116	16047	Ingelsen	Ingelsen	Ingelsen
2865	16229	republiek_3117	16048	Moor	Moor	Moor
2866	16230	republiek_3118	16049	Maecht	Maecht	Maecht
2867	16231	republiek_3119	16050	Guiseling	Guiseling	Guiseling
2868	16232	republiek_3120	16051	Ingels	Ingels	Ingels
2869	16233	republiek_3122	16052	Nachtegael van Gorkum	Nachtegael van Gorkum	Nachtegael van Gorkum
2870	16234	republiek_3123	16053	Meester	Meester	Meester
2871	16235	republiek_3124	16054	Hoorn	Hoorn	Hoorn
2872	16236	republiek_3125	16055	Hurgronje	Hurgronje	Hurgronje
2873	16237	republiek_3126	16056	Pere	Pere	Pere
2874	16238	republiek_3127	16057	Dishoeck	Dishoeck	Dishoeck
2875	16239	republiek_3128	16058	Hurgronje	Hurgronje	Hurgronje
2876	16240	republiek_3129	16059	Clijver	Clijver	Clijver
2877	16241	republiek_3130	16060	Vosbergen	Vosbergen	Vosbergen
2878	16242	republiek_3131	16061	Vosbergen	Vosbergen	Vosbergen
2879	16243	republiek_3132	16062	Reygersberge	Reygersberge	Reygersberge
2880	16244	republiek_3133	16063	Mauregnault	Mauregnault	Mauregnault
2881	16245	republiek_3134	20663	Meunincx	Muenicx	Muenicx
2882	16246	republiek_3135	16064	Mauregnault	Mauregnault	Mauregnault
2883	16247	republiek_3136	16065	Colve	Colve	Colve
2884	16248	republiek_3137	16066	Nebbens	Nebbens	Nebbens
2885	16249	republiek_3138	16067	Schorer	Schorer	Schorer
2886	16250	republiek_3139	16068	Roels	Roels	Roels
2887	16251	republiek_3140	16069	Warck	Warck	Warck
2888	16252	republiek_3141	16070	Jonge	Jonge	Jonge
2889	16253	republiek_3142	16071	Boreel	Boreel	Boreel
2890	16254	republiek_3143	20329	Witte	Witte	Witte
2891	16255	republiek_3144	16072	Stavenisse	Stavenisse	Stavenisse
2892	16256	republiek_3145	16073	Brune	Brune	Brune
2893	16257	republiek_3146	16074	Veth	Veth	Veth
2894	16258	republiek_3147	16075	Huybert	Huybert	Huybert
2895	16259	republiek_3148	16076	Verheije	Verheije	Verheije
2896	16260	republiek_3149	16077	Keetlaer	Keetlaer	Keetlaer
2897	16261	republiek_3150	16078	Recxstoot	Recxstoot	Recxstoot
2898	16262	republiek_3151	16079	Bon	Bon	Bon
2899	16263	republiek_3152	16080	Steengracht	Steengracht	Steengracht
2900	16264	republiek_3153	16081	Chalmers	Chalmers	Chalmers
2901	16265	republiek_3154	16082	Citters	Citters	Citters
2902	16266	republiek_3155	16083	Vroe	Vroe	Vroe
2903	16267	republiek_3156	16084	Huybert	Huybert	Huybert
2904	16268	republiek_3157	16085	Duvelaer	Duvelaer	Duvelaer
2905	16269	republiek_3158	16086	Duvelaer	Duvelaer	Duvelaer
2906	16270	republiek_3159	16087	Blankert	Blankert	Blankert
2907	16271	republiek_3160	16088	Beveren	Beveren	Beveren
2908	16272	republiek_3161	16089	Manmaker	Manmaker	Manmaker
2909	16273	republiek_3162	16090	Teelinck	Teelinck	Teelinck
2910	16274	republiek_3163	16091	Brouwer	Brouwer	Brouwer
2911	16275	republiek_3164	16092	Stringe	Stringe	Stringe
2912	16276	republiek_3165	16093	Stringe	Stringe	Stringe
2913	16277	republiek_3166	16094	Tulleken	Tulleken	Tulleken
2914	16278	republiek_3167	16095	Sprenger	Sprenger	Sprenger
2915	16279	republiek_3168	16096	Oliphant	Oliphant	Oliphant
2916	16280	republiek_3169	16097	Vrijberghe	Vrijberghe	Vrijberghe
2917	16281	republiek_3170	16098	Heyden	Heyden	Heyden
2918	16282	republiek_3171	16099	Grijpskerke	Grijpskerke	Grijpskerke
2919	16283	republiek_3172	16100	Pere	Pere	Pere
2920	16284	republiek_3173	16101	Smallegange	Smallegange	Smallegange
2921	16285	republiek_3174	16102	Woutersz.	Woutersz.	Woutersz.
2922	16286	republiek_3175	16103	Vrijberghe	Vrijberghe	Vrijberghe
2923	16287	republiek_3176	16104	Vrijberghe	Vrijberghe	Vrijberghe
2924	16288	republiek_3177	16105	Tuyll van Serooskerke	Tuyll van Serooskerke	Tuyll van Serooskerke
2925	16289	republiek_3178	16106	Dallens	Dallens	Dallens
2926	16290	republiek_3179	16107	Leydecker	Leydecker	Leydecker
2927	16291	republiek_3180	16108	Buijtenhem	Buijtenhem	Buijtenhem
2928	16292	republiek_3181	16109	Vos	Vos	Vos
2929	16293	republiek_3182	16110	Hoorn	Hoorn	Hoorn
2930	16294	republiek_3183	16111	Nispen	Nispen	Nispen
2931	16295	republiek_3184	16112	Rochussen	Rochussen	Rochussen
2932	16296	republiek_3185	16113	Citters	Citters	Citters
2933	16297	republiek_3186	16114	Steengracht	Steengracht	Steengracht
2934	16298	republiek_3187	16115	Hogendorp	Hogendorp	Hogendorp
2935	16299	republiek_3188	16116	Ingelsen	Ingelsen	Ingelsen
2936	16300	republiek_3190	16117	Goch	Goch	Goch
2937	16301	republiek_3191	16118	Buysero	Buysero	Buysero
2938	16302	republiek_3193	16119	Guiseling	Guiseling	Guiseling
2939	16303	republiek_3194	16120	Hoorn	Hoorn	Hoorn
2940	16304	republiek_3195	16121	Bosschaert van Oosterstein	Bosschaert van Oosterstein	Bosschaert van Oosterstein
2941	16305	republiek_3196	16122	Schorer	Schorer	Schorer
2942	16306	republiek_3197	16123	Sonsbeeck	Sonsbeeck	Sonsbeeck
2943	16307	republiek_3198	20307	Huyssen van Kattendijke	Huyssen van Kattendijke	Huyssen van Kattendijke
2944	16308	republiek_3199	16124	Radaeus	Radaeus	Radaeus
2945	16309	republiek_3201	16125	Macaré	Macaré	Macaré
2946	16310	republiek_3202	16126	Hooge	Hooge	Hooge
2947	16311	republiek_3203	16127	Soggaert	Soggaert	Soggaert
2948	16312	republiek_3204	16128	Corbault	Corbault	Corbault
2949	16313	republiek_3205	16129	Alteren	Alteren	Alteren
2950	16314	republiek_3206	20208	Merct	Merct	Merct
2951	16315	republiek_3207	20726	Reygersberge	Reygersberge	Reygersberge
2952	16316	republiek_3208	16130	Nassau	Nassau	Nassau
2953	16317	republiek_3209	16131	Biscop	Biscop	Biscop
2954	16318	republiek_3210	16132	Boudaen Courten	Boudaen Courten	Boudaen Courten
2955	16319	republiek_3211	16133	Lampsins	Lampsins	Lampsins
2956	16320	republiek_3212	16134	Hurgronje	Hurgronje	Hurgronje
2957	16321	republiek_3213	16135	Cock	Cock	Cock
2958	16322	republiek_3214	16136	Nicolai	Nicolai	Nicolai
2959	16323	republiek_3215	16137	Imansz.	Imansz.	Imansz.
2960	16324	republiek_3217	16138	Brande	Brande	Brande
2961	16325	republiek_3218	20649	Kien	Kien	Kien
2962	16326	republiek_3219	16139	Huybert	Huybert	Huybert
2963	16327	republiek_3220	16140	Huybert	Huybert	Huybert
2964	16328	republiek_3221	16141	Alphen	Alphen	Alphen
2965	16329	republiek_3222	16142	Boeije	Boeije	Boeije
2966	16330	republiek_3223	16143	Jonge	Jonge	Jonge
2967	16331	republiek_3224	16144	Jonge	Jonge	Jonge
2968	16332	republiek_3225	16145	Ockersse	Ockersse	Ockersse
2969	16333	republiek_3226	16146	Schuijlenburch	Schuijlenburch	Schuijlenburch
2970	16334	republiek_3227	20872	Hesselt van Dinther	Hesselt van Dinther	Hesselt van Dinther
2971	16335	republiek_3228	16147	Meganck	Meganck	Meganck
2972	16336	republiek_3229	16148	Martini	Martini	Martini
2973	16337	republiek_3230	16149	Aerssen	Aerssen	Aerssen
2974	16338	republiek_3231	16150	Hesselt van Dinther	Hesselt van Dinther	Hesselt van Dinther
2975	16339	republiek_3233	16151	Beaumont	Beaumont	Beaumont
2976	16340	republiek_3234	16152	Schilder	Schilder	Schilder
2977	16341	republiek_3235	16153	Wierts	Wierts	Wierts
2978	16342	republiek_3236	16154	Kann	Kann	Kann
2979	16343	republiek_3237	16155	Laer	Laer	Laer
2980	16344	republiek_3238	16156	Sweerts de Weert	Sweerts de Weert	Sweerts de Weert
2981	16345	republiek_3239	16157	Linden	Linden	Linden
2982	16346	republiek_3240	16158	Cuick	Cuick	Cuick
2983	16347	republiek_3241	16159	Roscam	Roscam	Roscam
2984	16348	republiek_3242	16160	Vleugels	Vleugels	Vleugels
2985	16349	republiek_3243	16161	Esch	Esch	Esch
2986	16350	republiek_3244	16162	Martini	Martini	Martini
2987	16351	republiek_3245	16163	Berlicum	Berlicum	Berlicum
2988	16352	republiek_3246	16164	Gillis	Gillis	Gillis
2989	16353	republiek_3247	16165	Gillis	Gillis	Gillis
2990	16354	republiek_3248	16166	Haer	Haer	Haer
2991	16355	republiek_3250	16167	Bruynincx	Bruynincx	Bruynincx
2992	16356	republiek_3251	16168	Pijl	Pijl	Pijl
2993	16357	republiek_3252	16169	Francken	Francken	Francken
2994	16358	republiek_3253	16170	Loon	Loon	Loon
2995	16359	republiek_3254	16171	Boudaens	Boudaens	Boudaens
2996	16360	republiek_3255	16172	Martini	Martini	Martini
2997	16361	republiek_3257	16173	Born	Born	Born
2998	16362	republiek_3258	16174	Staes	Staes	Staes
2999	16363	republiek_3260	16175	Middelgeest	Middelgeest	Middelgeest
3000	16364	republiek_3262	16176	Doornick	Doornick	Doornick
3001	16365	republiek_3263	16177	Ripperda	Ripperda	Ripperda
3002	16366	republiek_3264	16178	Haersolte tot Haerst	Haersolte tot Haerst	Haersolte tot Haerst
3003	16367	republiek_3265	16179	Mulert tot de Leemcule	Mulert tot de Leemcule	Mulert tot de Leemcule
3004	16368	republiek_3266	16180	Pallandt tot Oosterveen	Pallandt tot Oosterveen	Pallandt tot Oosterveen
3005	16369	republiek_3267	16181	Oer tot Buckhorst	Oer tot Buckhorst	Oer tot Buckhorst
3006	16370	republiek_3268	16182	Welvelde tot Arendshorst	Welvelde tot Arendshorst	Welvelde tot Arendshorst
3007	16371	republiek_3269	16183	Bentinck tot Werkeren	Bentinck tot Werkeren	Bentinck tot Werkeren
3008	16372	republiek_3270	16184	Uterwyck tot Alerdink	Uterwyck tot Alerdink	Uterwyck tot Alerdink
3009	16373	republiek_3271	16185	Rechteren tot Rechteren	Rechteren tot Rechteren	Rechteren tot Rechteren
3010	16374	republiek_3272	16186	Broeckhuysen tot de Grote Wede	Broeckhuysen tot de Grote Wede	Broeckhuysen tot de Grote Wede
3011	16375	republiek_3273	16187	Bentinck tot Hagmeule	Bentinck tot Hagmeule	Bentinck tot Hagmeule
3012	16376	republiek_3274	16188	Welvelde tot Luttenberg	Welvelde tot Luttenberg	Welvelde tot Luttenberg
3013	16377	republiek_3275	16189	Rechteren tot Gramsbergen	Rechteren tot Gramsbergen	Rechteren tot Gramsbergen
3014	16378	republiek_3276	16190	Bentinck tot Nijenhuis	Bentinck tot Nijenhuis	Bentinck tot Nijenhuis
3015	16379	republiek_3277	16191	Pallandt tot Oosterveen	Pallandt tot Oosterveen	Pallandt tot Oosterveen
3016	16380	republiek_3278	16192	Pallandt tot Glinthuis	Pallandt tot Glinthuis	Pallandt tot Glinthuis
3017	16381	republiek_3279	16193	Voorst tot Bergentheim	Voorst tot Bergentheim	Voorst tot Bergentheim
3018	16382	republiek_3281	16194	Scherff	Scherff	Scherff
3019	16383	republiek_3282	16195	Roeck	Roeck	Roeck
3020	16384	republiek_3283	16196	Stikke	Stikke	Stikke
3021	16385	republiek_3284	16197	Steegeman	Steegeman	Steegeman
3022	16386	republiek_3285	20295	Hemert	Hemert	Hemert
3023	16387	republiek_3286	16198	Boeckholt	Boeckholt	Boeckholt
3024	16388	republiek_3287	16199	Lulofs	Lulofs	Lulofs
3025	16389	republiek_3288	16200	Verwer	Verwer	Verwer
3026	16390	republiek_3289	16201	Marienburgh	Marienburgh	Marienburgh
3027	16391	republiek_3290	16202	Donckel	Donckel	Donckel
3028	16392	republiek_3291	16203	Beecke tot Doornick en Krijtenberg	Beecke tot Doornick en Krijtenberg	Beecke tot Doornick en Krijtenberg
3029	16393	republiek_3292	16204	Schriek	Schriek	Schriek
3030	16394	republiek_3293	16205	Borch	Borch	Borch
3031	16395	republiek_3294	16206	Hogers	Hogers	Hogers
3032	16396	republiek_3295	16207	Cuper	Cuper	Cuper
3033	16397	republiek_3296	16208	Lemker	Lemker	Lemker
3034	16398	republiek_3297	16209	Nilant	Nilant	Nilant
3035	16399	republiek_3298	16210	Rouse	Rouse	Rouse
3036	16400	republiek_3299	16211	Brink	Brink	Brink
3037	16401	republiek_3300	16212	Jacobson	Jacobson	Jacobson
3038	16402	republiek_3301	16213	Suchtelen	Suchtelen	Suchtelen
3039	16403	republiek_3302	16214	Persoon	Persoon	Persoon
3040	16404	republiek_3303	16215	Jordens	Jordens	Jordens
3041	16405	republiek_3304	16216	Fockink	Fockink	Fockink
3042	16406	republiek_3305	16217	Schepper	Schepper	Schepper
3043	16407	republiek_3306	16218	Suchtelen	Suchtelen	Suchtelen
3044	16408	republiek_3307	16219	Bouwer	Bouwer	Bouwer
3045	16409	republiek_3308	16220	Dapper	Dapper	Dapper
3046	16410	republiek_3309	16221	Eekhout	Eekhout	Eekhout
3047	16411	republiek_3310	16222	Duren	Duren	Duren
3048	16412	republiek_3312	16223	Scheele tot Weleveld	Scheele tot Weleveld	Scheele tot Weleveld
3049	16413	republiek_3313	16224	Ittersum tot Nijenhuis	Ittersum tot Nijenhuis	Ittersum tot Nijenhuis
3050	16414	republiek_3315	16225	Marck	Marck	Marck
3051	16415	republiek_3316	20304	Rechteren	Rechteren	Rechteren
3052	16416	republiek_3317	16226	Ripperda tot Boxbergen	Ripperda tot Boxbergen	Ripperda tot Boxbergen
3053	16417	republiek_3318	20305	Rechteren tot Almelo	Rechteren tot Almelo	Rechteren tot Almelo
3054	16418	republiek_3319	16227	Coeverden tot Stoevelaar	Coeverden tot Stoevelaar	Coeverden tot Stoevelaar
3055	16419	republiek_3320	16228	Rechteren tot Almelo	Rechteren tot Almelo	Rechteren tot Almelo
3056	16420	republiek_3321	16229	Mulert tot Baeckenhagen	Mulert tot Baeckenhagen	Mulert tot Baeckenhagen
3057	16421	republiek_3322	16230	Ittersum tot Oosterhof	Ittersum tot Oosterhof	Ittersum tot Oosterhof
3058	16422	republiek_3323	16231	Sloet tot Warmelo	Sloet tot Warmelo	Sloet tot Warmelo
3059	16423	republiek_3324	16232	Haersolte tot Oldenhof	Haersolte tot Oldenhof	Haersolte tot Oldenhof
3060	16424	republiek_3325	16233	Heerdt tot Eversberg	Heerdt tot Eversberg	Heerdt tot Eversberg
3061	16425	republiek_3326	16234	Heiden tot Ootmarsum	Heiden tot Ootmarsum	Heiden tot Ootmarsum
3062	16426	republiek_3327	16235	Sloet tot Warmelo	Sloet tot Warmelo	Sloet tot Warmelo
3063	16427	republiek_3330	16236	Hambroeck tot Arendshorst	Hambroeck tot Arendshorst	Hambroeck tot Arendshorst
3064	16428	republiek_3331	16237	Dedem van Gelder	Dedem van Gelder	Dedem van Gelder
3065	16429	republiek_3335	16238	Witte	Witte	Witte
3066	16430	republiek_3336	16239	Kempe	Kempe	Kempe
3067	16431	republiek_3337	16240	Clant	Clant	Clant
3068	16432	republiek_3338	16241	Gansneb genaamd Tengnagel	Gansneb genaamd Tengnagel	Gansneb genaamd Tengnagel
3069	16433	republiek_3339	16242	Berchorst	Berchorst	Berchorst
3070	16434	republiek_3340	16243	Albertsz.	Albertsz.	Albertsz.
3071	16435	republiek_3341	16244	Ruitenberg	Ruitenberg	Ruitenberg
3072	16436	republiek_3342	16245	Hell	Hell	Hell
3073	16437	republiek_3343	16246	Sloet	Sloet	Sloet
3074	16438	republiek_3344	16247	Santen	Santen	Santen
3075	16439	republiek_3345	16248	Langen	Langen	Langen
3076	16440	republiek_3346	16249	Benthem	Benthem	Benthem
3077	16441	republiek_3347	16250	Gansneb genaamd Tengnagel	Gansneb genaamd Tengnagel	Gansneb genaamd Tengnagel
3078	16442	republiek_3348	16251	Santen	Santen	Santen
3079	16443	republiek_3349	16252	Ram	Ram	Ram
3080	16444	republiek_3350	16253	Lemker	Lemker	Lemker
3081	16445	republiek_3351	16254	Benthem	Benthem	Benthem
3082	16446	republiek_3352	16255	Beeldsnijder Steenbergen	Beeldsnijder Steenbergen	Beeldsnijder Steenbergen
3083	16447	republiek_3353	16256	Eeckhout	Eeckhout	Eeckhout
3084	16448	republiek_3354	16257	Daendels	Daendels	Daendels
3085	16449	republiek_3355	16258	Ekkelboom	Ekkelboom	Ekkelboom
3086	16450	republiek_3356	16259	Knuth	Knuth	Knuth
3087	16451	republiek_3357	16260	Eeckhout	Eeckhout	Eeckhout
3088	16452	republiek_3358	16261	Vestrinck	Vestrinck	Vestrinck
3089	16453	republiek_3359	16262	Lemker van Breda	Lemker van Breda	Lemker van Breda
3090	16454	republiek_3360	16263	Valencijn	Valencijn	Valencijn
3091	16455	republiek_3361	16264	Ingen	Ingen	Ingen
3092	16456	republiek_3362	16265	Oever	Oever	Oever
3093	16457	republiek_3363	16266	Sloet	Sloet	Sloet
3094	16458	republiek_3364	16267	Hagen	Hagen	Hagen
3095	16459	republiek_3365	16268	Sloet tot Oldhuis	Sloet tot Oldhuis	Sloet tot Oldhuis
3096	16460	republiek_3366	16269	Sloet tot Slotenhagen	Sloet tot Slotenhagen	Sloet tot Slotenhagen
3097	16461	republiek_3367	16270	Uterwyck tot Cannevelt	Uterwyck tot Cannevelt	Uterwyck tot Cannevelt
3098	16462	republiek_3368	16271	Sloet tot Oldhuis	Sloet tot Oldhuis	Sloet tot Oldhuis
3099	16463	republiek_3369	16272	Isselmuden tot Rollecate	Isselmuden tot Rollecate	Isselmuden tot Rollecate
3100	16464	republiek_3370	16273	Sloet tot Oldenhof en Singraven	Sloet tot Oldenhof en Singraven	Sloet tot Oldenhof en Singraven
3101	16465	republiek_3371	16274	Isselmuden tot Zwollingerkamp	Isselmuden tot Zwollingerkamp	Isselmuden tot Zwollingerkamp
3102	16466	republiek_3372	16275	Haersolte tot Toutenburg	Haersolte tot Toutenburg	Haersolte tot Toutenburg
3103	16467	republiek_3373	16276	Vos van Steenwijk tot Nijerwal	Vos van Steenwijk tot Nijerwal	Vos van Steenwijk tot Nijerwal
3104	16468	republiek_3374	16277	Sloet tot Lindenhorst en Slotenhagen	Sloet tot Lindenhorst en Slotenhagen	Sloet tot Lindenhorst en Slotenhagen
3105	16469	republiek_3375	16278	Isselmuden tot Paaslo	Isselmuden tot Paaslo	Isselmuden tot Paaslo
3106	16470	republiek_3376	16279	Sloet tot de Hare	Sloet tot de Hare	Sloet tot de Hare
3107	16471	republiek_3377	16280	Borch	Borch	Borch
3108	16472	republiek_3378	16281	Haersolte	Haersolte	Haersolte
3109	16473	republiek_3379	16282	Lawick	Lawick	Lawick
3110	16474	republiek_3380	16283	Gerritsz.	Gerritsz.	Gerritsz.
3111	16475	republiek_3381	16284	Kuilen	Kuilen	Kuilen
3112	16476	republiek_3383	16285	Raesvelt	Raesvelt	Raesvelt
3113	16477	republiek_3384	16286	Nykerke	Nykerke	Nykerke
3114	16478	republiek_3385	16287	Crans	Crans	Crans
3115	16479	republiek_3386	16288	Holt	Holt	Holt
3116	16480	republiek_3387	16289	Wolfsen	Wolfsen	Wolfsen
3117	16481	republiek_3388	16290	Crans	Crans	Crans
3118	16482	republiek_3389	16291	Royer	Royer	Royer
3119	16483	republiek_3390	20186	Krull	Krull	Krull
3120	16484	republiek_3391	16292	Roelinck	Roelinck	Roelinck
3121	16485	republiek_3392	16293	Huete	Huete	Huete
3122	16486	republiek_3393	16294	Mensinck	Mensinck	Mensinck
3123	16487	republiek_3394	16295	Marle	Marle	Marle
3124	16488	republiek_3395	16296	Meeuwsen	Meeuwsen	Meeuwsen
3125	16489	republiek_3396	16297	Greven	Greven	Greven
3126	16490	republiek_3397	16298	Queisen	Queisen	Queisen
3127	16491	republiek_3398	16299	Vriesen	Vriesen	Vriesen
3128	16492	republiek_3399	16300	Scriverius	Scriverius	Scriverius
3129	16493	republiek_3400	16301	Laer	Laer	Laer
3130	16494	republiek_3401	16302	Meeuwsen	Meeuwsen	Meeuwsen
3131	16495	republiek_3402	16303	Westenberg	Westenberg	Westenberg
3132	16496	republiek_3403	16304	Meeuwsen	Meeuwsen	Meeuwsen
3133	16497	republiek_3404	16305	Greven	Greven	Greven
3134	16498	republiek_3405	16306	Scriverius	Scriverius	Scriverius
3135	16499	republiek_3406	16307	Rouse	Rouse	Rouse
3136	16500	republiek_3407	16308	Crans	Crans	Crans
3137	16501	republiek_3408	16309	Queisen	Queisen	Queisen
3138	16502	republiek_3409	16310	Golts	Golts	Golts
3139	16503	republiek_3410	16311	Muiden	Muiden	Muiden
3140	16504	republiek_3412	16312	Ittersum tot Oosterhof	Ittersum tot Oosterhof	Ittersum tot Oosterhof
3141	16505	republiek_3413	16313	Voorst tot Bergentheim	Voorst tot Bergentheim	Voorst tot Bergentheim
3142	16506	republiek_3414	16314	Voorst tot Borgel	Voorst tot Borgel	Voorst tot Borgel
3143	16507	republiek_3415	16315	Sloet	Sloet	Sloet
3144	16508	republiek_3416	16316	Bentinck tot Diepenheim	Bentinck tot Diepenheim	Bentinck tot Diepenheim
3145	16509	republiek_3417	16317	Sloet	Sloet	Sloet
3146	16510	republiek_3419	16318	Sloet tot Tweenijenhuizen	Sloet tot Tweenijenhuizen	Sloet tot Tweenijenhuizen
3147	16511	republiek_3421	16319	Dedem tot Rollecate	Dedem tot Rollecate	Dedem tot Rollecate
3148	16512	republiek_3422	16320	Suchtelen	Suchtelen	Suchtelen
3149	16513	republiek_3423	16321	Jacobson	Jacobson	Jacobson
3150	16514	republiek_3424	16322	Knuth	Knuth	Knuth
3151	16515	republiek_3425	20414	Hemert tot Dingshof	Hemert tot Dingshof	Hemert tot Dingshof
3152	16516	republiek_3426	16323	Marle	Marle	Marle
3153	16517	republiek_3427	16324	Hanselaar	Hanselaar	Hanselaar
3154	16518	republiek_3428	16325	Clooster tot de Grote Weede	Clooster tot de Grote Weede	Clooster tot de Grote Weede
3155	16519	republiek_3429	16326	Bevervoorde tot Oldemeule	Bevervoorde tot Oldemeule	Bevervoorde tot Oldemeule
3156	16520	republiek_3431	16327	Haersolte tot Haerst	Haersolte tot Haerst	Haersolte tot Haerst
3157	16521	republiek_3432	16328	Ripperda tot Weldam	Ripperda tot Weldam	Ripperda tot Weldam
3158	16522	republiek_3433	16329	Schaep tot den Dam	Schaep tot den Dam	Schaep tot den Dam
3159	16523	republiek_3434	16330	Mulert tot Baeckenhagen	Mulert tot Baeckenhagen	Mulert tot Baeckenhagen
3160	16524	republiek_3435	16331	Raesfelt tot de Eze	Raesfelt tot de Eze	Raesfelt tot de Eze
3161	16525	republiek_3436	16332	Uterwyck tot Heemse	Uterwyck tot Heemse	Uterwyck tot Heemse
3162	16526	republiek_3437	16333	Ittersum tot de Oosterhof	Ittersum tot de Oosterhof	Ittersum tot de Oosterhof
3163	16527	republiek_3438	16334	Heerdt tot Eversberg	Heerdt tot Eversberg	Heerdt tot Eversberg
3164	16528	republiek_3439	16335	Isselmuden tot Rollecate	Isselmuden tot Rollecate	Isselmuden tot Rollecate
3165	16529	republiek_3440	16336	Sloet tot Slotenhagen	Sloet tot Slotenhagen	Sloet tot Slotenhagen
3166	16530	republiek_3441	16337	Keppel tot Campherbeeck	Keppel tot Campherbeeck	Keppel tot Campherbeeck
3167	16531	republiek_3442	16338	Haersolte tot Elsen	Haersolte tot Elsen	Haersolte tot Elsen
3168	16532	republiek_3443	16339	Gansneb genaamd Tengnagel tot Marxveld	Gansneb genaamd Tengnagel tot Marxveld	Gansneb genaamd Tengnagel tot Marxveld
3169	16533	republiek_3444	16340	Steenwijk tot Bonkenhave	Steenwijk tot Bonkenhave	Steenwijk tot Bonkenhave
3170	16534	republiek_3445	16341	Lawick tot Benthuis	Lawick tot Benthuis	Lawick tot Benthuis
3171	16535	republiek_3446	16342	Echten tot Relaer	Echten tot Relaer	Echten tot Relaer
3172	16536	republiek_3447	16343	Sloet tot Oldhuis	Sloet tot Oldhuis	Sloet tot Oldhuis
3173	16537	republiek_3448	16344	Rhemen tot Remenshuizen	Rhemen tot Remenshuizen	Rhemen tot Remenshuizen
3174	16538	republiek_3453	16345	Sloet tot Oldenhof	Sloet tot Oldenhof	Sloet tot Oldenhof
3175	16539	republiek_3455	16346	Sloet tot Nijerwal	Sloet tot Nijerwal	Sloet tot Nijerwal
3176	16540	republiek_3456	16347	Coeverden tot Rhaen	Coeverden tot Rhaen	Coeverden tot Rhaen
3177	16541	republiek_3457	16348	Bevervoorde tot Oldemeule	Bevervoorde tot Oldemeule	Bevervoorde tot Oldemeule
3178	16542	republiek_3458	16349	Bellinchave tot Bellinkhof	Bellinchave tot Bellinkhof	Bellinchave tot Bellinkhof
3179	16543	republiek_3459	16350	Sloet tot Tweenijenhuizen	Sloet tot Tweenijenhuizen	Sloet tot Tweenijenhuizen
3180	16544	republiek_3460	16351	Sloet tot Slotenhagen en Lindenhorst	Sloet tot Slotenhagen en Lindenhorst	Sloet tot Slotenhagen en Lindenhorst
3181	16545	republiek_3461	16352	Haersolte tot Haerst	Haersolte tot Haerst	Haersolte tot Haerst
3182	16546	republiek_3462	16353	Coeverden tot Wegdam	Coeverden tot Wegdam	Coeverden tot Wegdam
3183	16547	republiek_3463	16354	Sloet tot Borgbeuningen	Sloet tot Borgbeuningen	Sloet tot Borgbeuningen
3184	16548	republiek_3464	16355	Sloet tot de Hare	Sloet tot de Hare	Sloet tot de Hare
3185	16549	republiek_3465	16356	Rhemen tot Rhemenshuizen	Rhemen tot Rhemenshuizen	Rhemen tot Rhemenshuizen
3186	16550	republiek_3466	16357	Haeften tot Grote Wede	Haeften tot Grote Wede	Haeften tot Grote Wede
3187	16551	republiek_3467	16358	Blanckvoort tot Pothof	Blanckvoort tot Pothof	Blanckvoort tot Pothof
3188	16552	republiek_3468	16359	Dedem tot de Berg	Dedem tot de Berg	Dedem tot de Berg
3189	16553	republiek_3469	16360	Keppel tot Hengelo	Keppel tot Hengelo	Keppel tot Hengelo
3190	16554	republiek_3470	16361	Sloet tot Marxveld	Sloet tot Marxveld	Sloet tot Marxveld
3191	16555	republiek_3471	16362	Bentinck tot Wittenstein	Bentinck tot Wittenstein	Bentinck tot Wittenstein
3192	16556	republiek_3472	16363	Coeverden tot Rande	Coeverden tot Rande	Coeverden tot Rande
3193	16557	republiek_3473	16364	Coeverden tot Wegdam	Coeverden tot Wegdam	Coeverden tot Wegdam
3194	16558	republiek_3474	16365	Bellinchave tot Bellinkhof	Bellinchave tot Bellinkhof	Bellinchave tot Bellinkhof
3195	16559	republiek_3475	16366	Rhemen tot Rhemenshuizen	Rhemen tot Rhemenshuizen	Rhemen tot Rhemenshuizen
3196	16560	republiek_3476	16367	Raesfelt tot de Pol	Raesfelt tot de Pol	Raesfelt tot de Pol
3197	16561	republiek_3477	16368	Dedem tot de Gelder	Dedem tot de Gelder	Dedem tot de Gelder
3198	16562	republiek_3478	16369	Clooster tot Everlo	Clooster tot Everlo	Clooster tot Everlo
3199	16563	republiek_3479	16370	Sloet tot Singraven	Sloet tot Singraven	Sloet tot Singraven
3200	16564	republiek_3480	16371	Munchausen tot Oldemeule	Munchausen tot Oldemeule	Munchausen tot Oldemeule
3201	16565	republiek_3481	16372	Heerdt tot Eversberg	Heerdt tot Eversberg	Heerdt tot Eversberg
3202	16566	republiek_3482	16373	Rechteren tot Mennigjeshave	Rechteren tot Mennigjeshave	Rechteren tot Mennigjeshave
3203	16567	republiek_3483	16374	Voorst tot Hagenvoorde	Voorst tot Hagenvoorde	Voorst tot Hagenvoorde
3204	16568	republiek_3484	16375	Sloet tot Everlo	Sloet tot Everlo	Sloet tot Everlo
3205	16569	republiek_3485	16376	Sloet tot Plattenburg	Sloet tot Plattenburg	Sloet tot Plattenburg
3206	16570	republiek_3486	16377	Heiden Hompesch tot Ootmarsum	Heiden Hompesch tot Ootmarsum	Heiden Hompesch tot Ootmarsum
3207	16571	republiek_3487	16378	Vos van Steenwijk tot Nijerwal	Vos van Steenwijk tot Nijerwal	Vos van Steenwijk tot Nijerwal
3208	16572	republiek_3488	16379	Sloet tot Oldhuis	Sloet tot Oldhuis	Sloet tot Oldhuis
3209	16573	republiek_3489	16380	Rechteren tot Mennigjeshave	Rechteren tot Mennigjeshave	Rechteren tot Mennigjeshave
3210	16574	republiek_3491	16381	Doorninck	Doorninck	Doorninck
3211	16575	republiek_3492	16382	Schepper	Schepper	Schepper
3212	16576	republiek_3493	16383	Bentinck tot Werkeren	Bentinck tot Werkeren	Bentinck tot Werkeren
3213	16577	republiek_3494	16384	Raesfelt tot Twickel	Raesfelt tot Twickel	Raesfelt tot Twickel
3214	16578	republiek_3495	16385	Haersolte tot Kranenburg	Haersolte tot Kranenburg	Haersolte tot Kranenburg
3215	16579	republiek_3496	16386	Raesfelt tot Twickel	Raesfelt tot Twickel	Raesfelt tot Twickel
3216	16580	republiek_3497	16387	Sloet tot Oldhuis	Sloet tot Oldhuis	Sloet tot Oldhuis
3217	16581	republiek_3498	16388	Gansneb genaamd Tengnagel tot Bonkenhave	Gansneb genaamd Tengnagel tot Bonkenhave	Gansneb genaamd Tengnagel tot Bonkenhave
3218	16582	republiek_3499	16389	Voorst tot Bergentheim	Voorst tot Bergentheim	Voorst tot Bergentheim
3219	16583	republiek_3500	16390	Gansneb genaamd Tengnagel tot Luttenberg	Gansneb genaamd Tengnagel tot Luttenberg	Gansneb genaamd Tengnagel tot Luttenberg
3220	16584	republiek_3501	16391	Rhemen	Rhemen	Rhemen
3221	16585	republiek_3502	16392	Isselmuden	Isselmuden	Isselmuden
3222	16586	republiek_3503	16393	Keppel tot Dingshof	Keppel tot Dingshof	Keppel tot Dingshof
3223	16587	republiek_3504	16394	Ripperda tot Weldam	Ripperda tot Weldam	Ripperda tot Weldam
3224	16588	republiek_3505	16395	Isselmuden	Isselmuden	Isselmuden
3225	16589	republiek_3506	16396	Echten tot Oldruitenborgh	Echten tot Oldruitenborgh	Echten tot Oldruitenborgh
3226	16590	republiek_3507	16397	Raesfelt tot Schulenborg	Raesfelt tot Schulenborg	Raesfelt tot Schulenborg
3227	16591	republiek_3508	16398	Bentinck tot Schoonheten	Bentinck tot Schoonheten	Bentinck tot Schoonheten
3228	16592	republiek_3509	16399	Clooster tot Everlo	Clooster tot Everlo	Clooster tot Everlo
3229	16593	republiek_3510	16400	Ripperda tot Weldam	Ripperda tot Weldam	Ripperda tot Weldam
3230	16594	republiek_3511	16401	Broeckhuysen tot de Doorn	Broeckhuysen tot de Doorn	Broeckhuysen tot de Doorn
3231	16595	republiek_3512	16402	Bentinck tot Diepenheim	Bentinck tot Diepenheim	Bentinck tot Diepenheim
3232	16596	republiek_3513	16403	Keppel tot Stoevelaar	Keppel tot Stoevelaar	Keppel tot Stoevelaar
3233	16597	republiek_3514	16404	Blanckvoort tot Benthuis	Blanckvoort tot Benthuis	Blanckvoort tot Benthuis
3234	16598	republiek_3515	16405	Gansneb genaamd Tengnagel tot Oldhuis	Gansneb genaamd Tengnagel tot Oldhuis	Gansneb genaamd Tengnagel tot Oldhuis
3235	16599	republiek_3516	16406	Rechteren tot de Eze	Rechteren tot de Eze	Rechteren tot de Eze
3236	16600	republiek_3517	16407	Huffel tot Beerse	Huffel tot Beerse	Huffel tot Beerse
3237	16601	republiek_3518	16408	Bentinck tot Diepenheim	Bentinck tot Diepenheim	Bentinck tot Diepenheim
3238	16602	republiek_3519	16409	Gansneb genaamd Tengnagel tot Hogehuis	Gansneb genaamd Tengnagel tot Hogehuis	Gansneb genaamd Tengnagel tot Hogehuis
3239	16603	republiek_3520	16410	Mulert	Mulert	Mulert
3240	16604	republiek_3521	16411	Rechteren tot Borgbeuningen	Rechteren tot Borgbeuningen	Rechteren tot Borgbeuningen
3241	16605	republiek_3522	16412	Heerdt	Heerdt	Heerdt
3242	16606	republiek_3523	16413	Dorre	Dorre	Dorre
3243	16607	republiek_3525	16414	Vriesen	Vriesen	Vriesen
3244	16608	republiek_3526	16415	Gansneb genaamd Tengnagel	Gansneb genaamd Tengnagel	Gansneb genaamd Tengnagel
3245	16609	republiek_3527	16416	Cuper van Holthuysen	Cuper van Holthuysen	Cuper van Holthuysen
3246	16610	republiek_3528	16417	Vriesen	Vriesen	Vriesen
3247	16611	republiek_3529	16418	Nilant	Nilant	Nilant
3248	16612	republiek_3530	16419	Daendels	Daendels	Daendels
3249	16613	republiek_3531	16420	Ingen	Ingen	Ingen
3250	16614	republiek_3532	16421	Bannier	Bannier	Bannier
3251	16615	republiek_3533	16422	Meier	Meier	Meier
3252	16616	republiek_3534	16423	Sabé	Sabé	Sabé
3253	16617	republiek_3535	16424	Bols	Bols	Bols
3254	16618	republiek_3536	16425	Nilant	Nilant	Nilant
3255	16619	republiek_3537	16426	Hardenberg	Hardenberg	Hardenberg
3256	16620	republiek_3538	16427	Kuerbeecke	Kuerbeecke	Kuerbeecke
3257	16621	republiek_3539	16428	Voorne	Voorne	Voorne
3258	16622	republiek_3540	16429	Berchorst	Berchorst	Berchorst
3259	16623	republiek_3541	16430	Wetering	Wetering	Wetering
3260	16624	republiek_3543	16431	Ridder	Ridder	Ridder
3261	16625	republiek_3544	16432	Steenbergen	Steenbergen	Steenbergen
3262	16626	republiek_3545	16433	Bruinier	Bruinier	Bruinier
3263	16627	republiek_3546	16434	Hemert	Hemert	Hemert
3264	16628	republiek_3547	16435	Sabé	Sabé	Sabé
3265	16629	republiek_3548	16436	Heimenberg	Heimenberg	Heimenberg
3266	16630	republiek_3549	16437	Bondam	Bondam	Bondam
3267	16631	republiek_3550	16438	Optenoort	Optenoort	Optenoort
3268	16632	republiek_3551	16439	Wicherlinck	Wicherlinck	Wicherlinck
3269	16633	republiek_3552	16440	Dedem	Dedem	Dedem
3270	16634	republiek_3553	16441	Nilant	Nilant	Nilant
3271	16635	republiek_3554	16442	Vriesen	Vriesen	Vriesen
3272	16636	republiek_3555	16443	Ittersum	Ittersum	Ittersum
3273	16637	republiek_3556	16444	Assinck	Assinck	Assinck
3274	16638	republiek_3557	16445	Crans	Crans	Crans
3275	16639	republiek_3558	16446	Voet	Voet	Voet
3276	16640	republiek_3559	16447	Sonsbeeck	Sonsbeeck	Sonsbeeck
3277	16641	republiek_3560	16448	Muntz	Muntz	Muntz
3278	16642	republiek_3561	16449	Royer	Royer	Royer
3279	16643	republiek_3562	16450	Ravensteyn	Ravensteyn	Ravensteyn
3280	16644	republiek_3563	16451	Rouse	Rouse	Rouse
3281	16645	republiek_3564	16452	Boeckholt	Boeckholt	Boeckholt
3282	16646	republiek_3565	16453	Niland	Niland	Niland
3283	16647	republiek_3566	16454	Suchtelen	Suchtelen	Suchtelen
3284	16648	republiek_3567	16455	Steenbergen	Steenbergen	Steenbergen
3285	16649	republiek_3568	16456	Niland	Niland	Niland
3286	16650	republiek_3569	16457	Marienburgh	Marienburgh	Marienburgh
3287	16651	republiek_3570	16458	Sloot	Sloot	Sloot
3288	16652	republiek_3571	16459	Boeckholt	Boeckholt	Boeckholt
3289	16653	republiek_3572	16460	Nilant	Nilant	Nilant
3290	16654	republiek_3573	16461	Bruins	Bruins	Bruins
3291	16655	republiek_3574	16462	Fockinck	Fockinck	Fockinck
3292	16656	republiek_3575	16463	Jordens	Jordens	Jordens
3293	16657	republiek_3577	16464	Podt	Podt	Podt
3294	16658	republiek_3579	16465	Duikink	Duikink	Duikink
3295	16659	republiek_3580	16466	Hagedoorn	Hagedoorn	Hagedoorn
3296	16660	republiek_3581	16467	Bosc de la Calmette	Bosc de la Calmette	Bosc de la Calmette
3297	16661	republiek_3582	16468	Jordens	Jordens	Jordens
3298	16662	republiek_3583	16469	Weerts	Weerts	Weerts
3299	16663	republiek_3584	16470	Putman	Putman	Putman
3300	16664	republiek_3585	16471	Menninck	Menninck	Menninck
3301	16665	republiek_3586	16472	Rhemen	Rhemen	Rhemen
3302	16666	republiek_3587	16473	Voorst tot Hagenvoorde	Voorst tot Hagenvoorde	Voorst tot Hagenvoorde
3303	16667	republiek_3588	16474	Sloet	Sloet	Sloet
3304	16668	republiek_3589	16475	Schuurman	Schuurman	Schuurman
3305	16669	republiek_3591	16476	Claasz.	Claasz.	Claasz.
3306	16670	republiek_3592	16477	Marckel	Marckel	Marckel
3307	16671	republiek_3593	16478	Vene	Vene	Vene
3308	16672	republiek_3594	16479	Lawick	Lawick	Lawick
3309	16673	republiek_3595	16480	Hemert	Hemert	Hemert
3310	16674	republiek_3596	16481	Eeckhout	Eeckhout	Eeckhout
3311	16675	republiek_3597	16482	Greven	Greven	Greven
3312	16676	republiek_3598	16483	Vrieze	Vrieze	Vrieze
3313	16677	republiek_3599	16484	Vos	Vos	Vos
3314	16678	republiek_3600	16485	Vollenhove	Vollenhove	Vollenhove
3315	16679	republiek_3602	16486	Greven	Greven	Greven
3316	16680	republiek_3603	16487	Louwerman	Louwerman	Louwerman
3317	16681	republiek_3604	16488	Suchtelen	Suchtelen	Suchtelen
3318	16682	republiek_3605	16489	Romunde	Romunde	Romunde
3319	16683	republiek_3606	16490	Jordens	Jordens	Jordens
3320	16684	republiek_3607	16491	Romunde	Romunde	Romunde
3321	16685	republiek_3608	16492	Linde	Linde	Linde
3322	16686	republiek_3609	16493	Marle	Marle	Marle
3323	16687	republiek_3610	19883	Cuper van Holthuisen	Cuper van Holthuisen	Cuper van Holthuisen
3324	16688	republiek_3611	16494	Suchtelen	Suchtelen	Suchtelen
3325	16689	republiek_3612	16495	Stennekes	Stennekes	Stennekes
3326	16690	republiek_3614	16496	Weerts	Weerts	Weerts
3327	16691	republiek_3615	16497	Sloet tot Lindenhorst	Sloet tot Lindenhorst	Sloet tot Lindenhorst
3328	16692	republiek_3616	16498	Coops	Coops	Coops
3329	16693	republiek_3617	16499	Podt	Podt	Podt
3330	16694	republiek_3618	16500	Eekhout	Eekhout	Eekhout
3331	16695	republiek_3619	16501	Quadacker	Quadacker	Quadacker
3332	16696	republiek_3620	16502	Eeckhout	Eeckhout	Eeckhout
3333	16697	republiek_3621	16503	Wicherlinck	Wicherlinck	Wicherlinck
3334	16698	republiek_3622	16504	Erckelens	Erckelens	Erckelens
3335	16699	republiek_3623	16505	Queisen	Queisen	Queisen
3336	16700	republiek_3624	16506	Eeckhout	Eeckhout	Eeckhout
3337	16701	republiek_3625	16507	Marienburgh	Marienburgh	Marienburgh
3338	16702	republiek_3626	16508	Heiden tot den Dam	Heiden tot den Dam	Heiden tot den Dam
3339	16703	republiek_3627	16509	Blanckvoort tot Benthuis	Blanckvoort tot Benthuis	Blanckvoort tot Benthuis
3340	16704	republiek_3628	16510	Sloet tot Cannevelt	Sloet tot Cannevelt	Sloet tot Cannevelt
3341	16705	republiek_3629	16511	Dumbar	Dumbar	Dumbar
3342	16706	republiek_3630	16512	Sonsbeeck	Sonsbeeck	Sonsbeeck
3343	16707	republiek_3631	16513	Ittersum tot Nijenhuis	Ittersum tot Nijenhuis	Ittersum tot Nijenhuis
3344	16708	republiek_3632	16514	Coeverden tot Wegdam	Coeverden tot Wegdam	Coeverden tot Wegdam
3345	16709	republiek_3633	16515	Schaep tot Windesheim	Schaep tot Windesheim	Schaep tot Windesheim
3346	16710	republiek_3634	16516	Schele tot Venebrugge	Schele tot Venebrugge	Schele tot Venebrugge
3347	16711	republiek_3635	16517	Grubbe tot Mennigjeshave	Grubbe tot Mennigjeshave	Grubbe tot Mennigjeshave
3348	16712	republiek_3636	16518	Wylich tot Oldenhof	Wylich tot Oldenhof	Wylich tot Oldenhof
3349	16713	republiek_3637	16519	Sloet tot Westerholt	Sloet tot Westerholt	Sloet tot Westerholt
3350	16714	republiek_3638	16520	Bentinck tot Schoonheten	Bentinck tot Schoonheten	Bentinck tot Schoonheten
3351	16715	republiek_3639	16521	Rechteren tot Almelo	Rechteren tot Almelo	Rechteren tot Almelo
3352	16716	republiek_3640	16522	Rechteren tot Noorddeurningen	Rechteren tot Noorddeurningen	Rechteren tot Noorddeurningen
3353	16717	republiek_3641	16523	Schepper	Schepper	Schepper
3354	16718	republiek_3642	16524	Nessink	Nessink	Nessink
3355	16719	republiek_3643	16525	Lambertsz.	Lambertsz.	Lambertsz.
3356	16720	republiek_3644	16526	Braeckel	Braeckel	Braeckel
3357	16721	republiek_3645	16527	Rechteren tot Rechteren	Rechteren tot Rechteren	Rechteren tot Rechteren
3358	16722	republiek_3646	16528	Crouse	Crouse	Crouse
3359	16723	republiek_3647	16529	Rouse	Rouse	Rouse
3360	16724	republiek_3648	16530	Hemert	Hemert	Hemert
3361	16725	republiek_3649	16531	Keyser	Keyser	Keyser
3362	16726	republiek_3650	16532	Sloet tot Plattenburg	Sloet tot Plattenburg	Sloet tot Plattenburg
3363	16727	republiek_3651	16533	Borgerink	Borgerink	Borgerink
3364	16728	republiek_3652	16534	Ingen	Ingen	Ingen
3365	16729	republiek_3653	16535	Bellinchave tot Bellinkhof	Bellinchave tot Bellinkhof	Bellinchave tot Bellinkhof
3366	16730	republiek_3654	16536	Holt	Holt	Holt
3367	16731	republiek_3655	16537	Haersolte tot Herxen	Haersolte tot Herxen	Haersolte tot Herxen
3368	16732	republiek_3656	16538	Haersolte tot Egede	Haersolte tot Egede	Haersolte tot Egede
3369	16733	republiek_3657	16539	Ridder	Ridder	Ridder
3370	16734	republiek_3658	16540	Isselmuden tot Rollecate	Isselmuden tot Rollecate	Isselmuden tot Rollecate
3371	16735	republiek_3659	16541	Haersolte tot Bredenhorst	Haersolte tot Bredenhorst	Haersolte tot Bredenhorst
3372	16736	republiek_3660	16542	Hoevel tot Nijenhuis	Hoevel tot Nijenhuis	Hoevel tot Nijenhuis
3373	16737	republiek_3661	16543	Echten tot Plattenburg	Echten tot Plattenburg	Echten tot Plattenburg
3374	16738	republiek_3662	16544	Echten tot Relaer	Echten tot Relaer	Echten tot Relaer
3375	16739	republiek_3663	16545	Wyck	Wyck	Wyck
3376	16740	republiek_3664	16546	Waterham	Waterham	Waterham
3377	16741	republiek_3665	16547	Coeverden tot Wegdam	Coeverden tot Wegdam	Coeverden tot Wegdam
3378	16742	republiek_3666	16548	Hoevel tot Nijenhuis	Hoevel tot Nijenhuis	Hoevel tot Nijenhuis
3379	16743	republiek_3667	16549	Scriverius	Scriverius	Scriverius
3380	16744	republiek_3668	16550	Feith	Feith	Feith
3381	16745	republiek_3669	16551	Echten tot Arendshorst	Echten tot Arendshorst	Echten tot Arendshorst
3382	16746	republiek_3670	16552	Gronden	Gronden	Gronden
3383	16747	republiek_3671	16553	Gansneb genaamd Tengnagel tot Bonkenhave	Gansneb genaamd Tengnagel tot Bonkenhave	Gansneb genaamd Tengnagel tot Bonkenhave
3384	16748	republiek_3672	16554	Gansneb genaamd Tengnagel tot Bonkenhave	Gansneb genaamd Tengnagel tot Bonkenhave	Gansneb genaamd Tengnagel tot Bonkenhave
3385	16749	republiek_3673	16555	Borgerink	Borgerink	Borgerink
3386	16750	republiek_3674	16556	Hagedoorn	Hagedoorn	Hagedoorn
3387	16751	republiek_3675	16557	Voorst tot Borgel	Voorst tot Borgel	Voorst tot Borgel
3388	16752	republiek_3676	16558	Gansneb genaamd Tengnagel	Gansneb genaamd Tengnagel	Gansneb genaamd Tengnagel
3389	16753	republiek_3677	16559	Rengers tot de Berg	Rengers tot de Berg	Rengers tot de Berg
3390	16754	republiek_3678	16560	Rhijnvisch	Rhijnvisch	Rhijnvisch
3391	16755	republiek_3679	16561	Campherbeek	Campherbeek	Campherbeek
3392	16756	republiek_3680	16562	Smitten	Smitten	Smitten
3393	16757	republiek_3681	16563	Hoevel tot Nijenhuis	Hoevel tot Nijenhuis	Hoevel tot Nijenhuis
3394	16758	republiek_3682	16564	Vrieze	Vrieze	Vrieze
3395	16759	republiek_3683	16565	Rhemen tot Rhemenshuizen	Rhemen tot Rhemenshuizen	Rhemen tot Rhemenshuizen
3396	16760	republiek_3684	16566	Suchtelen	Suchtelen	Suchtelen
3397	16761	republiek_3685	16567	Twickelo	Twickelo	Twickelo
3398	16762	republiek_3686	16568	Vene	Vene	Vene
3399	16763	republiek_3687	16569	Sabé	Sabé	Sabé
3400	16764	republiek_3688	16570	Laer	Laer	Laer
3401	16765	republiek_3689	16571	Markel	Markel	Markel
3402	16766	republiek_3690	16572	Marle	Marle	Marle
3403	16767	republiek_3691	16573	Dedem tot de Gelder	Dedem tot de Gelder	Dedem tot de Gelder
3404	16768	republiek_3692	16574	Tollius	Tollius	Tollius
3405	16769	republiek_3693	16575	Roëll	Roëll	Roëll
3406	16770	republiek_3694	16576	Dapper	Dapper	Dapper
3407	16771	republiek_3695	16577	Rechteren Limpurg tot Rechteren	Rechteren Limpurg tot Rechteren	Rechteren Limpurg tot Rechteren
3408	16772	republiek_3696	16578	Roelink	Roelink	Roelink
3409	16773	republiek_3697	16579	Sprakel	Sprakel	Sprakel
3410	16774	republiek_3698	16580	Bentinck tot Werkeren	Bentinck tot Werkeren	Bentinck tot Werkeren
3411	16775	republiek_3700	16581	Merwede	Merwede	Merwede
3412	16776	republiek_3701	16582	Duren	Duren	Duren
3413	16777	republiek_3702	16583	Stennekes	Stennekes	Stennekes
3414	16778	republiek_3703	16584	Schultsz.	Schultsz.	Schultsz.
3415	16779	republiek_3704	16585	Ingen	Ingen	Ingen
3416	16780	republiek_3705	16586	Duren	Duren	Duren
3417	16781	republiek_3706	16587	Boetzelaer tot Toutenburg	Boetzelaer tot Toutenburg	Boetzelaer tot Toutenburg
3418	16782	republiek_3707	16588	Voorst tot Hagenvoorde	Voorst tot Hagenvoorde	Voorst tot Hagenvoorde
3419	16783	republiek_3708	16589	Ittersum tot Nijenhuis	Ittersum tot Nijenhuis	Ittersum tot Nijenhuis
3420	16784	republiek_3709	16590	Bentinck tot Werkeren	Bentinck tot Werkeren	Bentinck tot Werkeren
3421	16785	republiek_3710	16591	Haersolte tot Westerveld	Haersolte tot Westerveld	Haersolte tot Westerveld
3422	16786	republiek_3711	16592	Rechteren tot Verborg	Rechteren tot Verborg	Rechteren tot Verborg
3423	16787	republiek_3712	16593	Coeverden tot Rhaan	Coeverden tot Rhaan	Coeverden tot Rhaan
3424	16788	republiek_3713	16594	Pallandt tot Zuthem	Pallandt tot Zuthem	Pallandt tot Zuthem
3425	16789	republiek_3714	16595	Rechteren tot Gramsbergen	Rechteren tot Gramsbergen	Rechteren tot Gramsbergen
3426	16790	republiek_3715	16596	Coeverden tot Rande	Coeverden tot Rande	Coeverden tot Rande
3427	16791	republiek_3716	16597	Pallandt	Pallandt	Pallandt
3428	16792	republiek_3717	16598	Bentinck tot Beverfeurde	Bentinck tot Beverfeurde	Bentinck tot Beverfeurde
3429	16793	republiek_3718	16599	Voorst	Voorst	Voorst
3430	16794	republiek_3719	20503	Heerdt tot Eversberg	Heerdt tot Eversberg	Heerdt tot Eversberg
3431	16795	republiek_3720	16600	Coeverden tot Stoevelaar	Coeverden tot Stoevelaar	Coeverden tot Stoevelaar
3432	16796	republiek_3721	16601	Munchausen tot Oldemeule	Munchausen tot Oldemeule	Munchausen tot Oldemeule
3433	16797	republiek_3722	16602	Munchausen tot Oldemeule	Munchausen tot Oldemeule	Munchausen tot Oldemeule
3434	16798	republiek_3723	16603	Sloet tot Bellinkhof	Sloet tot Bellinkhof	Sloet tot Bellinkhof
3435	16799	republiek_3724	16604	Echten	Echten	Echten
3436	16800	republiek_3725	16605	Sloet	Sloet	Sloet
3437	16801	republiek_3726	16606	Sloet tot Nijerwal	Sloet tot Nijerwal	Sloet tot Nijerwal
3438	16802	republiek_3727	16607	Sloet tot Cannevelt	Sloet tot Cannevelt	Sloet tot Cannevelt
3439	16803	republiek_3728	16608	Sloet tot Tweenijenhuizen	Sloet tot Tweenijenhuizen	Sloet tot Tweenijenhuizen
3440	16804	republiek_3729	16609	Isselmuden tot Rollecate	Isselmuden tot Rollecate	Isselmuden tot Rollecate
3441	16805	republiek_3731	16610	Vos van Steenwijk tot Nijerwal	Vos van Steenwijk tot Nijerwal	Vos van Steenwijk tot Nijerwal
3442	16806	republiek_3732	16611	Sloet tot Hagensdorp	Sloet tot Hagensdorp	Sloet tot Hagensdorp
3443	16807	republiek_3733	16612	Isselmuden tot Rollecate	Isselmuden tot Rollecate	Isselmuden tot Rollecate
3444	16808	republiek_3734	16613	Gansneb genaamd Tengnagel tot Bonkenhave	Gansneb genaamd Tengnagel tot Bonkenhave	Gansneb genaamd Tengnagel tot Bonkenhave
3445	16809	republiek_3735	16614	Sloet van Marxveld	Sloet van Marxveld	Sloet van Marxveld
3446	16810	republiek_3736	16615	Sloet tot Tweenyenhuizen	Sloet tot Tweenyenhuizen	Sloet tot Tweenyenhuizen
3447	16811	republiek_3737	16616	Winssem	Winssem	Winssem
3448	16812	republiek_3738	16617	Augustinus	Augustinus	Augustinus
3449	16813	republiek_3739	16618	Beecke	Beecke	Beecke
3450	16814	republiek_3741	16619	Nilant	Nilant	Nilant
3451	16815	republiek_3742	16620	Berdenis	Berdenis	Berdenis
3452	16816	republiek_3743	16621	Lespierre	Lespierre	Lespierre
3453	16817	republiek_3744	20277	Jordens	Jordens	Jordens
3454	16818	republiek_3745	16622	Duren	Duren	Duren
3455	16819	republiek_3746	16623	Suchtelen	Suchtelen	Suchtelen
3456	16820	republiek_3747	16624	Hendriksz.	Hendriksz.	Hendriksz.
3457	16821	republiek_3749	16625	Vene	Vene	Vene
3458	16822	republiek_3750	16626	Hendriksz.	Hendriksz.	Hendriksz.
3459	16823	republiek_3751	16627	Ruitenberg	Ruitenberg	Ruitenberg
3460	16824	republiek_3752	16628	Hoff	Hoff	Hoff
3461	16825	republiek_3753	16629	Moock	Moock	Moock
3462	16826	republiek_3754	16630	Petersz.	Petersz.	Petersz.
3463	16827	republiek_3755	16631	Louwensz.	Louwensz.	Louwensz.
3464	16828	republiek_3756	16632	Steenbergen	Steenbergen	Steenbergen
3465	16829	republiek_3757	16633	Hoolboom	Hoolboom	Hoolboom
3466	16830	republiek_3758	16634	Witte	Witte	Witte
3467	16831	republiek_3759	16635	Voorne	Voorne	Voorne
3468	16832	republiek_3760	16636	Stuurman	Stuurman	Stuurman
3469	16833	republiek_3761	16637	Steenbergen	Steenbergen	Steenbergen
3470	16834	republiek_3762	16638	Gansneb genaamd Tengnagel	Gansneb genaamd Tengnagel	Gansneb genaamd Tengnagel
3471	16835	republiek_3763	16639	Santen	Santen	Santen
3472	16836	republiek_3764	16640	Merwede	Merwede	Merwede
3473	16837	republiek_3765	16641	Gansneb genaamd Tengnagel	Gansneb genaamd Tengnagel	Gansneb genaamd Tengnagel
3474	16838	republiek_3766	16642	Herweijer	Herweijer	Herweijer
3475	16839	republiek_3767	16643	Lulofsz.	Lulofsz.	Lulofsz.
3476	16840	republiek_3768	16644	Marle	Marle	Marle
3477	16841	republiek_3769	16645	Welberg	Welberg	Welberg
3478	16842	republiek_3770	16646	Krof	Krof	Krof
3479	16843	republiek_3771	16647	Optenoort	Optenoort	Optenoort
3480	16844	republiek_3772	16648	Ittersum	Ittersum	Ittersum
3481	16845	republiek_3773	16649	Jellissen	Jellissen	Jellissen
3482	16846	republiek_3774	16650	Tongeren	Tongeren	Tongeren
3483	16847	republiek_3775	16651	Hardenstein	Hardenstein	Hardenstein
3484	16848	republiek_3776	16652	Brandenborch	Brandenborch	Brandenborch
3485	16849	republiek_3777	16653	Haersolte	Haersolte	Haersolte
3486	16850	republiek_3778	16654	Beecke	Beecke	Beecke
3487	16851	republiek_3779	16655	Ewolts	Ewolts	Ewolts
3488	16852	republiek_3780	16656	Nuis	Nuis	Nuis
3489	16853	republiek_3781	16657	Rouse	Rouse	Rouse
3490	16854	republiek_3782	16658	Putten	Putten	Putten
3491	16855	republiek_3783	16659	Golts	Golts	Golts
3492	16856	republiek_3784	16660	Meeuwsen	Meeuwsen	Meeuwsen
3493	16857	republiek_3785	16661	Queisen	Queisen	Queisen
3494	16858	republiek_3786	16662	Soury	Soury	Soury
3495	16859	republiek_3787	16663	Royer	Royer	Royer
3496	16860	republiek_3788	16664	Vriesen	Vriesen	Vriesen
3497	16861	republiek_3789	16665	Greven	Greven	Greven
3498	16862	republiek_3790	16666	Muiden	Muiden	Muiden
3499	16863	republiek_3791	16667	Rijssen	Rijssen	Rijssen
3500	16864	republiek_3792	16668	Tobias	Tobias	Tobias
3501	16865	republiek_3793	16669	Greven	Greven	Greven
3502	16866	republiek_3794	16670	Gelderman	Gelderman	Gelderman
3503	16867	republiek_3795	16671	Molkenbour	Molkenbour	Molkenbour
3504	16868	republiek_3796	16672	Sprakel	Sprakel	Sprakel
3505	16869	republiek_3797	16673	Berg	Berg	Berg
3506	16870	republiek_3798	16674	Greven	Greven	Greven
3507	16871	republiek_3799	16675	Golts	Golts	Golts
3508	16872	republiek_3800	16676	Marienburgh	Marienburgh	Marienburgh
3509	16873	republiek_3802	16677	Thomassen à Thuessink	Thomassen à Thuessink	Thomassen à Thuessink
3510	16874	republiek_3803	16678	Metelerkamp	Metelerkamp	Metelerkamp
3511	16875	republiek_3804	16679	Wicherlinck	Wicherlinck	Wicherlinck
3512	16876	republiek_3805	16680	Wyck	Wyck	Wyck
3513	16877	republiek_3806	16681	Gronden	Gronden	Gronden
3514	16878	republiek_3807	16682	Rechteren	Rechteren	Rechteren
3515	16879	republiek_3808	16683	Hoevell	Hoevell	Hoevell
3516	16880	republiek_3809	16684	Voorst tot Hagenvoorde	Voorst tot Hagenvoorde	Voorst tot Hagenvoorde
3517	16881	republiek_3810	16685	Beeck	Beeck	Beeck
3518	16882	republiek_3811	16686	Gansneb genaamd Tengnagel	Gansneb genaamd Tengnagel	Gansneb genaamd Tengnagel
3519	16883	republiek_3812	16687	Kuilen	Kuilen	Kuilen
3520	16884	republiek_3813	16688	Basters	Basters	Basters
3521	16885	republiek_3814	16689	Ittersum	Ittersum	Ittersum
3522	16886	republiek_3815	16690	Roelinck	Roelinck	Roelinck
3523	16887	republiek_3816	16691	Doornebos	Doornebos	Doornebos
3524	16888	republiek_3818	16692	Voet	Voet	Voet
3525	16889	republiek_3819	16693	Roelinck	Roelinck	Roelinck
3526	16890	republiek_3820	16694	Roelinck	Roelinck	Roelinck
3527	16891	republiek_3821	16695	Holt	Holt	Holt
3528	16892	republiek_3822	16696	Breda	Breda	Breda
3529	16893	republiek_3823	16697	Jordens	Jordens	Jordens
3530	16894	republiek_3824	16698	Rouse	Rouse	Rouse
3531	16895	republiek_3825	16699	Dumbar	Dumbar	Dumbar
3532	16896	republiek_3826	16700	Tydeman	Tydeman	Tydeman
3533	16897	republiek_3830	16701	Buteux	Buteux	Buteux
3534	16898	republiek_3831	16702	Citters	Citters	Citters
3535	16899	republiek_3832	16703	Mogge van Renesse	Mogge van Renesse	Mogge van Renesse
3536	16900	republiek_3833	16704	Cau	Cau	Cau
3537	16901	republiek_3834	16705	Bout	Bout	Bout
3538	16902	republiek_3835	16706	Lynden van Blitterswijk	Lynden van Blitterswijk	Lynden van Blitterswijk
3539	16903	republiek_3836	16707	Verelst	Verelst	Verelst
3540	16904	republiek_3837	16708	Lynden	Lynden	Lynden
3541	16905	republiek_3838	20383	Borssele van Geldermalsen	Borssele van Geldermalsen	Borssele van Geldermalsen
3542	16906	republiek_3839	16709	Borssele	Borssele	Borssele
3543	16907	republiek_3840	16710	Brakell	Brakell	Brakell
3544	16908	republiek_3841	16711	Campen	Campen	Campen
3545	16909	republiek_3842	16712	Cruiningen	Cruiningen	Cruiningen
3546	16910	republiek_3843	16713	Soete de Laecke van Haultain	Soete de Laecke van Haultain	Soete de Laecke van Haultain
3547	16911	republiek_3844	16714	Schotte	Schotte	Schotte
3548	16912	republiek_3845	16715	Berchem	Berchem	Berchem
3549	16913	republiek_3846	16716	Lucas	Lucas	Lucas
3550	16914	republiek_3847	16717	Jonge	Jonge	Jonge
3551	16915	republiek_3848	20382	Borssele van der Hooge	Borssele van der Hooge	Borssele van der Hooge
3552	16916	republiek_3849	16718	Borssele van der Hooghe	Borssele van der Hooghe	Borssele van der Hooghe
3553	16917	republiek_3850	16719	Sonsbeeck	Sonsbeeck	Sonsbeeck
3554	16918	republiek_3851	16720	Bodel	Bodel	Bodel
3555	16919	republiek_3852	16721	Verelst	Verelst	Verelst
3556	16920	republiek_3853	16722	Warkier	Warkier	Warkier
3557	16921	republiek_3854	16723	Scheyderuyt	Scheyderuyt	Scheyderuyt
3558	16922	republiek_3855	16724	Lichtenbergh	Lichtenbergh	Lichtenbergh
3559	16923	republiek_3856	16725	Pous	Pous	Pous
3560	16924	republiek_3857	16726	Nolthenius	Nolthenius	Nolthenius
3561	16925	republiek_3858	16727	Godin	Godin	Godin
3562	16926	republiek_3861	16728	Beke	Beke	Beke
3563	16927	republiek_3862	16729	Pon	Pon	Pon
3564	16928	republiek_3863	16730	Schorer	Schorer	Schorer
3565	16929	republiek_3864	16731	Parduin	Parduin	Parduin
3566	16930	republiek_3865	16732	Teelingh	Teelingh	Teelingh
3567	16931	republiek_3866	20375	Berchem	Berchem	Berchem
3568	16932	republiek_3867	16733	Stavenisse	Stavenisse	Stavenisse
3569	16933	republiek_3868	16734	Sage	Sage	Sage
3570	16934	republiek_3869	16735	Mandere	Mandere	Mandere
3571	16935	republiek_3870	16736	Rijkaertsen	Rijkaertsen	Rijkaertsen
3572	16936	republiek_3871	16737	Schotte	Schotte	Schotte
3573	16937	republiek_3872	16738	Perre	Perre	Perre
3574	16938	republiek_3873	16739	Vet	Vet	Vet
3575	16939	republiek_3874	16740	Boreel	Boreel	Boreel
3576	16940	republiek_3875	16741	Becker	Becker	Becker
3577	16941	republiek_3876	16742	Pottey	Pottey	Pottey
3578	16942	republiek_3877	16743	Poort	Poort	Poort
3579	16943	republiek_3878	16744	Velters	Velters	Velters
3580	16944	republiek_3879	16745	Rombouts	Rombouts	Rombouts
3581	16945	republiek_3880	16746	Rue	Rue	Rue
3582	16946	republiek_3881	16747	Brande	Brande	Brande
3583	16947	republiek_3882	16748	Duvelaer	Duvelaer	Duvelaer
3584	16948	republiek_3883	16749	Buteux	Buteux	Buteux
3585	16949	republiek_3884	16750	Huybert	Huybert	Huybert
3586	16950	republiek_3885	16751	Cau	Cau	Cau
3587	16951	republiek_3886	16752	Hoffer	Hoffer	Hoffer
3588	16952	republiek_3887	16753	Jonge	Jonge	Jonge
3589	16953	republiek_3888	16754	Rollandt	Rollandt	Rollandt
3590	16954	republiek_3889	16755	Mogge	Mogge	Mogge
3591	16955	republiek_3890	16756	Ockers	Ockers	Ockers
3592	16956	republiek_3891	16757	Jonge van Bruinisse	Jonge van Bruinisse	Jonge van Bruinisse
3593	16957	republiek_3892	16758	Cau	Cau	Cau
3594	16958	republiek_3893	16759	Witte van Elkerzee	Witte van Elkerzee	Witte van Elkerzee
3595	16959	republiek_3894	16760	Noemer	Noemer	Noemer
3596	16960	republiek_3895	16761	Jonge	Jonge	Jonge
3597	16961	republiek_3896	16762	Jonge	Jonge	Jonge
3598	16962	republiek_3897	16763	Goeree	Goeree	Goeree
3599	16963	republiek_3898	16764	Mathiasz.	Mathiasz.	Mathiasz.
3600	16964	republiek_3899	16765	Oostdijck	Oostdijck	Oostdijck
3601	16965	republiek_3900	16766	Backer	Backer	Backer
3602	16966	republiek_3901	16767	Watervliet	Watervliet	Watervliet
3603	16967	republiek_3902	16768	Eversdijk	Eversdijk	Eversdijk
3604	16968	republiek_3903	16769	Nollens	Nollens	Nollens
3605	16969	republiek_3904	16770	Schorer	Schorer	Schorer
3606	16970	republiek_3905	16771	Leydecker	Leydecker	Leydecker
3607	16971	republiek_3906	16772	Wevort van Ossenberg	Wevort van Ossenberg	Wevort van Ossenberg
3608	16972	republiek_3907	16773	Vogel	Vogel	Vogel
3609	16973	republiek_3908	16774	Leydecker de Bruin	Leydecker de Bruin	Leydecker de Bruin
3610	16974	republiek_3909	16775	Vrijberghe	Vrijberghe	Vrijberghe
3611	16975	republiek_3910	16776	Vrijberghe	Vrijberghe	Vrijberghe
3612	16976	republiek_3911	16777	Recxstoot	Recxstoot	Recxstoot
3613	16977	republiek_3912	16778	Broeck	Broeck	Broeck
3614	16978	republiek_3913	16779	Cras	Cras	Cras
3615	16979	republiek_3914	16780	Turcq	Turcq	Turcq
3616	16980	republiek_3915	16781	Schot	Schot	Schot
3617	16981	republiek_3916	16782	Porrenaer	Porrenaer	Porrenaer
3618	16982	republiek_3917	16783	Hendricxsz.	Hendricxsz.	Hendricxsz.
3619	16983	republiek_3918	16784	Scheuye	Scheuye	Scheuye
3620	16984	republiek_3919	16785	Honich	Honich	Honich
3621	16985	republiek_3920	16786	Goch	Goch	Goch
3622	16986	republiek_3922	16787	Sonsbeeck	Sonsbeeck	Sonsbeeck
3623	16987	republiek_3923	16788	Luycx	Luycx	Luycx
3624	16988	republiek_3924	16789	Vosbergen	Vosbergen	Vosbergen
3625	16989	republiek_3925	16790	Velters	Velters	Velters
3626	16990	republiek_3926	16791	Danckaerts	Danckaerts	Danckaerts
3627	16991	republiek_3927	16792	Haese	Haese	Haese
3628	16992	republiek_3928	16793	Sterthenius	Sterthenius	Sterthenius
3629	16993	republiek_3929	16794	Cuninghame	Cuninghame	Cuninghame
3630	16994	republiek_3930	16795	Haese	Haese	Haese
3631	16995	republiek_3931	16796	Thyssen	Thyssen	Thyssen
3632	16996	republiek_3932	16797	Amoury	Amoury	Amoury
3633	16997	republiek_3933	16798	Marinissen	Marinissen	Marinissen
3634	16998	republiek_3934	16799	Coorne	Coorne	Coorne
3635	16999	republiek_3935	16800	Huygens	Huygens	Huygens
3636	17000	republiek_3936	16801	Thibaut	Thibaut	Thibaut
3637	17001	republiek_3937	16802	Zeylmaker	Zeylmaker	Zeylmaker
3638	17002	republiek_3939	16803	Verheije	Verheije	Verheije
3639	17003	republiek_3940	16804	Muncq	Muncq	Muncq
3640	17004	republiek_3941	16805	Fannius	Fannius	Fannius
3641	17005	republiek_3942	16806	Kuijser	Kuijser	Kuijser
3642	17006	republiek_3943	16807	Isebree	Isebree	Isebree
3643	17007	republiek_3944	16808	Ockersse	Ockersse	Ockersse
3644	17008	republiek_3945	16809	Hurgronje	Hurgronje	Hurgronje
3645	17009	republiek_3946	16810	Reuver	Reuver	Reuver
3646	17010	republiek_3947	16811	Houte	Houte	Houte
3647	17011	republiek_3961	20276	Manmaker	Manmaker	Manmaker
3648	17012	republiek_3962	16812	Volbergen	Volbergen	Volbergen
3649	17013	republiek_3963	16813	Vollenhove	Vollenhove	Vollenhove
3650	17014	republiek_3964	16814	Huygens	Huygens	Huygens
3651	17015	republiek_3965	16815	Huygens	Huygens	Huygens
3652	17016	republiek_3966	16816	Ruysch	Ruysch	Ruysch
3653	17017	republiek_3967	16817	Ruysch	Ruysch	Ruysch
3654	17018	republiek_3968	16818	Vliet	Vliet	Vliet
3655	17019	republiek_3969	16819	Baccart	Baccart	Baccart
3656	17020	republiek_3970	16820	Ruijter	Ruijter	Ruijter
3657	17021	republiek_3971	16821	Sypesteyn	Sypesteyn	Sypesteyn
3658	17022	republiek_3972	16822	Dorper Coorne	Dorper Coorne	Dorper Coorne
3659	17023	republiek_3973	16823	Volbergen	Volbergen	Volbergen
3660	17024	republiek_3974	16824	Roosbeecke	Roosbeecke	Roosbeecke
3661	17025	republiek_3975	16825	Moreau van Limburch	Moreau van Limburch	Moreau van Limburch
3662	17026	republiek_3976	16826	Huyssen	Huyssen	Huyssen
3663	17027	republiek_3977	16827	Croock	Croock	Croock
3664	17028	republiek_3978	16828	Cats	Cats	Cats
3665	17029	republiek_3979	20340	Poll	Poll	Poll
3666	17030	republiek_3980	16829	Reygersberge	Reygersberge	Reygersberge
3667	17031	republiek_3981	16830	Ruijsch	Ruijsch	Ruijsch
3668	17032	republiek_3982	16831	Hove	Hove	Hove
3669	17033	republiek_3983	16832	Coccejus	Coccejus	Coccejus
3670	17034	republiek_3984	16833	Buijs	Buijs	Buijs
3671	17035	republiek_3985	16834	Goes	Goes	Goes
3672	17036	republiek_3986	16835	Goes	Goes	Goes
3673	17037	republiek_3987	16836	Hoop	Hoop	Hoop
3674	17038	republiek_3988	16837	Hoop	Hoop	Hoop
3675	17039	republiek_3989	16838	Burman	Burman	Burman
3676	17040	republiek_3991	16839	Vierssen	Vierssen	Vierssen
3677	17041	republiek_3992	16840	Eyckberch	Eyckberch	Eyckberch
3678	17042	republiek_3993	16841	Slingelandt	Slingelandt	Slingelandt
3679	17043	republiek_3994	16842	Royen	Royen	Royen
3680	17044	republiek_3995	16843	Gillis	Gillis	Gillis
3681	17046	republiek_3997	16845	Bye	Bye	Bye
3682	17047	republiek_3999	16846	Brasser	Brasser	Brasser
3683	17048	republiek_4000	16847	Burgh	Burgh	Burgh
3684	17049	republiek_4001	16848	Hop	Hop	Hop
3685	17050	republiek_4002	16849	Bassecour	Bassecour	Bassecour
3686	17051	republiek_4003	16850	Alphen	Alphen	Alphen
3687	17052	republiek_4004	16851	Doubleth	Doubleth	Doubleth
3688	17053	republiek_4005	16852	Hogendorp	Hogendorp	Hogendorp
3689	17054	republiek_4006	16853	Hogendorp	Hogendorp	Hogendorp
3690	17055	republiek_4007	16854	Doubleth	Doubleth	Doubleth
3691	17056	republiek_4008	16855	Helsdingen	Helsdingen	Helsdingen
3692	17057	republiek_4009	16856	Doubleth	Doubleth	Doubleth
3693	17058	republiek_4010	16857	Doubleth	Doubleth	Doubleth
3694	17059	republiek_4013	16858	Hove	Hove	Hove
3695	17060	republiek_4016	16859	Heiden Hompesch tot Ootmarssum	Heiden Hompesch tot Ootmarssum	Heiden Hompesch tot Ootmarssum
3696	17061	republiek_4017	16860	Pieterson	Pieterson	Pieterson
3697	17062	republiek_4018	16861	Hooge	Hooge	Hooge
3698	17063	republiek_4019	16862	Cooper	Cooper	Cooper
3699	17064	republiek_4020	16863	Hoogensteeger	Hoogensteeger	Hoogensteeger
3700	17065	republiek_4022	16864	Lodensteijn	Lodensteijn	Lodensteijn
3701	17066	republiek_4023	16865	Verbrugge	Verbrugge	Verbrugge
3702	17067	republiek_4024	16866	Martens	Martens	Martens
3703	17068	republiek_4025	20654	Godijn	Godin	Godin
3704	17069	republiek_4026	20430	Perponcher	Perponcher	Perponcher
3705	17070	republiek_4027	16867	Vrijberghe	Vrijberghe	Vrijberghe
3706	17071	republiek_4028	16868	Noeij	Noeij	Noeij
3707	17072	republiek_4029	16869	Ockersse	Ockersse	Ockersse
3708	17073	republiek_4030	16870	Mauregnault	Mauregnault	Mauregnault
3709	17074	republiek_4031	16871	Ferleman	Ferleman	Ferleman
3710	17075	republiek_4032	16872	Mulock	Mulock	Mulock
3711	17076	republiek_4033	16873	Busse	Busse	Busse
3712	17077	republiek_4034	20380	Borssele	Borssele	Borssele
3713	17078	republiek_4035	16874	Campe	Campe	Campe
3714	17079	republiek_4036	16875	Joachimi	Joachimi	Joachimi
3715	17080	republiek_4037	16876	Magnus	Magnus	Magnus
3716	17081	republiek_4043	16877	Valery	Valery	Valery
3717	17082	republiek_4044	16878	Pietersz.	Pietersz.	Pietersz.
3718	17083	republiek_4045	16879	Becker	Becker	Becker
3719	17084	republiek_4046	16880	Veth	Veth	Veth
3720	17085	republiek_4047	16881	Lampsins	Lampsins	Lampsins
3721	17086	republiek_4048	16882	Stavenisse	Stavenisse	Stavenisse
3722	17087	republiek_4049	20625	Resen	Resen	Resen
3723	17088	republiek_4050	16883	Pieterson	Pieterson	Pieterson
3724	17089	republiek_4051	16884	Stavenisse	Stavenisse	Stavenisse
3725	17090	republiek_4052	16885	Coninck	Coninck	Coninck
3726	17091	republiek_4053	16886	Vrijberghe	Vrijberghe	Vrijberghe
3727	17092	republiek_4054	16887	Geel	Geel	Geel
3728	17093	republiek_4055	16888	Kemp	Kemp	Kemp
3729	17094	republiek_4056	16889	Velters	Velters	Velters
3730	17095	republiek_4057	16890	Crook	Crook	Crook
3731	17096	republiek_4059	16891	Cromstrien	Cromstrien	Cromstrien
3732	17097	republiek_4060	16892	Hecke	Hecke	Hecke
3733	17098	republiek_4061	16893	Beke	Beke	Beke
3734	17099	republiek_4062	16894	Haeff	Haeff	Haeff
3735	17100	republiek_4063	20869	Warmelo	Warmelo	Warmelo
3736	17101	republiek_4064	16895	Menijn	Menijn	Menijn
3737	17102	republiek_4065	16896	Meer	Meer	Meer
3738	17103	republiek_4066	16897	Blommendael	Blommendael	Blommendael
3739	17104	republiek_4067	16898	Arentsz.	Arentsz.	Arentsz.
3740	17105	republiek_4068	16899	Huybert	Huybert	Huybert
3741	17106	republiek_4069	16900	Dijcke	Dijcke	Dijcke
3742	17107	republiek_4070	16901	Gele	Gele	Gele
3743	17108	republiek_4071	16902	Reijnersz.	Reijnersz.	Reijnersz.
3744	17109	republiek_4072	16903	Teijlingen	Teijlingen	Teijlingen
3745	17110	republiek_4074	16904	Santen	Santen	Santen
3746	17111	republiek_4075	16905	Luchtenburg	Luchtenburg	Luchtenburg
3747	17112	republiek_4076	20322	Basius	Basius	Basius
3748	17113	republiek_4077	16906	Rippertsz.	Rippertsz.	Rippertsz.
3749	17114	republiek_4078	16907	Vael in Lioren	Vael in Lioren	Vael in Lioren
3750	17115	republiek_4080	16908	Groot	Groot	Groot
3751	17116	republiek_4081	16909	Fons	Fons	Fons
3752	17117	republiek_4083	16910	Pouwelsz.	Pouwelsz.	Pouwelsz.
3753	17118	republiek_4084	16911	Schouten	Schouten	Schouten
3754	17119	republiek_4085	16912	Broeker	Broeker	Broeker
3755	17120	republiek_4086	16913	Sijms	Sijms	Sijms
3756	17121	republiek_4088	16914	Crap	Crap	Crap
3757	17122	republiek_4089	16915	Zee	Zee	Zee
3758	17123	republiek_4090	16916	Cant	Cant	Cant
3759	17124	republiek_4091	16917	Ripperda	Ripperda	Ripperda
3760	17125	republiek_4092	16918	Knoppert	Knoppert	Knoppert
3761	17126	republiek_4093	16919	Spoolde	Spoolde	Spoolde
3762	17127	republiek_4095	16920	Ruis	Ruis	Ruis
3763	17128	republiek_4096	16921	Boetzelaer tot Westerholt	Boetzelaer tot Westerholt	Boetzelaer tot Westerholt
3764	17129	republiek_4097	16922	Coeverden tot Scherpenzeel	Coeverden tot Scherpenzeel	Coeverden tot Scherpenzeel
3765	17130	republiek_4098	16923	Rechteren tot Oldenhove	Rechteren tot Oldenhove	Rechteren tot Oldenhove
3766	17131	republiek_4099	16924	Neck	Neck	Neck
3767	17132	republiek_4100	16925	Brederode	Brederode	Brederode
3768	17133	republiek_4101	16926	Vos	Vos	Vos
3769	17134	republiek_4102	16927	Crap	Crap	Crap
3770	17135	republiek_4103	16928	Bye	Bye	Bye
3771	17136	republiek_4104	16929	Maasland	Maasland	Maasland
3772	17137	republiek_4105	16930	Goes	Goes	Goes
3773	17138	republiek_4106	16931	Valkesteijn	Valkesteijn	Valkesteijn
3774	17139	republiek_4109	16959	Riccen	Riccen	Riccen
3775	17140	republiek_4110	16960	Walravens	Walravens	Walravens
3776	17141	republiek_4111	16961	Mierop	Mierop	Mierop
3777	17142	republiek_4112	16962	Foreest	Foreest	Foreest
3778	17143	republiek_4113	16963	Berkhout	Berkhout	Berkhout
3779	17144	republiek_4114	16964	Graef	Graef	Graef
3780	17145	republiek_4115	16965	Persijn	Persijn	Persijn
3781	17146	republiek_4116	16966	Pauw	Pauw	Pauw
3782	17147	republiek_4117	16967	Meer	Meer	Meer
3783	17148	republiek_4118	16968	Hop	Hop	Hop
3784	17149	republiek_4119	16969	Camerling	Camerling	Camerling
3785	17150	republiek_4120	16970	Faille	Faille	Faille
3786	17151	republiek_4121	16971	Rogh	Rogh	Rogh
3787	17152	republiek_4122	16972	Baert	Baert	Baert
3788	17153	republiek_4123	16973	Quarles	Quarles	Quarles
3789	17154	republiek_4124	16974	Naerden	Naerden	Naerden
3790	17155	republiek_4125	16975	Greve	Greve	Greve
3791	17156	republiek_4126	16976	Cammen	Cammen	Cammen
3792	17157	republiek_4127	16977	Buys	Buys	Buys
3793	17158	republiek_4128	16978	Hooft	Hooft	Hooft
3794	17159	republiek_4129	16979	Dedel	Dedel	Dedel
3795	17160	republiek_4130	16980	Buijs	Buijs	Buijs
3796	17161	republiek_4131	16981	Camerling	Camerling	Camerling
3797	17162	republiek_4132	16982	Swerius	Swerius	Swerius
3798	17163	republiek_4133	16983	Panhuisen	Panhuisen	Panhuisen
3799	17164	republiek_4134	16984	Snel	Snel	Snel
3800	17165	republiek_4135	16985	Stapele	Stapele	Stapele
3801	17166	republiek_4136	16986	Aerssen	Aerssen	Aerssen
3802	17167	republiek_4137	16987	Poll	Poll	Poll
3803	17168	republiek_4138	16988	Tour de la Pomerade	Tour de la Pomerade	Tour de la Pomerade
3804	17169	republiek_4139	16989	Persijn	Persijn	Persijn
3805	17170	republiek_4140	16990	Theuning	Theuning	Theuning
3806	17171	republiek_4141	16991	Wevort tot Osseberg	Wevort tot Osseberg	Wevort tot Osseberg
3807	17172	republiek_4142	16992	Meulen	Meulen	Meulen
3808	17173	republiek_4143	16993	Troije	Troije	Troije
3809	17174	republiek_4144	16994	Cunaeus	Cunaeus	Cunaeus
3810	17175	republiek_4145	16995	Vroese	Vroese	Vroese
3811	17176	republiek_4146	16996	Vegelin van Claerbergen	Vegelin van Claerbergen	Vegelin van Claerbergen
3812	17177	republiek_4147	16997	Verbrugge	Verbrugge	Verbrugge
3813	17178	republiek_4148	16998	Reuver	Reuver	Reuver
3814	17179	republiek_4149	16999	Changuion	Changuion	Changuion
3815	17180	republiek_4151	17000	Verdun	Verdun	Verdun
3816	17181	republiek_4153	17001	Goes	Goes	Goes
3817	17182	republiek_4154	17002	Chion	Chion	Chion
3818	17183	republiek_4155	17003	Aerssens	Aerssens	Aerssens
3819	17184	republiek_4156	17004	Musch	Musch	Musch
3820	17185	republiek_4157	17005	Ruijsch	Ruijsch	Ruijsch
3821	17186	republiek_4158	17006	Fagel	Fagel	Fagel
3822	17187	republiek_4159	17007	Fagel	Fagel	Fagel
3823	17188	republiek_4160	17008	Fagel	Fagel	Fagel
3824	17189	republiek_4161	20251	Hove	Hove	Hove
3825	17190	republiek_4162	17009	Fagel	Fagel	Fagel
3826	17191	republiek_4163	17010	Dierkens	Dierkens	Dierkens
3827	17192	republiek_4164	17011	Quarles van Ufford	Quarles van Ufford	Quarles van Ufford
3828	17193	republiek_4165	17012	Fagel	Fagel	Fagel
3829	17194	republiek_4166	17013	Lelyveld	Lelyveld	Lelyveld
3830	17195	republiek_4167	17014	Laar	Laar	Laar
3831	17196	republiek_4168	17015	Spronssen	Spronssen	Spronssen
3832	17197	republiek_4169	17016	Ramet	Ramet	Ramet
3833	17198	republiek_4170	17017	Valckenburch	Valckenburch	Valckenburch
3834	17199	republiek_4171	17018	Burch	Burch	Burch
3835	17200	republiek_4172	17019	Heijde	Heijde	Heijde
3836	17201	republiek_4173	17020	Spronssen	Spronssen	Spronssen
3837	17202	republiek_4174	17021	Beaumont	Beaumont	Beaumont
3838	17203	republiek_4175	17022	Buys	Buys	Buys
3839	17204	republiek_4176	17023	Merens	Merens	Merens
3840	17205	republiek_4177	17024	Dompiere de Jonquieres	Dompiere de Jonquieres	Dompiere de Jonquieres
3841	17206	republiek_4178	17025	Braams	Braams	Braams
3842	17207	republiek_4179	17026	Rooseboom	Rooseboom	Rooseboom
3843	17208	republiek_4180	17027	Baerle	Baerle	Baerle
3844	17209	republiek_4181	19743	Burch	Burch	Burch
3845	17210	republiek_4182	17028	Slicher	Slicher	Slicher
3846	17211	republiek_4183	17029	Hees	Hees	Hees
3847	17212	republiek_4184	17030	Teylingen	Teylingen	Teylingen
3848	17213	republiek_4185	17031	Wildt	Wildt	Wildt
3849	17214	republiek_4186	20331	Egmond van de Nijenburg	Egmond van de Nijenburg	Egmond van de Nijenburg
3850	17215	republiek_4187	17032	Merens	Merens	Merens
3851	17216	republiek_4189	17033	Clifford	Clifford	Clifford
3852	17217	republiek_4190	17034	Huyssen	Huyssen	Huyssen
3853	17218	republiek_4191	17035	Scotte	Scotte	Scotte
3854	17219	republiek_4192	17036	Boudaen Courten	Boudaen Courten	Boudaen Courten
3855	17220	republiek_4193	17037	Poele	Poele	Poele
3856	17221	republiek_4195	17038	Brande	Brande	Brande
3857	17222	republiek_4196	17039	Ruytenburgh	Ruytenburgh	Ruytenburgh
3858	17223	republiek_4197	17040	Soutman	Soutman	Soutman
3859	17224	republiek_4198	17041	Surck	Surck	Surck
3860	17225	republiek_4199	17042	Beaulieu	Beaulieu	Beaulieu
3861	17226	republiek_4200	17043	Sivertsz.	Sivertsz.	Sivertsz.
3862	17227	republiek_4201	17044	Beyer	Beyer	Beyer
3863	17228	republiek_4202	17045	Eck	Eck	Eck
3864	17229	republiek_4204	17046	Gripskercke	Gripskercke	Gripskercke
3865	17230	republiek_4205	17047	Auckema	Auckema	Auckema
3866	17231	republiek_4206	17048	Granier	Granier	Granier
3867	17232	republiek_4207	17049	Fortssen	Fortssen	Fortssen
3868	17233	republiek_4208	17050	Beyer	Beyer	Beyer
3869	17234	republiek_4209	17051	Abbas	Abbas	Abbas
3870	17235	republiek_4210	17052	Abbas	Abbas	Abbas
3871	17236	republiek_4211	17053	Beresteyn	Beresteyn	Beresteyn
3872	17237	republiek_4212	17054	Heussen	Heussen	Heussen
3873	17238	republiek_4213	17055	Tapkens	Tapkens	Tapkens
3874	17239	republiek_4214	17056	Jongh	Jongh	Jongh
3875	17240	republiek_4215	17057	Goutswaert	Goutswaert	Goutswaert
3876	17241	republiek_4216	17058	Sticke	Sticke	Sticke
3877	17242	republiek_4217	17059	Val	Val	Val
3878	17243	republiek_4218	17060	Jongh	Jongh	Jongh
3879	17244	republiek_4219	17061	Roorda	Roorda	Roorda
3880	17245	republiek_4220	19977	Lange	Lange	Lange
3881	17246	republiek_4221	17062	Aemilius	Aemilius	Aemilius
3882	17247	republiek_4222	17063	Buys	Buys	Buys
3883	17248	republiek_4223	17064	Bisschop	Bisschop	Bisschop
3884	17249	republiek_4224	17065	Berkhout	Berkhout	Berkhout
3885	17250	republiek_4225	17066	Backer	Backer	Backer
3886	17251	republiek_4226	17067	Mulock	Mulock	Mulock
3887	17252	republiek_4227	17068	Valckenier	Valckenier	Valckenier
3888	17253	republiek_4228	17069	Swaan	Swaan	Swaan
3889	17254	republiek_4229	17070	Pain	Pain	Pain
3890	17255	republiek_4230	17071	Danser	Danser	Danser
3891	17256	republiek_4231	17072	Goeree	Goeree	Goeree
3892	17257	republiek_4232	17073	Hodenpijl	Hodenpijl	Hodenpijl
3893	17258	republiek_4233	17074	Spiering	Spiering	Spiering
3894	17259	republiek_4234	17075	Lonck	Lonck	Lonck
3895	17260	republiek_4235	17076	Hoeve	Hoeve	Hoeve
3896	17261	republiek_4236	17077	Hurgronje	Hurgronje	Hurgronje
3897	17262	republiek_4237	17078	Godijn	Godijn	Godijn
3898	17263	republiek_4238	20248	Boudaen	Boudaen	Boudaen
3899	17264	republiek_4239	17079	Muelen	Muelen	Muelen
3900	17265	republiek_4240	17080	Hoorn	Hoorn	Hoorn
3901	17266	republiek_4241	20298	Kinschot	Kinschot	Kinschot
3902	17267	republiek_4242	17081	Vassy	Vassy	Vassy
3903	17268	republiek_4243	17082	Umbgrove	Umbgrove	Umbgrove
3904	17269	republiek_4244	17083	Winkelman	Winkelman	Winkelman
3905	17270	republiek_4245	17084	Umbgrove	Umbgrove	Umbgrove
3906	17271	republiek_4246	17085	Stralen	Stralen	Stralen
3907	17272	republiek_4247	17086	Boellaard van Tuyl	Boellaard van Tuyl	Boellaard van Tuyl
3908	17273	republiek_4248	17087	Nijssen	Nijssen	Nijssen
3909	17274	republiek_4249	17088	Nagell	Nagell	Nagell
3910	17275	republiek_4250	17089	Hees	Hees	Hees
3911	17276	republiek_4251	17090	Meyners	Meyners	Meyners
3912	17277	republiek_4252	17091	Blom	Blom	Blom
3913	17278	republiek_4253	17092	Minne	Minne	Minne
3914	17279	republiek_4254	17093	Harencarspel	Harencarspel	Harencarspel
3915	17280	republiek_4255	17094	Maler	Maler	Maler
3916	17281	republiek_4256	17095	Mieusz.	Mieusz.	Mieusz.
3917	17282	republiek_4259	17096	Berkel	Berkel	Berkel
3918	17283	republiek_4260	17097	Sille	Sille	Sille
3919	17284	republiek_4261	17098	Sille	Sille	Sille
3920	17285	republiek_4263	17099	Menger	Menger	Menger
3921	17286	republiek_4264	17100	Leyden	Leyden	Leyden
3922	17287	republiek_4266	17101	Kumsius	Kumsius	Kumsius
3923	17288	republiek_4267	17102	Valckensteyn	Valckensteyn	Valckensteyn
3924	17289	republiek_4268	17103	Clant	Clant	Clant
3925	17290	republiek_4269	17104	Wichering	Wichering	Wichering
3926	17291	republiek_4270	20041	Sickinghe	Sickinghe	Sickinghe
3927	17292	republiek_4271	17105	Broyels	Broyels	Broyels
3928	17293	republiek_4272	17106	Berum	Berum	Berum
3929	17294	republiek_4273	20399	Ewsum	Ewsum	Ewsum
3930	17295	republiek_4274	17107	Isebrants	Isebrants	Isebrants
3931	17296	republiek_4275	17108	Crabbe	Crabbe	Crabbe
3932	17297	republiek_4276	20288	Broersema	Broersema	Broersema
3933	17298	republiek_4277	20094	Broersema	Broersema	Broersema
3934	17299	republiek_4278	17109	Gruys	Gruys	Gruys
3935	17300	republiek_4279	20082	Julsing	Julsing	Julsing
3936	17301	republiek_4280	20141	Ripperda	Ripperda	Ripperda
3937	17302	republiek_4281	17110	Schonenburch	Schonenburch	Schonenburch
3938	17303	republiek_4282	20098	Clant	Clant	Clant
3939	17304	republiek_4283	17111	Vertier	Vertier	Vertier
3940	17305	republiek_4285	17112	Heeck	Heeck	Heeck
3941	17306	republiek_4286	20984	Mepsche	Mepsche	Mepsche
3942	17307	republiek_4287	17113	Clinge	Clinge	Clinge
3943	17308	republiek_4288	17114	Assuede	Assuede	Assuede
3944	17309	republiek_4289	20133	Millinga	Millinga	Millinga
3945	17310	republiek_4290	20087	Sighers	Sighers	Sighers
3946	17311	republiek_4291	17115	Harckema	Harckema	Harckema
3947	17312	republiek_4292	20083	Iddekinge	Iddekingha	Iddekingha
3948	17313	republiek_4293	20112	Ham	Ham	Ham
3949	17314	republiek_4295	17116	Hiddens	Hiddens	Hiddens
3950	17315	republiek_4296	17117	Maneel	Maneel	Maneel
3951	17316	republiek_4297	20167	Celos	Celos	Celos
3952	17317	republiek_4298	17118	Thilo	Thilo	Thilo
3953	17318	republiek_4299	17119	Alberti	Alberti	Alberti
3954	17319	republiek_4300	20394	Clant	Clant	Clant
3955	17320	republiek_4301	17120	Meints	Meints	Meints
3956	17321	republiek_4302	20089	Coenders van Helpen	Coenders van Helpen	Coenders van Helpen
3957	17322	republiek_4303	17121	Wichers	Wichers	Wichers
3958	17323	republiek_4304	17122	Coenders	Coenders	Coenders
3959	17324	republiek_4305	20152	Tjarda van Starkenborgh	Tjarda van Starkenborgh	Tjarda van Starkenborgh
3960	17325	republiek_4306	17123	Gockinga	Gockinga	Gockinga
3961	17326	republiek_4307	17124	Clant	Clant	Clant
3962	17327	republiek_4308	17125	Eeck	Eeck	Eeck
3963	17328	republiek_4309	20132	Mepsche	Mepsche	Mepsche
3964	17329	republiek_4311	17126	Dijk	Dijk	Dijk
3965	17330	republiek_4312	17127	Ubbena	Ubbena	Ubbena
3966	17331	republiek_4313	20134	Millinga	Millinga	Millinga
3967	17332	republiek_4315	17128	Iddekinge	Iddekinge	Iddekinge
3968	17333	republiek_4316	20148	Tamminga	Tamminga	Tamminga
3969	17334	republiek_4317	20054	Alberda	Alberda	Alberda
3970	17335	republiek_4318	17129	Alting	Alting	Alting
3971	17336	republiek_4319	17130	Burmania	Burmania	Burmania
3972	17337	republiek_4320	20085	Auwema	Auwema	Auwema
3973	17338	republiek_4321	17131	Averesch	Averesch	Averesch
3974	17339	republiek_4322	17132	Ketel	Ketel	Ketel
3975	17340	republiek_4323	17133	Swart	Swart	Swart
3976	17341	republiek_4324	17134	Gerlacius	Gerlacius	Gerlacius
3977	17342	republiek_4325	17135	Ringels	Ringels	Ringels
3978	17343	republiek_4327	20052	Alberda	Alberda	Alberda
3979	17344	republiek_4328	17136	Emmius	Emmius	Emmius
3980	17345	republiek_4329	17137	Schaij	Schaij	Schaij
3981	17346	republiek_4330	17138	Rengers	Rengers	Rengers
3982	17347	republiek_4331	17139	Pels	Pels	Pels
3983	17348	republiek_4332	20077	Aldringa	Aldringa	Aldringa
3984	17349	republiek_4333	17140	Berchuijs	Berchuijs	Berchuijs
3985	17350	republiek_4335	17141	Horenken	Horenken	Horenken
3986	17351	republiek_4336	17142	Brontsema	Brontsema	Brontsema
3987	17352	republiek_4337	17143	Julsingha	Julsingha	Julsingha
3988	17353	republiek_4338	17144	Wolthers	Wolthers	Wolthers
3989	17354	republiek_4339	20099	Clant	Clant	Clant
3990	17355	republiek_4340	17145	Drews	Drews	Drews
3991	17356	republiek_4341	20149	Tamminga van Alberda	Tamminga van Alberda	Tamminga van Alberda
3992	17357	republiek_4342	19635	Gockinga	Gockinga	Gockinga
3993	17358	republiek_4343	17146	Marees	Marees	Marees
3994	17359	republiek_4344	17147	Clant	Clant	Clant
3995	17360	republiek_4346	20153	Tjarda van Starkenborgh	Tjarda van Starkenborgh	Tjarda van Starkenborgh
3996	17361	republiek_4348	20163	Baurmester	Baurmester	Baurmester
3997	17362	republiek_4349	20139	Rengers	Rengers	Rengers
3998	17363	republiek_4350	17148	Mepsche	Mepsche	Mepsche
3999	17364	republiek_4351	17149	Nijeveen	Nijeveen	Nijeveen
4000	17365	republiek_4353	20351	Steenhuijsen	Steenhuysen	Steenhuysen
4001	17366	republiek_4354	17150	Maneel	Maneel	Maneel
4002	17367	republiek_4355	17151	Scherius	Scherius	Scherius
4003	17368	republiek_4357	17152	Gerlacius	Gerlacius	Gerlacius
4004	17369	republiek_4359	17153	Berchuis	Berchuis	Berchuis
4005	17370	republiek_4361	20440	Tamminga	Tamminga	Tamminga
4006	17371	republiek_4363	17154	Drews	Drews	Drews
4007	17372	republiek_4364	17155	Verrucij	Verrucij	Verrucij
4008	17373	republiek_4365	17156	Sissingh	Sissingh	Sissingh
4009	17374	republiek_4366	17157	Gesseler	Gesseler	Gesseler
4010	17375	republiek_4367	17158	Mepsche	Mepsche	Mepsche
4011	17376	republiek_4369	17159	Veencamp	Veencamp	Veencamp
4012	17377	republiek_4370	17160	Valcke	Valcke	Valcke
4013	17378	republiek_4372	17161	Writser	Writser	Writser
4014	17379	republiek_4373	17162	Lohman	Lohman	Lohman
4015	17380	republiek_4374	17163	Nijehoff	Nijehoff	Nijehoff
4016	17381	republiek_4375	17164	Berchuis	Berchuis	Berchuis
4017	17382	republiek_4377	17165	Gerlacius	Gerlacius	Gerlacius
4018	17383	republiek_4378	17166	Hertoghe	Hertoghe	Hertoghe
4019	17384	republiek_4379	17167	Hora	Hora	Hora
4020	17385	republiek_4381	17168	Berghuis	Berghuis	Berghuis
4021	17386	republiek_4382	17169	Hinsbeek	Hinsbeek	Hinsbeek
4022	17387	republiek_4383	17170	Wildervanck	Wildervanck	Wildervanck
4023	17388	republiek_4385	17171	Drews	Drews	Drews
4024	17389	republiek_4386	17172	Tjassens	Tjassens	Tjassens
4025	17390	republiek_4387	17173	Pieters	Pieters	Pieters
4026	17391	republiek_4388	17174	Iddekinge	Iddekinge	Iddekinge
4027	17392	republiek_4390	17175	Piccardt	Piccardt	Piccardt
4028	17393	republiek_4391	17176	Appius	Appius	Appius
4029	17394	republiek_4392	17177	Wichers	Wichers	Wichers
4030	17395	republiek_4394	17178	Hertoghe	Hertoghe	Hertoghe
4031	17396	republiek_4395	20175	Alstorphius	Alstorphius	Alstorphius
4032	17397	republiek_4396	17179	Quintus	Quintus	Quintus
4033	17398	republiek_4397	17180	Blink	Blink	Blink
4034	17399	republiek_4401	17181	Veldtman	Veldtman	Veldtman
4035	17400	republiek_4403	17182	Aldersen	Aldersen	Aldersen
4036	17401	republiek_4404	17183	Siccama	Siccama	Siccama
4037	17402	republiek_4405	17184	Clant	Clant	Clant
4038	17403	republiek_4406	17185	Hamminck	Hamminck	Hamminck
4039	17404	republiek_4408	20549	Sijtzema	Sijtzema	Sijtzema
4040	17406	republiek_4413	17186	Iddekinge	Iddekinge	Iddekinge
4041	17407	republiek_4414	20173	Alberda	Alberda	Alberda
4042	17408	republiek_4415	20078	Aldringa	Aldringa	Aldringa
4043	17409	republiek_4416	17187	Gesseler	Gesseler	Gesseler
4044	17410	republiek_4419	17188	Alberda	Alberda	Alberda
4045	17411	republiek_4421	17189	Chesnoij	Chesnoij	Chesnoij
4046	17412	republiek_4423	17190	Trip	Trip	Trip
4047	17413	republiek_4424	19681	Lewe	Lewe	Lewe
4048	17414	republiek_4425	20176	Hoorn	Hoorn	Hoorn
4049	17415	republiek_4426	20177	Borgh	Borgh	Borgh
4050	17416	republiek_4427	17191	Lewe	Lewe	Lewe
4051	17417	republiek_4429	17192	Borch van Langentrier	Borch van Langentrier	Borch van Langentrier
4052	17418	republiek_4431	17193	Sickinghe	Sickinghe	Sickinghe
4053	17419	republiek_4434	17194	Tjarda van Starkenborgh	Tjarda van Starkenborgh	Tjarda van Starkenborgh
4054	17420	republiek_4436	17195	Alberda	Alberda	Alberda
4055	17421	republiek_4438	17196	Alberda	Alberda	Alberda
4056	17422	republiek_4442	17197	Aldringa	Aldringa	Aldringa
4057	17423	republiek_4444	17198	Clant	Clant	Clant
4058	17424	republiek_4445	17199	Idsinga	Idsinga	Idsinga
4059	17425	republiek_4448	17200	Jarges	Jarges	Jarges
4060	17426	republiek_4450	17201	Sickinghe	Sickinghe	Sickinghe
4061	17427	republiek_4452	17202	Lohman	Lohman	Lohman
4062	17428	republiek_4454	17203	Sijtzema	Sijtzema	Sijtzema
4063	17429	republiek_4456	17204	Tjassens	Tjassens	Tjassens
4064	17430	republiek_4457	17205	Alberda	Alberda	Alberda
4065	17431	republiek_4459	17206	Siccama	Siccama	Siccama
4066	17432	republiek_4460	17207	Tjaden Jullens	Tjaden Jullens	Tjaden Jullens
4067	17433	republiek_4461	17208	Westrenen	Westrenen	Westrenen
4068	17434	republiek_4462	20692	Schade	Schade	Schade
4069	17435	republiek_4463	17209	Coninck	Coninck	Coninck
4070	17436	republiek_4464	17210	Reede	Reede	Reede
4071	17437	republiek_4465	17211	Reede	Reede	Reede
4072	17438	republiek_4466	17212	Ploos	Ploos	Ploos
4073	17439	republiek_4467	17213	Baexen	Baexen	Baexen
4074	17440	republiek_4468	17214	Westrenen	Westrenen	Westrenen
4075	17441	republiek_4469	17215	Modeus	Modeus	Modeus
4076	17442	republiek_4470	17216	Baexen	Baexen	Baexen
4077	17443	republiek_4471	20693	Werckhoven	Werckhoven	Werckhoven
4078	17444	republiek_4472	20694	Goyer	Goyer	Goyer
4079	17445	republiek_4473	17217	Eede	Eede	Eede
4080	17446	republiek_4474	17218	Borre van Amerongen	Borre van Amerongen	Borre van Amerongen
4081	17447	republiek_4475	17219	Poll	Poll	Poll
4082	17448	republiek_4476	20279	Aeswijn	Aeswijn	Aeswijn
4083	17449	republiek_4477	17220	Lockhorst	Lockhorst	Lockhorst
4084	17450	republiek_4478	17221	Lockhorst	Lockhorst	Lockhorst
4085	17451	republiek_4479	17222	Deuverden	Deuverden	Deuverden
4086	17452	republiek_4480	20695	Morelisse	Moreelse	Moreelse
4087	17454	republiek_4482	20400	Geer	Geer	Geer
4088	17455	republiek_4483	17223	Halewijn	Halewijn	Halewijn
4089	17456	republiek_4484	20650	Gerobulus	Gerobulus	Gerobulus
4090	17457	republiek_4485	17224	Hardenbroek	Hardenbroek	Hardenbroek
4091	17458	republiek_4486	17225	Zas	Zas	Zas
4092	17459	republiek_4487	20273	Straaten	Straten	Straten
4093	17460	republiek_4488	17226	Smissaert	Smissaert	Smissaert
4094	17461	republiek_4489	17227	Gelder	Gelder	Gelder
4095	17462	republiek_4490	17228	Rosa	Rosa	Rosa
4096	17463	republiek_4491	17229	Weede	Weede	Weede
4097	17464	republiek_4493	17230	Rossem	Rossem	Rossem
4098	17465	republiek_4494	17231	Lijnden	Lijnden	Lijnden
4099	17466	republiek_4495	17232	Hoeufft	Hoeufft	Hoeufft
4100	17467	republiek_4496	17233	Nassau Odijk	Nassau Odijk	Nassau Odijk
4101	17468	republiek_4497	17234	Rossem	Rossem	Rossem
4102	17469	republiek_4498	17235	Taets van Amerongen	Taets van Amerongen	Taets van Amerongen
4103	17470	republiek_4499	17236	Hartevelt tot Hartevelt	Hartevelt tot Hartevelt	Hartevelt tot Hartevelt
4104	17471	republiek_4500	20357	Weede	Weede	Weede
4105	17472	republiek_4501	20696	Casembroot	Casembroot	Casembroot
4106	17473	republiek_4502	20349	Nassau Odijk	Nassau-de Lek-Odijk	Nassau-de Lek-Odijk
4107	17474	republiek_4503	17237	Ubingh	Ubingh	Ubingh
4108	17475	republiek_4504	17238	Hatting	Hatting	Hatting
4109	17476	republiek_4505	17239	Borre van Amerongen	Borre van Amerongen	Borre van Amerongen
4110	17478	republiek_4507	17240	Leeuw	Leeuw	Leeuw
4111	17479	republiek_4508	20377	Borre van Amerongen	Borre van Amerongen	Borre van Amerongen
4112	17480	republiek_4509	17241	Utenhoven	Utenhoven	Utenhoven
4113	17482	republiek_4511	17242	Lankeren	Lankeren	Lankeren
4114	17483	republiek_4512	17243	Renesse	Renesse	Renesse
4115	17484	republiek_4513	17244	Roelands	Roelands	Roelands
4116	17485	republiek_4514	17245	Leusden	Leusden	Leusden
4117	17486	republiek_4515	20699	Spoor	Spoor	Spoor
4118	17487	republiek_4516	17246	Ruever	Ruever	Ruever
4119	17488	republiek_4517	17247	Milan Visconti	Milan Visconti	Milan Visconti
4120	17489	republiek_4518	19723	Gruijter	Gruyter	Gruyter
4121	17490	republiek_4519	17248	Nellestein	Nellestein	Nellestein
4122	17491	republiek_4521	19992	Renesse tot Lockhorst	Renesse tot Lockhorst	Renesse tot Lockhorst
4123	17493	republiek_4523	17249	Hardenbroek	Hardenbroek	Hardenbroek
4124	17496	republiek_4526	17250	Berck	Berck	Berck
4125	17497	republiek_4527	17251	Weede	Weede	Weede
4126	17498	republiek_4528	17252	Taets van Amerongen	Taets van Amerongen	Taets van Amerongen
4127	17499	republiek_4529	17253	Nassau la Leqc	Nassau la Leqc	Nassau la Leqc
4128	17500	republiek_4530	17254	Ablaing van Giessenburg	Ablaing van Giessenburg	Ablaing van Giessenburg
4129	17501	republiek_4531	17255	Boetzelaar	Boetzelaar	Boetzelaar
4130	17502	republiek_4532	20379	Borssele van der Hooge	Borssele van der Hooge	Borssele van der Hooge
4131	17503	republiek_4533	17256	Utenhooven	Utenhooven	Utenhooven
4132	17504	republiek_4535	17257	Heiden	Heiden	Heiden
4133	17506	republiek_4537	17258	Reede	Reede	Reede
4134	17507	republiek_4538	17259	Tuyll van Serooskerken	Tuyll van Serooskerken	Tuyll van Serooskerken
4135	17508	republiek_4539	17260	Pesters	Pesters	Pesters
4136	17509	republiek_4540	17261	Dam	Dam	Dam
4137	17510	republiek_4541	17262	Taets van Amerongen	Taets van Amerongen	Taets van Amerongen
4138	17511	republiek_4542	20707	Wieling	Wieling	Wieling
4139	17512	republiek_4543	17263	Godin	Godin	Godin
4140	17513	republiek_4544	17264	Rechteren	Rechteren	Rechteren
4141	17514	republiek_4545	17265	Reede van Agrim	Reede van Agrim	Reede van Agrim
4142	17515	republiek_4546	17266	Taets van Amerongen	Taets van Amerongen	Taets van Amerongen
4143	17517	republiek_4548	17267	Ridder	Ridder	Ridder
4144	17518	republiek_4549	19801	Varick	Varick	Varick
4145	17519	republiek_4550	17268	Voocht	Voocht	Voocht
4146	17520	republiek_4551	17269	Beyer	Beyer	Beyer
4147	17521	republiek_4552	17270	Feyt	Feyt	Feyt
4148	17522	republiek_4554	17271	Capellen	Capellen	Capellen
4149	17523	republiek_4556	17272	Aernhem	Aernhem	Aernhem
4150	17524	republiek_4557	17273	Schiffort	Schiffort	Schiffort
4151	17525	republiek_4559	19890	Winsem	Winsem	Winsem
4152	17526	republiek_4560	17274	Everwijn	Everwijn	Everwijn
4153	17527	republiek_4561	19757	Heeckeren	Heeckeren	Heeckeren
4154	17528	republiek_4562	20050	Cockingen	Cockingen	Cockingen
4155	17531	republiek_4567	17275	Witten	Witten	Witten
4156	17532	republiek_4568	17276	Vijgh	Vijgh	Vijgh
4157	17533	republiek_4570	17277	Pallandt	Pallandt	Pallandt
4158	17534	republiek_4571	17278	Voocht	Voocht	Voocht
4159	17535	republiek_4572	17279	Feith	Feith	Feith
4160	17536	republiek_4573	20345	Jongbloet	Jongbloet	Jongbloet
4161	17538	republiek_4575	17280	Ommeren	Ommeren	Ommeren
4162	17539	republiek_4577	17281	Swaefke	Swaefke	Swaefke
4163	17540	republiek_4578	17282	Witten van Essen	Witten van Essen	Witten van Essen
4164	17541	republiek_4583	20483	Blancken	Blancken	Blancken
4165	17542	republiek_4584	20193	Galen	Galen tot Bonenburg	Galen tot Bonenburg
4166	17543	republiek_4585	20617	Lidt de Jeude	Lidt de Jeude	Lidt de Jeude
4167	17544	republiek_4586	20274	Plettenburgh tot Marhulsen	Plettenburgh tot Marhulsen	Plettenburgh tot Marhulsen
4168	17546	republiek_4589	19763	Goltsteijn	Goltstein	Goltstein
4169	17547	republiek_4593	17283	Beeckman	Beeckman	Beeckman
4170	17548	republiek_4594	17284	Beijnhem totten Appelenburgh	Beynhem tot den Appelenburgh	Beynhem tot den Appelenburgh
4171	17549	republiek_4595	19862	Baijen	Baijen	Baijen
4172	17550	republiek_4596	17285	Goris	Goris	Goris
4173	17551	republiek_4597	17286	Plante	Plante	Plante
4174	17552	republiek_4600	17287	Schalen	Schalen	Schalen
4175	17554	republiek_4602	19731	Sloet	Sloet	Sloet
4176	17556	republiek_4604	17288	Suermondt	Suermondt	Suermondt
4177	17558	republiek_4606	17289	Dam	Dam	Dam
4178	17559	republiek_4607	20391	Essen tot Vanenburg	Essen tot Vanenburg	Essen tot Vanenburg
4179	17563	republiek_4611	17290	Holthe	Holthe	Holthe
4180	17564	republiek_4612	20476	Brakell tot den Brakell	Brakell tot den Brakell	Brakell tot den Brakell
4181	17565	republiek_4613	17291	Wolfsen	Wolfsen	Wolfsen
4182	17566	republiek_4614	17292	Verkerk	Verkerk	Verkerk
4183	17567	republiek_4615	17293	Wijhe tot Ysendoorn	Wijhe tot Ysendoorn	Wijhe tot Ysendoorn
4184	17569	republiek_4617	17294	Smits	Smits	Smits
4185	17570	republiek_4619	17295	Heeckeren tot de Brantsenburg	Heeckeren tot den Brantsenburg en Barlham	Heeckeren tot den Brantsenburg en Barlham
4186	17572	republiek_4621	17296	Smits	Smits	Smits
4187	17577	republiek_4626	19722	Olmius	Olmius	Olmius
4188	17578	republiek_4627	19831	Olmius	Olmius	Olmius
4189	17581	republiek_4630	19843	Löbensels	Löben Sels	Löben Sels
4190	17582	republiek_7249	17298	Duijmen	Duijmen	Duijmen
4191	17583	republiek_4631	17299	Pieck	Pieck	Pieck
4192	17584	republiek_4632	17300	Lynden tot de Parck	Lynden tot de Parck	Lynden tot de Parck
4193	17585	republiek_4633	17301	Brouwer	Brouwer	Brouwer
4194	17586	republiek_4634	17302	Cox	Cox	Cox
4195	17587	republiek_4635	17303	Pielat	Pielat	Pielat
4196	17588	republiek_4636	17304	Minningen	Minningen	Minningen
4197	17589	republiek_4637	19683	Goltstein tot Grunsfort, Appel en Oldenhave	Goltstein tot Grunsfort, Appel en Oldenhave	Goltstein tot Grunsfort, Appel en Oldenhave
4198	17592	republiek_4640	17306	Dijckmeester	Dijckmeester	Dijckmeester
4199	17595	republiek_4644	17307	Appeldoorn	Appeldoorn	Appeldoorn
4200	17596	republiek_4645	17308	Lynden tot Hemmen	Lynden tot Hemmen	Lynden tot Hemmen
4201	17597	republiek_4646	17309	Vlaardingerwoud	Vlaardingerwoud	Vlaardingerwoud
4202	17598	republiek_4647	17310	Gosselet	Gosselet	Gosselet
4203	17600	republiek_4649	17311	Weijer Haesbaert	Weijer Haesbaert	Weijer Haesbaert
4204	17601	republiek_4650	20526	Renesse	Renesse tot Zuyleveld	Renesse tot Zuyleveld
4205	17603	republiek_4654	17312	Bloemhert	Bloemhert	Bloemhert
4206	17604	republiek_4655	17313	Verzijl	Verzijl	Verzijl
4207	17605	republiek_4656	17314	Vles	Vles	Vles
4208	17606	republiek_4657	19730	Olmius	Olmius	Olmius
4209	17607	republiek_4658	17315	Mesteeker	Mesteeker	Mesteeker
4210	17608	republiek_4659	17316	Hammelink	Hammelink	Hammelink
4211	17609	republiek_4660	19872	Opgelder	Opgelder	Opgelder
4212	17610	republiek_4662	17317	Hasselt	Hasselt	Hasselt
4213	17611	republiek_4665	17318	Boonen	Boonen	Boonen
4214	17612	republiek_4666	17319	Heeckeren tot Beurse	Heeckeren tot Beurse	Heeckeren tot Beurse
4215	17614	republiek_4668	17320	Pallandt	Pallandt	Pallandt
4216	17615	republiek_4669	17321	Hoop	Hoop	Hoop
4217	17617	republiek_4671	20530	Haersolte	Haersolte tot Elsen, Bredenhorst, Staverden en Zwaluwenborg	Haersolte tot Elsen, Bredenhorst, Staverden en Zwaluwenborg
4218	17618	republiek_4672	20514	Lynden	Lynden	Lynden
4219	17619	republiek_4673	17323	Lynden	Lynden	Lynden
4220	17620	republiek_4674	20532	Essen tot Helbergen, Schaffelaer en Abbenbroek	Essen tot Helbergen, Schaffelaer en Abbenbroek	Essen tot Helbergen, Schaffelaer en Abbenbroek
4221	17621	republiek_4675	17324	Schimmelpenninck van der Oije	Schimmelpenninck van der Oije	Schimmelpenninck van der Oije
4222	17622	republiek_4676	17325	Grootenraaij	Grootenraaij	Grootenraaij
4223	17623	republiek_4677	17326	Balveren	Balveren	Balveren
4224	17624	republiek_4678	17327	Singendonck van Diedem	Singendonck van Diedem	Singendonck van Diedem
4225	17626	republiek_4681	17328	Heeckeren tot Kell	Heeckeren tot Kell	Heeckeren tot Kell
4226	17628	republiek_4683	17329	Bergh	Bergh	Bergh
4227	17629	republiek_4684	17330	Singendonck	Singendonck	Singendonck
4228	17630	republiek_4685	17331	Capellen	Capellen	Capellen
4229	17631	republiek_4687	17332	Rouwenoort	Rouwenoort	Rouwenoort
4230	17632	republiek_4688	17333	Heeckeren	Heeckeren	Heeckeren
4231	17633	republiek_4689	17334	Gavanon	Gavanon	Gavanon
4232	17635	republiek_4691	17335	Meester	Meester	Meester
4233	17636	republiek_4692	17336	Wijgink	Wijgink	Wijgink
4234	17637	republiek_4693	17337	Oldenbarneveld	Oldenbarneveld	Oldenbarneveld
4235	17638	republiek_4694	17338	Dedem van Vosbergen	Dedem van Vosbergen	Dedem van Vosbergen
4236	17641	republiek_4697	17340	Bijland	Bijland	Bijland
4237	17642	republiek_4698	20619	Spaan van Voorstonde	Spaen tot Voorstonde	Spaen tot Voorstonde
4238	17643	republiek_4699	17341	Mesteecker	Mesteecker	Mesteecker
4239	17644	republiek_4700	17342	Gaijmans	Gaijmans	Gaijmans
4240	17645	republiek_4701	17343	Trip	Trip	Trip
4241	17646	republiek_4702	17344	Balleur	Balleur	Balleur
4242	17647	republiek_4703	17345	Virieu	Virieu	Virieu
4243	17648	republiek_4704	17346	Schrassert	Schrassert	Schrassert
4244	17649	republiek_4705	17347	Virieu	Virieu	Virieu
4245	17650	republiek_4706	17348	Knipschaar	Knipschaar	Knipschaar
4246	17651	republiek_4708	17349	Schouten	Schouten	Schouten
4247	17652	republiek_4709	20947	Buys	Buys	Buys
4248	17653	republiek_4710	17350	Renesse van Baer	Renesse van Baer	Renesse van Baer
4249	17654	republiek_4711	17351	Sijpesteijn	Sijpesteijn	Sijpesteijn
4250	17655	republiek_4753	17352	Ruijsch	Ruijsch	Ruijsch
4251	17658	republiek_4756	17354	Hardenbroek	Hardenbroek	Hardenbroek
4252	17659	republiek_4757	17355	Meervelt	Meervelt	Meervelt
4253	17661	republiek_4759	17357	Eck, van Panthaleon	Eck, van Panthaleon	Eck, van Panthaleon
4254	17662	republiek_4761	17358	Wijck	Wijck	Wijck
4255	17663	republiek_4762	17359	Wijck	Wijck	Wijck
4256	17664	republiek_4763	20712	Blanckendaal	Blanckendael	Blanckendael
4257	17665	republiek_4764	17360	Borre van Amerongen	Borre van Amerongen	Borre van Amerongen
4258	17666	republiek_4765	20378	Borre van Amerongen	Borre van Amerongen	Borre van Amerongen
4259	17668	republiek_4767	20713	Zas van den Bossche	Zas van den Bossche	Zas van den Bossche
4260	17669	republiek_4768	17361	Lidt de Jeude	Lidt de Jeude	Lidt de Jeude
4261	17670	republiek_4769	20303	Quint	Quint	Quint
4262	17671	republiek_4770	20978	Renesse	Renesse	Renesse
4263	17672	republiek_4771	17362	Leusden	Leusden	Leusden
4264	17673	republiek_4772	17363	Tuyll van Serooskerken	Tuyll van Serooskerken	Tuyll van Serooskerken
4265	17674	republiek_4773	17364	Leeuw	Leeuw	Leeuw
4266	17675	republiek_4774	17365	Rozemale	Rozemale	Rozemale
4267	17676	republiek_4775	20000	Tuyll van Serooskerken	Tuyll van Serooskerken	Tuyll van Serooskerken
4268	17677	republiek_4776	17366	Capellen	Capellen	Capellen
4269	17679	republiek_4778	20714	Burman	Burman	Burman
4270	17680	republiek_4782	17367	Renesse	Renesse	Renesse
4271	17681	republiek_4783	17368	Senn van Bazel	Senn van Bazel	Senn van Bazel
4272	17682	republiek_4784	17369	Pesters	Pesters	Pesters
4273	17683	republiek_4785	17370	Hoop	Hoop	Hoop
4274	17684	republiek_4786	17371	Cazius	Cazius	Cazius
4275	17685	republiek_4787	17372	Lynden	Lynden	Lynden
4276	17686	republiek_4788	17373	Brienen	Brienen	Brienen
4277	17687	republiek_4789	17374	Beijer	Beijer	Beijer
4278	17688	republiek_4790	17375	Bemmel	Bemmel	Bemmel
4279	17689	republiek_4792	19778	Heeckeren	Heeckeren	Heeckeren
4280	17690	republiek_4793	17376	Heuckelom	Heuckelom	Heuckelom
4281	17691	republiek_4795	17377	Schuyrman	Schuyrman	Schuyrman
4282	17692	republiek_4796	17378	Brouckhuijsen	Brouckhuijsen	Brouckhuijsen
4283	17694	republiek_4798	17379	Stralen	Stralen	Stralen
4284	17695	republiek_4802	17380	Ruyter tot Vieracker	Ruyter tot Vieracker	Ruyter tot Vieracker
4285	17696	republiek_4803	20390	Bronckhorst	Bronckhorst tot de Pol	Bronckhorst tot de Pol
4286	17697	republiek_4804	17381	Torck	Torck	Torck
4287	17698	republiek_4805	17382	Brakell	Brakell	Brakell
4288	17700	republiek_4807	17383	Schimmelpenninck van der Oye	Schimmelpenninck van der Oye	Schimmelpenninck van der Oye
4289	17701	republiek_4808	17384	Laer	Laer	Laer
4290	17702	republiek_4809	17385	Menthen	Menthen	Menthen
4291	17703	republiek_4811	17386	Ruuck	Ruuck	Ruuck
4292	17704	republiek_4812	17387	Bijsterveld	Bijsterveld	Bijsterveld
4293	17705	republiek_4813	17388	Heeckeren	Heeckeren	Heeckeren
4294	17706	republiek_4814	17389	Essen tot Helbergen en Schaffelaer	Essen tot Helbergen	Essen tot Helbergen
4295	17707	republiek_4815	17390	Rouwenoort	Rouwenoort	Rouwenoort
4296	17709	republiek_4817	17391	Zuylen van Nievelt	Zuylen van Nievelt	Zuylen van Nievelt
4297	17710	republiek_4818	17392	Greve	Greve	Greve
4298	17712	republiek_4822	20462	"Cock
Cock"	"Cock
Cock"	"Cock
Cock"
4299	17713	republiek_4823	20463	Pagniet	Pagniet	Pagniet
4300	17714	republiek_4826	17393	Bruijn	Bruijn	Bruijn
4301	17715	republiek_4827	17394	Pallandt	Pallandt	Pallandt
4302	17716	republiek_4828	20413	Heeckeren	Heeckeren	Heeckeren
4303	17717	republiek_4829	17395	Gaymans	Gaymans	Gaymans
4304	17718	republiek_4831	17396	Haersolte tot Yrst	Haersolte tot Yrst	Haersolte tot Yrst
4305	17719	republiek_4832	17397	Lynden	Lynden	Lynden
4306	17720	republiek_4833	17398	Vermeulen	Vermeulen	Vermeulen
4307	17721	republiek_4834	17399	Ruuck	Ruuck	Ruuck
4308	17722	republiek_4835	17400	Roock	Roock	Roock
4309	17723	republiek_4836	17401	Verstege	Verstege	Verstege
4310	17724	republiek_4837	17402	Hasselt	Hasselt	Hasselt
4311	17725	republiek_4838	17403	Wolff	Wolff	Wolff
4312	17726	republiek_4839	17404	Bentinck	Bentinck	Bentinck
4313	17727	republiek_4840	17405	Otters	Otters	Otters
4314	17728	republiek_4841	17406	Ruyven	Ruyven	Ruyven
4315	17729	republiek_4843	17407	Randwijk	Randwijk	Randwijk
4316	17730	republiek_4844	17408	Vos	Vos	Vos
4317	17731	republiek_4845	17409	Omelingh	Omelingh	Omelingh
4318	17732	republiek_4846	17410	Nannis	Nannis	Nannis
4319	17733	republiek_4847	17411	Sweers	Sweers	Sweers
4320	17734	republiek_4848	17412	Welderen	Welderen	Welderen
4321	17735	republiek_4849	17413	Ermelen	Ermelen	Ermelen
4322	17736	republiek_4850	17414	Glimmer	Glimmer	Glimmer
4323	17737	republiek_4851	17415	Bemmel	Bemmel	Bemmel
4324	17738	republiek_4853	17416	Lintelo tot de Ehze en Burchgraef	Lintelo tot de Ehze	Lintelo tot de Ehze
4325	17739	republiek_4854	19916	Lintelo tot de Ehze	Lintelo tot de Ehze	Lintelo tot de Ehze
4326	17740	republiek_4855	17417	Heyendael	Heyendael	Heyendael
4327	17742	republiek_4857	17418	Valcke	Valcke	Valcke
4328	17743	republiek_4858	17419	Wolffsen	Wolffsen	Wolffsen
4329	17744	republiek_4859	17420	Wijngaerden	Wijngaerden	Wijngaerden
4330	17745	republiek_4860	17421	Wijngaerden	Wijngaerden	Wijngaerden
4331	17746	republiek_4862	17422	Verbolt	Verbolt	Verbolt
4332	17747	republiek_4863	17423	Holl	Holl	Holl
4333	17749	republiek_4865	17424	Wentholt	Wentholt	Wentholt
4334	17750	republiek_4866	17425	Greve	Greve	Greve
4335	17751	republiek_4868	17426	Tulleken	Tulleken	Tulleken
4336	17754	republiek_4871	17427	Wolfsen	Wolfsen	Wolfsen
4337	17755	republiek_4872	17428	Essen tot Schaffelaer	Essen tot Schaffelaer	Essen tot Schaffelaer
4338	17756	republiek_4873	17429	Gendt	Gendt	Gendt
4339	17757	republiek_4874	17430	Balveren tot Driel	Balveren tot Driel	Balveren tot Driel
4340	17759	republiek_4876	17431	Erkelens	Erkelens	Erkelens
4341	17760	republiek_4877	17432	Graef	Graef	Graef
4342	17761	republiek_4878	17433	Balveren	Balveren	Balveren
4343	17762	republiek_4879	17434	Laet	Laet	Laet
4344	17763	republiek_4880	17435	Vermeulen	Vermeulen	Vermeulen
4345	17764	republiek_4881	17436	Kompff	Kompff	Kompff
4346	17765	republiek_4882	17437	Wolff	Wolff	Wolff
4347	17766	republiek_4883	19837	Essen	Essen	Essen
4348	17767	republiek_4884	19679	Schimmelpenninck van der Oye	Schimmelpenninck van der Oye	Schimmelpenninck van der Oye
4349	17768	republiek_4885	17438	Hart	Hart	Hart
4350	17769	republiek_4886	17439	Tulleken	Tulleken	Tulleken
4351	17771	republiek_4888	17440	Beyer	Beyer	Beyer
4352	17772	republiek_4889	17441	Wilbrennink	Wilbrennink	Wilbrennink
4353	17774	republiek_4891	17442	Ruijven	Ruijven	Ruijven
4354	17775	republiek_4892	17443	Hogendorp	Hogendorp	Hogendorp
4355	17776	republiek_4893	17444	Hart	Hart	Hart
4356	17777	republiek_4894	17445	Eck	Eck	Eck
4357	17778	republiek_4895	20533	Haersolte	Haersolte tot Staveren	Haersolte tot Staveren
4358	17779	republiek_4896	17446	Brakell	Brakell	Brakell
4359	17781	republiek_4898	17447	Mesteker	Mesteker	Mesteker
4360	17782	republiek_4899	17448	Dorth van Holthuijzen	Dorth van Holthuijzen	Dorth van Holthuijzen
4361	17783	republiek_4900	17449	Sloet	Sloet	Sloet
4362	17784	republiek_4901	20682	Someren	Someren	Someren
4363	17785	republiek_4902	17450	Grootvelt	Grootvelt	Grootvelt
4364	17787	republiek_4904	17451	Wijck	Wijck	Wijck
4365	17788	republiek_4905	17452	Asch van Wijck	Asch van Wijck	Asch van Wijck
4366	17789	republiek_4906	17453	Vonck van Lienden	Vonck van Lienden	Vonck van Lienden
4367	17790	republiek_4907	20204	Hoogcamer	Hoogcamer	Hoogcamer
4368	17791	republiek_4908	20670	Pauw	Pauw	Pauw
4369	17793	republiek_4910	20511	Appeldoorn	Appeldoorn tot Wolthuys	Appeldoorn tot Wolthuys
4370	17794	republiek_4911	17454	Hardenbroek	Hardenbroek	Hardenbroek
4371	17795	republiek_4913	17455	Clerck	Clerck	Clerck
4372	17796	republiek_4914	17456	Cloeck	Cloeck	Cloeck
4373	17797	republiek_4915	20647	Dussen	Dussen	Dussen
4374	17798	republiek_4916	17457	Eck van Panthaleon	Eck van Panthaleon	Eck van Panthaleon
4375	17799	republiek_4918	17458	Dinter	Dinter	Dinter
4376	17800	republiek_4919	17459	Ghijssen	Ghijssen	Ghijssen
4377	17801	republiek_4920	17460	Schade	Schade	Schade
4378	17802	republiek_4921	17461	Borre van Amerongen	Borre van Amerongen	Borre van Amerongen
4379	17803	republiek_4922	17462	Gales	Gales	Gales
4380	17804	republiek_4923	17463	Hoeufft	Hoeufft	Hoeufft
4381	17805	republiek_4924	17464	Nierop	Nierop	Nierop
4382	17806	republiek_4925	17465	Utenhove	Utenhove	Utenhove
4383	17808	republiek_4927	17466	Ormea	Ormea	Ormea
4384	17809	republiek_4928	17467	Lansman	Lansman	Lansman
4385	17810	republiek_4929	17468	Taets van Amerongen	Taets van Amerongen	Taets van Amerongen
4386	17811	republiek_4930	17469	Capellen	Capellen	Capellen
4387	17812	republiek_4931	17470	Reede	Reede	Reede
4388	17813	republiek_4932	17471	Gobius	Gobius	Gobius
4389	17814	republiek_4933	17472	Jonckheere	Jonckheere	Jonckheere
4390	17815	republiek_4934	17473	Eekhout	Eekhout	Eekhout
4391	17816	republiek_4937	20716	Verschoor	Verschoor	Verschoor
4392	17817	republiek_4938	17474	Casembroot	Casembroot	Casembroot
4393	17818	republiek_4939	20804	Berck	Berck	Berck
4394	17819	republiek_4940	20294	Hardenbroek	Hardenbroek	Hardenbroek
4395	17820	republiek_4941	20812	Buth	Buth	Buth
4396	17821	republiek_4942	20642	Borre van Amerongen	Borre van Amerongen	Borre van Amerongen
4397	17822	republiek_4943	17475	Berck	Berck	Berck
4398	17823	republiek_4944	17476	Hardenbroek	Hardenbroek	Hardenbroek
4399	17825	republiek_4946	17477	Hartevelt	Hartevelt	Hartevelt
4400	17826	republiek_4947	17478	Oostrum	Oostrum	Oostrum
4401	17827	republiek_4948	17479	Reede	Reede	Reede
4402	17829	republiek_4950	17480	Borre van Amerongen	Borre van Amerongen	Borre van Amerongen
4403	17830	republiek_4951	17481	Rodenburch	Rodenburch	Rodenburch
4404	17831	republiek_4952	17482	Renesse van Moermont	Renesse van Moermont	Renesse van Moermont
4405	17832	republiek_4953	20684	Strick	Strick	Strick
4406	17833	republiek_4954	17483	Reede	Reede	Reede
4407	17834	republiek_4956	17484	Reede	Reede	Reede
4408	17835	republiek_4958	17485	Pesters	Pesters	Pesters
4409	17836	republiek_4959	20901	Leoninus	Leoninus	Leoninus
4410	17837	republiek_4960	17486	Brienen	Brienen	Brienen
4411	17838	republiek_4961	17487	Dorth	Dorth	Dorth
4412	17839	republiek_4962	19771	Caldenbach	Kaldenbach	Kaldenbach
4413	17840	republiek_4963	17488	Goch	Goch	Goch
4414	17841	republiek_4964	20368	Huygen	Huygen	Huygen
4415	17842	republiek_4966	20387	Keppel	Keppel tot Molecaten	Keppel tot Molecaten
4416	17844	republiek_4968	20454	Vijgh	Vijgh	Vijgh
4417	17845	republiek_4969	17489	Bye	Bye	Bye
4418	17846	republiek_4970	20517	Wijnbergen	Wijnbergen tot het Zandt	Wijnbergen tot het Zandt
4419	17847	republiek_4971	20425	Lintelo	Lintelo van de Marsch	Lintelo van de Marsch
4420	17848	republiek_4972	20402	Haersolte	Haersolte tot Yrst	Haersolte tot Yrst
4421	17850	republiek_4976	17490	Ghoris	Ghoris	Ghoris
4422	17851	republiek_4977	19893	Lochteren	Lochteren	Lochteren
4423	17852	republiek_4978	20435	Pieck	Pieck	Pieck
4424	17854	republiek_4983	19832	Rouwenoort	Rouwenoort	Rouwenoort
4425	17855	republiek_4984	20522	Dedem	Dedem tot Vosbergen en Werfhorst	Dedem tot Vosbergen en Werfhorst
4426	17856	republiek_4986	19811	Capellen	Capellen tot den Boedelhoff	Capellen tot den Boedelhoff
4427	17857	republiek_4988	17491	Spengler	Spengler	Spengler
4428	17858	republiek_4989	16932	Essenius	Essenius	Essenius
4429	17859	republiek_4990	17492	Welderen	Welderen	Welderen
4430	17860	republiek_4991	17493	Torck	Torck	Torck
4431	17862	republiek_4993	17494	Welderen	Welderen	Welderen
4432	17863	republiek_4994	17495	Benthem	Benthem	Benthem
4433	17864	republiek_4995	17496	Brouwer	Brouwer	Brouwer
4434	17865	republiek_4996	20529	Spaen	Spaen tot Biljoen	Spaen tot Biljoen
4435	17866	republiek_4997	17497	Torck	Torck	Torck
4436	17867	republiek_4998	20531	Lynden	Lynden tot Onsteyn en Lantfort	Lynden tot Onsteyn en Lantfort
4437	17868	republiek_4999	20439	Spaen	Spaen tot Ringenberg	Spaen tot Ringenberg
4438	17869	republiek_5000	17498	Lidt de Jeude	Lidt de Jeude	Lidt de Jeude
4439	17870	republiek_5001	17499	Steen	Steen	Steen
4440	17871	republiek_5002	17500	Heeckeren	Heeckeren	Heeckeren
4441	17872	republiek_5003	20982	Gendt	Gendt	Gendt
4442	17873	republiek_5004	17501	Biel	Biel	Biel
4443	17874	republiek_5005	17502	Bentinck tot Aller	Bentinck tot Aller	Bentinck tot Aller
4444	17875	republiek_5008	17503	Rengers	Rengers	Rengers
4445	17876	republiek_5009	17504	Batting	Batting	Batting
4446	17877	republiek_5010	17505	Rengers van Hellum	Rengers van Hellum	Rengers van Hellum
4447	17878	republiek_5011	17506	Coenders van Helpen	Coenders van Helpen	Coenders van Helpen
4448	17879	republiek_5012	17507	Clant	Clant	Clant
4449	17880	republiek_5013	17508	Gruys	Gruys	Gruys
4450	17881	republiek_5014	17509	Tiaerda	Tiaerda	Tiaerda
4451	17882	republiek_5015	17510	Castricum	Castricum	Castricum
4452	17883	republiek_5016	20064	Wicheringhe	Wicheringhe	Wicheringhe
4453	17884	republiek_5017	17511	Lewe tot Asinga	Lewe tot Asinga	Lewe tot Asinga
4454	17885	republiek_5018	20063	Clant	Clant	Clant
4455	17886	republiek_5019	20065	Gruys	Gruys	Gruys
4456	17887	republiek_5020	20088	Jensema	Jensema	Jensema
4457	17888	republiek_5021	20314	Wijfringhe	Wifringhe	Wifringhe
4458	17889	republiek_5023	20074	Aldringa	Aldringa	Aldringa
4459	17890	republiek_5024	17512	Sighers	Sighers	Sighers
4460	17891	republiek_5026	17513	Fermpsum	Fermpsum	Fermpsum
4461	17892	republiek_5027	20310	Sickinghe	Sickinghe	Sickinghe
4462	17893	republiek_5028	17514	Louwens	Louwens	Louwens
4463	17894	republiek_5029	17515	Meyer	Meyer	Meyer
4464	17895	republiek_5030	17516	Eeck	Eeck	Eeck
4465	17896	republiek_5031	17517	Hulten	Hulten	Hulten
4466	17897	republiek_5032	20104	Ewsum	Ewsum	Ewsum
4467	17898	republiek_5033	17518	Ackema	Ackema	Ackema
4468	17899	republiek_5034	17519	Haijckens	Haijckens	Haijckens
4469	17900	republiek_5035	17520	Ripperda	Ripperda	Ripperda
4470	17901	republiek_5036	17521	Emmius	Emmius	Emmius
4471	17902	republiek_5038	17522	Ewsum	Ewsum	Ewsum
4472	17903	republiek_5039	20116	Horenken	Horenken	Horenken
4473	17904	republiek_5040	17523	Swartte	Swartte	Swartte
4474	17905	republiek_5041	20121	Jarges	Jarges	Jarges
4475	17906	republiek_5042	17524	Alberda	Alberda	Alberda
4476	17907	republiek_5043	17525	Alting	Alting	Alting
4477	17908	republiek_5044	17526	Scherff	Scherff	Scherff
4478	17909	republiek_5045	17527	Ripperda	Ripperda	Ripperda
4479	17910	republiek_5046	17528	In- en Kniphuisen	In- en Kniphuisen	In- en Kniphuisen
4480	17911	republiek_5047	20060	Sickinghe	Sickinghe	Sickinghe
4481	17912	republiek_5048	17529	Gockinga	Gockinga	Gockinga
4482	17913	republiek_5049	17530	Gockinga	Gockinga	Gockinga
4483	17914	republiek_5050	20086	Berum	Berum	Berum
4484	17915	republiek_5051	17531	Verruci	Verruci	Verruci
4485	17916	republiek_5052	17532	Sigers	Sigers	Sigers
4486	17917	republiek_5053	17533	Drews	Drews	Drews
4487	17918	republiek_5054	17534	Bothenius	Bothenius	Bothenius
4488	17919	republiek_5055	17535	Sijsen	Sijsen	Sijsen
4489	17920	republiek_5056	20126	Lewe	Lewe	Lewe
4490	17921	republiek_5058	17536	Wichers	Wichers	Wichers
4491	17922	republiek_5059	20162	In- en Kniphuisen	In- en Kniphuisen	In- en Kniphuisen
4492	17923	republiek_5060	17537	Werumeus	Werumeus	Werumeus
4493	17924	republiek_5061	20062	Heeck	Heeck	Heeck
4494	17925	republiek_5062	20355	Borck	Borck	Borck
4495	17926	republiek_5063	17538	In- en Kniphuisen	In- en Kniphuisen	In- en Kniphuisen
4496	17927	republiek_5064	17539	Polman	Polman	Polman
4497	17928	republiek_5065	20061	Tamminga	Tamminga	Tamminga
4498	17929	republiek_5066	20164	Ludolphi	Ludolphi	Ludolphi
4499	17930	republiek_5067	17540	Lewe	Lewe	Lewe
4500	17931	republiek_5068	17541	Smith	Smith	Smith
4501	17932	republiek_5069	20561	Alberda	Alberda	Alberda
4502	17933	republiek_5070	20127	Lewe	Lewe	Lewe
4503	17934	republiek_5071	17542	Appius	Appius	Appius
4504	17935	republiek_5073	17543	Hoisingh	Hoisingh	Hoisingh
4505	17936	republiek_5074	17544	Piccardt	Piccardt	Piccardt
4506	17937	republiek_5075	17545	Trip	Trip	Trip
4507	17938	republiek_5076	17546	Trip	Trip	Trip
4508	17939	republiek_5077	17547	Bothenius	Bothenius	Bothenius
4509	17940	republiek_5078	17548	Veldtman	Veldtman	Veldtman
4510	17941	republiek_5079	17549	Alberda	Alberda	Alberda
4511	17942	republiek_5080	17550	Geertsema	Geertsema	Geertsema
4512	17943	republiek_5081	20171	Laman	Laman	Laman
4513	17944	republiek_5082	17551	Schultens	Schultens	Schultens
4514	17945	republiek_5083	17552	Emmen	Emmen	Emmen
4515	17946	republiek_5084	17553	Jullens	Jullens	Jullens
4516	17947	republiek_5085	17554	Sickinghe	Sickinghe	Sickinghe
4517	17949	republiek_5087	17555	Cock	Cock	Cock
4518	17950	republiek_5088	17556	Swinderen	Swinderen	Swinderen
4519	17951	republiek_5089	17557	Tjarda van Starkenborgh	Tjarda van Starkenborgh	Tjarda van Starkenborgh
4520	17952	republiek_5090	20151	Tjarda van Starkenborgh	Tjarda van Starkenborgh	Tjarda van Starkenborgh
4521	17953	republiek_5091	17558	Smith	Smith	Smith
4522	17954	republiek_5092	17559	Hofsnijder	Hofsnijder	Hofsnijder
4523	17955	republiek_5093	17560	Lintelo	Lintelo	Lintelo
4524	17956	republiek_5094	17561	Robers	Robers	Robers
4525	17957	republiek_5095	17562	Clant	Clant	Clant
4526	17958	republiek_5096	20299	Marees	Marees	Marees
4527	17959	republiek_5098	17563	Lewe van Middelstum	Lewe van Middelstum	Lewe van Middelstum
4528	17960	republiek_5099	17564	Alberda	Alberda	Alberda
4529	17961	republiek_5100	17565	Alberda	Alberda	Alberda
4530	17962	republiek_5101	17566	Alberda	Alberda	Alberda
4531	17963	republiek_5102	17567	Alberda	Alberda	Alberda
4532	17964	republiek_5103	17568	Alberda	Alberda	Alberda
4533	17965	republiek_5104	20319	Alberda	Alberda	Alberda
4534	17966	republiek_5105	17569	In- en Kniphuisen	In- en Kniphuisen	In- en Kniphuisen
4535	17967	republiek_5106	17570	Sijsen	Sijsen	Sijsen
4536	17968	republiek_5107	17571	Berchuijs	Berchuijs	Berchuijs
4537	17969	republiek_5108	17572	Quintus	Quintus	Quintus
4538	17970	republiek_5109	17573	Swinderen	Swinderen	Swinderen
4539	17971	republiek_5110	20169	Drews	Drews	Drews
4540	17972	republiek_5111	17574	Scherff	Scherff	Scherff
4541	17973	republiek_5112	20106	Grevingh	Grevingh	Grevingh
4542	17974	republiek_5113	20105	Grevinge	Grevinge	Grevinge
4543	17975	republiek_5114	17575	Siccama	Siccama	Siccama
4544	17976	republiek_5115	20123	Lewe	Lewe	Lewe
4545	17977	republiek_5116	20144	Schaffer	Schaffer	Schaffer
4546	17978	republiek_5117	20403	Hooftman	Hooftman van Eychelbergh	Hooftman van Eychelbergh
4547	17979	republiek_5118	17576	Harckens	Harckens	Harckens
4548	17980	republiek_5119	17577	Gruys	Gruys	Gruys
4549	17981	republiek_5120	17578	Lewe	Lewe	Lewe
4550	17982	republiek_5121	20124	Lewe	Lewe	Lewe
4551	17983	republiek_5122	17579	Tjassens	Tjassens	Tjassens
4552	17984	republiek_5123	17580	Heynens	Heynens	Heynens
4553	17985	republiek_5124	17581	Folckers	Folckers	Folckers
4554	17986	republiek_5125	20137	Rengers	Rengers	Rengers
4555	17987	republiek_5126	17582	Gennep	Gennep	Gennep
4556	17988	republiek_5127	17583	Julsingha	Julsingha	Julsingha
4557	17989	republiek_5128	17584	Horenken	Horenken	Horenken
4558	17990	republiek_5129	20129	Manninga	Manninga	Manninga
4559	17991	republiek_5131	19712	Broersema	Broersema	Broersema
4560	17992	republiek_5132	20076	Aldringa	Aldringa	Aldringa
4561	17993	republiek_5133	20354	Borck	Borck	Borck
4562	17994	republiek_5134	20170	Berge	Berge	Berge
4563	17995	republiek_5135	17585	Pott	Pott	Pott
4564	17996	republiek_5136	20289	Clant	Clant	Clant
4565	17997	republiek_5137	17586	Smith	Smith	Smith
4566	17998	republiek_5138	17587	Pott	Pott	Pott
4567	17999	republiek_5139	17588	Clant	Clant	Clant
4568	18000	republiek_5140	17589	Rengers	Rengers	Rengers
4569	18001	republiek_5143	20092	Broersema	Broersema	Broersema
4570	18002	republiek_5144	17590	Smit	Smit	Smit
4571	18003	republiek_5145	17591	In- en Kniphuisen	In- en Kniphuisen	In- en Kniphuisen
4572	18004	republiek_5146	17592	Wichers	Wichers	Wichers
4573	18005	republiek_5147	17593	In- en Kniphuisen	In- en Kniphuisen	In- en Kniphuisen
4574	18006	republiek_5149	17594	Folckers	Folckers	Folckers
4575	18007	republiek_5150	17595	Maneel	Maneel	Maneel
4576	18008	republiek_5151	17596	Lynden	Lynden	Lynden
4577	18010	republiek_5153	17597	Velthuijsen	Velthuijsen	Velthuijsen
4578	18011	republiek_5154	17598	Leeuw	Leeuw	Leeuw
4579	18012	republiek_5155	17599	Hardenbroek	Hardenbroek	Hardenbroek
4580	18013	republiek_5156	17600	Royen	Royen	Royen
4581	18014	republiek_5157	20719	Walkier	Walkier	Walkier
4582	18015	republiek_5158	17601	Rossem	Rossem	Rossem
4583	18016	republiek_5159	17602	Marselis	Marselis	Marselis
4584	18017	republiek_5160	17603	Juchen	Juchen	Juchen
4585	18019	republiek_5162	17604	Lieftingh	Lieftingh	Lieftingh
4586	18020	republiek_5163	17605	Ewijck	Ewijck	Ewijck
4587	18021	republiek_5164	17606	Cock	Cock	Cock
4588	18022	republiek_5165	17607	Reede	Reede	Reede
4589	18024	republiek_5168	17608	Oostrum	Oostrum	Oostrum
4590	18025	republiek_5169	17609	Elburch	Elburch	Elburch
4591	18026	republiek_5170	17610	Ploos	Ploos	Ploos
4592	18027	republiek_5171	17611	Enghen	Enghen	Enghen
4593	18028	republiek_5172	20800	Helsdingen	Helsdingen	Helsdingen
4594	18029	republiek_5173	17612	Spaen la Lecq	Spaen la Lecq	Spaen la Lecq
4595	18030	republiek_5174	17613	Gordon	Gordon	Gordon
4596	18031	republiek_5175	17614	Noorth	Noorth	Noorth
4597	18032	republiek_5176	17615	Hoijtema	Hoijtema	Hoijtema
4598	18033	republiek_5177	17616	Nieukerken	Nieukerken	Nieukerken
4599	18034	republiek_5178	17617	Renesse van Wilp	Renesse van Wilp	Renesse van Wilp
4600	18035	republiek_5179	17618	Capellen tot Rijsselt	Capellen tot Rijsselt	Capellen tot Rijsselt
4601	18036	republiek_5180	20466	Leeuwen	Leeuwen	Leeuwen
4602	18037	republiek_5181	20389	Bronkhorst	Bronkhorst tot de Hooge Eest	Bronkhorst tot de Hooge Eest
4603	18038	republiek_5182	17619	Hart	Hart	Hart
4604	18040	republiek_5184	17620	Lane de Dutraij	Lane de Dutraij	Lane de Dutraij
4605	18041	republiek_5185	17621	Noorth	Noorth	Noorth
4606	18043	republiek_5188	17623	Cuper	Cuper	Cuper
4607	18044	republiek_5189	17624	Randwijck	Randwijck	Randwijck
4608	18045	republiek_5190	17625	Hoeufft	Hoeufft	Hoeufft
4609	18046	republiek_5191	17626	Hove	Hove	Hove
4610	18047	republiek_5192	20347	Meurs	Meurs	Meurs
4611	18049	republiek_5194	17627	Post	Post	Post
4612	18050	republiek_5195	17628	Schaap	Schaap	Schaap
4613	18052	republiek_5200	17629	Baer tot Slangenburg	Baer tot Slangenburg	Baer tot Slangenburg
4614	18053	republiek_5201	19885	Schimmelpenninck van der Oye	Schimmelpenninck van der Oye	Schimmelpenninck van der Oye
4615	18055	republiek_5203	17630	Munster	Munster	Munster
4616	18056	republiek_5204	17631	Utenhoven	Utenhoven	Utenhoven
4617	18057	republiek_5205	20447	Tuyll van Serooskerken	Tuyll van Serooskerken	Tuyll van Serooskerken
4618	18059	republiek_5207	17632	Strick van Linschoten	Strick van Linschoten	Strick van Linschoten
4619	18060	republiek_5208	17633	Taets van Amerongen	Taets van Amerongen	Taets van Amerongen
4620	18061	republiek_5209	17634	Rechteren	Rechteren	Rechteren
4621	18062	republiek_5210	17635	Ruever	Ruever	Ruever
4622	18063	republiek_5211	17636	Jonas	Jonas	Jonas
4623	18064	republiek_5212	17637	Trouillart	Trouillart	Trouillart
4624	18065	republiek_5213	17638	Temminck	Temminck	Temminck
4625	18066	republiek_5214	17639	Hoop	Hoop	Hoop
4626	18067	republiek_5215	17640	Brienen	Brienen	Brienen
4627	18068	republiek_5216	17641	Smissaert	Smissaert	Smissaert
4628	18069	republiek_5217	17642	Ruever	Ruever	Ruever
4629	18071	republiek_5219	17643	Cuijlenburgh	Cuijlenburgh	Cuijlenburgh
4630	18072	republiek_5220	17644	Borre van Amerongen	Borre van Amerongen	Borre van Amerongen
4631	18073	republiek_5221	17645	Rossem	Rossem	Rossem
4632	18074	republiek_5222	17646	Noirot	Noirot	Noirot
4633	18075	republiek_5223	17647	Murray	Murray	Murray
4634	18076	republiek_5225	17648	Spieringh	Spieringh	Spieringh
4635	18077	republiek_5226	17649	Booth	Booth	Booth
4636	18078	republiek_5227	17650	Taets van Amerongen	Taets van Amerongen	Taets van Amerongen
4637	18079	republiek_5228	17651	Zuylen van Nyevelt	Zuylen van Nyevelt	Zuylen van Nyevelt
4638	18081	republiek_5231	17653	Renesse	Renesse	Renesse
4639	18082	republiek_5232	17654	Wolff	Wolff	Wolff
4640	18084	republiek_5234	20478	Pasques de Chavonnes	Pasques de Chavonnes	Pasques de Chavonnes
4641	18085	republiek_5235	17656	Dijckmeester	Dijckmeester	Dijckmeester
4642	18087	republiek_5237	17657	Bronkhorst	Bronkhorst	Bronkhorst
4643	18089	republiek_5239	17659	Tulleken	Tulleken	Tulleken
4644	18090	republiek_5240	19766	Olmius	Olmius	Olmius
4645	18091	republiek_5241	17660	Westerholt tot Hakford	Westerholt tot Hakford	Westerholt tot Hakford
4646	18092	republiek_5242	17661	Sande	Sande	Sande
4647	18093	republiek_5243	17662	Bergh	Bergh	Bergh
4648	18094	republiek_5244	17663	Randwijck	Randwijck	Randwijck
4649	18095	republiek_5246	17664	Aldewerelt	Aldewerelt	Aldewerelt
4650	18096	republiek_5247	17665	Pannekoeck	Pannekoeck	Pannekoeck
4651	18097	republiek_5248	17666	Leeuw van Coolwijk	Leeuw van Coolwijk	Leeuw van Coolwijk
4652	18098	republiek_5250	17667	Balveren	Balveren tot den Oldenhof	Balveren tot den Oldenhof
4653	18099	republiek_5251	17668	Lutteken	Lutteken	Lutteken
4654	18100	republiek_5252	17669	Roeleman Byland	Roeleman Byland	Roeleman Byland
4655	18101	republiek_5253	17670	Daendels	Daendels	Daendels
4656	18102	republiek_5255	17671	Morrees	Morrees	Morrees
4657	18103	republiek_5256	17672	Dilsen	Dilsen	Dilsen
4658	18104	republiek_5257	17673	Bergh	Bergh	Bergh
4659	18105	republiek_5258	19855	Schimmelpenninck van den Blanckema	Schimmelpenninck van der Oye tot den Blanckena	Schimmelpenninck van der Oye tot den Blanckena
4660	18106	republiek_5259	17674	Renesse	Renesse	Renesse
4661	18107	republiek_5260	17675	Schimmelpenninck van der Oye	Schimmelpenninck van der Oye	Schimmelpenninck van der Oye
4662	18109	republiek_5263	20412	Hell tot 't Holthuys	Hell tot 't Holthuys	Hell tot 't Holthuys
4663	18110	republiek_5264	19896	Valck	Valck	Valck
4664	18111	republiek_5266	17676	Haelboom	Haelboom	Haelboom
4665	18112	republiek_5267	17677	Drews	Drews	Drews
4666	18113	republiek_5268	17678	Drews	Drews	Drews
4667	18114	republiek_5269	17679	Smith	Smith	Smith
4668	18115	republiek_5270	17680	Appius	Appius	Appius
4669	18116	republiek_5271	20097	Clant	Clant	Clant
4670	18117	republiek_5272	17681	Tammen	Tammen	Tammen
4671	18118	republiek_5273	17682	Wolthers	Wolthers	Wolthers
4672	18119	republiek_5274	17683	Valcke	Valcke	Valcke
4673	18120	republiek_5275	17684	Gruys	Gruys	Gruys
4674	18121	republiek_5276	17685	Gruys	Gruys	Gruys
4675	18122	republiek_5277	17686	Gruys	Gruys	Gruys
4676	18123	republiek_5278	17687	Juslingha	Juslingha	Juslingha
4677	18124	republiek_5279	17688	Gockinga	Gockinga	Gockinga
4678	18125	republiek_5280	17689	Gockinga	Gockinga	Gockinga
4679	18126	republiek_5281	17690	Gockinga	Gockinga	Gockinga
4680	18127	republiek_5282	17691	Emmen	Emmen	Emmen
4681	18128	republiek_5283	17692	Trip	Trip	Trip
4682	18129	republiek_5284	17693	Keiser	Keiser	Keiser
4683	18130	republiek_5285	17694	Berghuis	Berghuis	Berghuis
4684	18131	republiek_5287	20157	Wichers	Wichers	Wichers
4685	18132	republiek_5288	17695	Lewe	Lewe	Lewe
4686	18133	republiek_5289	17696	Lynden	Lynden	Lynden
4687	18134	republiek_5290	17697	Canter	Canter	Canter
4688	18135	republiek_5291	17698	Nijeveen	Nijeveen	Nijeveen
4689	18136	republiek_5292	17699	Allershoff	Allershoff	Allershoff
4690	18137	republiek_5293	17700	Laman	Laman	Laman
4691	18138	republiek_5294	17701	Iddekinge	Iddekinge	Iddekinge
4692	18139	republiek_5295	20155	Ubbena	Ubbena	Ubbena
4693	18140	republiek_5296	17702	Crijns	Crijns	Crijns
4694	18141	republiek_5297	20119	Jarges	Jarges	Jarges
4695	18142	republiek_5299	17703	Videnius	Videnius	Videnius
4696	18143	republiek_5300	17704	Werumeus	Werumeus	Werumeus
4697	18144	republiek_5301	20154	Tjarda van Starkenborgh	Tjarda van Starkenborgh	Tjarda van Starkenborgh
4698	18145	republiek_5302	17705	Winkel	Winkel	Winkel
4699	18146	republiek_5303	17706	Rengers	Rengers	Rengers
4700	18147	republiek_5304	17707	Abbring	Abbring	Abbring
4701	18148	republiek_5305	17708	Veenkamp	Veenkamp	Veenkamp
4702	18149	republiek_5306	17709	Thieus	Thieus	Thieus
4703	18150	republiek_5308	17710	Alberti	Alberti	Alberti
4704	18151	republiek_5309	17711	In- en Kniphuisen	In- en Kniphuisen	In- en Kniphuisen
4705	18152	republiek_5310	20128	Lewe van Kantens	Lewe van Kantens	Lewe van Kantens
4706	18153	republiek_5311	17712	Wolthers	Wolthers	Wolthers
4707	18154	republiek_5312	20410	Borck	Borck	Borck
4708	18155	republiek_5313	17713	Hertoghe	Hertoghe	Hertoghe
4709	18156	republiek_5314	17714	Sigers	Sigers	Sigers
4710	18157	republiek_5315	17715	Moma	Moma	Moma
4711	18158	republiek_5317	20146	Sighers	Sighers	Sighers
4712	18159	republiek_5318	20102	Coenders van Helpen van Vervou	Coenders van Helpen van Vervou	Coenders van Helpen van Vervou
4713	18160	republiek_5319	17716	Elfrinck	Elfrinck	Elfrinck
4714	18161	republiek_5320	17717	Woltherus	Woltherus	Woltherus
4715	18162	republiek_5321	20406	Holzapfel	Holzapfel	Holzapfel
4716	18163	republiek_5322	17718	Christophori	Christophori	Christophori
4717	18164	republiek_5323	17719	Clant	Clant	Clant
4718	18165	republiek_5324	20130	Manninga	Manninga	Manninga
4719	18166	republiek_5325	17720	Gerlacius	Gerlacius	Gerlacius
4720	18167	republiek_5326	17721	Mepsche	Mepsche	Mepsche
4721	18168	republiek_5327	17722	Buning	Buning	Buning
4722	18169	republiek_5328	20140	Rengers ten Post	Rengers ten Post	Rengers ten Post
4723	18170	republiek_5329	17723	Roijen	Roijen	Roijen
4724	18171	republiek_5330	17724	Alting	Alting	Alting
4725	18172	republiek_5331	20114	Hania	Hania	Hania
4726	18173	republiek_5332	17725	Venhuisen	Venhuisen	Venhuisen
4727	18174	republiek_5333	17726	Iddekinge	Iddekinge	Iddekinge
4728	18175	republiek_5334	17727	Gerlacius	Gerlacius	Gerlacius
4729	18176	republiek_5335	17728	Lohman	Lohman	Lohman
4730	18177	republiek_5336	17729	Stegnerus	Stegnerus	Stegnerus
4731	18178	republiek_5337	17730	Fockens	Fockens	Fockens
4732	18179	republiek_5338	17731	Bertling	Bertling	Bertling
4733	18180	republiek_5339	15100	Eck tot Barlham	Eck	Eck
4734	18181	republiek_5340	17732	Auwema	Auwema	Auwema
4735	18182	republiek_5342	20334	Entens	Entens	Entens
4736	18183	republiek_5343	17733	Birza	Birza	Birza
4737	18184	republiek_5344	17734	Fuscus	Fuscus	Fuscus
4738	18185	republiek_5345	17735	Rengers	Rengers	Rengers
4739	18186	republiek_5346	17736	Tjaarda	Tjaarda	Tjaarda
4740	18187	republiek_5348	17737	Phebens	Phebens	Phebens
4741	18188	republiek_5350	17738	Ubbena	Ubbena	Ubbena
4742	18189	republiek_5351	17739	Wicheringe	Wicheringe	Wicheringe
4743	18190	republiek_5352	17740	Roeloffs	Roeloffs	Roeloffs
4744	18191	republiek_5354	17741	Verrucius	Verrucius	Verrucius
4745	18192	republiek_5355	17742	Cransien	Cransien	Cransien
4746	18193	republiek_5356	17743	Valcke	Valcke	Valcke
4747	18194	republiek_5357	17744	Schultens	Schultens	Schultens
4748	18195	republiek_5358	17745	Canter	Canter	Canter
4749	18196	republiek_5359	17746	Bouwensz	Bouwensz	Bouwensz
4750	18197	republiek_5360	17747	Jansz	Jansz	Jansz
4751	18198	republiek_5361	17748	Coyter	Coyter	Coyter
4752	18199	republiek_5362	17749	Horenken	Horenken	Horenken
4753	18200	republiek_5363	17750	Buttel	Buttel	Buttel
4754	18201	republiek_5364	17751	Byma	Byma	Byma
4755	18202	republiek_5365	17752	Byma	Byma	Byma
4756	18203	republiek_5366	17753	Buer	Buer	Buer
4757	18204	republiek_5367	17754	Cleve	Cleve	Cleve
4758	18205	republiek_5369	20056	Rengers ten Post	Rengers ten Post	Rengers ten Post
4759	18206	republiek_5370	17755	Rengers	Rengers	Rengers
4760	18207	republiek_5372	17756	Jensema	Jensema	Jensema
4761	18208	republiek_5373	17757	Nansum	Nansum	Nansum
4762	18209	republiek_5374	17758	Ufkens	Ufkens	Ufkens
4763	18210	republiek_5375	17759	Cloot	Cloot	Cloot
4764	18211	republiek_5378	17760	Mepsche	Mepsche	Mepsche
4765	18212	republiek_5379	17761	Buur	Buur	Buur
4766	18213	republiek_5380	17762	Auwema	Auwema	Auwema
4767	18214	republiek_5381	17763	Jansen	Jansen	Jansen
4768	18215	republiek_5382	17764	Lewe	Lewe	Lewe
4769	18216	republiek_5383	17765	Lutma	Lutma	Lutma
4770	18217	republiek_5384	17766	Everts	Everts	Everts
4771	18218	republiek_5385	20069	Coenders	Coenders	Coenders
4772	18219	republiek_5386	17767	Sigers	Sigers	Sigers
4773	18220	republiek_5387	17768	Alma	Alma	Alma
4774	18221	republiek_5388	17769	Ubbena	Ubbena	Ubbena
4775	18222	republiek_5389	20073	Horenken	Horenken	Horenken
4776	18223	republiek_5390	17770	Roelfs	Roelfs	Roelfs
4777	18224	republiek_5391	17771	Drews	Drews	Drews
4778	18225	republiek_5392	17772	Bijma	Bijma	Bijma
4779	18226	republiek_5393	17773	Lubbers	Lubbers	Lubbers
4780	18227	republiek_5394	17774	Northoorn	Northoorn	Northoorn
4781	18228	republiek_5395	17775	Reintjes	Reintjes	Reintjes
4782	18229	republiek_5396	17776	Ham	Ham	Ham
4783	18230	republiek_5397	17777	Mepsche	Mepsche	Mepsche
4784	18231	republiek_5398	17778	Luitjens	Luitjens	Luitjens
4785	18232	republiek_5399	17779	Verrutius	Verrutius	Verrutius
4786	18233	republiek_5400	17780	Abels	Abels	Abels
4787	18234	republiek_5401	17781	Sighers	Sighers	Sighers
4788	18235	republiek_5402	19671	Holte	Holte	Holte
4789	18236	republiek_5403	17782	Grauwers	Grauwers	Grauwers
4790	18237	republiek_5404	20143	Schaffer	Schaffer	Schaffer
4791	18238	republiek_5405	20423	Lewe	Lewe	Lewe
4792	18239	republiek_5406	17783	Eissinghe	Eissinghe	Eissinghe
4793	18240	republiek_5407	17784	Nansum	Nansum	Nansum
4794	18241	republiek_5408	17785	Simons	Simons	Simons
4795	18242	republiek_5409	17786	Luloffs	Luloffs	Luloffs
4796	18243	republiek_5410	17787	Geerts	Geerts	Geerts
4797	18244	republiek_5411	17788	Wittinge	Wittinge	Wittinge
4798	18245	republiek_5412	17789	Brants	Brants	Brants
4799	18246	republiek_5413	17790	Folckers	Folckers	Folckers
4800	18247	republiek_5414	20048	Tamminga van Bellingeweer	Tamminga van Bellingeweer	Tamminga van Bellingeweer
4801	18248	republiek_5415	17791	Willems	Willems	Willems
4802	18249	republiek_5416	20093	Broersema	Broersema	Broersema
4803	18250	republiek_5417	17792	Jansen	Jansen	Jansen
4804	18251	republiek_5418	17793	Borch	Borch	Borch
4805	18252	republiek_5419	17794	Hoendricx	Hoendricx	Hoendricx
4806	18253	republiek_5421	17795	Eltjens	Eltjens	Eltjens
4807	18254	republiek_5422	17796	Halbes	Halbes	Halbes
4808	18255	republiek_5423	17797	Ubbena	Ubbena	Ubbena
4809	18256	republiek_5424	20051	Drews	Drews	Drews
4810	18257	republiek_5425	17798	Lubbers	Lubbers	Lubbers
4811	18258	republiek_5426	17799	Eissinghe	Eissinghe	Eissinghe
4812	18259	republiek_5427	17800	Luninghuisen	Luninghuisen	Luninghuisen
4813	18260	republiek_5428	17801	Fraterma	Fraterma	Fraterma
4814	18261	republiek_5429	17802	Croon	Croon	Croon
4815	18262	republiek_5430	17803	Drews	Drews	Drews
4816	18263	republiek_5431	17804	Pouwels	Pouwels	Pouwels
4817	18264	republiek_5432	17805	Iwema	Iwema	Iwema
4818	18265	republiek_5433	17806	Rufelaert	Rufelaert	Rufelaert
4819	18266	republiek_5434	17807	Tammen	Tammen	Tammen
4820	18267	republiek_5435	17808	Grauwers	Grauwers	Grauwers
4821	18268	republiek_5436	17809	Valcke	Valcke	Valcke
4822	18269	republiek_5437	17810	Bolhuis	Bolhuis	Bolhuis
4823	18270	republiek_5438	17811	Smit	Smit	Smit
4824	18271	republiek_5439	17812	Birza	Birza	Birza
4825	18272	republiek_5440	17813	Heeck	Heeck	Heeck
4826	18273	republiek_5441	17814	Elama	Elama	Elama
4827	18274	republiek_5442	17815	Edsema	Edsema	Edsema
4828	18275	republiek_5443	17816	Emmelcamp	Emmelcamp	Emmelcamp
4829	18276	republiek_5444	17817	Nijeveen	Nijeveen	Nijeveen
4830	18277	republiek_5445	17818	Eeck	Eeck	Eeck
4831	18278	republiek_5446	17819	Hoisum	Hoisum	Hoisum
4832	18279	republiek_5447	17820	Aepkens	Aepkens	Aepkens
4833	18280	republiek_5448	17821	Wijrts	Wijrts	Wijrts
4834	18281	republiek_5449	17822	Faber	Faber	Faber
4835	18282	republiek_5450	17823	Eissinghe	Eissinghe	Eissinghe
4836	18283	republiek_5451	20136	Rengers	Rengers	Rengers
4837	18284	republiek_5452	17824	Iwema	Iwema	Iwema
4838	18285	republiek_5453	17825	Wierdsema	Wierdsema	Wierdsema
4839	18286	republiek_5454	17826	Philips	Philips	Philips
4840	18287	republiek_5455	17827	Ham	Ham	Ham
4841	18288	republiek_5456	17828	Sekema	Sekema	Sekema
4842	18289	republiek_5457	17829	Syrts	Syrts	Syrts
4843	18290	republiek_5458	17830	Tjaaden	Tjaaden	Tjaaden
4844	18291	republiek_5459	17831	Barlinckhoff	Barlinckhoff	Barlinckhoff
4845	18292	republiek_5460	20131	Mepsche	Mepsche	Mepsche
4846	18293	republiek_5461	17832	Kemmerer	Kemmerer	Kemmerer
4847	18294	republiek_5462	17833	Quintus	Quintus	Quintus
4848	18295	republiek_5463	17834	Roijen	Roijen	Roijen
4849	18296	republiek_5464	17835	Peters	Peters	Peters
4850	18297	republiek_5466	17836	Mettinck	Mettinck	Mettinck
4851	18298	republiek_5467	17837	Siccama	Siccama	Siccama
4852	18299	republiek_5468	17838	Lingen	Lingen	Lingen
4853	18300	republiek_5469	17839	Vonck	Vonck	Vonck
4854	18301	republiek_5470	17840	Aldringa	Aldringa	Aldringa
4855	18302	republiek_5471	17841	Coehoorn	Coehoorn	Coehoorn
4856	18303	republiek_5472	20138	Rengers	Rengers	Rengers
4857	18304	republiek_5473	17842	Hoorn	Hoorn	Hoorn
4858	18305	republiek_5474	20120	Jarges	Jarges	Jarges
4859	18306	republiek_5476	17843	Tamminga	Tamminga	Tamminga
4860	18307	republiek_5477	20115	Hertoghe	Hertoghe	Hertoghe
4861	18308	republiek_5478	20107	Grevingh	Grevingh	Grevingh
4862	18309	republiek_5479	17844	Sijsen	Sijsen	Sijsen
4863	18310	republiek_5480	17845	Bolte	Bolte	Bolte
4864	18311	republiek_5481	17846	Meijer	Meijer	Meijer
4865	18312	republiek_5482	17847	Wolthers	Wolthers	Wolthers
4866	18313	republiek_5483	17848	Gerlacius	Gerlacius	Gerlacius
4867	18314	republiek_5484	20145	Schaffer	Schaffer	Schaffer
4868	18315	republiek_5485	17849	In- en Kniphuisen	In- en Kniphuisen	In- en Kniphuisen
4869	18316	republiek_5486	17850	Reinders	Reinders	Reinders
4870	18317	republiek_5487	17851	Roelfs	Roelfs	Roelfs
4871	18318	republiek_5488	17852	Bennema	Bennema	Bennema
4872	18319	republiek_5490	17853	Iddekinge	Iddekinge	Iddekinge
4873	18320	republiek_5491	17854	Meekhof	Meekhof	Meekhof
4874	18321	republiek_5492	17855	Themmen	Themmen	Themmen
4875	18322	republiek_5494	17856	Berghuis	Berghuis	Berghuis
4876	18323	republiek_5495	17857	Hamminck	Hamminck	Hamminck
4877	18324	republiek_5496	17858	Bennema	Bennema	Bennema
4878	18325	republiek_5497	20424	Lewe	Lewe	Lewe
4879	18326	republiek_5499	17859	Writzers	Writzers	Writzers
4880	18327	republiek_5500	17860	Conring	Conring	Conring
4881	18328	republiek_5501	17861	Conring	Conring	Conring
4882	18329	republiek_5502	17862	Woldringh	Woldringh	Woldringh
4883	18330	republiek_5503	17863	Vos	Vos	Vos
4884	18331	republiek_5504	17864	Melis	Melis	Melis
4885	18332	republiek_5505	19699	Ham	Ham	Ham
4886	18333	republiek_5506	17865	Trip	Trip	Trip
4887	18334	republiek_5507	17866	Wolthers	Wolthers	Wolthers
4888	18335	republiek_5508	17867	Geertsema	Geertsema	Geertsema
4889	18336	republiek_5509	17868	Ibema	Ibema	Ibema
4890	18337	republiek_5510	17869	Rikkenga	Rikkenga	Rikkenga
4891	18338	republiek_5511	17870	Lohman	Lohman	Lohman
4892	18339	republiek_5512	17871	Alstorphius	Alstorphius	Alstorphius
4893	18340	republiek_5513	17872	Gerlacius	Gerlacius	Gerlacius
4894	18341	republiek_5515	17873	Cranssen	Cranssen	Cranssen
4895	18342	republiek_5516	17874	Siccama	Siccama	Siccama
4896	18343	republiek_5517	17875	Tjarda van Starkenborgh	Tjarda van Starkenborgh	Tjarda van Starkenborgh
4897	18344	republiek_5518	17876	Niehoff	Niehoff	Niehoff
4898	18345	republiek_5519	17877	Ebels	Ebels	Ebels
4899	18346	republiek_5520	17878	Frijlink	Frijlink	Frijlink
4900	18347	republiek_5521	17879	Berghuis	Berghuis	Berghuis
4901	18348	republiek_5522	17880	Geertsema	Geertsema	Geertsema
4902	18349	republiek_5523	17881	Tjarda van Starkenborgh	Tjarda van Starkenborgh	Tjarda van Starkenborgh
4903	18351	republiek_5525	17882	Lohman	Lohman	Lohman
4904	18352	republiek_5526	20422	Lewe	Lewe	Lewe
4905	18353	republiek_5527	17883	Hertoghe van Feringa	Hertoghe van Feringa	Hertoghe van Feringa
4906	18354	republiek_5528	17884	Mignon	Mignon	Mignon
4907	18355	republiek_5529	17885	Uilersma	Uilersma	Uilersma
4908	18356	republiek_5530	20302	Piccardt	Piccardt	Piccardt
4909	18357	republiek_5531	17886	Savornin Lohman	Savornin Lohman	Savornin Lohman
4910	18358	republiek_5532	17887	Marees van Swinderen	Marees van Swinderen	Marees van Swinderen
4911	18359	republiek_5533	17888	Trip	Trip	Trip
4912	18360	republiek_5534	17889	Bellinga	Bellinga	Bellinga
4913	18361	republiek_5535	17890	Guichart	Guichart	Guichart
4914	18362	republiek_5536	17891	Iddekinge	Iddekinge	Iddekinge
4915	18363	republiek_5537	17892	Woldringh	Woldringh	Woldringh
4916	18364	republiek_5538	17893	Amsweer	Amsweer	Amsweer
4917	18365	republiek_5539	17894	Horenken	Horenken	Horenken
4918	18366	republiek_5540	17895	Clant	Clant	Clant
4919	18367	republiek_5541	17896	Cornelius	Cornelius	Cornelius
4920	18368	republiek_5542	17897	Auwema	Auwema	Auwema
4921	18369	republiek_5543	17898	Altingh	Altingh	Altingh
4922	18370	republiek_5544	17899	Meckema	Meckema	Meckema
4923	18371	republiek_5545	17900	Tjarda van Starckenborgh	Tjarda van Starckenborgh	Tjarda van Starckenborgh
4924	18372	republiek_5546	17901	Gaykinga	Gaykinga	Gaykinga
4925	18373	republiek_5547	17902	Dekema	Dekema	Dekema
4926	18374	republiek_5548	17903	Coenders van Helpen	Coenders van Helpen	Coenders van Helpen
4927	18375	republiek_5549	17904	Clant	Clant	Clant
4928	18376	republiek_5550	17905	Tjarda van Starkenborgh	Tjarda van Starkenborgh	Tjarda van Starkenborgh
4929	18377	republiek_5551	17906	Phebens	Phebens	Phebens
4930	18378	republiek_5552	17907	Schatter	Schatter	Schatter
4931	18379	republiek_5553	20297	Isselmuiden	Isselmuiden	Isselmuiden
4932	18380	republiek_5554	17908	Barnda	Barnda	Barnda
4933	18381	republiek_5555	17909	Coenders	Coenders	Coenders
4934	18382	republiek_5556	17910	Huninga van Oostwold	Huninga van Oostwold	Huninga van Oostwold
4935	18383	republiek_5557	20150	Tjarda van Starckenborgh	Tjarda van Starckenborgh	Tjarda van Starckenborgh
4936	18384	republiek_5558	17911	Nijeveen	Nijeveen	Nijeveen
4937	18385	republiek_5559	19737	Broersema	Broersema	Broersema
4938	18386	republiek_5560	20066	Cleve	Cleve	Cleve
4939	18387	republiek_5561	17912	Frone	Frone	Frone
4940	18388	republiek_5562	17913	Polman	Polman	Polman
4941	18389	republiek_5563	17914	Schonenborch	Schonenborch	Schonenborch
4942	18390	republiek_5564	20084	Rengers ten Post	Rengers ten Post	Rengers ten Post
4943	18391	republiek_5565	17915	Tjassens	Tjassens	Tjassens
4944	18392	republiek_5566	17916	Haickens	Haickens	Haickens
4945	18393	republiek_5567	20079	Isebrants	Isebrants	Isebrants
4946	18394	republiek_5569	17917	Witting	Witting	Witting
4947	18395	republiek_5570	17918	Arentsma	Arentsma	Arentsma
4948	18396	republiek_5571	17919	Valcke	Valcke	Valcke
4949	18397	republiek_5572	17920	Clant	Clant	Clant
4950	18398	republiek_5573	20070	Aldringa	Aldringa	Aldringa
4951	18399	republiek_5574	17921	Winsemius	Winsemius	Winsemius
4952	18400	republiek_5575	17922	Ripperda	Ripperda	Ripperda
4953	18401	republiek_5576	17923	Redeker	Redeker	Redeker
4954	18402	republiek_5577	17924	Nansum	Nansum	Nansum
4955	18403	republiek_5578	20312	Tamminga	Tamminga	Tamminga
4956	18404	republiek_5579	17925	Coehoorn	Coehoorn	Coehoorn
4957	18405	republiek_5580	20047	Eiben	Eiben	Eiben
4958	18406	republiek_5581	20081	Horenken	Horenken	Horenken
4959	18407	republiek_5582	20108	Gruys	Gruys	Gruys
4960	18408	republiek_5583	17926	Mepsche	Mepsche	Mepsche
4961	18409	republiek_5584	17927	In- en Kniphuisen	In- en Kniphuisen	In- en Kniphuisen
4962	18410	republiek_5585	20275	Lewe	Lewe	Lewe
4963	18411	republiek_5586	17928	Aldringa	Aldringa	Aldringa
4964	18412	republiek_5587	17929	Robers	Robers	Robers
4965	18413	republiek_5588	17930	Simonides	Simonides	Simonides
4966	18414	republiek_5589	20977	Lewe ter Hansouwe	Lewe ter Hansouwe	Lewe ter Hansouwe
4967	18415	republiek_5590	17931	Lubbers	Lubbers	Lubbers
4968	18416	republiek_5591	17932	Werumeus	Werumeus	Werumeus
4969	18417	republiek_5592	20059	Berge	Berge	Berge
4970	18418	republiek_5593	20113	Ham	Ham	Ham
4971	18419	republiek_5594	20053	Alberda	Alberda	Alberda
4972	18420	republiek_5595	17933	Sighers	Sighers	Sighers
4973	18421	republiek_5596	17934	Gruys	Gruys	Gruys
4974	18422	republiek_5597	17935	In- en Kniphuisen	In- en Kniphuisen	In- en Kniphuisen
4975	18423	republiek_5598	17936	Clant	Clant	Clant
4976	18424	republiek_5599	17937	Aldringa	Aldringa	Aldringa
4977	18425	republiek_5600	17938	Tettema	Tettema	Tettema
4978	18426	republiek_5601	17939	Cluvinghe	Cluvinghe	Cluvinghe
4979	18427	republiek_5602	17940	Gaykinga	Gaykinga	Gaykinga
4980	18428	republiek_5603	17941	Mepsche	Mepsche	Mepsche
4981	18429	republiek_5604	17942	Tjarda van Starkenborgh	Tjarda van Starkenborgh	Tjarda van Starkenborgh
4982	18430	republiek_5605	17943	Berchuijs	Berchuijs	Berchuijs
4983	18431	republiek_5606	17944	Emmen	Emmen	Emmen
4984	18432	republiek_5607	20122	Ketel	Ketel	Ketel
4985	18433	republiek_5608	20168	Junius	Junius	Junius
4986	18434	republiek_5609	20415	Asschendorp	Asschendorp	Asschendorp
4987	18435	republiek_5610	17945	Ludolphi	Ludolphi	Ludolphi
4988	18436	republiek_5611	17946	Muntinghe	Muntinghe	Muntinghe
4989	18437	republiek_5612	20320	Alberda	Alberda	Alberda
4990	18438	republiek_5613	17947	Wijchell	Wijchell	Wijchell
4991	18439	republiek_5614	17948	Ripperda	Ripperda	Ripperda
4992	18440	republiek_5615	20161	Isbrants	Isbrants	Isbrants
4993	18441	republiek_5616	20296	Huninga van Oostwold	Huninga van Oostwold	Huninga van Oostwold
4994	18442	republiek_5617	17949	Ripperda van Farmsum	Ripperda van Farmsum	Ripperda van Farmsum
4995	18443	republiek_5618	20096	Clant	Clant	Clant
4996	18444	republiek_5619	20111	Gruys van Lellens	Gruys van Lellens	Gruys van Lellens
4997	18445	republiek_5620	17950	Clinge	Clinge	Clinge
4998	18446	republiek_5621	17951	Busch	Busch	Busch
4999	18447	republiek_5622	17952	Sickman	Sickman	Sickman
5000	18448	republiek_5623	20110	Gruys	Gruys	Gruys
5001	18449	republiek_5624	17953	Veldtman	Veldtman	Veldtman
5002	18450	republiek_5625	20352	Steenhuijsen	Steenhuysen	Steenhuysen
5003	18451	republiek_5626	20135	Rengers	Rengers	Rengers
5004	18452	republiek_5627	20156	Walrigh	Walrigh	Walrigh
5005	18453	republiek_5628	17954	Berghuis	Berghuis	Berghuis
5006	18454	republiek_5629	17955	Alberda	Alberda	Alberda
5007	18456	republiek_5631	17956	Gockinga	Gockinga	Gockinga
5008	18457	republiek_5632	17957	Aldringa	Aldringa	Aldringa
5009	18458	republiek_5633	17958	Emmen	Emmen	Emmen
5010	18459	republiek_5636	17959	Meima	Meima	Meima
5011	18460	republiek_5637	17960	Ackema	Ackema	Ackema
5012	18461	republiek_5639	20166	Hoeth	Hoeth	Hoeth
5013	18462	republiek_5640	17961	Sijsen	Sijsen	Sijsen
5014	18463	republiek_5641	20409	Berum	Berum	Berum
5015	18464	republiek_5642	17962	Benninck	Benninck	Benninck
5016	18465	republiek_5643	17963	Keiser	Keiser	Keiser
5017	18466	republiek_5645	17964	Wichers	Wichers	Wichers
5018	18467	republiek_5646	20172	Muntinghe	Muntinghe	Muntinghe
5019	18468	republiek_5648	17965	Iddekinge	Iddekinge	Iddekinge
5020	18469	republiek_5649	17966	Conring	Conring	Conring
5021	18470	republiek_5650	17967	Wijchel	Wijchel	Wijchel
5022	18471	republiek_5651	17968	Helmolt	Helmolt	Helmolt
5023	18472	republiek_5653	17969	Tjaden	Tjaden	Tjaden
5024	18473	republiek_5654	17970	Swinderen	Swinderen	Swinderen
5025	18474	republiek_5655	20306	Rengers	Rengers	Rengers
5026	18475	republiek_5656	17971	Arnoldij	Arnoldij	Arnoldij
5027	18476	republiek_5657	17972	Muntinghe	Muntinghe	Muntinghe
5028	18477	republiek_5658	17973	Valcke	Valcke	Valcke
5029	18478	republiek_5659	17974	Sichterman	Sichterman	Sichterman
5030	18479	republiek_5660	17975	Mesting	Mesting	Mesting
5031	18480	republiek_5661	17976	Nijeveen	Nijeveen	Nijeveen
5032	18482	republiek_5663	17977	Sitter	Sitter	Sitter
5033	18483	republiek_5665	17978	Gockinga	Gockinga	Gockinga
5034	18484	republiek_5666	17979	Rengers	Rengers	Rengers
5035	18485	republiek_5667	17980	Wichers	Wichers	Wichers
5036	18486	republiek_5668	17981	Alberda	Alberda	Alberda
5037	18487	republiek_5669	17982	Gockinga	Gockinga	Gockinga
5038	18488	republiek_5670	17983	Laman	Laman	Laman
5039	18489	republiek_5671	17984	Werumeus	Werumeus	Werumeus
5040	18490	republiek_5672	17985	Trip	Trip	Trip
5041	18491	republiek_5673	17986	Buning	Buning	Buning
5042	18492	republiek_5674	17987	Alberda	Alberda	Alberda
5043	18493	republiek_5675	17988	Ewsum	Ewsum	Ewsum
5044	18494	republiek_5676	17989	Eissinge	Eissinge	Eissinge
5045	18495	republiek_5677	17990	Isebrants	Isebrants	Isebrants
5046	18496	republiek_5678	17991	Schulenborch	Schulenborch	Schulenborch
5047	18497	republiek_5679	17992	Thilo	Thilo	Thilo
5048	18498	republiek_5680	20100	Coenders	Coenders	Coenders
5049	18499	republiek_5681	17993	Werumeus	Werumeus	Werumeus
5050	18500	republiek_5682	19606	Ripperda	Ripperda	Ripperda
5051	18501	republiek_5684	20327	Sickes	Sickes	Sickes
5052	18502	republiek_5685	17994	Berchuis	Berchuis	Berchuis
5053	18503	republiek_5686	17995	Imhoff	Imhoff	Imhoff
5054	18504	republiek_5687	17996	Rolteman	Rolteman	Rolteman
5055	18505	republiek_5688	17997	Coenders	Coenders	Coenders
5056	18506	republiek_5689	20420	Wifrinck	Wifringhe	Wifringhe
5057	18508	republiek_5692	17998	Northoren	Northoren	Northoren
5058	18509	republiek_5694	17999	Swartte	Swartte	Swartte
5059	18510	republiek_5695	18000	Coenders	Coenders	Coenders
5060	18511	republiek_5737	18001	Canter	Canter	Canter
5061	18512	republiek_5738	18002	Pieters	Pieters	Pieters
5062	18513	republiek_5739	20421	Lewe	Lewe	Lewe
5063	18514	republiek_5740	20418	Lewe	Lewe van Aduard	Lewe van Aduard
5064	18515	republiek_5741	18003	Coenders	Coenders	Coenders
5065	18517	republiek_5743	18004	Gockinga	Gockinga	Gockinga
5066	18518	republiek_5744	18005	Wichers	Wichers	Wichers
5067	18519	republiek_5745	18006	Wichers	Wichers	Wichers
5068	18520	republiek_5746	18007	Sijsen	Sijsen	Sijsen
5069	18521	republiek_5747	18008	Voet	Voet	Voet
5070	18522	republiek_5748	20003	Capellen	Capellen	Capellen
5071	18523	republiek_5749	18009	Goris	Goris	Goris
5072	18524	republiek_5750	18010	Vijgh	Vijgh	Vijgh
5073	18526	republiek_5752	18011	Arnhem	Arnhem	Arnhem
5074	18527	republiek_5754	18012	Sande	Sande	Sande
5075	18528	republiek_5755	18013	Bemmel	Bemmel	Bemmel
5076	18529	republiek_5756	20367	"Huygen


Huygen"	"Huygen


Huygen"	"Huygen


Huygen"
5077	18530	republiek_5757	19908	Kelffken	Kelffken	Kelffken
5078	18531	republiek_5758	18014	Everwijn	Everwijn	Everwijn
5079	18532	republiek_5759	18015	Caldenbach	Caldenbach	Caldenbach
5080	18533	republiek_5760	20370	Hackfort	Hackfort van de Snorrenhof tot Schaffelaer	Hackfort van de Snorrenhof tot Schaffelaer
5081	18535	republiek_5763	20486	Essen tot Kortenoever, Helbergen en Vanenburg	Essen tot Helbergen en Vanenburg	Essen tot Helbergen en Vanenburg
5082	18536	republiek_5764	20335	Hell tot de Wiltbaen	Hell tot de Wiltbaen	Hell tot de Wiltbaen
5083	18537	republiek_5766	20388	Essen tot Langeler	Essen tot Langeler	Essen tot Langeler
5084	18538	republiek_5767	20058	Essen tot Helbergen en Oldenhave	Essen tot Helbergen en Oldenhave	Essen tot Helbergen en Oldenhave
5085	18539	republiek_5768	18016	Hove	Hove	Hove
5086	18540	republiek_5769	18017	Essen	Essen	Essen
5087	18541	republiek_5770	18018	Louwerman	Louwerman	Louwerman
5088	18542	republiek_5771	20428	Ripperda	Ripperda	Ripperda
5089	18543	republiek_5772	18019	Els	Els	Els
5090	18544	republiek_5773	18020	Steenler	Steenler	Steenler
5091	18545	republiek_5774	18021	Welderen	Welderen	Welderen
5092	18546	republiek_5775	18022	Coerman	Coerman	Coerman
5093	18547	republiek_5776	19844	Tilleman Groote	Tilleman Groote	Tilleman Groote
5094	18548	republiek_5777	18023	Bentinck tot Aller	Bentinck tot Aller	Bentinck tot Aller
5095	18549	republiek_6460	20481	Randwijck	Randwijck	Randwijck
5096	18551	republiek_6462	20519	Randwijck	Randwijck	Randwijck
5097	18552	republiek_6463	18024	Man	Man	Man
5098	18553	republiek_6464	18025	Cock	Cock	Cock
5099	18554	republiek_6465	18026	Cate	Cate	Cate
5100	18556	republiek_6467	18539	Tulleken	Tulleken	Tulleken
5101	18557	republiek_6468	18027	Gaijmans	Gaijmans	Gaijmans
5102	18561	republiek_6472	19866	Vatebender	Vatebender	Vatebender
5103	18563	republiek_6474	18029	Steen	Steen	Steen
5104	18564	republiek_6475	18030	Dutry van Haaften	Dutry van Haaften	Dutry van Haaften
5105	18565	republiek_6476	18031	Welderen	Welderen	Welderen
5106	18567	republiek_6478	18032	Graeff	Graeff	Graeff
5107	18568	republiek_6479	18033	Betouw	Betouw	Betouw
5108	18570	republiek_6481	18034	Brantsen	Brantsen	Brantsen
5109	18571	republiek_6483	19871	Huinink	Huinink	Huinink
5110	18572	republiek_6484	18035	Leenhoff de Lespierre	Leenhoff de Lespierre	Leenhoff de Lespierre
5111	18574	republiek_6486	18036	Mist	Mist	Mist
5112	18575	republiek_6487	20397	Delen tot Druten	Delen tot Druten	Delen tot Druten
5113	18576	republiek_6488	18037	Mesteker	Mesteker	Mesteker
5114	18578	republiek_6490	18038	Berg	Berg	Berg
5115	18579	republiek_6492	18039	Solner	Solner	Solner
5116	18580	republiek_6493	18040	Hasebaart	Hasebaart	Hasebaart
5117	18581	republiek_6494	18041	Hoff	Hoff	Hoff
5118	18583	republiek_6497	18042	Lynden van Blitterswijk	Lynden van Blitterswijk	Lynden van Blitterswijk
5119	18584	republiek_6498	18043	Broun	Broun	Broun
5120	18585	republiek_6499	18044	Hamel	Hamel	Hamel
5121	18586	republiek_6500	18045	Bongart	Bongart	Bongart
5122	18587	republiek_6501	18046	Brantsen	Brantsen	Brantsen
5123	18588	republiek_5778	18047	Noyen	Noyen	Noyen
5124	18589	republiek_5779	18048	Els	Els	Els
5125	18590	republiek_5780	18049	Eck	Eck	Eck
5126	18591	republiek_5781	18050	Romswinckel	Romswinckel	Romswinckel
5127	18592	republiek_5782	18051	Reinders	Reinders	Reinders
5128	18593	republiek_5783	18052	Loon	Loon	Loon
5129	18594	republiek_5784	18053	Munster	Munster	Munster
5130	18595	republiek_5785	18054	Dam	Dam	Dam
5131	18596	republiek_5786	18055	Horst	Horst	Horst
5132	18597	republiek_5788	19853	Hasselt	Hasselt	Hasselt
5133	18598	republiek_5789	18056	Eck	Eck	Eck
5134	18599	republiek_5792	20509	Lynden	Lynden tot Ressen	Lynden tot Ressen
5135	18601	republiek_5794	18057	Lynden tot Ressen	Lynden tot Ressen	Lynden tot Ressen
5136	18603	republiek_5796	18058	Dam	Dam	Dam
5137	18604	republiek_5797	20328	Wijnbergen tot de beide Pollen	Wijnbergen tot de beide Pollen	Wijnbergen tot de beide Pollen
5138	18605	republiek_5798	18059	Menthen	Menthen	Menthen
5139	18606	republiek_5799	18060	Klerck	Klerck	Klerck
5140	18607	republiek_5800	18061	Engelen	Engelen	Engelen
5141	18608	republiek_5801	18062	Brantsen	Brantsen	Brantsen
5142	18610	republiek_5803	18063	Westenberg	Westenberg	Westenberg
5143	18611	republiek_5804	18064	Capellen	Capellen	Capellen
5144	18612	republiek_5805	18065	Schrassert	Schrassert	Schrassert
5145	18613	republiek_5806	18066	Harn	Harn	Harn
5146	18614	republiek_5807	18067	Lynden	Lynden	Lynden
5147	18615	republiek_5808	18068	Goris	Goris	Goris
5148	18616	republiek_5809	18069	Schomaker	Schomaker	Schomaker
5149	18617	republiek_5810	18070	Haersolte	Haersolte	Haersolte
5150	18618	republiek_5811	18071	Tengnagell	Tengnagell	Tengnagell
5151	18619	republiek_5812	18072	Hasselt	Hasselt	Hasselt
5152	18620	republiek_5813	18073	Schimmelpenninck van der Oije	Schimmelpenninck van der Oije	Schimmelpenninck van der Oije
5153	18621	republiek_5814	18074	Essenius	Essenius	Essenius
5154	18622	republiek_5815	18075	Cremer	Cremer	Cremer
5155	18623	republiek_5816	18076	Brantsen	Brantsen	Brantsen
5156	18624	republiek_5817	20242	Heeckeren tot Beurse	Heeckeren tot Beurse	Heeckeren tot Beurse
5157	18625	republiek_5818	18077	Bomblé Vatebender	Bomblé Vatebender	Bomblé Vatebender
5158	18626	republiek_5819	18078	Hasselt	Hasselt	Hasselt
5159	18627	republiek_5820	18079	Hasselt	Hasselt	Hasselt
5160	18628	republiek_5821	18080	Man	Man	Man
5161	18629	republiek_5822	18081	Schimmelpenninck van der Oye tot Watergoor	Schimmelpenninck van der Oye tot Watergoor	Schimmelpenninck van der Oye tot Watergoor
5162	18630	republiek_5823	20342	Arnhem	Arnhem	Arnhem
5163	18631	republiek_5825	18082	Eck	Eck	Eck
5164	18632	republiek_5828	18083	Appeltdoorn tot de Poll	Appeltdoorn tot de Poll	Appeltdoorn tot de Poll
5165	18633	republiek_5829	18084	Huyghens tot Clarenbeeck	Huyghens tot Clarenbeeck	Huyghens tot Clarenbeeck
5166	18634	republiek_5830	19910	Glummer	Glimmer	Glimmer
5167	18636	republiek_5832	20109	Heeckeren	Heeckeren	Heeckeren
5168	18637	republiek_5833	18085	Brakell tot den Brakell	Brakell tot den Brakell	Brakell tot den Brakell
5169	18638	republiek_5835	18086	Lintelo tot de Marsch	Lintelo	Lintelo
5170	18639	republiek_5836	18087	Essenius	Essenius	Essenius
5171	18640	republiek_5837	18088	Haersolte	Haersolte	Haersolte
5172	18641	republiek_5838	18089	Engelen	Engelen	Engelen
5173	18642	republiek_5839	18090	Engelen	Engelen	Engelen
5174	18643	republiek_5840	18091	Engelen	Engelen	Engelen
5175	18644	republiek_5841	18092	Sluysken	Sluysken	Sluysken
5176	18645	republiek_5842	18093	Eck	Eck	Eck
5177	18646	republiek_5843	20362	Brantsen	Brantsen	Brantsen
5178	18647	republiek_5844	18094	Steen	Steen	Steen
5179	18648	republiek_5845	18095	Schutten	Schutten	Schutten
5180	18649	republiek_5846	18096	Brantsen	Brantsen	Brantsen
5181	18650	republiek_5847	18097	Kelffken	Kelffken	Kelffken
5182	18651	republiek_5848	18098	Eck	Eck	Eck
5183	18652	republiek_5849	18099	Noorth	Noorth	Noorth
5184	18653	republiek_5850	20253	Hove	Hove	Hove
5185	18654	republiek_5851	18100	Coets	Coets	Coets
5186	18655	republiek_5852	18101	Schoock	Schoock	Schoock
5187	18656	republiek_5853	18102	Hasselt	Hasselt	Hasselt
5188	18657	republiek_5854	18103	Jacobs	Jacobs	Jacobs
5189	18658	republiek_5855	18104	Tackenborgh	Tackenborgh	Tackenborgh
5190	18659	republiek_5856	18105	Sijbrants	Sijbrants	Sijbrants
5191	18660	republiek_5857	18106	Coenders van Ludema	Coenders van Ludema	Coenders van Ludema
5192	18661	republiek_5858	18107	Bennema	Bennema	Bennema
5193	18662	republiek_5859	18108	Ebels	Ebels	Ebels
5194	18663	republiek_5860	18109	Wolthers	Wolthers	Wolthers
5195	18664	republiek_5861	18110	Ritsema	Ritsema	Ritsema
5196	18665	republiek_5862	18111	Hillenius	Hillenius	Hillenius
5197	18666	republiek_5863	18112	Jacobs	Jacobs	Jacobs
5198	18667	republiek_5864	18113	Vossema	Vossema	Vossema
5199	18668	republiek_5865	18114	Altjes	Altjes	Altjes
5200	18669	republiek_5866	18115	Nannings	Nannings	Nannings
5201	18670	republiek_5867	18116	Luitjes	Luitjes	Luitjes
5202	18671	republiek_5868	18117	Wijchel	Wijchel	Wijchel
5203	18672	republiek_5869	18118	Hommens	Hommens	Hommens
5204	18673	republiek_5870	20543	Alberda	Alberda op 't Zandt	Alberda op 't Zandt
5205	18674	republiek_5871	18119	Gockinga	Gockinga	Gockinga
5206	18675	republiek_5872	18120	Sibenius	Sibenius	Sibenius
5207	18676	republiek_5873	18121	Gockinga	Gockinga	Gockinga
5208	18677	republiek_5875	18122	Rensen	Rensen	Rensen
5209	18678	republiek_5876	20101	Coenders van Helpen	Coenders van Helpen	Coenders van Helpen
5210	18679	republiek_5877	18123	Ackema	Ackema	Ackema
5211	18680	republiek_5878	18124	Huisman	Huisman	Huisman
5212	18681	republiek_5879	18125	Henricius	Henricius	Henricius
5213	18682	republiek_5880	18126	Julsing	Julsing	Julsing
5214	18683	republiek_5881	18127	Baukens	Baukens	Baukens
5215	18684	republiek_5882	18128	Solbach	Solbach	Solbach
5216	18685	republiek_5883	18129	Berghuis	Berghuis	Berghuis
5217	18686	republiek_5884	18130	Solbach	Solbach	Solbach
5218	18687	republiek_5885	18131	Ringels	Ringels	Ringels
5219	18689	republiek_5887	18132	Landt	Landt	Landt
5220	18690	republiek_5888	20325	Scherius	Scherius	Scherius
5221	18691	republiek_5889	18133	Laman	Laman	Laman
5222	18692	republiek_5890	18134	Farmsum	Farmsum	Farmsum
5223	18693	republiek_5891	18135	Geertsema	Geertsema	Geertsema
5224	18694	republiek_5892	18136	Luiges	Luiges	Luiges
5225	18695	republiek_5893	18137	Ludolphi	Ludolphi	Ludolphi
5226	18696	republiek_5894	18138	Leo	Leo	Leo
5227	18697	republiek_5895	18139	Robers	Robers	Robers
5228	18698	republiek_5896	18140	Rotgers	Rotgers	Rotgers
5229	18699	republiek_5897	18141	Wichers	Wichers	Wichers
5230	18700	republiek_5898	18142	Bruinsveld	Bruinsveld	Bruinsveld
5231	18701	republiek_5899	18143	Jullens	Jullens	Jullens
5232	18702	republiek_5900	18144	Gockinga	Gockinga	Gockinga
5233	18703	republiek_5901	18145	Koning	Koning	Koning
5234	18704	republiek_5902	18146	Trip	Trip	Trip
5235	18705	republiek_5903	18147	Drews	Drews	Drews
5236	18706	republiek_5904	18148	Gockinga	Gockinga	Gockinga
5237	18707	republiek_5905	18149	Meinardi	Meinardi	Meinardi
5238	18708	republiek_5906	18150	Heek	Heek	Heek
5239	18709	republiek_5907	18151	Meinardi	Meinardi	Meinardi
5240	18710	republiek_5908	18152	Robers	Robers	Robers
5241	18711	republiek_5909	18153	Beckeringh	Beckeringh	Beckeringh
5242	18712	republiek_5910	18154	Laman	Laman	Laman
5243	18713	republiek_5911	18155	Lewe van Middelstum	Lewe van Middelstum	Lewe van Middelstum
5244	18714	republiek_5912	18156	Busch	Busch	Busch
5245	18715	republiek_5913	18157	Flugger	Flugger	Flugger
5246	18716	republiek_5914	18158	Alting	Alting	Alting
5247	18717	republiek_5915	18159	Gockinga	Gockinga	Gockinga
5248	18718	republiek_5916	18160	Adriani	Adriani	Adriani
5249	18719	republiek_5917	18161	Wildervanck	Wildervanck	Wildervanck
5250	18720	republiek_5918	18162	Alberda	Alberda	Alberda
5251	18721	republiek_5920	18163	Rappardus	Rappardus	Rappardus
5252	18722	republiek_5921	18164	Gruys	Gruys	Gruys
5253	18723	republiek_5922	18165	Leeuwen	Leeuwen	Leeuwen
5254	18724	republiek_5923	18166	Wynhoff	Wynhoff	Wynhoff
5255	18725	republiek_5924	18167	Zijl	Zijl	Zijl
5256	18726	republiek_5925	20321	Baexen	Baexen	Baexen
5257	18727	republiek_5926	18168	Weede	Weede	Weede
5258	18728	republiek_5927	18169	Wildt	Wildt	Wildt
5259	18729	republiek_5928	18170	Maeth	Maeth	Maeth
5260	18730	republiek_5929	18171	Zuylen van Natewisch	Zuylen van Natewisch	Zuylen van Natewisch
5261	18731	republiek_5930	18172	Rijsenburch	Rijsenburch	Rijsenburch
5262	18732	republiek_5931	18173	Freys van Dolre	Freys van Dolre	Freys van Dolre
5263	18733	republiek_5932	18174	Wijnen	Wijnen	Wijnen
5264	18735	republiek_5934	18176	Berck	Berck	Berck
5265	18736	republiek_5935	18177	Pesters	Pesters	Pesters
5266	18737	republiek_5936	18178	Pesters	Pesters	Pesters
5267	18738	republiek_5937	18179	Water	Water	Water
5268	18739	republiek_5938	18180	Cuyck	Cuyck	Cuyck
5269	18741	republiek_5940	18181	Cock	Cock	Cock
5270	18742	republiek_5941	18182	Helsdingen	Helsdingen	Helsdingen
5271	18743	republiek_5942	18183	Pallaes	Pallaes	Pallaes
5272	18744	republiek_5943	18184	Zas	Zas	Zas
5273	18745	republiek_5945	18185	Ploos van Amstel	Ploos van Amstel	Ploos van Amstel
5274	18746	republiek_5946	18186	Nijpoort	Nijpoort	Nijpoort
5275	18747	republiek_5947	18187	Straten	Straten	Straten
5276	18748	republiek_5948	18188	Schrasser	Schrasser	Schrasser
5277	18749	republiek_5949	18189	Hellemijs van Welle	Hellemijs van Welle	Hellemijs van Welle
5278	18750	republiek_5950	18190	Wijs	Wijs	Wijs
5279	18751	republiek_5951	18191	Dierhout	Dierhout	Dierhout
5280	18752	republiek_5952	18192	Hoornhoven	Hoornhoven	Hoornhoven
5281	18753	republiek_5953	20688	Weede	Weede	Weede
5282	18754	republiek_5955	20723	Daelen	Dael	Dael
5283	18755	republiek_5956	18193	Ploos	Ploos	Ploos
5284	18756	republiek_5957	20662	Leeuw	Leeuw	Leeuw
5285	18757	republiek_5958	18194	Modé	Modé	Modé
5286	18758	republiek_5959	18195	Heurnius	Heurnius	Heurnius
5287	18759	republiek_5960	18196	Valckenaer	Valckenaer	Valckenaer
5288	18760	republiek_5961	20645	Does	Does	Does
5289	18761	republiek_5962	18197	Booth	Booth	Booth
5290	18762	republiek_5963	18198	Hardenbroek	Hardenbroek	Hardenbroek
5291	18763	republiek_5964	18199	Parmentier	Parmentier	Parmentier
5292	18765	republiek_5966	18200	Moreelse	Moreelse	Moreelse
5293	18766	republiek_5967	18201	Ewijck	Ewijck	Ewijck
5294	18767	republiek_5968	18202	Kerckraad	Kerckraad	Kerckraad
5295	18768	republiek_5969	20676	Renesse van Moermont	Renesse van Moermont	Renesse van Moermont
5296	18769	republiek_5970	18203	Gruijter	Gruijter	Gruijter
5297	18771	republiek_5972	20839	Goyer	Goyer	Goyer
5298	18772	republiek_5973	20356	Weede	Weede	Weede
5299	18773	republiek_5974	18204	Foeyt	Foeyt	Foeyt
5300	18774	republiek_5975	18205	Someren	Someren	Someren
5301	18775	republiek_5976	18206	Halmale	Halmale	Halmale
5302	18776	republiek_5977	20687	Valckenaer	Valckenaer	Valckenaer
5303	18777	republiek_5979	18207	Lienden	Lienden	Lienden
5304	18778	republiek_5980	18208	Parmentier	Parmentier	Parmentier
5305	18779	republiek_5981	18209	Dam	Dam	Dam
5306	18781	republiek_5983	18210	Wijnbergen	Wijnbergen	Wijnbergen
5307	18782	republiek_5984	18211	Mansvelt	Mansvelt	Mansvelt
5308	18783	republiek_5985	18212	Wesel	Wesel	Wesel
5309	18784	republiek_5986	18213	Wijckersloot	Wijckersloot	Wijckersloot
5310	18785	republiek_5987	20646	Does	Does	Does
5311	18786	republiek_5989	18214	Panhuijs	Panhuijs	Panhuijs
5312	18787	republiek_5990	18215	Warmvliet	Warmvliet	Warmvliet
5313	18788	republiek_5991	18216	Bergen	Bergen	Bergen
5314	18789	republiek_5992	18217	Servaes	Servaes	Servaes
5315	18790	republiek_5993	18218	Roijen	Roijen	Roijen
5316	18791	republiek_5994	18219	Hengst	Hengst	Hengst
5317	18793	republiek_5996	20648	Voet van Winssen	Voet van Winssen	Voet van Winssen
5318	18794	republiek_5997	18220	Vastrick	Vastrick	Vastrick
5319	18795	republiek_5998	18221	Timmerman	Timmerman	Timmerman
5320	18796	republiek_5999	18222	Hardenbroek	Hardenbroek	Hardenbroek
5321	18797	republiek_6000	18223	Abcoude van Meerten	Abcoude van Meerten	Abcoude van Meerten
5322	18798	republiek_6002	20669	Nijpoort	Nijpoort	Nijpoort
5323	18799	republiek_6003	18224	Becker	Becker	Becker
5324	18800	republiek_6004	20393	Capellen	Capellen	Capellen
5325	18801	republiek_6005	18225	Domburch	Domburch	Domburch
5326	18802	republiek_6006	18226	Vollenhoven	Vollenhoven	Vollenhoven
5327	18803	republiek_6007	18227	Giessen	Giessen	Giessen
5328	18804	republiek_6008	18228	Strick van Linschoten	Strick van Linschoten	Strick van Linschoten
5329	18805	republiek_6009	20689	Weede	Weede	Weede
5330	18806	republiek_6010	18229	Marez	Marez	Marez
5331	18807	republiek_6011	18230	Schadé	Schadé	Schadé
5332	18808	republiek_6012	18231	Capellen	Capellen	Capellen
5333	18809	republiek_6013	20893	Baerle	Baerle	Baerle
5334	18810	republiek_6014	18232	Veldhuijsen	Veldhuijsen	Veldhuijsen
5335	18812	republiek_6016	18233	Spoor	Spoor	Spoor
5336	18813	republiek_6017	18234	Weede	Weede	Weede
5337	18814	republiek_6018	18235	Does	Does	Does
5338	18815	republiek_6019	18236	Schagen	Schagen	Schagen
5339	18816	republiek_6020	18237	Pynssen van der Aa	Pynssen van der Aa	Pynssen van der Aa
5340	18817	republiek_6021	18238	Boll	Boll	Boll
5341	18819	republiek_6023	20622	Muelen	Muelen	Muelen
5342	18820	republiek_6024	18240	Walkier	Walkier	Walkier
5343	18821	republiek_6025	18241	Nellesteijn	Nellesteijn	Nellesteijn
5344	18822	republiek_6026	18242	Mansvelt	Mansvelt	Mansvelt
5345	18823	republiek_6027	18243	Pool	Pool	Pool
5346	18824	republiek_6028	18244	Pynssen van der Aa	Pynssen van der Aa	Pynssen van der Aa
5347	18825	republiek_6029	18245	Modé	Modé	Modé
5348	18826	republiek_6030	18246	Utenhove	Utenhove	Utenhove
5349	18827	republiek_6031	18247	Huijssen	Huijssen	Huijssen
5350	18828	republiek_6032	18248	Breijer	Breijer	Breijer
5351	18829	republiek_6033	20679	Roelands	Roelands	Roelands
5352	18830	republiek_6034	18249	Doornenburgh	Doornenburgh	Doornenburgh
5353	18831	republiek_6035	18250	Roeck	Roeck	Roeck
5354	18832	republiek_6036	18251	Bronckhorst	Bronckhorst	Bronckhorst
5355	18834	republiek_6038	18252	Perre	Perre	Perre
5356	18835	republiek_6039	19780	Ormea	Ormea	Ormea
5357	18836	republiek_6040	18253	Cleeff	Cleeff	Cleeff
5358	18837	republiek_6041	18254	Westrenen tot Lauwenrecht	Westrenen tot Lauwenrecht	Westrenen tot Lauwenrecht
5359	18838	republiek_6042	18255	Taets van Amerongen	Taets van Amerongen	Taets van Amerongen
5360	18840	republiek_6044	18256	Renesse	Renesse	Renesse
5361	18841	republiek_6045	18257	Milan Visconti	Milan Visconti	Milan Visconti
5362	18842	republiek_6046	18258	Muyden	Muyden	Muyden
5363	18843	republiek_6047	18259	Quint	Quint	Quint
5364	18844	republiek_6048	18260	Falckenhain	Falckenhain	Falckenhain
5365	18845	republiek_6049	18261	Godin	Godin	Godin
5366	18846	republiek_6050	18262	Mansvelt	Mansvelt	Mansvelt
5367	18847	republiek_6051	18263	Blotenburgh	Blotenburgh	Blotenburgh
5368	18848	republiek_6053	18264	Martens	Martens	Martens
5369	18849	republiek_6054	18265	Lastdrager	Lastdrager	Lastdrager
5370	18850	republiek_6055	18266	Ghiessen	Ghiessen	Ghiessen
5371	18851	republiek_6056	18267	Bouwman	Bouwman	Bouwman
5372	18852	republiek_6057	18268	Cleeff	Cleeff	Cleeff
5373	18854	republiek_6059	18269	Ewijck tot den Engh	Ewijck tot den Engh	Ewijck tot den Engh
5374	18855	republiek_6062	18270	Capellen	Capellen	Capellen
5375	18856	republiek_6063	18271	Verweij	Verweij	Verweij
5376	18857	republiek_6064	18272	Haeften	Haeften	Haeften
5377	18858	republiek_6065	18273	Wijs	Wijs	Wijs
5378	18859	republiek_6066	18274	Quint	Quint	Quint
5379	18860	republiek_6067	18275	Utenhove	Utenhove	Utenhove
5380	18861	republiek_6068	18276	Haeften	Haeften	Haeften
5381	18862	republiek_6069	18277	Roosmalen	Roosmalen	Roosmalen
5382	18863	republiek_6070	18278	Jongh	Jongh	Jongh
5383	18864	republiek_6071	18279	Harskamp	Harskamp	Harskamp
5384	18865	republiek_6072	18280	Doublet	Doublet	Doublet
5385	18866	republiek_6073	18281	Asch van Wijck	Asch van Wijck	Asch van Wijck
5386	18867	republiek_6074	18282	Goens	Goens	Goens
5387	18868	republiek_6075	18283	Renesse van Wilp	Renesse van Wilp	Renesse van Wilp
5388	18869	republiek_6076	18284	Capellen	Capellen	Capellen
5389	18870	republiek_6077	18285	Taets van Amerongen	Taets van Amerongen	Taets van Amerongen
5390	18871	republiek_6078	18286	Nassau la Lecq	Nassau la Lecq	Nassau la Lecq
5391	18872	republiek_6079	18287	Godin	Godin	Godin
5392	18873	republiek_6080	18288	Wachendorf	Wachendorf	Wachendorf
5393	18874	republiek_6081	18289	Heuvel	Heuvel	Heuvel
5394	18875	republiek_6082	18290	Vianen	Vianen	Vianen
5395	18876	republiek_6083	18291	Rechteren	Rechteren	Rechteren
5396	18877	republiek_6084	18292	Martens	Martens	Martens
5397	18878	republiek_6085	18293	Veldhuysen	Veldhuysen	Veldhuysen
5398	18879	republiek_6086	18294	Pit	Pit	Pit
5399	18880	republiek_6087	18295	Blondeel	Blondeel	Blondeel
5400	18881	republiek_6088	18296	Capellen	Capellen	Capellen
5401	18882	republiek_6089	18297	Berger	Berger	Berger
5402	18883	republiek_6090	18298	Strick van Linschoten	Strick van Linschoten	Strick van Linschoten
5403	18884	republiek_6091	18299	Eijck	Eijck	Eijck
5404	18885	republiek_6092	18300	Heuvel	Heuvel	Heuvel
5405	18886	republiek_6093	18301	Musschenbroek	Musschenbroek	Musschenbroek
5406	18887	republiek_6094	18302	Westrenen	Westrenen	Westrenen
5407	18888	republiek_6095	18303	Laan	Laan	Laan
5408	18889	republiek_6096	20336	Hengst	Hengst	Hengst
5409	18890	republiek_6097	18304	Westrenen	Westrenen	Westrenen
5410	18891	republiek_6098	18305	Roelans	Roelans	Roelans
5411	18892	republiek_6099	18306	Oosterdijk	Oosterdijk	Oosterdijk
5412	18893	republiek_6100	20042	Tuyll van Serooskerken	Tuyll van Serooskerken	Tuyll van Serooskerken
5413	18894	republiek_6101	20432	Perponcher Sedlnitzky	Perponcher Sedlnitsky	Perponcher Sedlnitsky
5414	18895	republiek_6102	18307	Munnicks	Munnicks	Munnicks
5415	18896	republiek_6103	20401	Geer van Rijnhuizen	Geer van Rijnhuizen	Geer van Rijnhuizen
5416	18897	republiek_6104	18308	Wijs	Wijs	Wijs
5417	18898	republiek_6105	18309	Bronckhorst	Bronckhorst	Bronckhorst
5418	18899	republiek_6106	18310	Taets van Amerongen	Taets van Amerongen	Taets van Amerongen
5419	18900	republiek_6107	18311	Cleeff	Cleeff	Cleeff
5420	18901	republiek_6108	18312	Craeyvanger	Craeyvanger	Craeyvanger
5421	18902	republiek_6109	18313	Wachendorff	Wachendorff	Wachendorff
5422	18903	republiek_6110	18314	Both Hendriksen	Both Hendriksen	Both Hendriksen
5423	18904	republiek_6111	18315	Bentinck	Bentinck	Bentinck
5424	18905	republiek_6112	18316	Musschenbroek	Musschenbroek	Musschenbroek
5425	18906	republiek_6113	18317	Beusechem	Beusechem	Beusechem
5426	18907	republiek_6114	18318	Pauw	Pauw	Pauw
5427	18908	republiek_6115	18319	Romond	Romond	Romond
5428	18909	republiek_6116	20174	Falck	Falck	Falck
5429	18910	republiek_6117	20780	Rijsenburg	Rijsenborch	Rijsenborch
5430	18911	republiek_6118	18320	Roode	Roode	Roode
5431	18912	republiek_6119	18321	Fransz	Fransz	Fransz
5432	18913	republiek_6120	18322	Zuylen van Nyvelt	Zuylen van Nyvelt	Zuylen van Nyvelt
5433	18914	republiek_6121	18323	Renesse van der Aa	Renesse van der Aa	Renesse van der Aa
5434	18915	republiek_6122	18324	Boetzelaar	Boetzelaar	Boetzelaar
5435	18916	republiek_6123	20659	Goyer	Goyer	Goyer
5436	18917	republiek_6124	18325	Renesse van der Aa	Renesse van der Aa	Renesse van der Aa
5437	18918	republiek_6125	18326	Waal van Moersbergen	Waal van Moersbergen	Waal van Moersbergen
5438	18919	republiek_6126	20813	Baexen	Baexen	Baexen
5439	18920	republiek_6127	18327	Ledenberg	Ledenberg	Ledenberg
5440	18922	republiek_6129	18328	Deuverden van Kragtwijck	Deuverden van Kragtwijck	Deuverden van Kragtwijck
5441	18923	republiek_6130	18329	Zuylen van Nyevelt	Zuylen van Nyevelt	Zuylen van Nyevelt
5442	18924	republiek_6131	18330	Nyenrode	Nijenrode	Nijenrode
5443	18925	republiek_6132	18331	Poll	Poll	Poll
5444	18926	republiek_6133	20950	Berch	Berch	Berch
5445	18927	republiek_6134	18332	Dompselaer	Dompselaer	Dompselaer
5446	18928	republiek_6135	20865	Thin	Thin	Thin
5447	18929	republiek_6136	18333	Heermale	Heermale	Heermale
5448	18930	republiek_6137	18334	Waal van Moersbergen	Waal van Moersbergen	Waal van Moersbergen
5449	18931	republiek_6138	18335	Baexen	Baexen	Baexen
5450	18932	republiek_6139	18336	Canter	Canter	Canter
5451	18933	republiek_6140	18337	Zuylen van Nyevelt	Zuylen van Nyevelt	Zuylen van Nyevelt
5452	18934	republiek_6141	20477	Cuyck	Cuyck	Cuyck
5453	18935	republiek_6142	20724	Huchtenbroeck	Huchtenbroeck	Huchtenbroeck
5454	18936	republiek_6143	18338	Dompselaar	Dompselaar	Dompselaar
5455	18937	republiek_6144	18339	Schade	Schade	Schade
5456	18938	republiek_6145	18340	Doornick	Doornick	Doornick
5457	18939	republiek_6146	18341	Westrenen	Westrenen	Westrenen
5458	18940	republiek_6147	18342	Hardevelt	Hardevelt	Hardevelt
5459	18941	republiek_6148	18343	Leerdam	Leerdam	Leerdam
5460	18942	republiek_6149	18344	Eck	Eck	Eck
5461	18943	republiek_6150	20457	Zuylen	Zuylen	Zuylen
5462	18944	republiek_6151	18345	Catz	Catz	Catz
5463	18945	republiek_6152	18346	Radelant	Radelant	Radelant
5464	18946	republiek_6153	18347	Werckhoven	Werckhoven	Werckhoven
5465	18947	republiek_6154	18348	Rijsenburg	Rijsenburg	Rijsenburg
5466	18948	republiek_6156	18349	Helsdingen	Helsdingen	Helsdingen
5467	18949	republiek_6157	19692	Zuylen van Nyevelt	Zuylen van Nyevelt	Zuylen van Nyevelt
5468	18950	republiek_6158	18350	Ploos	Ploos	Ploos
5469	18951	republiek_6161	18351	Rheenen	Rheenen	Rheenen
5470	18952	republiek_6162	18352	Freys van Dolre	Freys van Dolre	Freys van Dolre
5471	18953	republiek_6163	20404	Golstein	Goltstein	Goltstein
5472	18954	republiek_6164	18353	Zuylen van de Haer	Zuylen van de Haer	Zuylen van de Haer
5473	18955	republiek_6165	18354	Weede	Weede	Weede
5474	18956	republiek_6166	20504	Aeswijn	Aeswijn	Aeswijn
5475	18957	republiek_6167	18355	Velthuysen	Velthuysen	Velthuysen
5476	18958	republiek_6168	18356	Strick	Strick	Strick
5477	18959	republiek_6169	18357	Abcoude van Meerten	Abcoude van Meerten	Abcoude van Meerten
5478	18960	republiek_6170	20436	Rossem	Rossem	Rossem
5479	18961	republiek_6171	18358	Renesse van der Aa	Renesse van der Aa	Renesse van der Aa
5480	18963	republiek_6173	18359	Mol	Mol	Mol
5481	18964	republiek_6174	18360	Ablaing	Ablaing	Ablaing
5482	18965	republiek_6175	20972	Lienden	Lienden	Lienden
5483	18966	republiek_6176	18361	Reede	Reede	Reede
5484	18967	republiek_6177	20671	Reede	Reede van Amerongen	Reede van Amerongen
5485	18968	republiek_6178	18362	Cuijlenborch	Cuijlenborch	Cuijlenborch
5486	18969	republiek_6179	18363	Mansfelt	Mansfelt	Mansfelt
5487	18970	republiek_6180	18364	Vlieger	Vlieger	Vlieger
5488	18971	republiek_6181	18365	Weede	Weede	Weede
5489	18972	republiek_6182	18366	Schade	Schade	Schade
5490	18973	republiek_6184	18367	Cuijlenburch	Cuijlenburch	Cuijlenburch
5491	18974	republiek_6185	18368	Wijckerslooth	Wijckerslooth	Wijckerslooth
5492	18975	republiek_6186	18369	Zijl	Zijl	Zijl
5493	18976	republiek_6187	18370	Ridder	Ridder	Ridder
5494	18977	republiek_6188	18371	Godin	Godin	Godin
5495	18978	republiek_6189	18372	Milan Visconti	Milan Visconti	Milan Visconti
5496	18979	republiek_6190	18373	Taets van Amerongen	Taets van Amerongen	Taets van Amerongen
5497	18980	republiek_6191	18374	Martens	Martens	Martens
5498	18981	republiek_6192	18375	Strick van Linschoten	Strick van Linschoten	Strick van Linschoten
5499	18982	republiek_6193	18376	Albinus	Albinus	Albinus
5500	18983	republiek_6194	18377	Woertman	Woertman	Woertman
5501	18984	republiek_6195	18378	Buuren	Buuren	Buuren
5502	18985	republiek_6196	18379	Ablaing	Ablaing	Ablaing
5503	18986	republiek_6197	18380	Wttewaal	Wttewaal	Wttewaal
5504	18987	republiek_6198	18381	Verborcht	Verborcht	Verborcht
5505	18988	republiek_6199	18382	Mansvelt	Mansvelt	Mansvelt
5506	18989	republiek_6200	18383	Ram	Ram	Ram
5507	18991	republiek_6202	18384	Zurck	Zurck	Zurck
5508	18992	republiek_6203	18385	Ochten	Ochten	Ochten
5509	18993	republiek_6204	18386	Kien	Kien	Kien
5510	18994	republiek_6205	18387	Aulnis	Aulnis	Aulnis
5511	18995	republiek_6206	18388	Beeck	Beeck	Beeck
5512	18996	republiek_6207	18389	Royen	Royen	Royen
5513	18997	republiek_6208	18390	Bogaard	Bogaard	Bogaard
5514	18998	republiek_6210	18391	Vos	Vos	Vos
5515	18999	republiek_6211	18392	Muelen	Muelen	Muelen
5516	19000	republiek_6212	18393	Reede van Oudtshoorn	Reede van Oudtshoorn	Reede van Oudtshoorn
5517	19001	republiek_6213	18394	Boddens	Boddens	Boddens
5518	19002	republiek_6214	18395	Loten	Loten	Loten
5519	19003	republiek_6215	18396	Methorst	Methorst	Methorst
5520	19005	republiek_6217	18397	Renesse	Renesse	Renesse
5521	19006	republiek_6218	18398	Muelen	Muelen	Muelen
5522	19007	republiek_6219	18399	Bronckhorst	Bronckhorst	Bronckhorst
5523	19008	republiek_6220	18400	Soestdijck	Soestdijck	Soestdijck
5524	19009	republiek_6221	18401	Martens	Martens	Martens
5525	19010	republiek_6222	18402	Strick van Linschoten	Strick van Linschoten	Strick van Linschoten
5526	19011	republiek_6223	18403	Heycop	Heycop	Heycop
5527	19012	republiek_6224	18404	Huyssen	Huyssen	Huyssen
5528	19014	republiek_6226	18405	Clant van Warfhuizen	Clant van Warfhuizen	Clant van Warfhuizen
5529	19015	republiek_6227	18406	Verborcht	Verborcht	Verborcht
5530	19016	republiek_6228	20657	Sijpesteyn	Sijpesteyn	Sijpesteyn
5531	19017	republiek_6229	18407	Ploos van Amstel	Ploos van Amstel	Ploos van Amstel
5532	19018	republiek_6230	18408	Nellesteyn	Nellesteyn	Nellesteyn
5533	19019	republiek_6231	18409	Voorst	Voorst	Voorst
5534	19020	republiek_6232	18410	Voorst	Voorst	Voorst
5535	19021	republiek_6233	18411	Cleeff	Cleeff	Cleeff
5536	19022	republiek_6234	18412	Becker	Becker	Becker
5537	19023	republiek_6235	20247	Boudaen	Boudaen	Boudaen
5538	19024	republiek_6236	18413	Voet van Winssen	Voet van Winssen	Voet van Winssen
5539	19025	republiek_6237	18414	Velthuysen	Velthuysen	Velthuysen
5540	19027	republiek_6239	20445	Tuyll van Serooskerken	Tuyll van Serooskerken	Tuyll van Serooskerken
5541	19028	republiek_6240	18415	Ram	Ram	Ram
5542	19029	republiek_6241	18416	Capellen	Capellen	Capellen
5543	19030	republiek_6242	18417	Murray	Murray	Murray
5544	19031	republiek_6243	18418	Bosschaert	Bosschaert	Bosschaert
5545	19032	republiek_6244	18419	Benthem	Benthem	Benthem
5546	19033	republiek_6245	20672	Reede	Reede	Reede
5547	19034	republiek_6246	18420	Hardenbroeck	Hardenbroeck	Hardenbroeck
5548	19035	republiek_6247	18421	Godin	Godin	Godin
5549	19036	republiek_6248	18422	Manmaker	Manmaker	Manmaker
5550	19037	republiek_6249	18423	Dinter	Dinter	Dinter
5551	19038	republiek_6250	18424	Hoolck	Hoolck	Hoolck
5552	19039	republiek_6251	20675	Reede	Reede van Renswoude	Reede van Renswoude
5553	19040	republiek_6252	18425	Ewijck	Ewijck	Ewijck
5554	19041	republiek_6253	18426	Wijckersloot	Wijckersloot	Wijckersloot
5555	19042	republiek_6254	18427	Ewijck	Ewijck	Ewijck
5556	19043	republiek_6255	20831	Hamel	Hamel	Hamel
5557	19044	republiek_6256	20665	Mansvelt	Mansvelt	Mansvelt
5558	19045	republiek_6257	20674	Reede	Reede van Nederhorst	Reede van Nederhorst
5559	19046	republiek_6258	20452	Valckenaer	Valckenaer	Valckenaer
5560	19047	republiek_6259	20838	Leeuw	Leeuw	Leeuw
5561	19049	republiek_6261	18428	Leeuwen	Leeuwen	Leeuwen
5562	19050	republiek_6262	18429	Ruysch	Ruysch	Ruysch
5563	19053	republiek_6265	20438	Tuyll van Serooskerken	Tuyll van Serooskerken	Tuyll van Serooskerken
5564	19055	republiek_6267	18431	Heurnius	Heurnius	Heurnius
5565	19056	republiek_6268	18432	Martens	Martens	Martens
5566	19057	republiek_6269	18433	Renesse tot Wilp	Renesse tot Wilp	Renesse tot Wilp
5567	19058	republiek_6270	18434	Pijll	Pijll	Pijll
5568	19060	republiek_6272	20656	Goyer	Goyer	Goyer
5569	19061	republiek_6273	18435	Schaeck	Schaeck	Schaeck
5570	19062	republiek_6275	18436	Abstede	Abstede	Abstede
5571	19063	republiek_6276	18437	Overmeer	Overmeer	Overmeer
5572	19064	republiek_6277	18438	Wijck	Wijck	Wijck
5573	19065	republiek_6278	18439	Roest	Roest	Roest
5574	19066	republiek_6279	18440	Ploos van Amstel	Ploos van Amstel	Ploos van Amstel
5575	19067	republiek_6280	18441	Thiens	Thiens	Thiens
5576	19068	republiek_6282	18442	Wijborch	Wijborch	Wijborch
5577	19069	republiek_6283	20661	Klerck	Klerck	Klerck
5578	19070	republiek_6284	18443	Ploos van Amstel	Ploos van Amstel	Ploos van Amstel
5579	19072	republiek_6286	18444	Solms	Solms	Solms
5580	19073	republiek_6288	20640	Beeck	Beeck	Beeck
5581	19074	republiek_6291	18445	Pels	Pels	Pels
5582	19075	republiek_6293	18446	Nuyssenburg	Nuyssenburg	Nuyssenburg
5583	19077	republiek_6295	18447	Beijer	Beijer	Beijer
5584	19079	republiek_6297	18448	Schrassert	Schrassert	Schrassert
5585	19080	republiek_6298	18449	Heteren	Heteren	Heteren
5586	19082	republiek_6301	18450	Roock	Roock	Roock
5587	19083	republiek_6302	18451	Welderen	Welderen	Welderen
5588	19085	republiek_6304	18452	Lintelo	Lintelo	Lintelo
5589	19086	republiek_6305	18453	Huygens	Huygens	Huygens
5590	19087	republiek_6306	18454	Volmer	Volmer	Volmer
5591	19088	republiek_6307	20524	Broeckhuijsen	Broeckhuysen tot Lathmer en Wilp	Broeckhuysen tot Lathmer en Wilp
5592	19089	republiek_6311	19632	Schull	Schull	Schull
5593	19090	republiek_6312	18455	Bengevoort	Bengevoort	Bengevoort
5594	19092	republiek_6314	18456	Heukelom	Heukelom	Heukelom
5595	19093	republiek_6316	19777	Lith de Jeude	Lidth de Jeude	Lidth de Jeude
5596	19094	republiek_6318	18457	Singendonck	Singendonck	Singendonck
5597	19097	republiek_6321	18458	Schrassert	Schrassert	Schrassert
5598	19098	republiek_6323	18459	Lith	Lith	Lith
5599	19099	republiek_6324	18460	Delen tot Middeldorp	Delen tot Middeldorp	Delen tot Middeldorp
5600	19100	republiek_6325	18461	Wijnbergen tot de Glinthorst	Wijnbergen	Wijnbergen
5601	19101	republiek_6327	18462	Westervelt	Westervelt	Westervelt
5602	19104	republiek_6330	18463	Renssen	Renssen	Renssen
5603	19105	republiek_6331	18464	Haesebroeck	Haesebroeck	Haesebroeck
5604	19106	republiek_6332	20976	Sloet	Sloet	Sloet
5605	19107	republiek_6333	18465	Schuijlenburgh	Schuijlenburgh	Schuijlenburgh
5606	19108	republiek_6334	19836	Essen	Essen	Essen
5607	19109	republiek_6335	18466	Borselen	Borselen	Borselen
5608	19110	republiek_6336	19688	Wentholt	Wentholt	Wentholt
5609	19111	republiek_6337	18467	Schaelen	Schaelen	Schaelen
5610	19112	republiek_6338	18468	Altena	Altena	Altena
5611	19113	republiek_6340	20448	Verkerck	Verkerck	Verkerck
5612	19114	republiek_6342	18497	Torck	Torck	Torck
5613	19115	republiek_6343	18498	Nagell	Nagell	Nagell
5614	19116	republiek_6344	20346	Keppel	Keppel	Keppel
5615	19117	republiek_6345	19856	Wentholt	Wentholt	Wentholt
5616	19119	republiek_6347	18500	Delen tot Lent	Delen tot Lent	Delen tot Lent
5617	19120	republiek_6348	19949	Steen	Steen	Steen
5618	19121	republiek_6350	18501	Randwijck	Randwijck	Randwijck
5619	19123	republiek_6352	18502	Potgieter	Potgieter	Potgieter
5620	19124	republiek_6353	18503	Westenberg	Westenberg	Westenberg
5621	19125	republiek_6355	20371	Huijghens	Huygen	Huygen
5622	19126	republiek_6356	20527	Lawick	Lawick tot Cortenberg	Lawick tot Cortenberg
5623	19127	republiek_6357	18504	Curtius	Curtius	Curtius
5624	19128	republiek_6358	19717	Bijlandt	Bijlandt	Bijlandt
5625	19131	republiek_6361	19685	Munster	Munster	Munster
5626	19132	republiek_6362	18505	Randwijck	Randwijck	Randwijck
5627	19133	republiek_6363	18506	Eck tot Nergena	Eck tot Nergena	Eck tot Nergena
5628	19135	republiek_6365	19817	Rasch	Rasch	Rasch
5629	19137	republiek_6367	18507	Heeckeren	Heeckeren	Heeckeren
5630	19138	republiek_6368	18508	Dutry van Haeften	Dutry van Haeften	Dutry van Haeften
5631	19139	republiek_6369	18509	Ruiven (Ruyven)	Ruiven	Ruiven
5632	19140	republiek_6370	18510	Olmius	Olmius	Olmius
5633	19141	republiek_6371	18511	Verstegen	Verstegen	Verstegen
5634	19142	republiek_6372	19857	Wentholt	Wentholt	Wentholt
5635	19143	republiek_6373	18512	Minningen	Minningen	Minningen
5636	19144	republiek_6374	18513	Cocx	Cocx	Cocx
5637	19145	republiek_6375	18514	Renesse	Renesse	Renesse
5638	19146	republiek_6376	18515	Ruijven	Ruijven	Ruijven
5639	19147	republiek_6377	18516	Pronck	Pronck	Pronck
5640	19149	republiek_6380	18517	Eck tot Teisterbant	Eck tot Teisterbant	Eck tot Teisterbant
5641	19153	republiek_6385	20158	Lawick	Lawick	Lawick
5642	19154	republiek_6387	20469	Brakell tot den Brakell	Brakell tot den Brakell	Brakell tot den Brakell
5643	19155	republiek_6388	18518	Schimmelpenninck van der Oije	Schimmelpenninck van der Oije	Schimmelpenninck van der Oije
5644	19156	republiek_6389	18519	Roock	Roock	Roock
5645	19157	republiek_6390	19636	Bom	Bom	Bom
5646	19158	republiek_6391	18520	Smith	Smith	Smith
5647	19159	republiek_6393	18521	Meester	Meester	Meester
5648	19160	republiek_6395	18522	Lawick	Lawick	Lawick
5649	19161	republiek_6397	18523	Eck	Eck	Eck
5650	19162	republiek_6398	18524	Dedem	Dedem	Dedem
5651	19163	republiek_6399	18525	Bartens	Bartens	Bartens
5652	19164	republiek_6400	20467	Verkerk	Verkerk	Verkerk
5653	19166	republiek_6402	18526	Eck tot Overbeek	Eck tot Overbeek	Eck tot Overbeek
5654	19167	republiek_6403	18527	Schull	Schull	Schull
5655	19168	republiek_6404	18528	Vles	Vles	Vles
5656	19171	republiek_6407	18529	Brande	Brande	Brande
5657	19173	republiek_6409	18531	Vos	Vos	Vos
5658	19174	republiek_6410	18532	Swaan	Swaan	Swaan
5659	19175	republiek_6412	18533	Wecke	Wecke	Wecke
5660	19176	republiek_6413	18534	Lynden	Lynden	Lynden
5661	19177	republiek_6414	19867	Wentholt	Wentholt	Wentholt
5662	19178	republiek_6415	18535	Eijs	Eijs	Eijs
5663	19179	republiek_6416	18536	Schuijlenburgh	Schuijlenburgh	Schuijlenburgh
5664	19181	republiek_6418	19973	Cock van Haaften	Cock van Haaften	Cock van Haaften
5665	19182	republiek_6419	18537	Roukens	Roukens	Roukens
5666	19183	republiek_6420	20358	Welderen	Welderen	Welderen
5667	19184	republiek_6421	18538	Rappard	Rappard	Rappard
5668	19185	republiek_6422	18572	Leeuws van Coolwijk	Leeuws van Coolwijk	Leeuws van Coolwijk
5669	19186	republiek_6423	18573	Schull	Schull	Schull
5670	19187	republiek_6424	20359	Tulleken	Tulleken	Tulleken
5671	19191	republiek_6429	19865	Sloet	Sloet	Sloet
5672	19194	republiek_6432	19864	Löben Sels	Löben Sels	Löben Sels
5673	19195	republiek_6433	18575	Verschoor	Verschoor	Verschoor
5674	19196	republiek_6434	18576	Sandberg	Sandberg	Sandberg
5675	19197	republiek_6435	20361	Brantsen	Brantsen	Brantsen
5676	19198	republiek_6436	19869	Huinink	Huinink	Huinink
5677	19199	republiek_6437	18577	Verheul	Verheul	Verheul
5678	19200	republiek_6438	18578	Wentholt	Wentholt	Wentholt
5679	19201	republiek_6439	18579	Nagell tot Ampsen	Nagell	Nagell
5680	19202	republiek_6440	18580	Reede tot Parkeler	Reede tot Parkeler	Reede tot Parkeler
5681	19203	republiek_6445	18581	Vonck	Vonck	Vonck
5682	19205	republiek_6447	19903	Lindenberg	Lindenberg	Lindenberg
5683	19206	republiek_6448	18582	Bruijn	Bruijn	Bruijn
5684	19207	republiek_6449	20513	Tengnagel	Tengnagell van Gellekom	Tengnagell van Gellekom
5685	19208	republiek_6450	19846	Cremer	Cremer	Cremer
5686	19209	republiek_6451	18583	Delen tot Schonenburg	Delen tot Schonenburg	Delen tot Schonenburg
5687	19210	republiek_6452	19878	Löben Sels	Löben Sels	Löben Sels
5688	19211	republiek_6453	18584	Daenen	Daenen	Daenen
5689	19212	republiek_6454	18585	Josselet	Josselet	Josselet
5690	19213	republiek_6455	18586	Delen tot Druten	Delen tot Druten	Delen tot Druten
5691	19214	republiek_6456	18587	Leeuwen	Leeuwen	Leeuwen
5692	19215	republiek_6457	18588	Pieck	Pieck	Pieck
5693	19216	republiek_6458	18589	Verseijl	Verseijl	Verseijl
5694	19218	republiek_7247	18591	Kreeft	Kreeft	Kreeft
5695	19220	republiek_6503	18620	Brouwer	Brouwer	Brouwer
5696	19221	republiek_6504	18621	Quaet tot Wickraet	Quaet tot Wickraet	Quaet tot Wickraet
5697	19222	republiek_6505	20468	Lidth de Jeude	Lidth de Jeude	Lidth de Jeude
5698	19223	republiek_6506	20482	Randwijck	Randwijck	Randwijck
5699	19225	republiek_6508	18622	Wolf	Wolf	Wolf
5700	19227	republiek_6510	18623	Raad	Raad	Raad
5701	19228	republiek_6511	20521	"Bylandt 
Bylandt"	"Bijlandt-Palsterkamp 
Bylandt"	"Bijlandt-Palsterkamp 
Bylandt"
5702	19229	republiek_6512	18624	Cox	Cox	Cox
5703	19230	republiek_6513	20385	Eck	Eck tot Overbeek	Eck tot Overbeek
5704	19231	republiek_6514	18625	Eck	Eck	Eck
5705	19233	republiek_6516	18626	Julien	Julien	Julien
5706	19234	republiek_6517	19873	Heeckeren, de Roode van	Heeckeren	Heeckeren
5707	19235	republiek_6518	18627	Janssen	Janssen	Janssen
5708	19237	republiek_6520	18629	Brouwer	Brouwer	Brouwer
5709	19238	republiek_6521	18630	Vries	Vries	Vries
5710	19239	republiek_6522	18631	Capellen	Capellen	Capellen
5711	19240	republiek_6523	18632	Bylandt	Bijlandt	Bijlandt
5712	19241	republiek_6524	19876	Hasselt	Hasselt	Hasselt
5713	19242	republiek_6525	18633	Nanning	Nanning	Nanning
5714	19244	republiek_6527	18634	Wilbrenninck	Wilbrenninck	Wilbrenninck
5715	19246	republiek_6529	18635	Scheltinga	Scheltinga	Scheltinga
5716	19248	republiek_6532	19877	Staring	Staring	Staring
5717	19249	republiek_6533	18637	Solner	Solner	Solner
5718	19250	republiek_6534	18638	Nuijen	Nuijen	Nuijen
5719	19251	republiek_6535	20479	Torck	Torck	Torck
5720	19253	republiek_6537	18639	Goltstein	Goltstein	Goltstein
5721	19254	republiek_6538	18640	Gieginck	Gieginck	Gieginck
5722	19255	republiek_6539	19884	Hell	Hell tot Hogenboerel	Hell tot Hogenboerel
5723	19256	republiek_6540	19826	Gendt	Gendt	Gendt
5724	19257	republiek_6542	18641	Hell	Hell tot Holthuys	Hell tot Holthuys
5725	19258	republiek_6543	18642	Giessen	Giessen	Giessen
5726	19260	republiek_6545	18644	Burch	Burch	Burch
5727	19261	republiek_6546	20484	Arnhem	Arnhem tot Nederhagen en Hulshorst	Arnhem tot Nederhagen en Hulshorst
5728	19262	republiek_6547	18645	Kelffken	Kelffken	Kelffken
5729	19263	republiek_6548	18646	Reydt	Reidt	Reidt
5730	19264	republiek_6549	19912	Renesse	Renesse	Renesse
5731	19265	republiek_6550	18647	Dorth	Dorth	Dorth
5732	19266	republiek_6551	20194	Vooght	Voocht	Voocht
5733	19267	republiek_6552	18648	Biesman	Biesman	Biesman
5734	19268	republiek_6553	19900	Beuker	Beucker	Beucker
5735	19269	republiek_6554	18649	Goltstein	Goltstein	Goltstein
5736	19270	republiek_6555	18650	Huygens	Huygens	Huygens
5737	19271	republiek_6556	18651	Bye	Bye	Bye
5738	19272	republiek_6557	19823	Westerholt	Westerholt	Westerholt
5739	19273	republiek_6558	18652	Bentinck	Bentinck tot Aller	Bentinck tot Aller
5740	19276	republiek_6561	18653	Meurs	Meurs	Meurs
5741	19277	republiek_6562	19901	Lennep	Lennep tot Biljjoen	Lennep tot Biljjoen
5742	19278	republiek_6563	20491	Pieck	Pieck tot het Hooge huis te Beest	Pieck tot het Hooge huis te Beest
5743	19279	republiek_6564	20485	Both van der Eem	Both van der Eem	Both van der Eem
5744	19280	republiek_6565	19917	Feith	Feith	Feith
5745	19281	republiek_6566	18654	Voet	Voet	Voet
5746	19282	republiek_6567	19919	Essen	Essen tot Langeler	Essen tot Langeler
5747	19283	republiek_6568	18655	Lennep	Lennep	Lennep
5748	19284	republiek_6569	18656	Voocht	Voocht	Voocht
5749	19285	republiek_6571	18657	Horst	Horst	Horst
5750	19286	republiek_6573	20392	Appeldoorn	Appeldoorn tot de Poll	Appeldoorn tot de Poll
5751	19287	republiek_6574	18658	Glimmer	Glimmer	Glimmer
5752	19288	republiek_6576	19913	Pieck	Pieck van Tienhoven	Pieck van Tienhoven
5753	19289	republiek_6577	18659	Boshoff	Boshoff	Boshoff
5754	19290	republiek_6578	18660	Moeurs	Moeurs	Moeurs
5755	19291	republiek_6579	18661	Riemsdijck	Riemsdijck	Riemsdijck
5756	19292	republiek_6580	18662	Halewijn	Halewijn	Halewijn
5757	19293	republiek_6581	19909	Ruitenborch	Ruitenborch tot Presickhaven	Ruitenborch tot Presickhaven
5758	19294	republiek_6582	19934	Gendt	Gendt	Gendt
5759	19295	republiek_6583	19914	Eck	Eck	Eck
5760	19296	republiek_6584	20501	Randwijck	Randwijck tot Bemmel	Randwijck tot Bemmel
5761	19297	republiek_6585	20455	Arnhem	Arnhem tot Harsseloe	Arnhem tot Harsseloe
5762	19298	republiek_6586	20396	Dedem	Dedem	Dedem
5763	19299	republiek_6587	18663	Kelffken	Kelffken	Kelffken
5764	19300	republiek_6589	18664	Oyen	Oyen	Oyen
5765	19302	republiek_6591	18665	Wolters	Wolters	Wolters
5766	19304	republiek_6593	18666	Both	Both	Both
5767	19305	republiek_6594	18667	Loten	Loten	Loten
5768	19306	republiek_6595	18668	Teekman	Teekman	Teekman
5769	19307	republiek_6596	18669	Laen	Laen	Laen
5770	19309	republiek_6598	18670	Benier	Benier	Benier
5771	19310	republiek_6599	18671	Deurn	Deurn	Deurn
5772	19311	republiek_6600	18672	Both	Both	Both
5773	19313	republiek_6603	18673	Waal	Waal	Waal
5774	19314	republiek_6604	18674	Thiens	Thiens	Thiens
5775	19315	republiek_6605	18675	Gruijter	Gruijter	Gruijter
5776	19316	republiek_6606	18676	Hoeven	Hoeven	Hoeven
5777	19317	republiek_6607	18677	Camerbeeck	Camerbeeck	Camerbeeck
5778	19318	republiek_6608	18678	Valckenburgh	Valckenburgh	Valckenburgh
5779	19319	republiek_6609	18679	Deventer	Deventer	Deventer
5780	19320	republiek_6610	18680	Dolder	Dolder	Dolder
5781	19321	republiek_6611	18681	Oudenrogge	Oudenrogge	Oudenrogge
5782	19322	republiek_6612	18682	Wijckersloot	Wijckersloot	Wijckersloot
5783	19323	republiek_6613	18683	Vosch van Roelingsweert	Vosch van Roelingsweert	Vosch van Roelingsweert
5784	19325	republiek_6615	18684	Foreest	Foreest	Foreest
5785	19326	republiek_6616	18685	Vernatti	Vernatti	Vernatti
5786	19327	republiek_6617	18686	Steenbergh	Steenbergh	Steenbergh
5787	19328	republiek_6618	18687	Wijck	Wijck	Wijck
5788	19329	republiek_6619	18688	Rochair	Rochair	Rochair
5789	19330	republiek_6620	18689	Bitter	Bitter	Bitter
5790	19331	republiek_6621	18690	Velde	Velde	Velde
5791	19332	republiek_6622	18691	Sandick	Sandick	Sandick
5792	19333	republiek_6623	18692	Zwoll	Zwoll	Zwoll
5793	19334	republiek_6624	18693	Goudoever	Goudoever	Goudoever
5794	19335	republiek_6625	18694	Luls	Luls	Luls
5795	19336	republiek_6626	18695	Sandick	Sandick	Sandick
5796	19337	republiek_6627	18696	Senden	Senden	Senden
5797	19338	republiek_6628	18697	Loogen	Loogen	Loogen
5798	19339	republiek_6629	18698	Middelcoop	Middelcoop	Middelcoop
5799	19340	republiek_6630	18699	Foreest	Foreest	Foreest
5800	19341	republiek_6631	18700	Ommeren	Ommeren	Ommeren
5801	19342	republiek_6632	20535	Teschemaker	Teschemaker	Teschemaker
5802	19343	republiek_6633	18701	Montauban	Montauban	Montauban
5803	19344	republiek_6634	18702	Geijn	Geijn	Geijn
5804	19345	republiek_6635	18703	Methorst	Methorst	Methorst
5805	19346	republiek_6636	18704	Nijckerk	Nijckerk	Nijckerk
5806	19347	republiek_6637	18705	Pauw	Pauw	Pauw
5807	19348	republiek_6638	18706	Feith	Feith	Feith
5808	19349	republiek_6639	18707	Rietveld	Rietveld	Rietveld
5809	19350	republiek_6640	18708	Daunis	Daunis	Daunis
5810	19351	republiek_6642	18709	Gillis	Gillis	Gillis
5811	19352	republiek_6643	18710	Wijborgh	Wijborgh	Wijborgh
5812	19353	republiek_6644	18711	Smissaert	Smissaert	Smissaert
5813	19354	republiek_6645	18712	Fouchier	Fouchier	Fouchier
5814	19355	republiek_6646	18713	Bouwensch	Bouwensch	Bouwensch
5815	19358	republiek_6649	18715	Wieringen	Wieringen	Wieringen
5816	19359	republiek_6651	18716	Meningen	Meningen	Meningen
5817	19360	republiek_6652	18717	Dam	Dam	Dam
5818	19361	republiek_6653	18718	Goudoever	Goudoever	Goudoever
5819	19362	republiek_6654	18719	Ruever	Ruever	Ruever
5820	19363	republiek_6655	18720	Dussen	Dussen	Dussen
5821	19364	republiek_6656	18721	Plucker	Plucker	Plucker
5822	19365	republiek_6657	18722	Deventer	Deventer	Deventer
5823	19366	republiek_6658	18723	Verhel	Verhel	Verhel
5824	19367	republiek_6659	18724	Brinkenstein	Brinkenstein	Brinkenstein
5825	19368	republiek_6660	18725	Kluppel	Kluppel	Kluppel
5826	19369	republiek_6661	18726	Coevorden	Coevorden	Coevorden
5827	19370	republiek_6662	18727	Ossenberg	Ossenberg	Ossenberg
5828	19371	republiek_6663	18728	Frijkenuis	Frijkenuis	Frijkenuis
5829	19372	republiek_6664	18729	Both	Both	Both
5830	19373	republiek_6666	18730	IJssem	IJssem	IJssem
5831	19374	republiek_6668	18731	Bruijn	Bruijn	Bruijn
5832	19378	republiek_6677	18732	Jonkheer	Jonkheer	Jonkheer
5833	19379	republiek_6678	18733	Harscamp	Harscamp	Harscamp
5834	19380	republiek_6681	18734	Cockengen	Cockengen	Cockengen
5835	19381	republiek_6684	18735	Beverwaerd	Beverwaerd	Beverwaerd
5836	19382	republiek_6687	18736	Lamzweerde	Lamzweerde	Lamzweerde
5837	19383	republiek_6689	18756	Gobius	Gobius	Gobius
5838	19385	republiek_6691	18757	Groenewoude	Groenewoude	Groenewoude
5839	19386	republiek_6693	18758	Reynhard	Reynhard	Reynhard
5840	19387	republiek_6697	18759	Laat	Laat	Laat
5841	19388	republiek_6698	18760	Horst	Horst	Horst
5842	19389	republiek_6702	20427	Perpocnher de Sedlnitzky	Perponcher de Sedlnitzky	Perponcher de Sedlnitzky
5843	19390	republiek_6705	18761	Meulen	Meulen	Meulen
5844	19391	republiek_6709	19847	Schimmelpenninck van der Oye	Schimmelpenninck van der Oye	Schimmelpenninck van der Oye
5845	19392	republiek_6710	18762	Curtius van Nieuwwaal	Curtius van Nieuwwaal	Curtius van Nieuwwaal
5846	19393	republiek_6711	20973	Rechteren	Rechteren	Rechteren
5847	19394	republiek_6712	18763	Bern	Bern	Bern
5848	19395	republiek_6713	18764	Harvick	Harvick	Harvick
5849	19396	republiek_6714	18765	Ruijter	Ruijter	Ruijter
5850	19398	republiek_6716	18766	Metz	Metz	Metz
5851	19399	republiek_6717	18767	Scheltus	Scheltus	Scheltus
5852	19401	republiek_6722	19907	Lange	Lange	Lange
5853	19402	republiek_6723	18768	Does	Does	Does
5854	19403	republiek_6724	18769	Moering	Moering	Moering
5855	19404	republiek_6725	18770	Heuven	Heuven	Heuven
5856	19405	republiek_6726	18771	Boers	Boers	Boers
5857	19407	republiek_6728	18772	Pous	Pous	Pous
5858	19409	republiek_6732	20192	Vossenburch	Vossenburch	Vossenburch
5859	19410	republiek_6733	18773	Hoogtwoud	Hoogtwoud	Hoogtwoud
5860	19412	republiek_6737	18774	Moeskoker	Moeskoker	Moeskoker
5861	19413	republiek_6738	18775	Loosen	Loosen	Loosen
5862	19414	republiek_6739	18776	Duivensz.	Duivensz.	Duivensz.
5863	19416	republiek_6740	18777	Duivensz.	Duivensz.	Duivensz.
5864	19417	republiek_6741	18778	Loosen	Loosen	Loosen
5865	19418	republiek_6742	18779	Loosen	Loosen	Loosen
5866	19420	republiek_6744	18780	Willige	Willige	Willige
5867	19421	republiek_6746	20775	Veeken	Veeken	Veeken
5868	19422	republiek_6747	20770	Meyden	Meyden	Meyden
5869	19423	republiek_6748	20773	Aa	Aa	Aa
5870	19424	republiek_6749	20236	Loon	Loon	Loon
5871	19425	republiek_6750	20783	Vredenburch	Vredenburch	Vredenburch
5872	19426	republiek_6751	20781	Jonge	Jonge	Jonge
5873	19427	republiek_6752	18781	Leck	Leck	Leck
5874	19429	republiek_6754	18783	Thoveling	Thoveling	Thoveling
5875	19431	republiek_6756	18784	Visch	Visch	Visch
5876	19432	republiek_6758	20784	Meyden	Meyden	Meyden
5877	19433	republiek_6759	20789	Hartingsvelt	Hartingsvelt	Hartingsvelt
5878	19434	republiek_6760	20785	Besemer	Besemer	Besemer
5879	19436	republiek_6763	18785	Burgh	Burgh	Burgh
5880	19437	republiek_6764	20792	Verschuer	Verschuer	Verschuer
5881	19438	republiek_6765	20787	Bergen	Bergen	Bergen
5882	19439	republiek_6766	20788	Sonmans	Sonmans	Sonmans
5883	19440	republiek_6767	20793	Hartigsvelt	Hartigsvelt	Hartigsvelt
5884	19441	republiek_6768	18786	Bergh	Bergh	Bergh
5885	19442	republiek_6769	18787	Coninck	Coninck	Coninck
5886	19443	republiek_6770	20799	Prins	Prins	Prins
5887	19445	republiek_6772	20801	Vries	Vries	Vries
5888	19446	republiek_6773	20796	Couwenhove	Couwenhoven	Couwenhoven
5889	19448	republiek_6775	18788	Sonmans	Sonmans	Sonmans
5890	19449	republiek_6776	20808	Belle	Belle	Belle
5891	19450	republiek_6777	18789	Elsevier	Elsevier	Elsevier
5892	19451	republiek_6779	20817	Schepers	Schepers	Schepers
5893	19452	republiek_6780	20771	Belle de Jonge	Belle	Belle
5894	19453	republiek_6781	20822	Noorthey	Noordhey	Noordhey
5895	19454	republiek_6782	20820	Beyer	Beyer	Beyer
5896	19455	republiek_6783	18790	Snellen	Snellen	Snellen
5897	19456	republiek_6784	18791	Eelbo	Eelbo	Eelbo
5898	19457	republiek_5261	18792	Essen	Essen	Essen
5899	19460	republiek_6788	20229	Paets	Paets	Paets
5900	19461	republiek_6789	20776	Bois	Bois	Bois
5901	19465	republiek_6793	20807	Prins	Prins	Prins
5902	19466	republiek_6794	20819	Staveren	Staveren	Staveren
5903	19467	republiek_6795	20809	Ijzendorn	Ysendoorn	Ysendoorn
5904	19471	republiek_6800	18794	Westervelt	Westervelt	Westervelt
5905	19472	republiek_6802	18795	Jonge	Jonge	Jonge
5906	19474	republiek_6805	18797	Pelser	Pelser	Pelser
5907	19475	republiek_6806	18798	Steenhuysen	Steenhuysen	Steenhuysen
5908	19476	republiek_6807	18799	Hinloopen	Hinloopen	Hinloopen
5909	19477	republiek_6808	18800	Gardijn	Gardijn	Gardijn
5910	19478	republiek_6809	18801	Brasser	Brasser	Brasser
5911	19479	republiek_6810	18802	Scharlaken	Scharlaken	Scharlaken
5912	19480	republiek_6811	18803	Vesterman	Vesterman	Vesterman
5913	19481	republiek_6812	18804	Brouwer	Brouwer	Brouwer
5914	19482	republiek_6813	18805	Loots	Loots	Loots
5915	19483	republiek_6814	18806	Ysbrands	Ysbrands	Ysbrands
5916	19484	republiek_6815	18807	Hagha	Hagha	Hagha
5917	19485	republiek_6816	18808	Gerritsz.	Gerritsz.	Gerritsz.
5918	19486	republiek_6817	18809	Blaeuhulk	Blaeuhulk	Blaeuhulk
5919	19487	republiek_6818	18810	Semeyns	Semeyns	Semeyns
5920	19488	republiek_6820	18811	Gent	Gent	Gent
5921	19489	republiek_6821	18812	Lucasz.	Lucasz.	Lucasz.
5922	19490	republiek_6822	18813	Huygh	Huygh	Huygh
5923	19491	republiek_6823	18814	Proost	Proost	Proost
5924	19492	republiek_6824	18815	Timman	Timman	Timman
5925	19493	republiek_6825	18816	Jewel	Jewel	Jewel
5926	19494	republiek_6826	18817	Hardebol	Hardebol	Hardebol
5927	19495	republiek_6827	18818	Roodvelt	Roodvelt	Roodvelt
5928	19496	republiek_6828	18819	Jgaer	Jager	Jager
5929	19497	republiek_6829	18820	Vossen	Vossen	Vossen
5930	19499	republiek_6831	18821	Mul	Mul	Mul
5931	19501	republiek_6832	18822	Reneman	Reneman	Reneman
5932	19502	republiek_6833	19863	Hasfelt	Hasselt	Hasselt
5933	19503	republiek_6834	20363	Brantsen	Brantsen	Brantsen
5934	19505	republiek_6839	18823	Smits	Smits	Smits
5935	19506	republiek_6840	18824	Nagel	Nagel	Nagel
5936	19509	republiek_6843	18825	Cremer	Cremer	Cremer
5937	19511	republiek_6846	18826	Schock	Schock	Schock
5938	19513	republiek_6848	18827	Sweers	Sweers	Sweers
5939	19514	republiek_6849	20821	Rippersz	Rippersz.	Rippersz.
5940	19516	republiek_6851	20374	Baer	Baer	Baer
5941	19519	republiek_6856	19881	Hasebroek	Hasebroek	Hasebroek
5942	19520	republiek_6857	19882	Crookeus	Crookeeüs	Crookeeüs
5943	19522	republiek_6859	18829	Nagel	Nagel	Nagel
5944	19523	republiek_6860	18830	Diest	Diest	Diest
5945	19525	republiek_6862	18831	Cooth	Cooth	Cooth
5946	19526	republiek_6863	19874	Heeckeren	Heeckeren	Heeckeren
5947	19527	republiek_6864	18832	Betoin	Betoin	Betoin
5948	19528	republiek_6865	18833	Engelen	Engelen	Engelen
5949	19529	republiek_6867	18834	Steen	Steen	Steen
5950	19530	republiek_6868	18835	Gordon	Gordon	Gordon
5951	19531	republiek_6869	18836	Hardus	Hardus	Hardus
5952	19532	republiek_6870	18837	Grootennaaij	Grootennaaij	Grootennaaij
5953	19533	republiek_6871	18838	Steen	Steen	Steen
5954	19534	republiek_6872	18839	Haesebroek	Haesebroek	Haesebroek
5955	19535	republiek_6874	18840	Raschen	Raschen	Raschen
5956	19536	republiek_6875	18841	Steen	Steen	Steen
5957	19537	republiek_6876	18842	Ommeren	Ommeren	Ommeren
5958	19538	republiek_6878	18843	Bögel	Bögel	Bögel
5959	19539	republiek_2652	18844	Rees	Rees	Rees
5960	19540	republiek_6879	18845	Soldner	Soldner	Soldner
5961	19541	republiek_6880	20678	Ripperda tot Buerse	Ripperda tot Buerse	Ripperda tot Buerse
5962	19542	republiek_6881	18846	Wijnen	Wijnen	Wijnen
5963	19543	republiek_6883	18847	Klinkenberg van Echten	Klinkenberg van Echten	Klinkenberg van Echten
5964	19544	republiek_6884	18848	Dam	Dam	Dam
5965	19545	republiek_6885	18849	Bijland	Bijland	Bijland
5966	19548	republiek_6889	18851	Boeijer	Boeijer	Boeijer
5967	19549	republiek_6890	18852	Wijntgins	Wijntgis	Wijntgis
5968	19550	republiek_6891	18853	Bruynvis	Bruynvis	Bruynvis
5969	19552	republiek_6896	18854	Avenhoorn	Avenhoorn	Avenhoorn
5970	19553	republiek_6898	18855	Akerlaken	Akerlaken	Akerlaken
5971	19554	republiek_6899	18856	Verloren	Verloren	Verloren
5972	19555	republiek_6902	18857	Raedt	Raedt	Raedt
5973	19556	republiek_6903	18858	Dussen	Dussen	Dussen
5974	19557	republiek_6905	18859	Lodensteyn	Lodensteyn	Lodensteyn
5975	19558	republiek_6906	18860	Meerman	Meerman	Meerman
5976	19559	republiek_6907	18861	Willigen	Willigen	Willigen
5977	19560	republiek_6908	18862	Balbiaen	Balbiaen	Balbiaen
5978	19561	republiek_6909	18863	Dedel	Dedel	Dedel
5979	19562	republiek_6910	19309	Meerman	Meerman	Meerman
5980	19563	republiek_6911	18864	Adrichem	Adrichem	Adrichem
5981	19564	republiek_6912	20774	Gijsen	Gijsen van Overmaas	Gijsen van Overmaas
5982	19565	republiek_6913	20760	Berckel	Berckel	Berckel
5983	19566	republiek_6914	20762	Bleyswijck	Bleyswijck	Bleyswijck
5984	19568	republiek_6916	20782	Bossaerd	Bossaerd	Bossaerd
5985	19570	republiek_6919	20768	Meerman	Meerman	Meerman
5986	19572	republiek_6921	20798	Chijs	Chijs	Chijs
5987	19575	republiek_6924	20806	Lodesteijn	Lodesteijn	Lodesteijn
5988	19576	republiek_6757	18865	Sonmans	Sonmans	Sonmans
5989	19577	republiek_6925	20814	Meerman	Meerman	Meerman
5990	19578	republiek_6926	20815	Briell	Briell	Briell
5991	19579	republiek_6927	20823	Burch	Burch	Burch
5992	19582	republiek_6933	18867	Bleyswijck	Bleyswijck	Bleyswijck
5993	19583	republiek_6934	18868	Vredenburch	Vredenburch	Vredenburch
5994	19585	republiek_6936	18869	Buren	Buren	Buren
5995	19586	republiek_6937	18870	Kraeijevanger	Kraeijevanger	Kraeijevanger
5996	19587	republiek_6938	18871	Vredenburch	Vredenburch	Vredenburch
5997	19588	republiek_6939	18872	Straaten	Straaten	Straaten
5998	19589	republiek_6940	18873	Lesage	Lesage	Lesage
5999	19590	republiek_6941	20655	Munq	Munck	Munck
6000	19591	republiek_6942	20653	Reygersberge	Reigersberg	Reigersberg
6001	19592	republiek_6943	20652	Meunicx	Muenicx	Muenicx
6002	19594	republiek_6945	20453	Kien	Kien	Kien
6003	19595	republiek_6946	18874	Helm	Helm	Helm
6004	19596	republiek_6947	20683	Ingels	Ingels	Ingels
6005	19597	republiek_6949	18875	Brouwer	Brouwer	Brouwer
6006	19598	republiek_6950	20691	Duvelaer	Duvelaer	Duvelaer
6007	19599	republiek_6951	20244	Blocquerie	Blocquery	Blocquery
6008	19600	republiek_6954	18876	Auber	Auber	Auber
6009	19601	republiek_6958	18877	Schut	Schut	Schut
6010	19602	republiek_6962	18878	Vos	Vos	Vos
6011	19603	republiek_6963	18879	Vletscher	Vletscher	Vletscher
6012	19604	republiek_6966	18880	Mijnden	Mijnden	Mijnden
6013	19605	republiek_6967	18881	Aa	Aa	Aa
6014	19606	republiek_6973	20698	Tresel	Tresel	Tresel
6015	19607	republiek_6679	18883	Harderwijk	Harderwijk	Harderwijk
6016	19610	republiek_6977	18884	Boddaert	Boddaert	Boddaert
6017	19611	republiek_6978	18885	Schorer	Schorer	Schorer
6018	19612	republiek_6979	20705	Thyssen	Thyssen	Thyssen
6019	19613	republiek_6980	18886	Munq	Munq	Munq
6020	19614	republiek_6981	20701	Hurgronje	Hurgronje	Hurgronje
6021	19616	republiek_6985	18887	Barnevelt	Barnevelt	Barnevelt
6022	19617	republiek_6986	18888	Borger	Borger	Borger
6023	19618	republiek_6990	18889	Rauwenhoff	Rauwenhoff	Rauwenhoff
6024	19619	republiek_6992	18890	Middachten	Middachten	Middachten
6025	19620	republiek_6993	18891	Schassert	Schassert	Schassert
6026	19621	republiek_6994	20386	Braeckel tot Kermestein	Brakell tot Karmenstein	Brakell tot Karmenstein
6027	19622	republiek_6995	18892	Heeckeren	Heeckeren	Heeckeren
6028	19623	republiek_6996	18893	Zeli	Zeli	Zeli
6029	19624	republiek_6998	18894	Tengbergen	Tengbergen	Tengbergen
6030	19626	republiek_7006	18895	Schoock	Schoock	Schoock
6031	19627	republiek_7007	18896	Cocq van Kerckwijck	Cocq van Kerckwijck	Cocq van Kerckwijck
6032	19628	republiek_7008	18897	Stegeman	Hegeman	Hegeman
6033	19630	republiek_7010	18898	Ommeren	Ommeren	Ommeren
6034	19631	republiek_7011	18899	Roeth	Roeth	Roeth
6035	19632	republiek_7013	18900	Pronck	Pronck	Pronck
6036	19633	republiek_7015	18901	Rheen	Rheen	Rheen
6037	19634	republiek_7016	18902	During	During	During
6038	19635	republiek_7017	18903	Basque	Basque	Basque
6039	19636	republiek_7018	18904	Staveren	Staveren	Staveren
6040	19637	republiek_7019	18905	Nieuburgh	Nieuburgh	Nieuburgh
6041	19638	republiek_7020	18906	Stutler van Surck	Stutler van Surck	Stutler van Surck
6042	19639	republiek_7021	18907	Chastelain	Chastelain	Chastelain
6043	19640	republiek_7248	18908	Vos	Vos	Vos
6044	19641	republiek_6685	18909	Methorst	Methorst	Methorst
6045	19642	republiek_7029	20142	Lauwyck	Lawick	Lawick
6046	19645	republiek_7039	18910	Bronckhorst tot de Pol	Bronckhorst tot de Pol	Bronckhorst tot de Pol
6047	19646	republiek_7047	18911	Greve	Greve	Greve
6048	19647	republiek_7048	18912	Brienen	Brienen	Brienen
6049	19648	republiek_7051	18913	Galen	Galen	Galen
6050	19649	republiek_7052	18914	Dibbits	Dibbits	Dibbits
6051	19650	republiek_7053	19923	Sluysken	Sluysken	Sluysken
6052	19652	republiek_7057	18915	Ruyter	Ruyter	Ruyter
6053	19653	republiek_7060	18916	Vrede	Vrede	Vrede
6054	19654	republiek_7062	19682	Dans	Dans	Dans
6055	19655	republiek_7065	20364	Everwijn	Everwijn	Everwijn
6056	19656	republiek_7066	18917	Muijs	Muys	Muys
6057	19657	republiek_7067	18918	Feith	Feith	Feith
6058	19658	republiek_7070	18919	Galen	Galen	Galen
6059	19659	republiek_7071	18920	Herberts	Herberts	Herberts
6060	19660	republiek_7074	18921	Bigge	Bigge	Bigge
6061	19661	republiek_7075	18922	Cruijner	Cruijner	Cruijner
6062	19662	republiek_7077	18923	Avercamp	Avercamp	Avercamp
6063	19664	republiek_7078	18924	Swaen	Swaen	Swaen
6064	19665	republiek_7079	18925	Eijgel	Eijgel	Eijgel
6065	19666	republiek_7080	18926	Wilbrenninck	Wilbrenninck	Wilbrenninck
6066	19667	republiek_7082	18927	Busch	Busch	Busch
6067	19668	republiek_7083	18928	Amerongen	Amerongen	Amerongen
6068	19669	republiek_7085	18929	Suijck	Suijck	Suijck
6069	19670	republiek_7086	18930	Schrassert	Schrassert	Schrassert
6070	19671	republiek_7088	18931	Thiel	Thiel	Thiel
6071	19672	republiek_7089	18932	Wilbrenninck	Wilbrenninck	Wilbrenninck
6072	19673	republiek_7090	18933	Oostbaen	Oostbaen	Oostbaen
6073	19674	republiek_7091	18934	Cloeck	Cloeck	Cloeck
6074	19675	republiek_7092	18935	Schimmelpenninck van der Oye	Schimmelpenninck van der Oye	Schimmelpenninck van der Oye
6075	19676	republiek_7094	18936	Meijlink	Meijlink	Meijlink
6076	19677	republiek_7095	18937	Eck	Eck	Eck
6077	19678	republiek_7096	18938	Menthen	Menthen	Menthen
6078	19679	republiek_7098	18939	Suurmont	Suurmont	Suurmont
6079	19680	republiek_7100	18940	Geltsaijer	Geltsaijer	Geltsaijer
6080	19681	republiek_7102	18941	Graaff	Graaff	Graaff
6081	19682	republiek_7103	18942	Apeldoorn	Apeldoorn	Apeldoorn
6082	19683	republiek_7104	18943	Schuijlenborch	Schuijlenborch	Schuijlenborch
6083	19684	republiek_7106	18944	Coets	Coets	Coets
6084	19685	republiek_7110	18945	Ingen	Ingen	Ingen
6085	19686	republiek_7112	18946	Wolfsen	Wolfsen	Wolfsen
6086	19687	republiek_7113	18947	Hoff	Hoff	Hoff
6087	19688	republiek_7114	18948	Wolfsen	Wolfsen	Wolfsen
6088	19689	republiek_7117	18949	Westerveld	Westerveld	Westerveld
6089	19690	republiek_7121	18950	Pannekoek	Pannekoek	Pannekoek
6090	19691	republiek_7123	18951	Mosburger	Mosburger	Mosburger
6091	19692	republiek_7125	18952	Hoff	Hoff	Hoff
6092	19693	republiek_7126	18953	Martinius	Martinius	Martinius
6093	19694	republiek_7127	18954	Wijnen	Wijnen	Wijnen
6094	19695	republiek_6888	18955	Coster	Coster	Coster
6095	19696	republiek_7129	18956	Nooyen	Nooyen	Nooyen
6096	19697	republiek_7133	18957	Haegen	Haegen	Haegen
6097	19698	republiek_7134	19721	Veldinck	Veldinck	Veldinck
6098	19699	republiek_7138	18958	Ver Huel	Verheul	Verheul
6099	19701	republiek_7142	18959	Visser	Visser	Visser
6100	19702	republiek_7149	18960	Sluijsken	Sluijsken	Sluijsken
6101	19703	republiek_7153	18961	Bigge	Bigge	Bigge
6102	19704	republiek_7155	18962	Passaart	Passaart	Passaart
6103	19705	republiek_7162	18963	Verheijden	Verheijden	Verheijden
6104	19706	republiek_7166	18964	Leeuwens	Leeuwens	Leeuwens
6105	19707	republiek_7167	18965	Lennep	Lennep	Lennep
6106	19708	republiek_7175	18966	Roy	Roy	Roy
6107	19710	republiek_7179	18967	Voort	Voort	Voort
6108	19711	republiek_4955	20449	Tuyll van Serooskerken	Tuyll van Serooskerken	Tuyll van Serooskerken
6109	19712	republiek_7180	18968	Eck	Eck	Eck
6110	19714	republiek_7184	20502	Bronckhorst	Bronckhorst te Bemmel	Bronckhorst te Bemmel
6111	19715	republiek_7190	18969	Bouwens	Bouwens	Bouwens
6112	19716	republiek_7194	18970	Campen	Campen	Campen
6113	19717	republiek_7196	18971	Wal	Wal	Wal
6114	19718	republiek_7197	18972	Lynden	Lynden	Lynden
6115	19719	republiek_7198	18973	Pauli	Pauli	Pauli
6116	19720	republiek_7199	18974	Cock van Delwijnen	Cock van Delwijnen	Cock van Delwijnen
6117	19721	republiek_7200	18975	Corneliss	Corneliss	Corneliss
6118	19722	republiek_7207	20472	Eck	Eck	Eck
6119	19723	republiek_7209	18976	Gendt	Gendt	Gendt
6120	19724	republiek_7212	18977	Vries	Vries	Vries
6121	19725	republiek_7215	18978	's Gravenweert	's Gravenweert	's Gravenweert
6122	19726	republiek_7218	18979	Vladeracken	Vladeracken	Vladeracken
6123	19727	republiek_7227	18980	Meurs	Meurs	Meurs
6124	19729	republiek_7230	19759	Aertsen	Aertsen	Aertsen
6125	19730	republiek_6692	18981	Metz	Metz	Metz
6126	19731	republiek_7236	18982	Coijman	Coijman	Coijman
6127	19733	republiek_7239	20474	Leeuwen	Leeuwen	Leeuwen
6128	19734	republiek_7241	20464	Lynden	Lynden	Lynden
6129	19735	republiek_7243	18983	Schoock	Schoock	Schoock
6130	19737	republiek_7245	18985	Balveren	Balveren	Balveren
6131	19738	republiek_7246	18986	Ingenool	Ingenool	Ingenool
6132	19739	republiek_6694	18997	Wijngaarden	Wijngaarden	Wijngaarden
6133	19740	republiek_6688	19017	Lijnden	Lijnden	Lijnden
6134	19741	republiek_4936	19056	Klerck	Klerck	Klerck
6135	19742	republiek_6700	19095	Kolff	Kolff	Kolff
6136	19743	republiek_4935	19128	Deventer	Deventer	Deventer
6137	19744	republiek_6683	19165	Ash van Wijk	Ash van Wijk	Ash van Wijk
6138	19745	republiek_4737	19203	Pesters	Pesters	Pesters
6139	19746	republiek_6704	20841	Dussen	Dussen	Dussen
6140	19747	republiek_6708	19276	Dam	Dam	Dam
6141	19748	republiek_6718	19305	Does	Does	Does
6142	19749	republiek_6719	19340	Heuvel	Heuvel	Heuvel
6143	19750	republiek_6720	19372	Methorst	Methorst	Methorst
6144	19751	republiek_6707	19408	Schaik	Schaik	Schaik
6145	19752	republiek_6801	19446	Gerritz	Gerritz	Gerritz
6146	19753	republiek_4801	19895	Schimmelpenninck van der Oye	Schimmelpenninck van der Oye	Schimmelpenninck van der Oye
6147	19754	republiek_6762	20786	Coninck	Coninck	Coninck
6148	19755	republiek_6778	20456	Wassenaer	Wassenaer	Wassenaer
6149	19756	republiek_6804	19490	Loosen	Loosen	Loosen
6150	19757	republiek_6819	19529	Loosen	Loosen	Loosen
6151	19758	republiek_6844	19565	Albink	Albink	Albink
6152	19759	republiek_5787	19593	Brienen	Brienen	Brienen
6153	19760	republiek_7084	19595	Lutteken	Lutteken	Lutteken
6154	19761	republiek_7101	19596	Grothe	Grothe	Grothe
6155	19762	republiek_6968	19597	Tulleken	Tulleken	Tulleken
6156	19763	republiek_4819	19598	Tulleken	Tulleken	Tulleken
6157	19764	republiek_7116	19599	Hart	Hart	Hart
6158	19765	republiek_7131	19600	Balveren tot den Oldenhof	Balveren tot den Oldenhof	Balveren tot den Oldenhof
6159	19767	republiek_6734	19601	Broeke	Broeke	Broeke
6160	19768	republiek_6730	19602	Everwijn	Everwijn	Everwijn
6161	19769	republiek_6309	19603	Ham	Ham	Ham
6162	19770	republiek_4580	19604	Verbolt	Verbolt	Verbolt
6163	19771	republiek_6695	19605	Heeckeren	Heeckeren	Heeckeren
6164	19772	republiek_6836	20407	Heeckeren tot de Cloese	Heeckeren tot de Cloese	Heeckeren tot de Cloese
6165	19773	republiek_6893	19607	Suchtelen	Suchtelen	Suchtelen
6166	19774	republiek_6904	19608	Sasbout	Sasbout	Sasbout
6167	19776	republiek_6895	19609	Bredehoff	Bredehoff	Bredehoff
6168	19777	republiek_6745	19610	Drakenburg	Drakenburg	Drakenburg
6169	19778	republiek_6873	19611	Hoeckelom	Hoeckelom	Hoeckelom
6170	19779	republiek_6882	19612	Adam	Adam	Adam
6171	19780	republiek_6852	19613	Hoeclum	Hoeclum	Hoeclum
6172	19781	republiek_6897	19614	Schagen	Schagen	Schagen
6173	19782	republiek_6917	20224	Pauw	Pauw	Pauw
6174	19783	republiek_7151	19615	Edingh	Edingh	Edingh
6175	19784	republiek_6853	19616	Goris	Goris	Goris
6176	19785	republiek_6900	19617	Kaldenbach	Kaldenbach	Kaldenbach
6177	19786	republiek_2395	19618	Santen	Santen	Santen
6178	19787	republiek_6955	19619	Appeldoorn	Appeldoorn	Appeldoorn
6179	19788	republiek_6929	19620	Huijghens tot Clarenbeeck	Huijghens tot Clarenbeeck	Huijghens tot Clarenbeeck
6180	19789	republiek_6877	19621	Bije tot Waijestein	Bije tot Waijestein	Bije tot Waijestein
6181	19790	republiek_4569	19622	Schrasser	Schrassert	Schrassert
6182	19791	republiek_6948	19623	Hoorn	Hoorn	Hoorn
6183	19792	republiek_7152	20159	Lawick	Lawick	Lawick
6184	19793	republiek_7185	19624	Wart	Wart	Wart
6185	19794	republiek_6952	20677	Thibault	Thibault	Thibault
6186	19795	republiek_6953	19625	Cau	Cau	Cau
6187	19796	republiek_7109	19626	Bentinck tot Berenkamp	Bentinck tot Berenkamp en Aa	Bentinck tot Berenkamp en Aa
6188	19797	republiek_4599	19627	Winckel	Winckel	Winckel
6189	19799	republiek_6974	19629	Maertens	Maertens	Maertens
6190	19800	republiek_2897	19630	Huybert	Huybert	Huybert
6191	19801	republiek_3121	19631	Winckelman	Winckelman	Winckelman
6192	19802	republiek_376	20442	Teylingen	Teylingen	Teylingen
6193	19803	republiek_4686	19633	Lynden	Lynden	Lynden
6194	19804	republiek_6971	19634	Schimmelpenninck van der Oye	Schimmelpenninck van der Oye	Schimmelpenninck van der Oye
6195	19806	republiek_4566	19891	Schimmelpenninck van der Oye	Schimmelpenninck van der Oye	Schimmelpenninck van der Oye
6196	19807	republiek_7002	20499	Raesvelt	Raesfeld tot Cortenberg	Raesfeld tot Cortenberg
6197	19808	republiek_6997	20518	Essen	Essen tot Oldenhaven	Essen tot Oldenhaven
6198	19810	republiek_6957	19640	Borre van Amerongen	Borre van Amerongen	Borre van Amerongen
6199	19811	republiek_6961	19641	Diemerbrouck	Diemerbrouck	Diemerbrouck
6200	19812	republiek_6959	19642	Wulven Serooskercke	Wulven Serooskercke	Wulven Serooskercke
6201	19813	republiek_6964	19643	Lobbrecht	Lobbrecht	Lobbrecht
6202	19814	republiek_7005	19644	Tengnagell	Tengnagell van Gellekom	Tengnagell van Gellekom
6203	19815	republiek_4576	19645	Lawick	Lawick	Lawick
6204	19816	republiek_7012	19646	Huss tot Rees	Huss tot Rees	Huss tot Rees
6205	19817	republiek_6837	20090	Haaften tot op Hemert	Haeften	Haeften
6206	19818	republiek_6965	19648	Tamelinck	Tamelinck	Tamelinck
6207	19819	republiek_4794	20461	Fries	Fries	Fries
6208	19820	republiek_6835	19649	Neukirchen genaamd Nijvenheim	Neukirchen genaamd Nijvenheim	Neukirchen genaamd Nijvenheim
6209	19821	republiek_6572	19650	Pallandt graaf van Culemborg	Pallandt	Pallandt
6210	19822	republiek_5196	19789	Boshoff	Boshoff	Boshoff
6211	19823	republiek_6575	19651	Renssen	Renssen	Renssen
6212	19824	republiek_5006	19652	Lintelo tot de Marsch en de Ehze	Lintelo tot de Marsch en de Ehze	Lintelo tot de Marsch en de Ehze
6213	19826	republiek_6530	19653	Neukirchen genaamd Nijvenheim	Neukirchen genaamd Nijvenheim	Neukirchen genaamd Nijvenheim
6214	19827	republiek_4520	19654	Nassau	Nassau	Nassau
6215	19829	republiek_7027	20493	Torck	Torck	Torck
6216	19830	republiek_5198	19889	Noort	Noort	Noort
6217	19831	republiek_7030	19657	Voeth	Voeth	Voeth
6218	19833	republiek_7031	19658	Goris	Goris	Goris
6219	19835	republiek_7237	20489	Cock van Delwijnen	Cock van Delwijnen	Cock van Delwijnen
6220	19837	republiek_7242	20490	Lynden	Lynden	Lynden
6221	19838	republiek_7035	19661	Eck	Eck	Eck
6222	19840	republiek_7037	19662	Dorth	Dorth	Dorth
6223	19843	republiek_7003	19922	Schrassert	Schrassert	Schrassert
6224	19844	republiek_7042	19664	Wyntges	Wyntges	Wyntges
6225	19845	republiek_7043	19665	Apeltorn	Apeltorn	Apeltorn
6226	19847	republiek_7046	19667	Buddingh	Buddingh	Buddingh
6227	19848	republiek_7041	19668	Wijnbergen	Wijnbergen	Wijnbergen
6228	19850	republiek_7050	19670	Everwijn	Everwijn	Everwijn
6229	19851	republiek_7054	19647	Hel	Hell tot Holthuys	Hell tot Holthuys
6230	19852	republiek_7049	19672	Cruijner	Cruijner	Cruijner
6231	19853	republiek_7087	20360	Brantsen	Brantsen	Brantsen
6232	19854	republiek_5254	19673	Greve	Greve	Greve
6233	19857	republiek_7093	19674	Deijs van Voorn	Deijs van Voorn	Deijs van Voorn
6234	19858	republiek_5790	19675	Eck	Eck	Eck
6235	19859	republiek_7097	19676	Elspeet	Elspeet	Elspeet
6236	19860	republiek_7068	19677	Harskamp	Harskamp	Harskamp
6237	19861	republiek_7059	19939	Keppel	Keppel	Keppel
6238	19862	republiek_4975	20369	Huygen tot Cronesteyn	Huygen	Huygen
6239	19863	republiek_7055	20405	Golstein	Goltstein	Goltstein
6240	19864	republiek_5765	20523	Hell	Hell tot de Wildbaan en Vieracker	Hell tot de Wildbaan en Vieracker
6241	19865	republiek_7063	20495	Delen tot Laer	Delen tot Laer	Delen tot Laer
6242	19866	republiek_7004	19678	Ommeren	Ommeren	Ommeren
6243	19867	republiek_7069	19732	Delen	Delen tot Crumseler	Delen tot Crumseler
6244	19869	republiek_7064	19680	Noort	Noort	Noort
6245	19871	republiek_4587	19834	Heeckeren	Heeckeren	Heeckeren
6246	19872	republiek_7073	19942	Schimmelpenninck van der Oye	Schimmelpenninck van der Oye	Schimmelpenninck van der Oye
6247	19873	republiek_6392	19684	Bentinck tot Aller	Bentinck tot Aller	Bentinck tot Aller
6248	19875	republiek_6349	19686	Baijen	Baijen	Baijen
6249	19876	republiek_7099	19687	Renesse	Renesse	Renesse
6250	19878	republiek_6970	19689	Brienen	Brienen	Brienen
6251	19879	republiek_7076	20160	Baer	Baer	Baer
6252	19881	republiek_7105	19690	Tulleken	Tulleken	Tulleken
6253	19883	republiek_7108	19691	Zuijlen	Zuijlen	Zuijlen
6254	19884	republiek_4912	20986	Ruijsch	Ruijsch	Ruijsch
6255	19885	republiek_7111	19693	Duykenburg	Duykenburg	Duykenburg
6256	19886	republiek_6339	19694	Cock	Cock	Cock
6257	19887	republiek_6378	19695	Westervelt	Westervelt	Westervelt
6258	19888	republiek_6394	20245	Pabst	Pabst	Pabst
6259	19889	republiek_6482	19697	Horst	Horst	Horst
6260	19890	republiek_4707	19698	Hoeclum	Hoeclum	Hoeclum
6261	19891	republiek_7107	20408	Hell tot de Hoeve	Hell tot de Hoeve	Hell tot de Hoeve
6262	19893	republiek_7115	19701	Hoeclum	Hoeclum	Hoeclum
6263	19895	republiek_5245	19703	Barnevelt	Barnevelt	Barnevelt
6264	19896	republiek_7120	19704	Umbgrove	Umbgrove	Umbgrove
6265	19897	republiek_6442	19705	Holthe	Holthe	Holthe
6266	19898	republiek_6983	19706	Apeldoorn	Apeldoorn	Apeldoorn
6267	19899	republiek_6441	19707	Otters	Otters	Otters
6268	19900	republiek_6989	19708	Daandels	Daandels	Daandels
6269	19901	republiek_7124	19709	Broekhuijsen tot Quickborn en Beele	Broekhuijsen tot Quickborn en Beele	Broekhuijsen tot Quickborn en Beele
6270	19902	republiek_4830	19710	Westenberg	Westenberg	Westenberg
6271	19904	republiek_7136	20366	Verstegen	Verstegen	Verstegen
6272	19905	republiek_7128	19713	Vijgh	Vijgh	Vijgh
6273	19906	republiek_7143	19714	Singendonck	Singendonck	Singendonck
6274	19907	republiek_7132	19715	Capellen	Capellen	Capellen
6275	19908	republiek_7130	19716	Ardesch	Ardesch	Ardesch
6276	19909	republiek_4974	19899	Ripperda tot Verden	Ripperda tot Vorden	Ripperda tot Vorden
6277	19910	republiek_7135	19718	Jongkint	Jongkint	Jongkint
6278	19911	republiek_4824	19719	Hasselt	Hasselt	Hasselt
6279	19912	republiek_7137	19833	Gesselaer	Gesselaer	Gesselaer
6280	19915	republiek_6354	20125	Delen tot Horssen	Delen tot Horssen	Delen tot Horssen
6281	19916	republiek_7139	19724	Niel	Niel	Niel
6282	19917	republiek_6491	19725	Pieck	Pieck	Pieck
6283	19918	republiek_7154	19726	Beijer	Beijer	Beijer
6284	19919	republiek_7118	19727	Pieck	Pieck	Pieck
6285	19920	republiek_7144	19728	Herwijnen	Herwijnen	Herwijnen
6286	19921	republiek_7145	19729	Steen	Steen	Steen
6287	19922	republiek_4981	19887	Schimmelpenninck van der Oye tot de Clouse	Schimmelpenninck van der Oye	Schimmelpenninck van der Oye
6288	19923	republiek_6281	19828	Both	Both	Both
6289	19925	republiek_4867	19733	Heerdt tot Craijevelt	Heerdt tot Craijevelt	Heerdt tot Craijevelt
6290	19926	republiek_6411	19734	Beijer	Beijer	Beijer
6291	19927	republiek_7158	19735	Reinders	Reinders	Reinders
6292	19928	republiek_4581	19736	Beijer	Beijer	Beijer
6293	19930	republiek_6310	19738	Eck van Panthaleon	Eck van Panthaleon	Eck van Panthaleon
6294	19931	republiek_7160	19739	Teffelen	Teffelen	Teffelen
6295	19932	republiek_7161	19740	Bijstervelt	Bijstervelt	Bijstervelt
6296	19933	republiek_7202	19741	Bronckhorst	Bronckhorst	Bronckhorst
6297	19934	republiek_7163	19742	Beeckman	Beeckman	Beeckman
6298	19936	republiek_7231	19744	Bergh	Bergh	Bergh
6299	19937	republiek_7173	19745	Raet	Raet	Raet
6300	19940	republiek_7157	20470	Bodeck	Bodeck	Bodeck
6301	19941	republiek_7156	19749	Fagel	Fagel	Fagel
6302	19943	republiek_6274	19751	Schagen	Schagen	Schagen
6303	19944	republiek_7159	19752	Moelen	Moelen	Moelen
6304	19945	republiek_7232	19753	Lynden tot de Parck	Lynden van de Parck	Lynden van de Parck
6305	19946	republiek_4800	19754	Lynden	Lynden	Lynden
6306	19947	republiek_7171	19755	Heuck	Heuck	Heuck
6307	19948	republiek_7187	19756	Spijcken	Spijcken	Spijcken
6308	19950	republiek_7188	19758	Mandeville	Mandeville	Mandeville
6309	19952	republiek_7191	19760	Kerckman	Kerckman	Kerckman
6310	19953	republiek_7170	19761	Beest	Beest	Beest
6311	19954	republiek_7169	19762	Welderen	Welderen	Welderen
6312	19955	republiek_7172	20471	Buchel	Buchel	Buchel
6313	19956	republiek_5827	19764	Welderen	Welderen	Welderen
6314	19957	republiek_7176	19765	Scherpenseel	Scherpenseel	Scherpenseel
6315	19960	republiek_7183	19768	Poitou	Poitou	Poitou
6316	19962	republiek_7208	19770	Gendt	Gendt	Gendt
6317	19963	republiek_7193	19772	Mulicom	Mulicom	Mulicom
6318	19964	republiek_7203	20496	Els	Els	Els
6319	19965	republiek_7195	19774	Welderen	Welderen	Welderen
6320	19966	republiek_7186	19775	Druten	Druten	Druten
6321	19967	republiek_6588	19776	Lynden	Lynden	Lynden
6322	19970	republiek_6901	19779	Vijgh	Vijgh	Vijgh
6323	19972	republiek_7213	19781	Vos	Vos	Vos
6324	19973	republiek_4555	19927	Verbolt	Verbolt	Verbolt
6325	19974	republiek_7216	19783	Linghen	Lingen	Lingen
6326	19975	republiek_7217	19784	Lynden	Lynden	Lynden
6327	19976	republiek_7164	19785	Gendt	Gendt	Gendt
6328	19977	republiek_7061	20494	Gent tot Winssen	Gendt tot Winssen	Gendt tot Winssen
6329	19978	republiek_4799	19787	Randwijck	Randwijck	Randwijck
6330	19979	republiek_7220	19788	Elias	Elias	Elias
6331	19981	republiek_7214	19790	Poll	Poll	Poll
6332	19982	republiek_5753	19791	Tulleken	Tulleken	Tulleken
6333	19983	republiek_7219	19792	Goris	Goris	Goris
6334	19984	republiek_7222	19793	Tengnagell	Tengnagell van Gellekom	Tengnagell van Gellekom
6335	19985	republiek_7201	19794	Pol	Pol	Pol
6336	19986	republiek_7223	19795	Welderen	Welderen	Welderen
6337	19988	republiek_6696	19797	Els	Els	Els
6338	19990	republiek_7221	19799	Broeckhuysen	Broeckhuysen	Broeckhuysen
6339	19991	republiek_7226	19800	Balveren	Balveren	Balveren
6340	19992	republiek_6999	19746	Singendonck	Singendonck	Singendonck
6341	19993	republiek_7240	19802	Gendt	Gendt	Gendt
6342	19994	republiek_7044	19803	Franckensz.	Franckensz.	Franckensz.
6343	19995	republiek_7224	19804	Cocq Quirinsz.	Cocq Quirinsz.	Cocq Quirinsz.
6344	19996	republiek_5230	19805	Rengers van der Arentshorst	Rengers tot Arentshorst	Rengers tot Arentshorst
6345	19997	republiek_6326	19806	Spaen	Spaen tot Cruisfort	Spaen tot Cruisfort
6346	19998	republiek_5791	19807	Essen tot Vanenburg	Essen tot Vanenburg	Essen tot Vanenburg
6347	19999	republiek_6308	19809	Reede	Reede	Reede
6348	20000	republiek_6729	19810	Wijnbergen	Wijnbergen	Wijnbergen
6349	20001	republiek_5834	19814	Arnhem tot Harselo	Arnhem tot Harselo	Arnhem tot Harselo
6350	20002	republiek_5762	19815	Arnhem	Arnhem	Arnhem
6351	20003	republiek_4579	19822	Haersolte tot Yrst	Haersolte tot Yrst	Haersolte tot Yrst
