	ID	Periode	IDRegent	IDFunctie	IDCollege	Begindag	Beginmaand	Beginjaar	Einddag	Eindmaand	Eindjaar	Vertegenwoordigend	regio	Opmerkingen	lokaal	provinciaal	stand
0	4	0	3	3	1	25.0	7.0	1499.0			1500.0	0		Aanvangsdatum: benoeming door Albrecht van Saksen.			
1	6	0	4	3	1	25.0	7.0	1499.0			1515.0	0		Aanvangsdatum: benoeming door Albrecht van Saksen. Eindjaar onzeker.			
2	7	0	4	1	1	23.0	5.0	1501.0			1519.0	0		Aanvangsdatum: commissie. Eindjaar onzeker.			
3	9	0	5	3	1	25.0	7.0	1499.0			1500.0	0		Aanvangsdatum: benoeming door Albrecht van Saksen.			
4	11	0	6	3	1	25.0	7.0	1499.0			1515.0	0		Aanvangsdatum: benoeming door Albrecht van Saksen.			
5	12	0	6	1	1			1512.0			1515.0	0					
6	14	0	7	3	1	25.0	7.0	1499.0			1500.0	0		Aanvangsdatum: benoeming door Albrecht van Saksen.			
7	16	0	8	3	1	25.0	7.0	1499.0			1500.0	0		Aanvangsdatum: benoeming door Albrecht van Saksen.			
8	18	0	9	3	1	25.0	7.0	1499.0			1500.0	0		Aanvangsdatum: benoeming door Albrecht van Saksen.			
9	20	0	10	3	1	25.0	7.0	1499.0			1500.0	0		Aanvangsdatum: benoeming door Albrecht van Saksen.			
10	22	0	11	3	1	25.0	7.0	1499.0			1500.0	0		Aanvangsdatum: benoeming door Albrecht van Saksen (datum niet geheel zeker).			
11	24	0	12	3	1	25.0	7.0	1499.0			1503.0	0		Aanvangsdatum: benoeming door Albrecht van Saksen.			
12	25	0	12	10	1			1500.0			1501.0	0		Functie niet geheel zeker.			
13	26	0	6	1	1	4.0	7.0	1515.0	29.0	7.0	1527.0	0		Aanvangsdatum: commissie.			
14	27	0	6	2	1	29.0	7.0	1527.0			1531.0	0		Aanvangsdatum: commissie. Beëindigd door overlijden.			
15	28	0	12	1	1			1502.0			1503.0	0					
16	30	0	13	3	1	25.0	7.0	1499.0	3.0	7.0	1515.0	0		Aanvangsdatum: commissie.			
17	31	0	13	1	1		12.0	1500.0	3.0	7.0	1515.0	0		Officiële aanstelling op 23 mei 1501.			
18	32	0	13	5	1	4.0	7.0	1515.0		8.0	1517.0	0		Aanvangsdatum: commissie. Het betreft hier een continuatie bij aanvang van het Habsburgse bewind over Friesland. Beëindigd door overlijden.			
19	34	0	14	3	1	25.0	7.0	1499.0			1500.0	0		Aanvangsdatum: commissie. Beëindigd door overlijden.			
20	36	0	15	1	1		10.0	1499.0	23.0	5.0	1501.0	0					
21	37	0	15	3	1		10.0	1499.0	23.0	5.0	1501.0	0					
22	39	0	16	1	1	25.0	7.0	1499.0		5.0	1501.0	0		Aanvangsdatum onzeker.			
23	41	0	17	1	1	25.0	7.0	1499.0	23.0	5.0	1501.0	0		Aanvangsdatum: commissie.			
24	42	0	17	5	1			1506.0			1513.0	0		De zittingsjaren zijn niet geheel zeker.			
25	44	0	18	3	1		7.0	1500.0			1502.0	0		Beëindigd door overlijden.			
26	45	0	18	1	1	23.0	3.0	1501.0			1502.0	0		Aanvangsdatum: commissie. Beëindigd door overlijden.			
27	47	0	19	3	1		7.0	1500.0			1515.0	0					
28	48	0	19	1	1			1512.0			1515.0	0					
29	50	0	20	3	1			1500.0			1503.0	0					
30	52	0	21	1	1			1500.0			1501.0	0		De zittingsjaren zijn niet geheel zeker.			
31	54	0	22	1	1	23.0	5.0	1501.0	21.0	7.0	1504.0	0		Aanvangsdatum: commissie.			
32	56	0	23	10	1	23.0	5.0	1501.0		12.0	1503.0	0		Aanvangsdatum: commissie.			
33	57	0	23	1	1		12.0	1503.0		5.0	1505.0	0					
34	59	0	24	2	1	23.0	5.0	1501.0	21.0	7.0	1504.0	0		Aanvangsdatum: commissie.			
35	60	0	24	1	1	21.0	7.0	1504.0			1510.0	0		Aanvangsdatum: commissie.			
36	62	0	25	1	1	23.0	5.0	1501.0			1503.0	0		Aanvangsdatum: commissie.			
37	63	0	25	3	1	23.0	5.0	1501.0			1503.0	0		Aanvangsdatum: commissie.			
38	65	0	26	1	1	23.0	5.0	1501.0			1501.0	0		Aanvangsdatum: commissie. Beëindigd door overlijden na 26 september.			
39	67	0	27	10	1		5.0	1501.0			1502.0	0		Ontslag op eigen verzoek vóór juli 1504 (waarschijnlijk eind 1501 of begin 1502).			
40	69	0	28	1	1			1504.0			1505.0	0					
41	70	0	28	3	1			1504.0			1505.0	0					
42	72	0	29	1	1	21.0	7.0	1504.0			1515.0	0		Aanvangsdatum: commissie.			
43	74	0	30	1	1			1504.0	25.0	12.0	1511.0	0		Beëindigd door overlijden.			
44	75	0	30	3	1		6.0	1509.0	25.0	12.0	1511.0	0		Beëindigd door overlijden.			
45	77	0	31	10	1			1504.0		12.0	1509.0	0		Aanvangsdatum onzeker, eerste vermelding in oktober 1507.			
46	78	0	31	1	1		12.0	1509.0			1513.0	0		Beëindigd door overlijden.			
47	80	0	32	1	1		2.0	1505.0		5.0	1506.0	0					
48	82	0	33	1	1			1506.0			1508.0	0		Aanvangs- en einddatum onzeker.			
49	83	0	33	3	1		12.0	1507.0			1508.0	0		Aanvangs- en einddatum onzeker.			
50	85	0	34	10	1		11.0	1506.0			1512.0	0		Aanvangsdatum onzeker.			
51	86	0	34	1	1			1512.0			1515.0	0		Aanvangsdatum onzeker.			
52	88	0	35	1	1			1508.0		8.0	1510.0	0		Het aanvangsjaar is mogelijk 1509.			
53	89	0	35	3	1			1508.0		8.0	1510.0	0		Het aanvangsjaar is mogelijk 1509.			
54	91	0	36	1	1		8.0	1510.0			1515.0	0					
55	92	0	36	3	1		8.0	1510.0			1515.0	0					
56	94	0	37	10	1			1512.0			1515.0	0					
57	95	0	37	10	1			1522.0	14.0	11.0	1526.0	0		Einddatum: laatste vermelding.			
58	97	0	38	3	1	4.0		1515.0			1515.0	0					
59	98	0	38	1	1	27.0	10.0	1512.0			1515.0	0		Aanvangsdatum: commissie.			
60	99	0	38	1	1	4.0	7.0	1515.0	4.0	3.0	1541.0	0		Aanvangsdatum: commissie. Beëindigd door overlijden.			
61	101	0	39	1	1			1512.0			1515.0	0					
62	102	0	39	1	1	4.0	7.0	1515.0	26.0	5.0	1525.0	0		Aanvangsdatum: commissie. Einddatum: laatste vermelding.			
63	104	0	40	5	1	4.0	7.0	1515.0	2.0	5.0	1538.0	0		Aanvangsdatum: commissie.			
64	105	0	40	2	1	2.0	5.0	1538.0	8.0	5.0	1538.0	0		Aanvangsdatum: commissie. Beëindigd door overlijden.			
65	107	0	41	5	1	4.0	7.0	1515.0			1527.0	0		Aanvangsdatum: commissie.			
66	108	0	41	2	1	29.0	7.0	1527.0			1533.0	0		Aanvangsdatum: commissie. Beëindigd door overlijden.			
67	110	0	42	5	1	4.0	7.0	1515.0	9.0	4.0	1522.0	0		Aanvangsdatum: commissie. Beëindigd door overlijden.			
68	112	0	43	5	1	4.0	7.0	1515.0			1527.0	0		Aanvangsdatum: commissie. Einddatum onzeker.			
69	113	0	43	2	1	29.0	7.0	1527.0		4.0	1538.0	0		Aanvangsdatum: commissie. Beëindigd door overlijden.			
70	115	0	44	5	1	8.0	8.0	1515.0			1527.0	0		Aanvangsdatum: commissie.			
71	116	0	44	12	1	8.0	8.0	1515.0			1530.0	0		Aanvangsdatum: commissie. In 1530 geschorst en daarna niet meer teruggekeerd.			
72	118	0	45	5	1			1515.0			1523.0	0		Fungeerde als 'eerste raad'. Einddatum onzeker.			
73	120	0	46	5	1	30.0	8.0	1516.0	4.0	5.0	1517.0	0		Aanvangs- en einddatum: eerste en de laatste vermelding.			
74	122	0	47	5	1	29.0	10.0	1516.0	16.0	6.0	1525.0	0		Aanvangs- en einddatum: eerste en de laatste vermelding.			
75	124	0	48	5	1	7.0	2.0	1517.0			1517.0	0		Aanvangsdatum: eerste vermelding.			
76	126	0	49	5	1	24.0	10.0	1518.0			1527.0	0		Aanvangsdatum: commissie.			
77	127	0	49	7	1	24.0	10.0	1518.0			1527.0	0		Aanvangsdatum: commissie.			
78	129	0	50	5	1		5.0	1521.0			1521.0	0		Alleen vermeld op 16 en 18 mei 1521.			
79	131	0	51	5	1	26.0	10.0	1521.0	29.0	7.0	1527.0	0		Aanvangsdatum: eerste vermelding. Beëindigd door overlijden.			
80	132	0	51	2	1	29.0	7.0	1527.0			1538.0	0		Aanvangsdatum: commissie.			
81	134	0	52	5	1	21.0	4.0	1522.0			1539.0	0		Aanvangsdatum: commissie.			
82	136	0	53	2	1			1522.0	28.0	4.0	1525.0	0		Aanvangs- en einddatum: eerste en de laatste vermelding.			
83	138	0	54	5	1			1523.0			1523.0	0		Enige vermelding op 18 maart 1523.			
84	140	0	55	5	1			1523.0			1523.0	0		Enige vermelding op 11 mei 1523.			
85	142	0	56	5	1			1523.0			1523.0	0		Enige vermelding op 11 mei 1523.			
86	146	0	58	5	1	14.0	11.0	1526.0	3.0	2.0	1533.0	0		Aanvangsdatum: commissie. Einddatum: laatste vermelding.			
87	147	0	58	4	1	19.0	6.0	1541.0	12.0	5.0	1548.0	0		Aanvangsdatum: commissie. Einddatum: laatste vermelding.			
88	149	0	59	4	1	27.0	5.0	1527.0	27.0	2.0	1528.0	0		Aanvangsdatum: commissie. Beëindigd door overlijden.			
89	151	0	60	7	1	28.0	5.0	1527.0	14.0	2.0	1547.0	0		Aanvangsdatum: commissie. Einddatum: laatste vermelding.			
90	152	0	60	4	1	18.0	2.0	1557.0	23.0	12.0	1569.0	0		Aanvangsdatum: commissie. Beëindigd door overlijden.			
91	154	0	61	5	1	10.0	12.0	1527.0	14.0	7.0	1528.0	0		Aanvangsdatum: commissie. Einddatum: laatste vermelding.			
92	156	0	62	5	1	26.0	2.0	1529.0	5.0	2.0	1533.0	0		Aanvangs- en einddatum: eerste en laatste vermelding.			
93	158	0	63	4	1	20.0	7.0	1530.0	4.0	4.0	1541.0	0		Aanvangsdatum: commissie. Beëindigd door overlijden.			
94	160	0	64	2	1	20.0	10.0	1530.0	28.0	12.0	1562.0	0		Aanvangsdatum: commissie. Beëindigd door overlijden.			
95	162	0	65	2	1	6.0	10.0	1531.0	24.0	5.0	1533.0	0		Aanvangsdatum: commissie. Einddatum: laatste vermelding.			
96	163	0	64	12	1	20.0	10.0	1530.0	28.0	12.0	1562.0	0		Aanvangsdatum: commissie. Beëindigd door overlijden.			
97	165	0	66	5	1	28.0	2.0	1533.0	2.0	12.0	1538.0	0		Aanvangsdatum: commissie. Beëindigd door overlijden.			
98	167	0	67	5	1	22.0	12.0	1533.0	31.0	5.0	1541.0	0		Aanvangsdatum: commissie. Beëindigd door overlijden.			
99	169	0	68	5	1	27.0	3.0	1537.0	9.0	12.0	1541.0	0		Aanvangsdatum: commissie. Beëindigd door overlijden.			
100	171	0	69	5	1	8.0	2.0	1538.0	9.0	10.0	1553.0	0		Aanvangsdatum: commissie. Einddatum: laatste vermelding.			
101	173	0	70	5	1	2.0	5.0	1538.0	17.0	10.0	1541.0	0		Aanvangsdatum: commissie. Einddatum: laatste vermelding.			
102	175	0	71	5	1	31.0	5.0	1538.0	17.0	9.0	1575.0	0		Aanvangsdatum: commissie. Einddatum: laatste vermelding.			
103	177	0	72	5	1	27.0	7.0	1538.0	17.0	8.0	1568.0	0		Aanvangsdatum: commissie. Beëindigd door overlijden.			
104	179	0	73	5	1	2.0	1.0	1539.0	13.0	9.0	1559.0	0		Aanvangsdatum: commissie. Einddatum: laatste vermelding.			
105	181	0	74	5	1	16.0	5.0	1541.0	2.0	1.0	1558.0	0		Aanvangsdatum: commissie. Beëindigd door overlijden.			
106	183	0	75	2	1	21.0	6.0	1541.0	31.0	12.0	1574.0	0		Aanvangsdatum: commissie. Beëindigd door overlijden.			
107	185	0	76	5	1	9.0	7.0	1543.0	16.0	10.0	1556.0	0		Aanvangsdatum: commissie. Einddatum: laatste vermelding.			
108	187	0	77	5	1	15.0	6.0	1544.0	31.0	10.0	1547.0	0		Aanvangsdatum: commissie. Einddatum: laatste dag dat hij geresideerd heeft.			
109	189	0	78	5	1	20.0	7.0	1545.0	15.0	1.0	1558.0	0		Aanvangsdatum: commissie. Beëindigd door overlijden.			
110	191	0	79	5	1	6.0	10.0	1547.0	12.0	7.0	1578.0	0		Aanvangsdatum: commissie. In 1578 geschorst en daarna niet meer teruggekeerd.			
111	193	0	80	4	1	13.0	7.0	1548.0	18.0	4.0	1557.0	0		Aanvangsdatum: commissie. Ontslag op eigen verzoek.			
112	195	0	81	5	1	5.0	9.0	1549.0	20.0	2.0	1554.0	0		Aanvangs- en einddatum: eerste en laatste vermelding.			
113	197	0	82	5	1	11.0	10.0	1553.0	16.0	7.0	1559.0	0		Aanvangsdatum: commissie. Einddatum: laatste vermelding. Ontslag op eigen verzoek.			
114	199	0	83	5	1	11.0	1.0	1554.0	12.0	7.0	1578.0	0		Aanvangsdatum: commissie. In 1578 geschorst en daarna niet meer teruggekeerd.			
115	201	0	84	12	1	18.0	7.0	1556.0	1.0	10.0	1587.0	0		Aanvangsdatum: commissie. Ontslag op eigen verzoek.			
116	202	0	84	2	1	18.0	7.0	1556.0	1.0	10.0	1587.0	0		Aanvangsdatum: commissie. Ontslag op eigen verzoek.			
117	204	0	85	5	1	5.0	8.0	1557.0	26.0	7.0	1567.0	0		Aanvangsdatum: commissie. Einddatum: laatste vermelding.			
118	206	0	86	2	1	24.0	8.0	1557.0	7.0	8.0	1560.0	0		Aanvangsdatum: commissie.			
119	207	0	44	2	1	29.0	7.0	1527.0			1530.0	0		Aanvangsdatum: commissie. In 1530 geschorst en daarna niet meer teruggekeerd.			
120	209	0	87	5	1	19.0	6.0	1558.0	6.0	8.0	1575.0	0		Aanvangsdatum: commissie. Beëindigd door overlijden.			
121	211	0	88	5	1	19.0	1.0	1559.0	15.0	6.0	1563.0	0		Aanvangsdatum: commissie. Beëindigd door overlijden.			
122	213	0	89	5	1	30.0	10.0	1559.0	28.0	3.0	1565.0	0		Aanvangsdatum: commissie. Einddatum: laatste vermelding.			
123	215	0	90	5	1	5.0	1.0	1560.0	25.0	4.0	1560.0	0		Aanvangsdatum: commissie. Beëindigd door overlijden.			
124	217	0	91	5	1	1.0	5.0	1560.0	14.0	4.0	1570.0	0		Aanvangsdatum: commissie. In 1570 geschorst en daarna niet meer teruggekeerd.			
125	220	0	92	2	1	24.0	12.0	1560.0	15.0	6.0	1571.0	0		Aanvangsdatum: commissie. Beëindigd door overlijden.			
126	222	0	93	5	1	15.0	6.0	1563.0	12.0	7.0	1578.0	0		Aanvangsdatum: commissie. In 1578 geschorst en daarna niet meer teruggekeerd.			
127	224	0	94	5	1	11.0	8.0	1565.0	12.0	7.0	1578.0	0		Aanvangsdatum: commissie. In 1578 geschorst en daarna niet meer teruggekeerd.			
128	226	0	95	7	1	22.0	8.0	1567.0	13.0	7.0	1567.0	0		Aanvangsdatum: commissie. Einddatum: laatste vermelding.			
129	228	0	96	5	1	30.0	4.0	1569.0	12.0	7.0	1578.0	0		Aanvangsdatum: commissie. In 1578 geschorst en daarna niet meer teruggekeerd.			
130	230	0	97	5	1	30.0	4.0	1569.0	5.0	10.0	1575.0	0		Aanvangsdatum: commissie. Einddatum: laatste vermelding.			
131	232	0	98	5	1	31.0	7.0	1570.0	29.0	9.0	1576.0	0		Aanvangsdatum: commissie. Beëindigd door overlijden.			
132	234	0	99	5	1	15.0	9.0	1575.0	12.0	7.0	1578.0	0		Aanvangsdatum: commissie. In 1578 geschorst en daarna niet meer teruggekeerd.			
133	236	0	100	5	1	18.0	5.0	1576.0	12.0	7.0	1578.0	0		Aanvangsdatum: commissie. In 1578 geschorst en daarna niet meer teruggekeerd.			
134	238	0	101	5	1	20.0	7.0	1576.0	12.0	7.0	1578.0	0		Aanvangsdatum: commissie. In 1578 geschorst en daarna niet meer teruggekeerd.			
135	240	0	102	5	1	19.0	10.0	1576.0	12.0	7.0	1578.0	0		Aanvangsdatum: commissie. In 1578 geschorst en daarna niet meer teruggekeerd.			
136	242	0	103	5	1	8.0	7.0	1578.0	26.0	10.0	1587.0	0	10.0	Aanvangsdatum en zitting voor Oostergo onzeker.			
137	244	0	104	5	1	8.0	7.0	1578.0		6.0	1580.0	0		Aanvangsdatum: commissie. Beëindigd door overlijden.			
138	246	0	105	5	1	25.0	5.0	1578.0	5.0	12.0	1581.0	0		Aanvangsdatum: commissie. Beëindigd door overlijden.			
139	248	0	106	5	1	4.0	4.0	1578.0	29.0	1.0	1580.0	0		Aanvangsdatum: commissie. Einddatum: laatste vermelding.			
140	250	0	107	5	1	4.0	4.0	1578.0	26.0	1.0	1580.0	0		Aanvangsdatum: commissie. Einddatum: laatste vermelding.			
141	252	0	108	5	1			1579.0	28.0	1.0	1580.0	0		Aanvangsdatum onzeker. Einddatum: laatste vermelding.			
142	253	0	109	5	1	14.0	7.0	1578.0		1.0	1580.0	0		Aanvangsdatum: provisionele benoeming.			
143	254	1	109	5	1		9.0	1589.0			1596.0	0		Aanvangsdatum: eerste vermelding. Beëindigd door overlijden.			
144	256	0	110	5	1	4.0	6.0	1580.0			1585.0	0		Aanvangsdatum: commissie. Beëindigd door overlijden vóór 22 maart.			
145	257	0	110	7	1	8.0	4.0	1580.0			1585.0	0		Aanvangsdatum: commissie. Beëindigd door overlijden vóór 22 maart.			
146	259	0	111	4	1	10.0	6.0	1580.0	26.0	10.0	1587.0	0		Aanvangsdatum: eerste vermelding. Beëindigd wegens ontslag.			
147	261	1	112	5	1		6.0	1580.0	8.0	7.0	1588.0	0		Aanvangsdatum: eerste vermelding.			
148	262	1	112	5	1	16.0	6.0	1589.0	14.0	5.0	1603.0	0	12.0	Aanvangsdatum (Oude Stijl): commissie. Beëindigd door overlijden.			
149	264	1	113	5	1	4.0	6.0	1580.0			1603.0	0	11.0	Aanvangsdatum: provisionele commissie. Definitieve commissie 30 augustus 1588.			
150	265	1	113	23	1			1603.0	28.0	5.0	1607.0	0	11.0	Beëindigd door overlijden.			
151	267	0	114	5	1	4.0	6.0	1580.0	6.0	12.0	1581.0	0		Aanvangsdatum: commissie.			
152	269	1	115	5	1	4.0	6.0	1580.0			1596.0	0		Aanvangsdatum: provisionele commissie. Definitieve commissie in 1588. Beëindigd door overlijden.			
153	271	1	116	5	1	12.0	2.0	1582.0	18.0	2.0	1595.0	0		Aanvangsdatum: provisionele commissie. Definitieve commissie 30 augustus 1588. Beëindigd door overlijden.			
154	273	1	117	5	1	2.0	3.0	1585.0	11.0	2.0	1595.0	0		Aanvangsdatum (Oude Stijl): provisionele commissie. Definitieve commissie 30 augustus 1588. Beëindigd door overlijden.			
155	275	1	118	5	1	4.0	3.0	1585.0	10.0	5.0	1597.0	0		Aanvangsdatum (Oude Stijl): provisionele commissie. Definitieve commissie 30 augustus 1588. Ontslag op eigen verzoek ten behoeve van zijn zoon Laelius.			
156	277	1	119	5	1	24.0	3.0	1585.0	28.0	5.0	1607.0	0	11.0	Aanvangsdatum (Oude Stijl): commissie.			
157	278	1	119	23	1	29.0	5.0	1607.0			1614.0	0	11.0	Aanvangsdatum (Oude Stijl): commissie. Beëindigd door overlijden.			
158	280	1	120	5	1	30.0	8.0	1588.0			1600.0	0	10.0	Aanvangsdatum (Oude Stijl): commissie. Beëindigd door overlijden.			
159	281	1	120	7	1	30.0	8.0	1588.0	12.0	5.0	1589.0	0		Aanvangsdatum (Oude Stijl): commissie. Functie afgestaan wegens onverenigbaarheid met het raadsheerschap.			
160	283	1	121	5	1	4.0	5.0	1597.0			1631.0	0	10.0	Aanvangsdatum (Oude Stijl): commissie. Beëindigd door overlijden vóór 4 juni.			
161	284	1	121	23	1			1614.0			1631.0	0	10.0	Beëindigd door overlijden vóór 4 juni.			
162	286	1	122	5	1	4.0	5.0	1597.0	3.0	6.0	1624.0	0	13.0	Aanvangsdatum (Oude Stijl): commissie. Beëindigd door overlijden.			
163	288	1	123	5	1	4.0	5.0	1597.0	2.0	1.0	1626.0	0	13.0	Aanvangsdatum (Oude Stijl): commissie. Beëindigd door overlijden.			
164	290	1	124	5	1	4.0	5.0	1597.0	7.0	4.0	1630.0	0	12.0	Aanvangsdatum (Oude Stijl): commissie. Beëindigd door overlijden.			
165	292	1	125	5	1	4.0	5.0	1597.0			1612.0	0	11.0	Aanvangsdatum (Oude Stijl): commissie. Beëindigd door overlijden.			
166	294	1	126	5	1	4.0	5.0	1597.0	18.0	3.0	1625.0	0	12.0	Aanvangsdatum (Oude Stijl): commissie. Ontslag op eigen verzoek.			
167	296	1	127	5	1	30.0	5.0	1597.0	15.0	6.0	1598.0	0	13.0	Aanvangsdatum (Oude Stijl): commissie. Beëindigd door overlijden.			
168	298	1	128	5	1	2.0	6.0	1602.0	24.0	8.0	1615.0	0	13.0	Aanvangsdatum (Oude Stijl): commissie. Beëindigd door overlijden.			
169	300	1	129	5	1	4.0	4.0	1603.0			1631.0	0	10.0	Aanvangsdatum (Oude Stijl): commissie. Beëindigd wegens benoeming tot eerste presiderende raad.			
170	301	1	129	23	1			1631.0	22.0	12.0	1636.0	0	10.0	Beëindigd door overlijden.			
171	303	1	130	5	1	2.0	3.0	1604.0			1615.0	0	10.0	Aanvangsdatum (Oude Stijl): commissie. Beëindigd door overlijden; het jaar is onzeker.			
172	305	1	131	5	1	3.0	3.0	1604.0	22.0	12.0	1636.0	0	12.0	Aanvangsdatum (Oude Stijl): commissie. Beëindigd wegens benoeming tot eerste presiderende raad.			
173	306	1	131	23	1	23.0	12.0	1636.0	17.0	11.0	1638.0	0	12.0	Aanvangsdatum (Oude Stijl): commissie. Beëindigd door overlijden.			
174	308	1	132	5	1	7.0	4.0	1608.0	2.0	6.0	1619.0	0	11.0	Aanvangsdatum (Oude Stijl): benoeming door de Staten van Friesland. Beëindigd door overlijden.			
175	310	1	133	5	1	12.0	2.0	1614.0	17.0	11.0	1638.0	0	11.0	Aanvangsdatum (Oude Stijl): commissie. Beëindigd wegens benoeming tot eerste presiderende raad.			
176	311	1	133	23	1	18.0	11.0	1638.0			1640.0	0	11.0	Aanvangsdatum (Oude Stijl): commissie. Beëindigd door overlijden vóór 7 juli.			
177	313	1	134	5	1	7.0	3.0	1615.0			1640.0	0	11.0	Aanvangsdatum (Oude Stijl): commissie. Beëindigd wegens benoeming tot eerste presiderende raad.			
178	314	1	134	23	1			1640.0	30.0	10.0	1641.0	0	11.0	Beëindigd door overlijden, mogelijk op 31 oktober.			
179	316	1	135	5	1	29.0	2.0	1616.0	13.0	11.0	1637.0	0	13.0	Aanvangsdatum (Oude Stijl): commissie. Ontslag op eigen verzoek ten behoeve van aangenomen zoon Allart Pieter van Jongestal.			
180	318	1	136	5	1	13.0	5.0	1616.0	3.0	11.0	1622.0	0	10.0	Aanvangsdatum (Oude Stijl): commissie. Beëindigd door overlijden.			
181	320	1	137	5	1	28.0	4.0	1620.0	30.0	10.0	1641.0	0	11.0	Aanvangsdatum (Oude Stijl): commissie. Beëindigd wegens benoeming tot eerste presiderende raad.			
182	321	1	137	23	1	31.0	10.0	1641.0	11.0	3.0	1646.0	0	11.0	Aanvangsdatum (Oude Stijl): commissie. Ontslag op eigen verzoek.			
183	323	1	138	5	1	12.0	4.0	1623.0			1639.0	0	10.0	Aanvangsdatum (Oude Stijl): commissie. Beëindigd door overlijden vóór 4 april.			
184	325	1	139	5	1	13.0	7.0	1624.0	11.0	3.0	1646.0	0	13.0	Aanvangsdatum (Oude Stijl): commissie. Beëindigd wegens benoeming tot eerste presiderende raad.			
185	326	1	139	23	1	12.0	3.0	1646.0		4.0	1648.0	0	13.0	Aanvangsdatum (Oude Stijl): commissie. Volgens Vries aanvang februari. Hier echter de dag aangehouden volgend op die waarop voorganger Andreae ontslag krijgt. Beëindigd door overlijden op 2 of 4 april.			
186	328	1	140	5	1	19.0	3.0	1625.0		4.0	1648.0	0	12.0	Aanvangsdatum (Oude Stijl): commissie. Beëindigd wegens benoeming tot eerste presiderende raad.			
187	329	1	140	23	1		4.0	1648.0	18.0	3.0	1655.0	0	12.0	Beëindiging wegens benoeming tot eerste presiderende raad. Ontslag op eigen verzoek.			
188	331	1	141	5	1	30.0	3.0	1626.0	3.0	1.0	1636.0	0	13.0	Aanvangsdatum (Oude Stijl): commissie. Beëindigd door overlijden.			
189	333	1	142	5	1	19.0	4.0	1630.0	9.0	8.0	1644.0	0	12.0	Aanvangsdatum (Oude Stijl): eedsaflegging. Beëindigd door overlijden.			
190	335	1	143	5	1	24.0	6.0	1631.0	9.0	7.0	1641.0	0	10.0	Aanvangsdatum (Oude Stijl): commissie. Ontslag op eigen verzoek ten behoeve van broer Pieter van Harinxma thoe Slooten.			
191	337	1	144	5	1	13.0	2.0	1636.0	19.0	10.0	1645.0	0	13.0	Aanvangsdatum (Oude Stijl): commissie. Beëindigd door overlijden.			
192	339	1	145	5	1	11.0	3.0	1637.0	4.0	8.0	1653.0	0	10.0	Aanvangsdatum (Oude Stijl): commissie. Ontslag op eigen verzoek ten behoeve van zoon Theodorus van Scheltinga.			
193	341	1	146	5	1	14.0	11.0	1637.0	19.0	3.0	1655.0	0	13.0	Aanvangsdatum (Oude Stijl): commissie. Beëindigd wegens benoeming tot eerste presiderende raad.			
194	342	1	146	23	1	20.0	3.0	1655.0	9.0	11.0	1676.0	0	13.0	Aanvangsdatum (Oude Stijl): commissie. Beëindigd door overlijden.			
195	344	1	147	9	1	17.0	4.0	1626.0	12.0	1.0	1638.0	0		Aanvangsdatum (Oude Stijl): commissie.			
196	345	1	147	5	1	13.0	2.0	1639.0	5.0	10.0	1640.0	0	12.0	Aanvangsdatum (Oude Stijl): commissie. Beëindigd door overlijden.			
197	347	1	148	5	1	6.0	4.0	1639.0	28.0	1.0	1666.0	0	10.0	Aanvangsdatum (Oude Stijl): commissie. Beëindigd door overlijden.			
198	349	1	149	5	1	8.0	7.0	1640.0	24.0	6.0	1645.0	0	11.0	Aanvangsdatum (Oude Stijl): commissie. Beëindigd door overlijden.			
199	351	1	150	5	1	19.0	11.0	1640.0			1645.0	0	12.0	Aanvangsdatum (Oude Stijl): commissie. Beëindigd door overlijden.			
200	353	1	151	5	1	10.0	7.0	1641.0	30.0	7.0	1669.0	0	10.0	Aanvangsdatum (Oude Stijl): commissie. Beëindigd door overlijden.			
201	355	1	152	5	1	5.0	2.0	1642.0	30.0	12.0	1643.0	0	11.0	Aanvangsdatum (Oude Stijl): commissie. Beëindigd door overlijden.			
202	357	1	153	5	1	19.0	2.0	1645.0	8.0	11.0	1647.0	0	11.0	Aanvangsdatum (Oude Stijl): commissie. Beëindigd door overlijden.			
203	359	1	154	5	1	19.0	2.0	1645.0	5.0	3.0	1666.0	0	11.0	Aanvangsdatum (Oude Stijl): commissie. Ontslag op eigen verzoek ten behoeve van zoon Jarich.			
204	361	1	155	5	1	6.0	12.0	1645.0			1652.0	0	13.0	Aanvangsdatum (Oude Stijl): commissie. Beëindigd door overlijden, waarschijnlijk eind 1652 (zie 'opmerkingen').			
205	363	1	156	5	1	12.0	12.0	1645.0	9.0	11.0	1676.0	0	12.0	Aanvangsdatum (Oude Stijl): commissie. Beëindigd wegens benoeming tot eerste presiderende raad.			
206	364	1	156	23	1	10.0	11.0	1676.0	10.0	10.0	1678.0	0	12.0	Aanvangsdatum (Oude Stijl): commissie. Beëindigd door overlijden.			
207	366	1	157	5	1	12.0	12.0	1645.0	24.0	3.0	1666.0	0	12.0	Aanvangsdatum (Oude Stijl): commissie. Beëindigd door overlijden.			
208	368	1	158	5	1	28.0	2.0	1646.0		10.0	1656.0	0	11.0	Aanvangsdatum (Oude Stijl): commissie. Beëindigd door overlijden.			
209	370	1	159	5	1	11.0	2.0	1648.0	16.0	9.0	1665.0	0	11.0	Aanvangsdatum (Oude Stijl): commissie. Beëindigd door overlijden.			
210	372	1	160	5	1	12.0	3.0	1649.0	24.0	9.0	1660.0	0	13.0	Aanvangsdatum (Oude Stijl): commissie. Beëindigd door overlijden.			
211	374	1	161	5	1	15.0	2.0	1653.0	29.0	12.0	1669.0	0	13.0	Aanvangsdatum (Oude Stijl): commissie. Ontslag op eigen verzoek.			
212	376	1	162	5	1	5.0	8.0	1653.0	22.0	12.0	1671.0	0	10.0	Aanvangsdatum (Oude Stijl): commissie. Beëindigd door overlijden.			
213	378	1	163	5	1	19.0	3.0	1655.0	12.0	1.0	1678.0	0	12.0	Aanvangsdatum (Oude Stijl): commissie. Beëindigd door overlijden.			
214	380	1	164	5	1	14.0	10.0	1656.0	9.0	1.0	1671.0	0	11.0	Aanvangsdatum (Oude Stijl): commissie. Beëindigd door overlijden.			
215	382	1	165	5	1	16.0	11.0	1660.0	10.0	10.0	1678.0	0	13.0	Aanvangsdatum (Oude Stijl): commissie. Beëindigd wegens benoeming tot eerste presiderende raad.			
216	383	1	165	23	1	11.0	10.0	1678.0	12.0	1.0	1679.0	0	13.0	Aanvangsdatum (Oude Stijl): commissie. Beëindigd door overlijden.			
217	385	1	166	5	1	13.0	10.0	1665.0	12.0	1.0	1679.0	0	11.0	Aanvangsdatum (Oude Stijl): commissie. Beëindigd wegens benoeming tot eerste presiderende raad.			
218	386	1	166	23	1	13.0	1.0	1679.0	13.0	11.0	1699.0	0	11.0	Aanvangsdatum (Oude Stijl): commissie. Beëindigd door overlijden.			
219	388	1	167	5	1	17.0	2.0	1666.0		12.0	1666.0	0	10.0	Aanvangsdatum (Oude Stijl): commissie. Ontslag op eigen verzoek.			
220	389	1	167	5	1	12.0	1.0	1672.0	5.0	7.0	1677.0	0	10.0	Aanvangsdatum (Oude Stijl): commissie. Ontslag op eigen verzoek.			
221	391	1	168	5	1	6.0	3.0	1666.0	13.0	11.0	1699.0	0	11.0	Aanvangsdatum (Oude Stijl): commissie. Beëindigd wegens benoeming tot eerste presiderende raad.			
222	392	1	168	23	1	14.0	11.0	1699.0	7.0	11.0	1714.0	0	11.0	Aanvangsdatum (Oude Stijl): commissie. Beëindigd door overlijden.			
223	394	1	169	5	1	22.0	12.0	1666.0	12.0	2.0	1675.0	0	10.0	Aanvangsdatum (Oude Stijl): commissie. Beëindigd door overlijden.			
224	396	1	170	5	1	26.0	2.0	1667.0	16.0	6.0	1686.0	0	12.0	Aanvangsdatum (Oude Stijl): commissie. Beëindigd door overlijden.			
225	398	1	171	5	1	28.0	10.0	1669.0	11.0	11.0	1676.0	0	10.0	Aanvangsdatum (Oude Stijl): commissie. Beëindigd door overlijden.			
226	400	1	172	5	1	30.0	12.0	1669.0	15.0	7.0	1684.0	0	13.0	Aanvangsdatum (Oude Stijl): commissie. Ontslag op eigen verzoek.			
227	402	1	173	5	1	15.0	2.0	1671.0	21.0	2.0	1672.0	0	11.0	Aanvangsdatum (Oude Stijl): commissie. Beëindigd door overlijden.			
228	404	1	174	5	1	27.0	2.0	1672.0	20.0	2.0	1679.0	0	11.0	Aanvangsdatum (Oude Stijl): commissie. Ontslag op eigen verzoek.			
229	406	1	175	5	1	12.0	6.0	1675.0	5.0	2.0	1710.0	0	10.0	Aanvangsdatum (Oude Stijl): commissie. Beëindigd door overlijden, mogelijk op 19 februari (zie 'opmerkingen').			
230	408	1	176	5	1	16.0	2.0	1677.0	6.0	9.0	1689.0	0	10.0	Aanvangsdatum (Oude Stijl): commissie. Ontslag op eigen verzoek ten behoeve van zoon Cornelis.			
231	410	1	177	5	1	17.0	2.0	1677.0	10.0	4.0	1684.0	0	13.0	Aanvangsdatum (Oude Stijl): commissie. Ontslag op eigen verzoek.			
232	412	1	178	5	1	6.0	7.0	1677.0	6.0	5.0	1692.0	0	10.0	Aanvangsdatum (Oude Stijl): commissie. Beëindigd door overlijden.			
233	414	1	179	5	1	20.0	2.0	1679.0	7.0	11.0	1714.0	0	12.0	Aanvangsdatum (Oude Stijl): commissie. Beëindigd wegens benoeming tot eerste presiderende raad.			
234	415	1	179	23	1	8.0	11.0	1714.0	1.0	12.0	1714.0	0	12.0	Aanvangsdatum: commissie. Ontslag op eigen verzoek.			
235	417	1	180	5	1	21.0	2.0	1679.0	3.0	11.0	1698.0	0	11.0	Aanvangsdatum (Oude Stijl): commissie. Beëindigd door overlijden. O. Vries e.a., De heeren van den raede. Biografieën en groepsportret van de raadsheren van het hof van Friesland, 1499-1811 (Hilversum 1999) 318 meldt dat hij op 31 december 1698 ontslag neemt, maar geeft tegelijk een overlijdensdatum 3 november 1698.			
236	419	1	181	5	1	24.0	2.0	1679.0	25.0	2.0	1682.0	0	13.0	Aanvangsdatum (Oude Stijl): commissie. Ontslag op eigen verzoek.			
237	421	1	182	5	1	30.0	10.0	1679.0	1.0	12.0	1714.0	0	12.0	Aanvangsdatum (Oude Stijl): commissie. Beëindigd wegens benoeming tot eerste presiderende raad.			
238	422	1	182	23	1	2.0	12.0	1714.0	25.0	6.0	1721.0	0	12.0	Aanvangsdatum: commissie. Ontslag op eigen verzoek.			
239	424	1	183	5	1	26.0	2.0	1682.0	5.0	5.0	1716.0	0	13.0	Aanvangsdatum (Oude Stijl): commissie. Beëindigd door overlijden.			
240	426	1	184	5	1	11.0	4.0	1684.0	7.0	8.0	1699.0	0	13.0	Aanvangsdatum (Oude Stijl): commissie. Beëindigd door overlijden.			
241	428	1	185	5	1	16.0	7.0	1684.0			1703.0	0	13.0	Aanvangsdatum (Oude Stijl): commissie. Beëindigd door overlijden tussen 10 april en 20 juni.			
242	430	1	186	5	1	18.0	7.0	1686.0	5.0	9.0	1705.0	0	12.0	Aanvangsdatum (Oude Stijl): commissie. Beëindigd door overlijden.			
243	432	1	187	5	1	7.0	9.0	1689.0	5.0	9.0	1694.0	0	10.0	Aanvangsdatum (Oude Stijl): commissie. Beëindigd door overlijden.			
244	434	1	188	5	1	17.0	2.0	1693.0	7.0	3.0	1715.0	0	10.0	Aanvangsdatum (Oude Stijl): commissie. Ontslag op eigen verzoek ten behoeve van zoon Dominicus.			
245	436	1	189	5	1	6.0	9.0	1694.0	9.0	4.0	1720.0	0	10.0	Aanvangsdatum (Oude Stijl): commissie. Ontslag op eigen verzoek ten behoeve van zoon Arent Aulus.			
246	438	1	190	5	1	31.0	12.0	1698.0	10.0	4.0	1720.0	0	11.0	Aanvangsdatum (Oude Stijl): commissie. Ontslag op eigen verzoek ten behoeve van zoon Bernhardus Hermannus.			
247	440	1	191	5	1	16.0	11.0	1699.0	2.0	6.0	1712.0	0	13.0	Aanvangsdatum (Oude Stijl): commissie. Ontslag op eigen verzoek.			
248	442	1	192	5	1	17.0	2.0	1701.0	13.0	1.0	1702.0	0	11.0	Aanvangsdatum: commissie. Ontslag op eigen verzoek.			
249	444	1	193	5	1	14.0	1.0	1703.0	20.0	10.0	1721.0	0	11.0	Aanvangsdatum: commissie. Beëindigd wegens benoeming tot eerste presiderende raad.			
250	445	1	193	23	1	21.0	10.0	1721.0	29.0	1.0	1759.0	0	11.0	Aanvangsdatum: commissie. Ontslag op eigen verzoek.			
251	447	1	194	5	1	12.0	4.0	1704.0	20.0	5.0	1720.0	0	13.0	Aanvangsdatum: commissie. Beëindigd door overlijden.			
252	448	1	195	19	36			1711.0				1					
253	449	1	195	5	1	5.0	12.0	1705.0	25.0	2.0	1711.0	0	12.0	Aanvangsdatum: commissie. Ontslag op eigen verzoek.			
254	451	1	196	5	1	20.0	2.0	1710.0	1.0	5.0	1721.0	0	10.0	Aanvangsdatum: commissie. Ontslag op eigen verzoek.			
255	453	1	197	5	1	26.0	2.0	1711.0	14.0	9.0	1720.0	0	12.0	Aanvangsdatum: commissie. Beëindigd door overlijden.			
256	455	1	198	5	1	12.0	5.0	1712.0	11.0	3.0	1728.0	0	13.0	Aanvangsdatum: commissie. Ontslag op eigen verzoek.			
257	457	1	199	5	1	1.0	12.0	1714.0	10.0	10.0	1725.0	0	13.0	Aanvangsdatum: commissie. Ontslag op eigen verzoek.			
258	459	1	200	5	1	15.0	12.0	1714.0	4.0	12.0	1721.0	0	11.0	Aanvangsdatum: commissie. Ontslag op eigen verzoek.			
259	461	1	201	5	1	8.0	3.0	1715.0	29.0	1.0	1759.0	0	10.0	Aanvangsdatum: commissie. Beëindigd wegens benoeming tot eerste presiderende raad.			
260	462	1	201	23	1	30.0	1.0	1759.0	27.0	10.0	1763.0	0	10.0	Aanvangsdatum: commissie. Ontslag op eigen verzoek.			
261	464	1	202	5	1	2.0	7.0	1716.0	21.0	10.0	1732.0	0	13.0	Aanvangsdatum: commissie. Beëindigd door overlijden.			
262	466	1	203	5	1	11.0	4.0	1720.0	16.0	6.0	1737.0	0	10.0	Aanvangsdatum: commissie. Beëindigd door overlijden.			
263	468	1	204	5	1	11.0	4.0	1720.0	28.0	10.0	1763.0	0	11.0	Aanvangsdatum: commissie. Beëindigd wegens benoeming tot eerste presiderende raad.			
264	469	1	204	23	1	29.0	10.0	1763.0	9.0	1.0	1780.0	0	11.0	Aanvangsdatum: commissie. Beëindigd door overlijden.			
265	471	1	205	5	1	26.0	6.0	1720.0	20.0	3.0	1763.0	0	13.0	Aanvangsdatum: eedsaflegging. Ontslag op eigen verzoek.			
266	473	1	206	5	1	3.0	10.0	1720.0	2.0	2.0	1722.0	0	12.0	Aanvangsdatum: commissie. Ontslag op eigen verzoek.			
267	475	1	207	5	1	2.0	5.0	1721.0		2.0	1780.0	0	10.0	Aanvangsdatum: commissie. Beëindigd wegens benoeming tot eerste presiderende raad.			
268	476	1	207	23	1		2.0	1780.0		12.0	1780.0	0	10.0	Ontslag op eigen verzoek.			
269	478	1	208	5	1	26.0	6.0	1721.0	28.0	2.0	1729.0	0	12.0	Aanvangsdatum: commissie. Ontslag op eigen verzoek.			
270	480	1	209	5	1	5.0	12.0	1721.0	28.0	4.0	1744.0	0	11.0	Aanvangsdatum: commissie. Beëindigd door overlijden.			
271	482	1	210	5	1	3.0	2.0	1722.0	30.0	3.0	1752.0	0	12.0	Aanvangsdatum: commissie. Beëindigd door overlijden.			
272	484	1	211	5	1	10.0	10.0	1725.0	30.0	11.0	1757.0	0	12.0	Aanvangsdatum: commissie. Ontslag op eigen verzoek.			
273	486	1	212	5	1	12.0	3.0	1728.0	4.0	10.0	1773.0	0	13.0	Aanvangsdatum: commissie. Beëindigd door overlijden.			
274	488	1	213	5	1	1.0	3.0	1730.0	19.0	12.0	1780.0	0	12.0	Aanvangsdatum: commissie. Beëindigd wegens benoeming tot eerste presiderende raad.			
275	489	1	213	23	1	20.0	12.0	1780.0	12.0	1.0	1789.0	0	12.0	Aanvangsdatum: commissie. Beëindigd door overlijden.			
276	491	1	214	5	1	13.0	3.0	1733.0	27.0	10.0	1763.0	0	13.0	Aanvangsdatum: commissie. Ontslag op eigen verzoek.			
277	493	1	215	5	1	13.0	7.0	1737.0	28.0	9.0	1762.0	0	10.0	Aanvangsdatum: commissie. Ontslag op eigen verzoek.			
278	495	1	216	5	1	19.0	2.0	1745.0	17.0	4.0	1755.0	0	11.0	Aanvangsdatum: commissie. Ontslag op eigen verzoek.			
279	499	1	218	5	1	18.0	4.0	1755.0		1.0	1788.0	0	11.0	Aanvangsdatum: commissie. Ontslag op eigen verzoek.			
280	501	1	219	5	1	1.0	12.0	1757.0	7.0	1.0	1781.0	0	12.0	Aanvangsdatum: commissie. Beëindigd door overlijden.			
281	503	1	220	5	1	29.0	1.0	1759.0	20.0	7.0	1771.0	0	11.0	Aanvangsdatum: commissie. Beëindigd door overlijden.			
282	505	1	221	5	1	29.0	9.0	1762.0	16.0	12.0	1780.0	0	10.0	Aanvangsdatum: commissie. Beëindigd door overlijden.			
283	507	1	222	5	1	21.0	3.0	1763.0	12.0	1.0	1789.0	0	13.0	Aanvangsdatum: commissie. Beëindigd wegens benoeming tot eerste presiderende raad.			
284	508	1	222	23	1	13.0	1.0	1789.0	15.0	3.0	1792.0	0	13.0	Aanvangsdatum: commissie. Beëindigd wegens ontslag als gevolg van patriotse sympathieën.			
285	510	1	223	5	1	28.0	10.0	1763.0		6.0	1780.0	0	10.0	Aanvangsdatum: commissie. Ontslag op eigen verzoek.			
286	511	1	224	19	55			1755.0			1763.0	1					
287	512	1	224	5	1	28.0	10.0	1763.0	14.0	11.0	1779.0	0	13.0	Aanvangsdatum: commissie. Beëindigd door overlijden.			
288	514	1	225	5	1	7.0	1.0	1771.0		5.0	1783.0	0	12.0	Aanvangsdatum: commissie. Ontslag op eigen verzoek.			
289	515	1	226	19	57			1767.0			1771.0	1					
290	516	1	226	5	1	10.0	9.0	1771.0	15.0	3.0	1792.0	0	11.0	Aanvangsdatum: commissie. Beëindigd wegens benoeming tot eerste presiderende raad.			
291	517	1	226	23	1	16.0	3.0	1792.0	10.0	7.0	1795.0	0	11.0	Aanvangsdatum: commissie. Beëindigd wegens ontslag.			
292	519	1	227	5	1	7.0	12.0	1773.0			1775.0	0	13.0	Aanvangsdatum: commissie. Ontslag op eigen verzoek.			
293	521	1	228	5	1	2.0	1.0	1776.0	10.0	7.0	1795.0	0	13.0	Aanvangsdatum: commissie. Beëindigd wegens benoeming tot eerste presiderende raad.			
294	524	1	229	5	1	5.0	1.0	1780.0		12.0	1788.0	0	13.0	Aanvangsdatum: commissie. Beëindigd door overlijden op 15 of 16 december.			
295	526	1	230	5	1	29.0	2.0	1780.0	10.0	7.0	1795.0	0	11.0	Aanvangsdatum: commissie. Beëindigd wegens ontslag.			
296	528	1	231	5	1	6.0	9.0	1780.0	29.0	2.0	1792.0	0	10.0	Aanvangsdatum: commissie. Ontslag op eigen verzoek.			
297	530	1	232	5	1	20.0	12.0	1780.0	28.0	2.0	1795.0	0	10.0	Aanvangsdatum: commissie. Ontslag op eigen verzoek.			
298	532	1	233	5	1	13.0	2.0	1781.0	11.0	4.0	1796.0	0	10.0	Aanvangsdatum: commissie. Beëindigd wegens ontslag.			
299	535	1	234	5	1	20.0	3.0	1781.0	13.0	5.0	1791.0	0	12.0	Aanvangsdatum: commissie. Ontslag op eigen verzoek.			
300	537	1	235	5	1	10.0	7.0	1783.0	11.0	4.0	1796.0	0	12.0	Aanvangsdatum: commissie. Beëindigd wegens ontslag.			
301	539	1	236	5	1	5.0	2.0	1788.0	11.0	4.0	1796.0	0	11.0	Aanvangsdatum: commissie. Beëindigd wegens ontslag.			
302	542	1	237	5	1	13.0	1.0	1789.0	10.0	7.0	1795.0	0	13.0	Aanvangsdatum: commissie. Beëindigd wegens ontslag.			
303	544	1	238	5	1	19.0	2.0	1789.0	10.0	7.0	1795.0	0	12.0	Aanvangsdatum: commissie. Beëindigd wegens ontslag.			
304	548	1	239	5	1	8.0	9.0	1791.0	10.0	7.0	1795.0	0	12.0	Aanvangsdatum: commissie. Beëindigd wegens ontslag.			
305	550	1	240	5	1	1.0	3.0	1792.0	10.0	7.0	1795.0	0	10.0	Aanvangsdatum: commissie. Beëindigd wegens ontslag.			
306	552	1	241	5	1	22.0	5.0	1792.0	10.0	7.0	1795.0	0	13.0	Aanvangsdatum: commissie. Beëindigd wegens ontslag.			
307	554	0	242	9	1			1515.0			1519.0	0		Aanvangsjaar onzeker.			
308	556	0	243	9	1			1520.0			1524.0	0		Aanvangsjaar onzeker.			
309	558	0	244	9	1	22.0	10.0	1524.0			1541.0	0		Aanvangsdatum: commissie. Beëindigd door overlijden.			
310	560	0	245	9	1			1541.0			1548.0	0		Beëindigd door overlijden.			
311	561	0	246	9	1			1549.0			1557.0	0		Beëindigd door overlijden.			
312	563	0	247	9	1	15.0	8.0	1557.0		3.0	1578.0	0		Aanvangsdatum: commissie. Beëindigd wegens schorsing; later ontslag.			
313	565	0	248	9	1	21.0	10.0	1578.0		10.0	1584.0	0		Aanvangsdatum: provisionele benoeming. Definitieve commissie op 3 juli 1580. Beëindigd wegens ontslag.			
314	566	1	249	9	1	6.0	5.0	1585.0	9.0	6.0	1591.0	0		Aanvangsdatum (Oude Stijl): commissie. Beëindigd door overlijden.			
315	567	1	250	9	1	17.0	9.0	1591.0	22.0	3.0	1615.0	0		Aanvangsdatum (Oude Stijl): commissie. Beëindigd door overlijden.			
316	569	1	251	9	1	29.0	2.0	1616.0	7.0	7.0	1617.0	0		Aanvangsdatum (Oude Stijl): commissie. Beëindigd door overlijden.			
317	571	1	252	9	1	11.0	3.0	1618.0			1624.0	0		Aanvangsdatum (Oude Stijl): commissie. Beëindigd door overlijden vóór 22 oktober.			
318	577	1	255	9	1	12.0	1.0	1638.0	11.0	11.0	1659.0	0		Aanvangsdatum (Oude Stijl): commissie. Ontslag op eigen verzoek.			
319	579	1	256	9	1	11.0	11.0	1659.0	3.0	4.0	1687.0	0		Aanvangsdatum (Oude Stijl): commissie. Ontslag op eigen verzoek.			
320	581	1	257	9	1	3.0	4.0	1687.0	22.0	2.0	1709.0	0		Aanvangsdatum (Oude Stijl): commissie. Ontslag op eigen verzoek.			
321	583	1	258	9	1	21.0	2.0	1709.0	10.0	7.0	1728.0	0		Aanvangsdatum: commissie. Ontslag op eigen verzoek.			
322	584	1	259	19	46			1755.0			1779.0	1					
323	585	1	259	9	1	10.0	7.0	1728.0	14.0	3.0	1739.0	0		Aanvangsdatum: commissie. Ontslag op eigen verzoek.			
324	589	1	261	9	1	28.0	2.0	1746.0	29.0	9.0	1752.0	0		Aanvangsdatum: commissie. Beëindigd wegens benoeming tot raadsheer in het college.			
325	593	1	263	9	1	26.0	1.0	1759.0	26.0	7.0	1773.0	0		Aanvangsdatum: commissie. Ontslag op eigen verzoek.			
326	595	1	264	9	1	26.0	7.0	1773.0	5.0	8.0	1774.0	0		Aanvangsdatum: commissie. Ontslag op eigen verzoek.			
327	597	1	265	9	1	5.0	8.0	1774.0	20.0	9.0	1796.0	0		Aanvangsdatum: commissie. Ontslag op eigen verzoek.			
328	601	0	267	7	1			1547.0	1.0	7.0	1567.0	0		Beëindigd door overlijden.			
329	603	1	269	13	5	1.0	5.0	1685.0	29.0	4.0	1688.0	0	13.0	Aanvangsdatum (Oude Stijl): sessiename.	38.0		
330	604	1	269	13	5	1.0	11.0	1691.0	9.0	8.0	1692.0	0	13.0	Aanvangsdatum (Oude Stijl): sessiename.	38.0		
331	605	1	270	13	5	10.0	5.0	1704.0	25.0	11.0	1708.0	0	13.0	Aanvangsdatum: sessiename.	39.0		
332	606	1	270	13	5	13.0	5.0	1710.0	11.0	11.0	1711.0	0	13.0	Aanvangsdatum: sessiename.	39.0		
333	607	1	271	13	5	29.0	4.0	1682.0	1.0	5.0	1683.0	0	13.0	Aanvangsdatum (Oude Stijl): sessiename.	31.0		
334	608	0	272	13	5	31.0	3.0	1584.0			1586.0	0	13.0	Aanvangsdatum (Oude Stijl): sessiename.	31.0		
335	610	1	273	13	5	31.0	3.0	1603.0	27.0	2.0	1604.0	0	12.0	Aanvangsdatum (Oude Stijl): sessiename.	27.0		
336	612	1	274	13	5	26.0	11.0	1708.0	12.0	5.0	1710.0	0	13.0	Aanvangsdatum: sessiename.	35.0		
337	613	1	274	13	5	31.0	5.0	1712.0	11.0	7.0	1714.0	0	13.0	Aanvangsdatum: sessiename. Mogelijk eerder beëindigd door overlijden.	35.0		
338	614	1	275	13	5	13.0	5.0	1626.0	18.0	12.0	1628.0	0	13.0	Aanvangsdatum (OudeStijl): sessiename. Mogelijk eerder beëindigd door overlijden.	38.0		
339	615	1	276	13	5	1.0	5.0	1680.0	1.0	5.0	1683.0	0	13.0	Aanvangsdatum (Oude Stijl): sessiename.	32.0		
340	616	1	277	13	5	1.0	5.0	1657.0			1658.0	0	13.0	Aanvangsdatum (OudeStijl): sessiename. Beëindigd door overlijden vóór 28 mei.	36.0		
341	617	1	278	13	5	6.0	3.0	1601.0	11.0	3.0	1602.0	0	12.0	Aanvangsdatum (Oude Stijl): sessiename.			
342	618	1	279	13	5	17.0	2.0	1764.0	12.0	2.0	1767.0	0	10.0	Aanvangsdatum: sessiename.	10.0		
343	619	1	280	13	5	8.0	2.0	1667.0	3.0	2.0	1669.0	0	11.0	Aanvangsdatum (Oude Stijl): sessiename.	15.0		
344	620	1	281	13	5	1.0	5.0	1675.0	17.0	2.0	1678.0	0	13.0	Aanvangsdatum (OudeStijl): sessiename. Mogelijk eerder beëindigd door overlijden.	38.0		
345	621	1	282	13	5	25.0	3.0	1608.0	30.0	3.0	1610.0	0	13.0	Aanvangsdatum (OudeStijl): sessiename. Mogelijk eerder beëindigd door overlijden.	33.0		
346	622	1	283	13	5	10.0	9.0	1636.0	12.0	2.0	1639.0	0	11.0	Aanvangsdatum (Oude Stijl): sessiename.	15.0		
347	623	1	284	13	5	14.0	2.0	1599.0	5.0	3.0	1601.0	0	11.0	Aanvangsdatum (Oude Stijl): sessiename.	18.0		
348	625	1	285	13	5	2.0	4.0	1610.0			1612.0	0	12.0	Aanvangsdatum (Oude Stijl): sessiename.	22.0		
349	626	1	286	13	5	30.0	4.0	1680.0	18.0	12.0	1682.0	0	12.0	Aanvangsdatum (OudeStijl): sessiename. Beëindigd door overlijden.	22.0		
350	627	1	287	13	5	1.0	5.0	1650.0	3.0	5.0	1653.0	0	12.0	Aanvangsdatum (Oude Stijl): sessiename.	22.0		
351	628	1	287	13	5	29.0	4.0	1665.0	7.0	5.0	1668.0	0	12.0	Aanvangsdatum (Oude Stijl): sessiename.	22.0		
352	629	1	288	13	5	30.0	4.0	1695.0	29.0	4.0	1698.0	0	12.0	Aanvangsdatum (Oude Stijl): sessiename.	21.0		
353	630	1	288	13	5	13.0	5.0	1710.0	16.0	5.0	1713.0	0	12.0	Aanvangsdatum: sessiename.	21.0		
354	631	1	288	13	5	16.0	5.0	1725.0	30.0	4.0	1728.0	0	12.0	Aanvangsdatum: sessiename.	21.0		
355	632	1	289	13	5	15.0	2.0	1666.0	7.0	5.0	1668.0	0	12.0	Aanvangsdatum (Oude Stijl): sessiename.	21.0		
356	633	1	289	13	5	30.0	4.0	1680.0	16.0	2.0	1683.0	0	12.0	Aanvangsdatum (Oude Stijl): sessiename.	21.0		
357	634	0	290	13	5	28.0	7.0	1582.0			1582.0	0	13.0	Aanvangsdatum (OudeStijl): sessiename. Zitting voor Leeuwarden onzeker.	31.0		
358	635	1	291	13	5	17.0	5.0	1769.0	7.0	8.0	1777.0	0	13.0	Aanvangsdatum: sessiename. Beëindigd door overlijden.	31.0		
359	636	1	292	13	5	29.0	5.0	1609.0	28.0	1.0	1614.0	0	11.0	Aanvangsdatum (Oude Stijl): sessiename.			
360	637	1	292	13	5	18.0	2.0	1620.0	6.0	5.0	1623.0	0	13.0	Aanvangsdatum (Oude Stijl): sessiename.	31.0		
361	638	1	292	13	5	13.0	7.0	1624.0	12.0	5.0	1626.0	0	13.0	Aanvangsdatum (OudeStijl): sessiename. Mogelijk eerder beëindigd door overlijden.	31.0		
362	640	1	293	13	5	12.0	12.0	1713.0			1714.0	0	11.0	Aanvangsdatum: sessiename.	13.0		
363	641	1	293	13	5	13.0	3.0	1725.0	11.0	2.0	1728.0	0	11.0	Aanvangsdatum: sessiename.	13.0		
364	643	1	293	13	5	23.0	4.0	1744.0	22.0	3.0	1745.0	0	11.0	Aanvangsdatum: sessiename.	8.0		
365	644	1	294	13	5	11.0	2.0	1648.0	11.0	2.0	1665.0	0	10.0	Aanvangsdatum (OudeStijl): sessiename. De Nederlandsche Leeuw 106 (1989) 50 geeft  ten onrechte aanvang 1645. Beëindigd door overlijden.	8.0		
366	645	1	295	13	5	3.0	6.0	1602.0	26.0	2.0	1604.0	0	13.0	Aanvangsdatum (OudeStijl): sessiename. Mogelijk eerder beëindigd door overlijden.	32.0		
367	647	1	296	13	5	11.0	2.0	1719.0	26.0	2.0	1722.0	0	10.0	Aanvangsdatum: sessiename.	11.0		
368	648	1	297	13	5	11.0	2.0	1686.0	11.0	2.0	1689.0	0	10.0	Aanvangsdatum (Oude Stijl): sessiename.	11.0		
369	649	1	298	13	5			1589.0			1593.0	0	10.0	De Nederlandsche Leeuw 106 (1989) 47 geeft kwartier Westergo.	2.0		
370	650	1	298	13	5	18.0	3.0	1611.0	28.0	1.0	1614.0	0	10.0	Aanvangsdatum (Oude Stijl): sessiename.	2.0		
371	651	1	298	13	5	23.0	3.0	1616.0	29.0	5.0	1627.0	0	10.0	Aanvangsdatum (Oude Stijl): sessiename.	2.0		
372	653	1	299	13	5	12.0	2.0	1698.0	18.0	2.0	1701.0	0	10.0	Aanvangsdatum (Oude Stijl): sessiename.	8.0		
373	655	1	300	13	5			1665.0	10.0	2.0	1668.0	0	10.0		8.0		
374	656	1	300	13	5	11.0	2.0	1671.0	18.0	10.0	1672.0	0	10.0	Aanvangsdatum (Oude Stijl): sessiename.	8.0		
375	658	1	302	13	5	19.0	3.0	1631.0	3.0	3.0	1635.0	0	11.0	Aanvangsdatum (Oude Stijl): sessiename.	14.0		
376	659	1	302	13	5	13.0	2.0	1639.0	9.0	3.0	1641.0	0	11.0	Aanvangsdatum (Oude Stijl): sessiename.	14.0		
377	660	1	302	13	5	11.0	2.0	1645.0	14.0	6.0	1645.0	0	11.0	Aanvangsdatum (OudeStijl): sessiename. Beëindigd door overlijden.	14.0		
378	661	1	303	13	5	11.0	2.0	1648.0	11.0	2.0	1652.0	0	11.0	Aanvangsdatum (Oude Stijl): sessiename.	20.0		
379	662	1	304	13	5	10.0	3.0	1641.0			1641.0	0	11.0	Aanvangsdatum (OudeStijl): sessiename. Beëindiging waarschijnlijk door overlijden.	20.0		
380	663	0	305	13	5			1586.0			1588.0	0	10.0		7.0		
381	664	1	306	13	5	12.0	2.0	1674.0	9.0	2.0	1677.0	0	10.0	Aanvangsdatum (Oude Stijl): sessiename.	4.0		
382	665	1	306	13	5	12.0	2.0	1689.0			1692.0	0	10.0	Aanvangsdatum (Oude Stijl): sessiename.	4.0		
383	667	1	307	13	5	12.0	2.0	1683.0	10.0	2.0	1686.0	0	11.0	Aanvangsdatum (Oude Stijl): sessiename.	8.0		
384	668	1	307	13	5	11.0	2.0	1692.0	8.0	2.0	1695.0	0	11.0	Aanvangsdatum (Oude Stijl): sessiename.	8.0		
385	669	1	307	13	5	12.0	2.0	1698.0	18.0	2.0	1701.0	0	11.0	Aanvangsdatum (Oude Stijl): sessiename.	8.0		
386	671	1	309	13	5	16.0	8.0	1645.0			1647.0	0	11.0	Aanvangsdatum (Oude Stijl): sessiename.	14.0		
387	672	1	309	13	5			1647.0	10.0	2.0	1648.0	0	11.0		13.0		
388	673	1	310	13	5	9.0	2.0	1695.0	11.0	2.0	1698.0	0	10.0	Aanvangsdatum (Oude Stijl): sessiename.	2.0		
389	674	1	310	13	5	16.0	2.0	1704.0	16.0	2.0	1707.0	0	10.0	Aanvangsdatum: sessiename.	2.0		
390	675	1	310	13	5	3.0	11.0	1714.0	10.0	2.0	1719.0	0	10.0	Aanvangsdatum: sessiename.	2.0		
391	677	1	311	13	5			1598.0	13.0	2.0	1599.0	0	11.0		14.0		
392	678	1	312	13	5	23.0	2.0	1616.0	28.0	3.0	1621.0	0	11.0	Aanvangsdatum (Oude Stijl): sessiename.	19.0		
393	679	1	312	13	5	10.0	3.0	1641.0	10.0	2.0	1645.0	0	11.0	Aanvangsdatum (Oude Stijl): sessiename.	19.0		
394	680	0	313	13	5	15.0	2.0	1581.0	27.0	8.0	1581.0	0	10.0	Aanvangsdatum (OudeStijl): sessiename. Mogelijk eerder beëindigd door overlijden.	7.0		
395	681	0	314	13	5	21.0	6.0	1586.0			1586.0	0	13.0	Aanvangsdatum (Oude Stijl): sessiename.	31.0		
396	682	1	315	13	5	12.0	3.0	1602.0	4.0	8.0	1602.0	0	12.0	Aanvangsdatum (Oude Stijl): sessiename.	23.0		
397	683	1	315	13	5			1606.0			1608.0	0	12.0		23.0		
398	685	1	316	13	5	1.0	5.0	1641.0	3.0	5.0	1644.0	0	12.0	Aanvangsdatum (Oude Stijl): sessiename.	24.0		
399	686	1	316	13	5	1.0	5.0	1656.0			1658.0	0	12.0	Aanvangsdatum (Oude Stijl): sessiename.	24.0		
400	687	1	316	13	5	29.0	4.0	1671.0	25.0	10.0	1672.0	0	12.0	Aanvangsdatum (Oude Stijl): sessiename.	24.0		
401	688	1	317	13	5	14.0	6.0	1655.0	30.0	4.0	1656.0	0	12.0	Aanvangsdatum (Oude Stijl): sessiename.	23.0		
402	689	1	317	13	5			1658.0	3.0	5.0	1659.0	0	12.0		23.0		
403	690	1	317	13	5	8.0	5.0	1668.0	7.0	11.0	1669.0	0	12.0	Aanvangsdatum (OudeStijl): sessiename. Beëindigd door overlijden.	23.0		
404	691	1	318	13	5			1635.0			1635.0	0	12.0		23.0		
405	693	1	318	13	5	4.0	5.0	1653.0	11.0	4.0	1655.0	0	12.0	Aanvangsdatum (OudeStijl): sessiename. Beëindigd door overlijden, mogelijk op 11 mei (zie 'opmerkingen').	23.0		
406	695	1	320	13	5	29.0	1.0	1614.0	22.0	3.0	1616.0	0	10.0	Aanvangsdatum (Oude Stijl): sessiename.	1.0		
407	696	1	321	13	5	12.0	2.0	1782.0	11.0	2.0	1785.0	0	10.0	Aanvangsdatum: sessiename.	4.0		
408	698	1	321	13	5	12.0	2.0	1788.0	11.0	2.0	1791.0	0	10.0	Aanvangsdatum: sessiename.	4.0		
409	699	1	322	13	5	13.0	2.0	1767.0	11.0	2.0	1770.0	0	10.0	Aanvangsdatum: sessiename. De klaarblijkelijk gelijktijdige zitting van Bergsma in de Admiraliteit in Amsterdam en Gedeputeerde Staten van Friesland gedurende het jaar 1767-1768 is vooralsnog onverklaarbaar.	4.0		
410	701	1	322	13	5	12.0	2.0	1794.0	19.0	2.0	1795.0	0	10.0	Aanvangsdatum: sessiename. Beëindigd wegens opheffing van het college.	4.0		
411	702	1	323	13	5	12.0	2.0	1761.0	16.0	2.0	1764.0	0	10.0	Aanvangsdatum: sessiename.	4.0		
412	703	1	324	13	5	12.0	5.0	1785.0	11.0	5.0	1787.0	0	13.0	Aanvangsdatum: sessiename.	36.0		
413	705	1	325	13	5	2.0	5.0	1638.0	30.0	4.0	1641.0	0	13.0	Aanvangsdatum (Oude Stijl): sessiename.	31.0		
414	706	1	326	13	5	12.0	5.0	1772.0	11.0	5.0	1783.0	0	13.0	Aanvangsdatum: sessiename.	37.0		
415	707	1	327	13	5	29.0	10.0	1698.0	29.0	4.0	1700.0	0	13.0	Aanvangsdatum (Oude Stijl): sessiename.	37.0		
416	708	1	328	13	5	16.0	3.0	1605.0	19.0	2.0	1607.0	0	13.0	Aanvangsdatum (OudeStijl): sessiename. Mogelijk eerder beëindigd door overlijden.	34.0		
417	710	1	330	13	5	29.0	3.0	1621.0	10.0	4.0	1623.0	0	10.0	Aanvangsdatum (Oude Stijl): sessiename.	3.0		
418	711	1	330	13	5	31.0	3.0	1626.0	29.0	5.0	1627.0	0	10.0	Aanvangsdatum (Oude Stijl): sessiename.	3.0		
419	712	1	330	13	5	4.0	3.0	1631.0	11.0	3.0	1635.0	0	10.0	Aanvangsdatum (Oude Stijl): sessiename.	3.0		
420	713	1	330	13	5	11.0	2.0	1639.0	14.0	2.0	1644.0	0	10.0	Aanvangsdatum (Oude Stijl): sessiename.	3.0		
421	715	0	332	13	5			1586.0			1594.0	0	13.0		31.0		
422	717	1	334	13	5	5.0	5.0	1637.0	10.0	2.0	1639.0	0	10.0	Aanvangsdatum (OudeStijl): sessiename. Mogelijk eerder beëindigd door overlijden.	10.0		
423	718	1	335	13	5	12.0	5.0	1758.0	6.0	2.0	1764.0	0	13.0	Aanvangsdatum: sessiename. Mogelijk eerder beëindigd door overlijden.	31.0		
424	719	1	336	13	5	4.0	5.0	1659.0	15.0	5.0	1662.0	0	12.0	Aanvangsdatum (Oude Stijl): sessiename.	27.0		
425	720	1	337	13	5	10.0	5.0	1704.0	12.0	5.0	1707.0	0	12.0	Aanvangsdatum: sessiename.	27.0		
426	721	1	338	13	5	9.0	2.0	1677.0	30.0	4.0	1677.0	0	12.0	Aanvangsdatum (Oude Stijl): sessiename.	27.0		
427	722	1	338	13	5	1.0	5.0	1689.0	17.0	2.0	1693.0	0	12.0	Aanvangsdatum (Oude Stijl): sessiename.	27.0		
428	724	1	339	13	5	14.0	5.0	1749.0	9.0	8.0	1752.0	0	12.0	Aanvangsdatum: sessiename.	27.0		
429	725	1	340	13	5	19.0	10.0	1672.0	22.0	2.0	1673.0	0	10.0	Aanvangsdatum (Oude Stijl): sessiename.	11.0		
430	726	1	341	13	5	1.0	11.0	1677.0	7.0	5.0	1679.0	0	13.0	Aanvangsdatum (Oude Stijl): sessiename.	39.0		
431	727	1	342	13	5	27.0	4.0	1670.0	30.0	4.0	1674.0	0	13.0	Aanvangsdatum (OudeStijl): sessiename. Mogelijk eerder beëindigd door overlijden.	38.0		
432	728	1	343	13	5	11.0	2.0	1645.0	10.0	2.0	1648.0	0	11.0	Aanvangsdatum (Oude Stijl): sessiename.	13.0		
433	729	1	344	13	5	30.0	5.0	1627.0	3.0	3.0	1631.0	0	10.0	Aanvangsdatum (OudeStijl): sessiename. Mogelijk eerder beëindigd door overlijden.	9.0		
434	730	1	345	13	5	29.0	1.0	1614.0	22.0	2.0	1616.0	0	11.0	Aanvangsdatum (Oude Stijl): sessiename.	12.0		
435	731	1	346	13	5	10.0	2.0	1716.0	10.0	2.0	1719.0	0	11.0	Aanvangsdatum: sessiename. Mogelijk eerder beëindigd door overlijden.	14.0		
436	732	1	347	13	5	8.0	6.0	1728.0			1729.0	0	11.0	Aanvangsdatum: sessiename.	17.0		
437	733	1	347	13	5			1730.0	11.0	2.0	1734.0	0	11.0		17.0		
438	735	1	348	13	5			1692.0	8.0	2.0	1695.0	0	10.0				
439	736	1	348	13	5	19.0	2.0	1701.0	15.0	2.0	1704.0	0	10.0	Aanvangsdatum: sessiename.	7.0		
440	737	1	348	13	5	17.0	2.0	1707.0	4.0	12.0	1708.0	0	10.0	Aanvangsdatum: sessiename. Beëindigd door overlijden.	7.0		
441	738	1	349	13	5	28.0	11.0	1738.0	11.0	5.0	1767.0	0	13.0	Aanvangsdatum: sessiename.	35.0		
442	740	1	350	13	5	24.0	2.0	1749.0	18.0	2.0	1750.0	0	11.0	Aanvangsdatum: sessiename.	19.0		
443	741	1	351	13	5	12.0	2.0	1734.0	11.0	2.0	1737.0	0	10.0	Aanvangsdatum: sessiename.	5.0		
444	747	1	354	13	5	10.0	2.0	1677.0	6.0	2.0	1680.0	0	10.0	Aanvangsdatum (Oude Stijl): sessiename.	5.0		
445	748	1	355	13	5	11.0	2.0	1686.0	11.0	2.0	1689.0	0	11.0	Aanvangsdatum (Oude Stijl): sessiename.	17.0		
446	749	1	355	13	5	9.0	2.0	1704.0	16.0	2.0	1707.0	0	11.0	Aanvangsdatum: sessiename.	17.0		
447	750	1	355	13	5	10.0	2.0	1716.0	10.0	2.0	1719.0	0	11.0	Aanvangsdatum: sessiename.	17.0		
448	752	1	357	13	5	13.0	2.0	1767.0	11.0	2.0	1770.0	0	10.0	Aanvangsdatum: sessiename.	5.0		
449	755	1	359	13	5	9.0	4.0	1601.0	25.0	3.0	1603.0	0	10.0	Aanvangsdatum (Oude Stijl): sessiename.	5.0		
450	756	1	359	13	5	28.0	2.0	1604.0			1607.0	0	10.0	Aanvangsdatum (Oude Stijl): sessiename.	5.0		
451	757	1	360	13	5	11.0	2.0	1671.0	18.0	10.0	1672.0	0	11.0	Aanvangsdatum (Oude Stijl): sessiename.	13.0		
452	758	1	361	13	5	12.0	5.0	1716.0	16.0	5.0	1719.0	0	12.0	Aanvangsdatum: sessiename.	26.0		
453	760	1	362	13	5	2.0	5.0	1642.0	5.0	5.0	1645.0	0	13.0	Aanvangsdatum (Oude Stijl): sessiename.	31.0		
454	761	1	362	13	5	1.0	5.0	1650.0	3.0	5.0	1653.0	0	13.0	Aanvangsdatum (Oude Stijl): sessiename.	31.0		
455	763	1	362	13	5	1.0	5.0	1658.0	21.0	4.0	1661.0	0	13.0	Aanvangsdatum (Oude Stijl): sessiename.	31.0		
456	764	1	362	13	5	2.0	5.0	1663.0	27.0	4.0	1665.0	0	13.0	Aanvangsdatum (Oude Stijl): sessiename.	31.0		
457	765	0	363	13	5	29.0	8.0	1579.0	14.0	2.0	1581.0	0	10.0	Aanvangsdatum (Oude Stijl): sessiename.	5.0		
458	766	1	364	13	5	12.0	3.0	1635.0	4.0	5.0	1637.0	0	10.0	Aanvangsdatum (OudeStijl): sessiename. Mogelijk eerder beëindigd door overlijden.	5.0		
459	768	1	365	13	5	13.0	2.0	1758.0	11.0	2.0	1761.0	0	10.0	Aanvangsdatum: sessiename. Mogelijk eerder beëindigd door overlijden.	1.0		
460	769	1	366	13	5	16.0	2.0	1704.0	21.0	8.0	1705.0	0	11.0	Aanvangsdatum: sessiename.	19.0		
461	770	1	366	13	5	13.0	2.0	1725.0	27.0	1.0	1727.0	0	10.0	Aanvangsdatum: sessiename.	1.0		
462	772	0	368	13	5	22.0	10.0	1577.0			1577.0	0	13.0	Aanvangsdatum (Oude Stijl): sessiename.	31.0		
463	773	1	369	13	5	2.0	1.0	1756.0	11.0	5.0	1757.0	0	13.0	Aanvangsdatum: sessiename.	41.0		
464	774	1	369	13	5	12.0	5.0	1767.0	16.0	5.0	1769.0	0	13.0	Aanvangsdatum: sessiename.	41.0		
465	775	1	370	13	5	20.0	8.0	1636.0	9.0	9.0	1636.0	0	11.0	Aanvangsdatum (OudeStijl): sessiename. Mogelijk eerder beëindigd door overlijden.	16.0		
466	777	1	371	13	5	2.0	10.0	1720.0	1.0	5.0	1721.0	0	13.0	Aanvangsdatum: sessiename.	38.0		
467	778	1	371	13	5	21.0	5.0	1726.0	29.0	4.0	1729.0	0	13.0	Aanvangsdatum: sessiename.	38.0		
468	780	1	371	13	5	10.0	2.0	1733.0	14.0	3.0	1737.0	0	13.0	Aanvangsdatum: sessiename. Beëindigd door overlijden, mogelijk op 14 mei (zie 'opmerkingen').	38.0		
469	781	1	372	13	5	2.0	5.0	1683.0	12.0	11.0	1684.0	0	13.0	Aanvangsdatum (Oude Stijl): sessiename.	37.0		
470	782	1	372	13	5	20.0	1.0	1686.0	29.0	4.0	1686.0	0	13.0	Aanvangsdatum (Oude Stijl): sessiename.	37.0		
471	783	1	373	13	5			1612.0	17.0	2.0	1615.0	0	12.0		27.0		
472	784	1	373	13	5	16.0	4.0	1619.0	8.0	4.0	1624.0	0	12.0	Aanvangsdatum (Oude Stijl): sessiename.	27.0		
473	785	1	373	13	5	24.0	3.0	1625.0	17.0	10.0	1626.0	0	12.0	Aanvangsdatum (OudeStijl): sessiename. Beëindigd door overlijden.	27.0		
474	786	1	374	13	5	4.0	5.0	1644.0	2.0	5.0	1647.0	0	12.0	Aanvangsdatum (Oude Stijl): sessiename.	27.0		
475	787	1	375	13	5	31.0	10.0	1670.0	3.0	1.0	1671.0	0	13.0	Aanvangsdatum (OudeStijl): sessiename. Mogelijk eerder beëindigd door overlijden.	31.0		
476	788	0	376	13	5			1586.0			1591.0	0	11.0		14.0		
477	789	1	376	13	5	14.0	2.0	1599.0			1600.0	0	11.0	Aanvangsdatum (Oude Stijl): sessiename.	14.0		
478	790	1	376	13	5	6.0	3.0	1601.0	19.0	4.0	1605.0	0	11.0	Aanvangsdatum (Oude Stijl): sessiename.	14.0		
479	791	1	376	13	5	29.0	3.0	1621.0	14.0	4.0	1624.0	0	11.0	Aanvangsdatum (Oude Stijl): sessiename.	14.0		
480	792	1	377	13	5	25.0	5.0	1625.0	19.0	3.0	1629.0	0	13.0	Aanvangsdatum (OudeStijl): sessiename. Mogelijk eerder beëindigd door overlijden.	41.0		
481	793	1	378	13	5	7.0	5.0	1623.0	12.0	5.0	1626.0	0	13.0	Aanvangsdatum (Oude Stijl): sessiename.	33.0		
482	794	1	378	13	5	18.0	3.0	1637.0	3.0	5.0	1637.0	0	13.0	Aanvangsdatum (OudeStijl): sessiename. Mogelijk eerder beëindigd door overlijden.	33.0		
483	795	1	379	13	5	3.0	5.0	1684.0	30.0	10.0	1685.0	0	13.0	Aanvangsdatum (OudeStijl): sessiename. Mogelijk eerder beëindigd door overlijden.	40.0		
484	796	0	136	13	5	28.0	7.0	1582.0			1586.0	0	10.0	Aanvangsdatum (Oude Stijl): sessiename.	5.0		
485	797	1	136	13	5			1593.0			1596.0	0	10.0		5.0		
486	798	1	380	13	5	28.0	6.0	1628.0			1634.0	0	10.0	Aanvangsdatum (Oude Stijl): sessiename.	5.0		
487	799	1	381	13	5	17.0	4.0	1641.0	10.0	2.0	1645.0	0	11.0	Aanvangsdatum (OudeStijl): sessiename. Mogelijk eerder beëindigd door overlijden.	19.0		
488	800	0	382	13	5			1578.0	28.0	8.0	1579.0	0	10.0		5.0		
489	801	0	383	13	5	13.0	10.0	1577.0	28.0	8.0	1579.0	0	12.0	Aanvangsdatum (Oude Stijl): sessiename.	26.0		
490	802	1	384	13	5	1.0	5.0	1674.0	26.0	7.0	1676.0	0	12.0	Aanvangsdatum (OudeStijl): sessiename. Beëindigd door overlijden.	27.0		
491	803	0	385	13	5	29.0	8.0	1579.0	13.0	3.0	1580.0	0	11.0	Aanvangsdatum (Oude Stijl): sessiename.	16.0		
492	804	0	385	13	5	28.0	7.0	1582.0	30.0	3.0	1584.0	0	11.0	Aanvangsdatum (Oude Stijl): sessiename.	16.0		
493	805	0	385	13	5			1585.0			1586.0	0	11.0		16.0		
494	806	0	385	13	5			1587.0			1588.0	0	11.0		16.0		
495	807	1	386	13	5	23.0	3.0	1745.0	13.0	2.0	1746.0	0	11.0	Aanvangsdatum: sessiename.	14.0		
496	808	1	387	13	5			1795.0			1795.0	0	11.0	Mogelijk wel benoemd, maar niet meer in functie getreden.	18.0		
497	809	1	388	13	5	13.0	5.0	1626.0	19.0	3.0	1629.0	0	13.0	Aanvangsdatum (Oude Stijl): sessiename.	36.0		
498	810	1	389	13	5	29.0	4.0	1669.0	30.0	10.0	1670.0	0	13.0	Aanvangsdatum (Oude Stijl): sessiename.	31.0		
499	811	1	389	13	5	4.0	1.0	1671.0	30.0	4.0	1672.0	0	13.0	Aanvangsdatum (OudeStijl): sessiename. Mogelijk eerder beëindigd door overlijden.	31.0		
500	812	1	390	13	5	27.0	6.0	1721.0	10.0	11.0	1723.0	0	13.0	Aanvangsdatum: sessiename.	31.0		
501	813	1	391	13	5	18.0	3.0	1611.0	28.0	1.0	1614.0	0	13.0	Aanvangsdatum (OudeStijl): sessiename. Mogelijk eerder beëindigd door overlijden.	36.0		
502	816	1	393	13	5	12.0	2.0	1794.0	19.0	2.0	1795.0	0	10.0	Aanvangsdatum: sessiename. Beëindigd wegens opheffing van het college.	9.0		
503	817	1	394	13	5	13.0	5.0	1788.0	11.0	5.0	1794.0	0	12.0	Aanvangsdatum: sessiename.	26.0		
504	818	1	395	13	5	12.0	2.0	1728.0	17.0	2.0	1730.0	0	10.0	Aanvangsdatum: sessiename. Beëindigd door overlijden.	9.0		
505	819	1	396	13	5			1634.0	11.0	3.0	1635.0	0	10.0		9.0		
506	820	1	396	13	5	11.0	2.0	1639.0	14.0	2.0	1644.0	0	10.0	Aanvangsdatum (Oude Stijl): sessiename.	9.0		
507	821	1	397	13	5	12.0	5.0	1758.0	20.0	5.0	1766.0	0	12.0	Aanvangsdatum: sessiename.	23.0		
508	823	1	398	13	5	15.0	2.0	1644.0	10.0	2.0	1648.0	0	10.0	Aanvangsdatum (Oude Stijl): sessiename.	9.0		
509	824	1	399	13	5	14.0	2.0	1746.0	21.0	2.0	1749.0	0	10.0	Aanvangsdatum: sessiename.	9.0		
510	825	1	399	13	5	17.0	2.0	1752.0	13.0	2.0	1755.0	0	10.0	Aanvangsdatum: sessiename.	9.0		
511	827	1	400	13	5	10.0	2.0	1606.0	28.0	5.0	1609.0	0	13.0	Aanvangsdatum (OudeStijl): sessiename. Mogelijk eerder beëindigd door overlijden.	32.0		
512	828	1	401	13	5	18.0	2.0	1620.0	6.0	5.0	1623.0	0	13.0	Aanvangsdatum (OudeStijl): sessiename. Mogelijk eerder beëindigd door overlijden.	36.0		
513	829	0	402	13	5	15.0	2.0	1581.0			1586.0	0	11.0	Aanvangsdatum (Oude Stijl): sessiename.	18.0		
514	830	1	403	13	5			1588.0	5.0	3.0	1601.0	0	12.0		29.0		
515	831	1	403	13	5			1608.0			1614.0	0	12.0	Beëindiging waarschijnlijk door overlijden.	29.0		
516	833	1	404	13	5	16.0	5.0	1662.0	28.0	4.0	1665.0	0	12.0	Aanvangsdatum (Oude Stijl): sessiename.	29.0		
517	834	1	404	13	5	1.0	5.0	1677.0	11.0	4.0	1679.0	0	12.0	Aanvangsdatum (Oude Stijl): sessiename.	29.0		
518	835	1	405	13	5	1.0	5.0	1647.0	30.0	4.0	1650.0	0	12.0	Aanvangsdatum (Oude Stijl): sessiename.	29.0		
519	837	0	406	13	5	28.0	8.0	1581.0			1586.0	0	10.0	Aanvangsdatum (Oude Stijl): sessiename.	29.0		
520	838	0	407	13	5			1578.0	28.0	8.0	1579.0	0	11.0		14.0		
521	839	0	407	13	5			1584.0			1585.0	0	11.0		14.0		
522	840	0	407	13	5			1586.0			1587.0	0	11.0		14.0		
523	841	1	407	13	5			1588.0			1591.0	0	11.0		14.0		
524	842	0	408	13	5	15.0	2.0	1581.0			1588.0	0	12.0	Aanvangsdatum (Oude Stijl): sessiename.	24.0		
525	843	1	408	13	5			1589.0			1594.0	0	12.0		24.0		
526	844	1	409	13	5	11.0	11.0	1626.0	14.0	5.0	1630.0	0	12.0	Aanvangsdatum (Oude Stijl): sessiename.	25.0		
527	845	1	410	13	5	31.0	3.0	1603.0			1606.0	0	12.0	Aanvangsdatum (Oude Stijl): sessiename.	24.0		
528	846	1	411	13	5			1600.0	30.0	3.0	1603.0	0	13.0		35.0		
529	847	1	411	13	5	18.0	3.0	1611.0			1613.0	0	13.0	Aanvangsdatum (Oude Stijl): sessiename.	35.0		
530	848	1	412	13	5	1.0	5.0	1690.0	31.0	10.0	1691.0	0	13.0	Aanvangsdatum (Oude Stijl): sessiename.	34.0		
531	849	1	412	13	5	29.0	4.0	1693.0	30.0	4.0	1696.0	0	13.0	Aanvangsdatum (Oude Stijl): sessiename.	34.0		
532	851	1	412	13	5	2.0	11.0	1703.0	20.0	5.0	1706.0	0	13.0	Aanvangsdatum: sessiename.	34.0		
533	852	1	412	13	5	12.0	11.0	1711.0	17.0	5.0	1713.0	0	13.0	Aanvangsdatum: sessiename.	34.0		
534	853	1	412	13	5	3.0	11.0	1719.0	7.0	8.0	1720.0	0	13.0	Aanvangsdatum: sessiename. Beëindigd door overlijden.	34.0		
535	854	0	413	13	5	13.0	10.0	1577.0			1578.0	0	11.0	Aanvangsdatum (Oude Stijl): sessiename.	14.0		
536	855	1	414	13	5			1632.0			1635.0	0	13.0		35.0		
537	856	1	414	13	5	1.0	5.0	1647.0	30.0	4.0	1649.0	0	13.0	Aanvangsdatum (OudeStijl): sessiename. Mogelijk eerder beëindigd door overlijden.	35.0		
538	857	1	415	13	5	4.0	5.0	1653.0	30.0	4.0	1656.0	0	13.0	Aanvangsdatum (Oude Stijl): sessiename.	37.0		
539	858	1	415	13	5	3.0	5.0	1660.0	1.0	5.0	1663.0	0	13.0	Aanvangsdatum (Oude Stijl): sessiename.	37.0		
540	859	1	416	13	5	6.0	5.0	1645.0	3.0	5.0	1648.0	0	13.0	Aanvangsdatum (Oude Stijl): sessiename.	33.0		
541	860	1	255	13	5			1635.0	9.0	9.0	1636.0	0	13.0		31.0		
542	861	1	417	13	5	11.0	2.0	1648.0	11.0	2.0	1652.0	0	11.0	Aanvangsdatum (Oude Stijl): sessiename.	19.0		
543	862	1	417	13	5	9.0	2.0	1656.0	7.0	2.0	1667.0	0	11.0	Aanvangsdatum (Oude Stijl): sessiename.	19.0		
544	863	1	418	13	5	20.0	7.0	1688.0	11.0	2.0	1689.0	0	10.0	Aanvangsdatum (OudeStijl): sessiename. De overlap tussen de zitting in de Staten-Generaal en Gedeputeerde Staten van Friesland is vooralsnog onverklaarbaar. De lijsten van beide colleges door Engels (zie institutionele toelichtingen) lijken er echter geen twijfel over te laten bestaan dat het hier om dezelfde persoon gaat.	10.0		
545	864	1	418	13	5			1692.0	8.0	2.0	1695.0	0	10.0		10.0		
546	865	1	418	13	5	19.0	2.0	1701.0	15.0	2.0	1704.0	0	10.0	Aanvangsdatum: sessiename.	10.0		
547	867	1	419	13	5	14.0	2.0	1746.0	6.0	3.0	1749.0	0	10.0	Aanvangsdatum: sessiename.	10.0		
548	868	1	420	13	5	17.0	2.0	1713.0	26.0	1.0	1714.0	0	10.0	Aanvangsdatum: sessiename. Beëindigd door overlijden.	10.0		
549	869	1	421	13	5	26.0	2.0	1673.0	8.0	2.0	1677.0	0	11.0	Aanvangsdatum (Oude Stijl): sessiename.	13.0		
550	870	1	421	13	5	25.0	7.0	1711.0	16.0	2.0	1713.0	0	11.0	Aanvangsdatum: sessiename.	13.0		
551	874	1	423	13	5	12.0	2.0	1674.0	8.0	2.0	1677.0	0	11.0	Aanvangsdatum (Oude Stijl): sessiename.	15.0		
552	875	1	423	13	5	12.0	2.0	1683.0	27.0	10.0	1688.0	0	11.0	Aanvangsdatum (OudeStijl): sessiename. Beëindigd door overlijden.	15.0		
553	877	1	424	13	5	14.0	7.0	1713.0	9.0	2.0	1716.0	0	11.0	Aanvangsdatum: sessiename.	15.0		
554	878	1	424	13	5	12.0	2.0	1728.0	7.0	6.0	1728.0	0	11.0	Aanvangsdatum: sessiename.	15.0		
555	879	1	424	13	5			1729.0			1730.0	0	11.0		15.0		
556	880	1	425	13	5	29.0	3.0	1621.0	30.0	5.0	1627.0	0	11.0	Aanvangsdatum (Oude Stijl): sessiename.	18.0		
557	881	1	425	13	5	20.0	2.0	1630.0	16.0	3.0	1635.0	0	11.0	Aanvangsdatum (Oude Stijl): sessiename.	18.0		
558	883	1	426	13	5	1.0	5.0	1644.0	30.0	4.0	1647.0	0	13.0	Aanvangsdatum (Oude Stijl): sessiename.	36.0		
559	884	1	174	13	5	7.0	2.0	1680.0	12.0	2.0	1683.0	0	10.0	Aanvangsdatum (Oude Stijl): sessiename.	7.0		
560	885	1	174	13	5	12.0	2.0	1689.0			1692.0	0	10.0	Aanvangsdatum (Oude Stijl): sessiename.	7.0		
561	886	1	427	13	5	12.0	2.0	1689.0	10.0	2.0	1692.0	0	11.0	Aanvangsdatum (Oude Stijl): sessiename.	12.0		
562	887	1	428	13	5	20.0	4.0	1605.0	9.0	2.0	1606.0	0	11.0	Aanvangsdatum (Oude Stijl): sessiename.	19.0		
563	888	1	429	13	5	12.0	2.0	1652.0	7.0	2.0	1667.0	0	11.0	Aanvangsdatum (Oude Stijl): sessiename.	12.0		
564	889	1	429	13	5	19.0	10.0	1672.0	25.0	2.0	1673.0	0	11.0	Aanvangsdatum (OudeStijl): sessiename. Mogelijk eerder beëindigd door overlijden.	12.0		
565	890	1	430	13	5	1.0	3.0	1599.0	2.0	6.0	1602.0	0	13.0	Aanvangsdatum (Oude Stijl): sessiename.	31.0		
566	892	1	432	13	5	14.0	2.0	1752.0	12.0	2.0	1758.0	0	11.0	Aanvangsdatum: sessiename.	20.0		
567	893	1	432	13	5	12.0	2.0	1761.0	16.0	2.0	1764.0	0	11.0	Aanvangsdatum: sessiename.	20.0		
568	894	1	433	13	5	12.0	2.0	1652.0	8.0	2.0	1656.0	0	11.0	Aanvangsdatum (OudeStijl): sessiename. Mogelijk eerder beëindigd door overlijden.	20.0		
569	896	1	434	13	5	9.0	2.0	1695.0	11.0	2.0	1698.0	0	10.0	Aanvangsdatum (Oude Stijl): sessiename.	6.0		
570	898	1	434	13	5	13.0	2.0	1709.0	21.0	8.0	1709.0	0	10.0	Aanvangsdatum: sessiename. Beëindigd door overlijden.	6.0		
571	899	1	435	13	5	12.0	3.0	1717.0	10.0	2.0	1719.0	0	10.0	Aanvangsdatum: sessiename.	6.0		
572	900	1	436	13	5	13.0	2.0	1725.0	11.0	2.0	1728.0	0	10.0	Aanvangsdatum: sessiename.	3.0		
573	901	1	437	13	5	15.0	2.0	1644.0	15.0	3.0	1648.0	0	10.0	Aanvangsdatum (Oude Stijl): sessiename.	6.0		
574	902	1	437	13	5	13.0	2.0	1652.0	8.0	2.0	1656.0	0	10.0	Aanvangsdatum (Oude Stijl): sessiename.	6.0		
575	903	1	437	13	5	9.0	2.0	1660.0	5.0	2.0	1664.0	0	10.0	Aanvangsdatum (Oude Stijl): sessiename.	6.0		
576	904	1	437	13	5	8.0	2.0	1667.0	10.0	2.0	1668.0	0	10.0	Aanvangsdatum (Oude Stijl): sessiename.	6.0		
577	905	1	438	13	5	5.0	5.0	1714.0	11.0	2.0	1717.0	0	10.0	Aanvangsdatum: sessiename. Beëindigd door overlijden.	6.0		
578	906	1	439	13	5	13.0	2.0	1758.0	11.0	2.0	1761.0	0	10.0	Aanvangsdatum: sessiename.	3.0		
579	908	1	440	13	5	12.0	2.0	1791.0	11.0	2.0	1794.0	0	10.0	Aanvangsdatum: sessiename.	3.0		
580	909	1	441	13	5	12.0	2.0	1698.0	18.0	2.0	1701.0	0	10.0	Aanvangsdatum (Oude Stijl): sessiename.	3.0		
581	910	1	441	13	5	11.0	10.0	1709.0	1.0	2.0	1712.0	0	10.0	Aanvangsdatum: sessiename. Beëindigd door overlijden.	3.0		
582	911	1	442	13	5	1.0	11.0	1695.0	30.0	4.0	1697.0	0	13.0	Aanvangsdatum (Oude Stijl): sessiename.	36.0		
583	912	1	443	13	5	7.0	3.0	1749.0	21.0	4.0	1751.0	0	10.0	Aanvangsdatum: sessiename.	2.0		
584	914	1	445	13	5	12.0	2.0	1731.0	11.0	2.0	1734.0	0	10.0	Aanvangsdatum: sessiename.	6.0		
585	915	1	445	13	5	22.0	2.0	1749.0	16.0	2.0	1752.0	0	10.0	Aanvangsdatum: sessiename.	6.0		
586	917	1	446	13	5	11.0	2.0	1719.0	10.0	2.0	1722.0	0	11.0	Aanvangsdatum: sessiename.	16.0		
587	918	1	446	13	5	12.0	2.0	1731.0	11.0	2.0	1734.0	0	11.0	Aanvangsdatum: sessiename.	16.0		
588	920	1	446	13	5	14.0	2.0	1755.0	6.0	1.0	1760.0	0	11.0	Aanvangsdatum: sessiename. Beëindigd door overlijden.	16.0		
589	921	1	447	13	5	14.0	2.0	1760.0	11.0	2.0	1761.0	0	11.0	Aanvangsdatum: sessiename.	16.0		
590	923	1	449	13	5	27.0	8.0	1777.0	11.0	5.0	1785.0	0	13.0	Aanvangsdatum: sessiename. Ononderbroken zitting in deze periode op basis van de lijst van Engels (zie institutionele toelichting). Hiermee in strijd echter is zijn zitting in de Admiraliteit van Amsterdam in 1782-1783.	31.0		
591	924	1	450	13	5	16.0	3.0	1605.0	24.0	3.0	1608.0	0	13.0	Aanvangsdatum (Oude Stijl): sessiename.	31.0		
592	925	1	450	13	5			1613.0	22.0	2.0	1616.0	0	13.0	Beëindiging mogelijk eerder door overlijden.	31.0		
593	926	1	451	13	5	17.0	4.0	1708.0	19.0	2.0	1710.0	0	11.0	Aanvangsdatum: sessiename.	18.0		
594	928	1	452	13	5	26.0	4.0	1731.0	11.0	5.0	1734.0	0	12.0	Aanvangsdatum: sessiename.	25.0		
595	929	1	453	13	5	14.0	5.0	1686.0	30.0	4.0	1689.0	0	12.0	Aanvangsdatum (Oude Stijl): sessiename.	25.0		
596	930	1	454	13	5	23.0	4.0	1746.0	13.0	5.0	1749.0	0		Aanvangsdatum: sessiename. De overlap met de zitting in de Raad van State is vooralsnog niet verklaarbaar.			
597	932	1	455	13	5	9.0	2.0	1677.0	6.0	2.0	1680.0	0	11.0	Aanvangsdatum (Oude Stijl): sessiename.	18.0		
598	933	1	455	13	5	17.0	2.0	1707.0	15.0	4.0	1708.0	0	11.0	Aanvangsdatum: sessiename. Beëindigd door overlijden.	18.0		
599	934	1	456	13	5	1.0	5.0	1686.0	30.0	4.0	1689.0	0	12.0	Aanvangsdatum (Oude Stijl): sessiename.	26.0		
600	935	1	456	13	5	12.0	5.0	1701.0	9.0	5.0	1704.0	0	12.0	Aanvangsdatum: sessiename.	25.0		
601	937	1	457	13	5	12.0	2.0	1734.0	11.0	2.0	1737.0	0	11.0	Aanvangsdatum: sessiename.	18.0		
602	938	1	458	13	5	11.0	5.0	1776.0	11.0	5.0	1779.0	0	12.0	Aanvangsdatum: sessiename.	25.0		
603	940	1	459	13	5	23.0	2.0	1616.0	15.0	4.0	1619.0	0	13.0	Aanvangsdatum (OudeStijl): sessiename. Mogelijk eerder beëindigd door overlijden.	32.0		
604	941	1	460	13	5			1633.0	4.0	5.0	1636.0	0	13.0	Zitting voor Leeuwarden onzeker.	31.0		
605	942	1	461	13	5	12.0	2.0	1789.0	11.0	2.0	1791.0	0	10.0	Aanvangsdatum: sessiename.	8.0		
606	943	1	462	13	5	12.0	2.0	1689.0	10.0	2.0	1692.0	0	11.0	Aanvangsdatum (Oude Stijl): sessiename.	14.0		
607	944	1	462	13	5	9.0	2.0	1695.0	11.0	2.0	1698.0	0	11.0	Aanvangsdatum (Oude Stijl): sessiename.	14.0		
608	945	1	462	13	5	19.0	2.0	1701.0	11.0	1.0	1703.0	0	11.0	Aanvangsdatum: sessiename.	14.0		
609	946	1	463	13	5	12.0	1.0	1703.0	8.0	2.0	1704.0	0	11.0	Aanvangsdatum: sessiename.	14.0		
610	947	1	464	13	5	1.0	5.0	1641.0	30.0	4.0	1644.0	0	13.0	Aanvangsdatum (Oude Stijl): sessiename.	34.0		
611	948	1	464	13	5	1.0	5.0	1649.0	30.0	4.0	1651.0	0	13.0	Aanvangsdatum (Oude Stijl): sessiename.	34.0		
612	949	1	464	13	5	1.0	5.0	1655.0	30.0	4.0	1658.0	0	13.0	Aanvangsdatum (Oude Stijl): sessiename.	34.0		
613	950	1	464	13	5	22.0	4.0	1661.0	1.0	5.0	1664.0	0	13.0	Aanvangsdatum (Oude Stijl): sessiename.	34.0		
614	951	1	464	13	5	7.0	5.0	1666.0	28.0	4.0	1669.0	0	13.0	Aanvangsdatum (Oude Stijl): sessiename.	34.0		
615	953	1	466	13	5	4.0	2.0	1669.0	10.0	2.0	1671.0	0	11.0	Aanvangsdatum (OudeStijl): sessiename. Zitting voor Wonseradeel onzeker.	13.0		
616	954	1	467	13	5	21.0	5.0	1706.0	30.0	5.0	1712.0	0	13.0	Aanvangsdatum: sessiename.	32.0		
617	955	1	467	13	5	6.0	11.0	1717.0	16.0	5.0	1719.0	0	13.0	Aanvangsdatum: sessiename.	32.0		
618	957	1	467	13	5	19.0	12.0	1730.0	15.0	1.0	1733.0	0	13.0	Aanvangsdatum: sessiename. Beëindigd door overlijden.	32.0		
619	958	1	468	13	5	12.0	5.0	1791.0	11.0	5.0	1794.0	0	13.0	Aanvangsdatum: sessiename.	32.0		
620	959	1	469	13	5	22.0	4.0	1751.0	11.0	2.0	1756.0	0	10.0	Aanvangsdatum: sessiename.	11.0		
621	961	1	470	13	5	30.0	5.0	1627.0	27.0	6.0	1628.0	0	10.0	Aanvangsdatum (OudeStijl): sessiename. Zitting voor Leeuwarderadeel onzeker. Mogelijk eerder beëindigd door overlijden.	5.0		
622	962	1	471	13	5	27.0	4.0	1637.0	12.0	2.0	1639.0	0	11.0	Aanvangsdatum (Oude Stijl): sessiename.	19.0		
623	963	1	472	13	5	27.0	2.0	1673.0	30.0	4.0	1674.0	0	12.0	Aanvangsdatum (OudeStijl): sessiename. Mogelijk eerder beëindigd door overlijden.	25.0		
624	965	1	473	13	5	26.0	2.0	1673.0	11.0	2.0	1674.0	0	11.0	Aanvangsdatum (Oude Stijl): sessiename.	12.0		
625	966	1	474	13	5	12.0	4.0	1679.0	29.0	4.0	1680.0	0	12.0	Aanvangsdatum (Oude Stijl): sessiename.	29.0		
626	967	1	475	13	5			1588.0			1589.0	0	10.0		3.0		
627	968	0	476	13	5	13.0	10.0	1577.0			1578.0	0	11.0	Aanvangsdatum (Oude Stijl): sessiename.	19.0		
628	969	0	477	13	5	14.0	3.0	1580.0	14.0	2.0	1581.0	0	12.0	Aanvangsdatum (OudeStijl): sessiename. Mogelijk eerder beëindigd door overlijden.	30.0		
629	970	1	478	13	5			1599.0	6.0	3.0	1601.0	0	13.0		36.0		
630	971	1	478	13	5	31.0	3.0	1603.0	9.0	2.0	1606.0	0	13.0	Aanvangsdatum (Oude Stijl): sessiename.	36.0		
631	972	1	478	13	5	29.0	1.0	1614.0	22.0	2.0	1616.0	0	13.0	Aanvangsdatum (OudeStijl): sessiename. Mogelijk eerder beëindigd door overlijden.	36.0		
632	973	1	479	13	5	2.0	5.0	1640.0	30.0	4.0	1643.0	0	13.0	Aanvangsdatum (Oude Stijl): sessiename.	36.0		
633	974	1	479	13	5	1.0	5.0	1651.0	30.0	4.0	1654.0	0	13.0	Aanvangsdatum (OudeStijl): sessiename. Mogelijk eerder beëindigd door overlijden.	36.0		
634	975	1	480	13	5	1.0	5.0	1677.0	30.0	4.0	1680.0	0	13.0	Aanvangsdatum (OudeStijl): sessiename. Mogelijk eerder beëindigd door overlijden.	36.0		
635	976	1	481	13	5	17.0	3.0	1635.0	26.0	4.0	1637.0	0	11.0	Aanvangsdatum (Oude Stijl): sessiename.	16.0		
636	977	1	482	13	5			1600.0	5.0	3.0	1601.0	0	11.0		16.0		
637	978	1	483	13	5	2.0	5.0	1721.0	4.0	11.0	1728.0	0	13.0	Aanvangsdatum: sessiename.	34.0		
638	979	1	483	13	5	30.0	4.0	1729.0	21.0	11.0	1730.0	0	13.0	Aanvangsdatum: sessiename. Beëindigd door overlijden.	34.0		
639	980	1	484	13	5	12.0	2.0	1773.0	11.0	2.0	1776.0	0	11.0	Aanvangsdatum: sessiename.	12.0		
640	981	0	485	13	5	9.0	3.0	1581.0	27.0	7.0	1582.0	0	10.0	Aanvangsdatum (Oude Stijl): sessiename.	2.0		
641	983	1	486	13	5	12.0	5.0	1794.0	19.0	2.0	1795.0	0	12.0	Aanvangsdatum: sessiename. Beëindigd wegens opheffing van het college.	27.0		
642	984	1	487	13	5	22.0	8.0	1705.0	16.0	2.0	1707.0	0	11.0	Aanvangsdatum: sessiename.	16.0		
643	989	1	490	13	5			1596.0			1599.0	0	12.0		25.0		
644	990	1	490	13	5	18.0	2.0	1615.0	22.0	12.0	1618.0	0	12.0	Aanvangsdatum (OudeStijl): sessiename. Beëindigd door overlijden.	25.0		
645	993	1	492	13	5	26.0	3.0	1603.0	27.0	2.0	1604.0	0	10.0	Aanvangsdatum (OudeStijl): sessiename. Mogelijk eerder beëindigd door overlijden.	5.0		
646	994	1	493	13	5	17.0	2.0	1648.0	30.0	4.0	1650.0	0	13.0	Aanvangsdatum (Oude Stijl): sessiename.	35.0		
647	995	1	494	13	5	1.0	5.0	1646.0	16.0	2.0	1648.0	0	13.0	Aanvangsdatum (Oude Stijl): sessiename.	31.0		
648	996	0	495	13	5	13.0	10.0	1577.0			1578.0	0	10.0	Aanvangsdatum (Oude Stijl): sessiename.	4.0		
649	1002	1	496	13	5			1788.0	12.0	5.0	1788.0	0	12.0		21.0		
650	1004	1	269	14	9	23.0	5.0	1680.0	13.0	4.0	1682.0	0	13.0	Aanvangsdatum: commissie door de Staten-Generaal.		1.0	
651	1005	1	272	14	9	10.0	10.0	1588.0			1597.0	0		Aanvangsdatum: commissie door de Staten-Generaal.		1.0	
652	1007	1	136	14	9	10.0	10.0	1588.0	26.0	7.0	1593.0	0		Aanvangsdatum: commissie door de Staten-Generaal.		1.0	
653	1008	1	136	14	9	16.0	5.0	1613.0	3.0	6.0	1614.0	0		Aanvangsdatum: commissie door de Staten-Generaal.		1.0	
654	1009	1	136	14	9	31.0	5.0	1619.0	31.0	5.0	1622.0	0		Aanvangsdatum: commissie door de Staten-Generaal. De lijst van Friese gecommitteerden (zie institutionele toelichting) geeft aanvangsdatum 24 mei.		1.0	
655	1011	1	498	14	9	27.0	7.0	1593.0	16.0	5.0	1601.0	0		Aanvangsdatum: commissie door de Staten-Generaal. Raad van State 450 jaar (zie institutionele toelichting) geeft twee afzonderlijke termijnen, 1593-1595 en 1597-1601, maar er zijn geen redenen om aan te nemen dat het niet om een aaneengesloten periode ging.		1.0	
656	1013	1	498	14	9	16.0	5.0	1603.0	7.0	6.0	1604.0	0		Aanvangsdatum: commissie door de Staten-Generaal.		1.0	
657	1014	1	499	14	9	28.0	7.0	1597.0	14.0	6.0	1600.0	0		Aanvangsdatum: commissie door de Staten-Generaal.		1.0	
658	1015	1	500	14	9	15.0	6.0	1600.0	4.0	7.0	1602.0	0		Aanvangsdatum: commissie door de Staten-Generaal.		1.0	
659	1019	1	502	14	9	5.0	7.0	1602.0	7.0	6.0	1604.0	0		Aanvangsdatum: commissie door de Staten-Generaal.		1.0	
660	1020	1	503	14	9	8.0	6.0	1604.0	7.0	7.0	1605.0	0		Aanvangsdatum: commissie door de Staten-Generaal.		1.0	
661	1022	1	333	14	9	8.0	7.0	1605.0	18.0	6.0	1607.0	0		Aanvangsdatum: commissie door de Staten-Generaal.		1.0	
662	1023	1	333	14	9	2.0	8.0	1611.0	15.0	5.0	1613.0	0		Aanvangsdatum: commissie door de Staten-Generaal.		1.0	
663	1024	1	504	14	9	31.0	5.0	1607.0	3.0	7.0	1608.0	0		Aanvangsdatum: commissie door de Staten-Generaal.		1.0	
664	1025	1	504	13	5			1592.0			1594.0	0	13.0		33.0		
665	1027	1	505	14	9	19.0	6.0	1607.0	13.0	7.0	1610.0	0		Aanvangsdatum: commissie door de Staten-Generaal.		1.0	
666	1028	1	135	14	9	4.0	7.0	1608.0	13.0	7.0	1610.0	0		Aanvangsdatum: commissie door de Staten-Generaal.		1.0	
667	1029	1	135	13	5	18.0	5.0	1602.0	15.0	3.0	1605.0	0	13.0	Aanvangsdatum (Oude Stijl): sessiename.	37.0		
668	1030	1	506	14	9	14.0	7.0	1610.0	1.0	8.0	1611.0	0		Aanvangsdatum: commissie door de Staten-Generaal. Mogelijk eerder beëindigd door overlijden.		1.0	
669	1031	0	506	13	5			1578.0	28.0	8.0	1579.0	0	11.0		14.0		
670	1032	1	507	14	9	14.0	7.0	1610.0	15.0	5.0	1613.0	0		Aanvangsdatum: commissie door de Staten-Generaal.		1.0	
671	1033	1	507	14	9	5.0	6.0	1628.0	2.0	7.0	1630.0	0		Aanvangsdatum: commissie door de Staten-Generaal.		1.0	
672	1034	1	508	14	9	16.0	5.0	1613.0	3.0	6.0	1614.0	0		Aanvangsdatum: commissie door de Staten-Generaal.		1.0	
673	1036	1	509	14	9	4.0	6.0	1614.0	27.0	5.0	1616.0	0		Aanvangsdatum: commissie door de Staten-Generaal.		1.0	
674	1037	1	509	13	11	1.0	5.0	1616.0	30.0	4.0	1619.0	0	10.0	Aanvangs- en einddatum: formeel begin en einde van de zittingstermijn. Mogelijk eerder beëindigd door overlijden.		1.0	
675	1038	1	411	14	9	4.0	6.0	1614.0	16.0	5.0	1616.0	0		Aanvangsdatum: commissie door de Staten-Generaal.		1.0	
676	1040	1	510	14	9	17.0	5.0	1616.0	30.0	5.0	1619.0	0		Aanvangsdatum: commissie door de Staten-Generaal.		1.0	
677	1042	1	510	13	5			1600.0	5.0	3.0	1601.0	0	12.0		24.0		
678	1044	1	510	14	9	1.0	6.0	1622.0	3.0	7.0	1624.0	0		Aanvangsdatum: commissie door de Staten-Generaal.		1.0	
679	1045	1	511	14	9	28.0	5.0	1616.0	30.0	5.0	1619.0	0		Aanvangsdatum: commissie door de Staten-Generaal.		1.0	
680	1046	1	511	13	11	1.0	5.0	1619.0	12.0	6.0	1621.0	0	11.0	Waarschijnlijk beëindigd door overlijden. Einddatum: laatste aanwezigheid.		1.0	
681	1047	1	512	14	9	31.0	5.0	1619.0	25.0	6.0	1620.0	0		Aanvangsdatum: commissie door de Staten-Generaal. Mogelijk eerder beëindigd door overlijden.		1.0	
682	1049	1	514	14	9	18.0	3.0	1623.0	20.0	10.0	1625.0	0		Aanvangsdatum: commissie door de Staten-Generaal.		1.0	
683	1050	1	514	14	9		9.0	1628.0	30.0	4.0	1631.0	0		Aanvangsdatum: commissie door de Staten-Generaal.		1.0	
684	1051	1	491	14	9	21.0	10.0	1625.0	1.0	6.0	1626.0	0		Aanvangsdatum: commissie door de Staten-Generaal.		1.0	
685	1056	1	515	14	9	21.0	10.0	1625.0		9.0	1628.0	0		Aanvangsdatum: commissie door de Staten-Generaal.		1.0	
686	1058	1	516	14	9	2.0	6.0	1626.0	4.0	6.0	1628.0	0		Aanvangsdatum: commissie door de Staten-Generaal. De lijst van Engels (zie institutionele toelichting) geeft onjuist Pieter Jansz. Veltdriel. Commissie door de Staten-Generaal op 2 juni.		1.0	
687	1059	1	516	14	9	7.0	7.0	1631.0	29.0	6.0	1632.0	0		Aanvangsdatum: commissie door de Staten-Generaal.		1.0	
688	1061	1	409	14	9	3.0	7.0	1630.0	30.0	4.0	1631.0	0		Aanvangsdatum: commissie door de Staten-Generaal.		1.0	
689	1062	1	517	14	9	4.0	11.0	1631.0	30.0	4.0	1634.0	0		Aanvangsdatum: commissie door de Staten-Generaal.		1.0	
690	1063	1	517	13	11	1.0	5.0	1634.0	30.0	4.0	1637.0	0	10.0	Aanvangs- en einddatum: formeel begin en einde van de zittingstermijn. Eindjaar en kwartier onzeker.		1.0	
691	1064	1	518	14	9	30.0	6.0	1632.0	30.0	4.0	1634.0	0		Aanvangsdatum: commissie door de Staten-Generaal.		1.0	
692	1066	1	519	14	9	4.0	7.0	1634.0	9.0	9.0	1637.0	0		Aanvangsdatum: commissie door de Staten-Generaal.		1.0	
693	1067	1	519	14	15	9.0	3.0	1638.0	16.0	5.0	1638.0	0		Aanvangsdatum: sessiename.		1.0	
694	1070	1	425	14	9	4.0	7.0	1635.0	26.0	9.0	1637.0	0		Aanvangsdatum: commissie door de Staten-Generaal.		1.0	
695	1072	1	521	14	9	10.0	9.0	1637.0	11.0	5.0	1640.0	0		Aanvangsdatum: commissie door de Staten-Generaal.		1.0	
696	1073	1	380	14	9	27.0	9.0	1637.0	30.0	4.0	1640.0	0		Aanvangsdatum: commissie door de Staten-Generaal.		1.0	
697	1074	1	522	14	9	12.0	5.0	1640.0	23.0	5.0	1641.0	0		Aanvangsdatum: commissie door de Staten-Generaal.		1.0	
698	1075	1	522	14	9	30.0	7.0	1652.0	10.0	5.0	1655.0	0		Aanvangsdatum: commissie door de Staten-Generaal.		1.0	
699	1076	1	522	14	9	24.0	4.0	1658.0	15.0	6.0	1659.0	0		Aanvangsdatum: commissie door de Staten-Generaal. Mogelijk eerder beëindigd door overlijden.		1.0	
700	1077	1	522	14	15	13.0	5.0	1655.0	3.0	7.0	1658.0	0		Aanvangsdatum: sessiename.		1.0	
701	1078	1	343	14	9	1.0	5.0	1640.0	24.0	5.0	1641.0	0		Aanvangsdatum: commissie door de Staten-Generaal. Onzeker bij deze persoon; Raad van State 450 jaar (zie institutionele toelichting) geeft alleen de geslachtsnaam. Het commissieboek van de Staten-Generaal is in deze periode lacuneus en bevat zijn commissie niet.		1.0	
702	1079	1	523	14	9	24.0	5.0	1641.0	5.0	6.0	1647.0	0		Aanvangsdatum: commissie door de Staten-Generaal.		1.0	
703	1080	1	523	14	9	24.0	4.0	1658.0	13.0	6.0	1661.0	0		Aanvangsdatum: commissie door de Staten-Generaal.		1.0	
704	1082	1	283	14	9	25.0	5.0	1641.0	17.0	5.0	1643.0	0		Aanvangsdatum: commissie door de Staten-Generaal.		1.0	
705	1083	1	283	14	9	4.0	5.0	1646.0	10.0	5.0	1649.0	0		Aanvangsdatum: commissie door de Staten-Generaal. Behoudt zitting na 10 mei 1649, maar (waarschijnlijk) namens het kwartier der Steden.		1.0	
706	1084	1	283	14	9	11.0	5.0	1649.0	29.0	7.0	1652.0	0	13.0	Aanvangsdatum: commissie door de Staten-Generaal. Kwartier onzeker.		1.0	
707	1085	1	524	14	9	6.0	6.0	1647.0	10.0	5.0	1649.0	0		Aanvangsdatum: commissie door de Staten-Generaal.		1.0	
708	1086	1	524	14	15	15.0	5.0	1649.0	30.0	4.0	1650.0	0		Aanvangsdatum: sessiename. Blijkens de resoluties van het college is Roorda opgevolgd door Abram Schuurman. Diens sessiename wordt echter niet vermeld. Op basis van de benoeming van Roorda in Gedeputeerde Staten van Friesland per 1 mei 1650 is het einde hier op 30 april 1650 gesteld.		1.0	
709	1087	1	525	14	9	11.0	5.0	1649.0	13.0	5.0	1652.0	0		Aanvangsdatum: commissie door de Staten-Generaal.		1.0	
710	1089	1	525	14	15	5.0	6.0	1648.0	14.0	5.0	1649.0	0		Aanvangsdatum: sessiename.		1.0	
711	1092	1	455	14	9	14.0	5.0	1652.0	30.0	4.0	1655.0	0		Aanvangsdatum: commissie door de Staten-Generaal. Behoudt zitting na 30 april 1655, maar namens het kwartier der Steden.		1.0	
712	1093	1	455	14	9	14.0	4.0	1682.0	14.0	11.0	1686.0	0		Aanvangsdatum: commissie door de Staten-Generaal.		1.0	
713	1095	1	526	14	9	11.0	5.0	1655.0	23.0	4.0	1658.0	0		Aanvangsdatum: commissie door de Staten-Generaal.		1.0	
714	1096	1	526	14	9	18.0	6.0	1668.0	30.0	4.0	1670.0	0	13.0	Aanvangsdatum: commissie door de Staten-Generaal. Behoudt zitting na 30 april 1670, maar namens een ander kwartier.		1.0	
715	1099	1	527	14	9	18.0	10.0	1657.0	23.0	4.0	1658.0	0	13.0	Aanvangsdatum: commissie door de Staten-Generaal.		1.0	
716	1100	1	527	14	9	18.0	6.0	1668.0	7.0	5.0	1670.0	0		Aanvangsdatum: commissie door de Staten-Generaal.		1.0	
717	1107	1	530	14	15	22.0	5.0	1654.0	27.0	7.0	1655.0	0		Aanvangsdatum: sessiename.		1.0	
718	1108	1	174	14	9	27.0	4.0	1666.0	30.0	6.0	1667.0	0		Aanvangsdatum: commissie door de Staten-Generaal. De overlap met de zitting in de Admiraliteit in Friesland is vooralsnog niet verklaarbaar.		1.0	
719	1109	1	174	13	11			1672.0				0		Alleen bekend uit O. Vries e.a., De heeren van den raede. Biografieën en groepsportret van de raadsheren van het hof van Friesland, 1499-1811 (Hilversum 1999) 312. Mogelijk extraordinaris gedeputeerde.		1.0	
720	1111	1	306	14	9	8.0	5.0	1670.0	27.0	4.0	1673.0	0		Aanvangsdatum: commissie door de Staten-Generaal. Raad van State 450 jaar. Repertorium ('s-Gravenhage 1983) 144 geeft onjuiste einddatum 2 november 1672.		1.0	
721	1112	1	306	14	9	4.0	5.0	1683.0	30.0	4.0	1685.0	0		Aanvangsdatum: commissie door de Staten-Generaal.		1.0	
722	1113	1	175	14	9	8.0	12.0	1674.0	18.0	8.0	1675.0	0		Aanvangsdatum: commissie door de Staten-Generaal.		1.0	
723	1116	1	531	14	9	28.0	4.0	1676.0	21.0	6.0	1680.0	0		Aanvangsdatum: commissie door de Staten-Generaal.		1.0	
724	1117	1	531	14	15	19.0	7.0	1675.0	27.0	5.0	1676.0	0		Aanvangsdatum: sessiename.		1.0	
725	1118	1	531	13	5	7.0	2.0	1680.0	11.0	2.0	1683.0	0	11.0	Aanvangsdatum (Oude Stijl): sessiename.	20.0		
726	1119	1	161	14	9	19.0	8.0	1675.0	17.0	5.0	1677.0	0		Aanvangsdatum: commissie door de Staten-Generaal.		1.0	
727	1124	1	289	14	9	18.0	5.0	1677.0	30.0	4.0	1679.0	0		Aanvangsdatum: commissie door de Staten-Generaal. Behoudt zitting na 30 april 1679, maar namens het kwartier der steden.		1.0	
728	1125	1	289	14	7	13.0	5.0	1689.0	29.0	7.0	1689.0	0	12.0	Aanvangsdatum: sessiename. Beëindigd door overlijden (mogelijk op 17 juli, zie 'opmerkingen').		1.0	
729	1128	1	532	14	9	22.0	6.0	1680.0	3.0	5.0	1683.0	0		Aanvangsdatum: commissie door de Staten-Generaal.		1.0	
730	1130	1	534	14	9	1.0	5.0	1685.0	15.0	4.0	1687.0	0	13.0	Aanvangsdatum: formeel begin van de zittingstermijn. Beëindigd door overlijden.		1.0	
731	1131	1	534	14	15	27.0	11.0	1683.0	30.0	4.0	1685.0	0	13.0	Aanvangsdatum: sessiename.		1.0	
732	1135	1	536	14	9	16.0	6.0	1687.0	16.0	5.0	1688.0	0	13.0	Aanvangsdatum: commissie door de Staten-Generaal.		1.0	
733	1136	1	536	13	5	30.0	4.0	1688.0	30.0	4.0	1690.0	0	13.0	Aanvangsdatum (Oude Stijl): sessiename.	39.0		
734	1137	1	338	14	9	17.0	5.0	1688.0	28.0	4.0	1689.0	0		Aanvangsdatum: commissie door de Staten-Generaal.		1.0	
735	1140	1	424	14	9	29.0	4.0	1689.0	31.0	7.0	1692.0	0		Aanvangsdatum: commissie door de Staten-Generaal.		1.0	
736	1141	1	424	14	9	31.0	5.0	1695.0	9.0	5.0	1697.0	0		Aanvangsdatum: commissie door de Staten-Generaal.		1.0	
737	1142	1	424	14	31			1687.0				0					
738	1143	1	424	14	15	10.0	6.0	1688.0	29.0	4.0	1689.0	0		Aanvangsdatum: sessiename.		1.0	
739	1146	1	537	14	9	29.0	4.0	1689.0	30.0	4.0	1691.0	0		Aanvangsdatum: commissie door de Staten-Generaal.		1.0	
740	1147	1	537	14	9	28.0	6.0	1701.0	9.0	5.0	1703.0	0		Aanvangsdatum: commissie door de Staten-Generaal.		1.0	
741	1148	1	538	19	32			1676.0				1					
742	1150	1	538	14	9	1.0	5.0	1691.0	3.0	5.0	1694.0	0	13.0	Aanvangsdatum: commissie door de Staten-Generaal.		1.0	
743	1152	1	539	14	9	2.0	5.0	1694.0	23.0	8.0	1695.0	0		Aanvangsdatum: commissie door de Staten-Generaal.		1.0	
744	1153	1	539	14	15	9.0	6.0	1692.0	16.0	5.0	1694.0	0		Aanvangsdatum: sessiename.		1.0	
745	1158	1	541	14	9	24.0	8.0	1695.0	30.0	4.0	1697.0	0		Aanvangsdatum: commissie door de Staten-Generaal.		1.0	
746	1159	1	541	14	15	1.0	5.0	1691.0	8.0	6.0	1692.0	0		Aanvangsdatum: sessiename.		1.0	
747	1160	1	541	13	5	18.0	2.0	1693.0	29.0	4.0	1695.0	0	12.0	Aanvangsdatum (Oude Stijl): sessiename.	29.0		
748	1161	1	542	14	9	1.0	5.0	1697.0	6.0	6.0	1701.0	0		Aanvangsdatum: commissie door de Staten-Generaal.		1.0	
749	1163	1	538	14	9	10.0	5.0	1697.0	6.0	5.0	1700.0	0	13.0	Aanvangsdatum: commissie door de Staten-Generaal.		1.0	
750	1165	1	288	14	9	7.0	5.0	1700.0	27.0	6.0	1701.0	0		Aanvangsdatum: commissie door de Staten-Generaal.		1.0	
751	1166	1	288	14	9	2.0	5.0	1704.0	27.0	6.0	1709.0	0		Aanvangsdatum: commissie door de Staten-Generaal.		1.0	
752	1168	1	544	14	9	7.0	6.0	1701.0	27.0	9.0	1702.0	0		Aanvangsdatum: commissie door de Staten-Generaal. Beëindigd door overlijden.		1.0	
753	1169	1	192	14	9	26.0	10.0	1702.0	1.0	5.0	1704.0	0		Aanvangsdatum: commissie door de Staten-Generaal.		1.0	
754	1171	1	371	14	9	10.0	5.0	1703.0	11.0	5.0	1706.0	0	13.0	Aanvangsdatum: commissie door de Staten-Generaal.		1.0	
755	1172	1	371	14	9	28.0	6.0	1709.0	2.0	5.0	1710.0	0	13.0	Aanvangsdatum: commissie door de Staten-Generaal.		1.0	
756	1173	1	371	14	9	7.0	5.0	1721.0	30.0	4.0	1725.0	0	13.0	Aanvangsdatum: commissie door de Staten-Generaal.		1.0	
757	1174	1	371	14	15	27.0	5.0	1700.0	20.0	7.0	1703.0	0	13.0	Aanvangsdatum: sessiename.		1.0	
758	1175	1	545	14	9	12.0	5.0	1706.0	4.0	5.0	1707.0	0		Aanvangsdatum: commissie door de Staten-Generaal.		1.0	
759	1178	1	547	14	9	5.0	5.0	1707.0	30.0	4.0	1713.0	0		Aanvangsdatum: commissie door de Staten-Generaal.		1.0	
760	1179	1	547	14	15	28.0	2.0	1707.0	29.0	5.0	1707.0	0		Aanvangsdatum: sessiename.		1.0	
761	1180	1	547	13	11			1716.0			1719.0	0				1.0	
762	1182	1	347	14	9	3.0	5.0	1710.0	30.0	4.0	1712.0	0	13.0	Aanvangsdatum: commissie door de Staten-Generaal. Behoudt zitting na 30 april 1712, maar namens een ander kwartier.		1.0	
763	1183	1	347	14	9	7.0	5.0	1725.0	30.0	4.0	1727.0	0		Aanvangsdatum: commissie door de Staten-Generaal.		1.0	
764	1184	1	347	14	9	30.0	4.0	1737.0	2.0	5.0	1740.0	0		Aanvangsdatum: commissie door de Staten-Generaal.		1.0	
765	1185	1	347	14	15	1.0	5.0	1727.0	30.0	4.0	1728.0	0		Aanvangsdatum: sessiename.		1.0	
766	1188	1	195	14	9	1.0	5.0	1715.0	1.0	5.0	1718.0	0	13.0	Aanvangsdatum: commissie door de Staten-Generaal.		1.0	
767	1189	1	195	14	9	1.0	5.0	1727.0	3.0	5.0	1730.0	0	13.0	Aanvangsdatum: commissie door de Staten-Generaal.		1.0	
768	1190	1	195	6	6	22.0	3.0	1688.0	11.0	11.0	1705.0	0		Aanvangsdatum: commissie door de Staten-Generaal. Haagsma (zie institutionele toelichting) geeft onjuist eindjaar 1699. Ontslag op eigen verzoek.			
769	1191	1	195	14	15	18.0	12.0	1699.0	30.0	10.0	1701.0	0		Aanvangsdatum: sessiename.		1.0	
770	1195	1	550	14	9	1.0	5.0	1716.0	30.0	4.0	1719.0	0		Aanvangsdatum: commissie door de Staten-Generaal.		1.0	
771	1196	1	550	13	5	12.0	2.0	1737.0	28.0	12.0	1738.0	0	11.0	Aanvangsdatum: sessiename. Beëindigd door overlijden.	19.0		
772	1198	1	551	14	9	2.0	5.0	1718.0	6.0	5.0	1721.0	0		Aanvangsdatum: commissie door de Staten-Generaal.		1.0	
773	1202	1	551	14	6	11.0	6.0	1716.0	4.0	4.0	1718.0	0	12.0	Aanvangsdatum: commissie door de Staten-Generaal.		1.0	
774	1205	1	552	14	9	1.0	5.0	1719.0	30.0	4.0	1722.0	0		Aanvangsdatum: commissie door de Staten-Generaal.		1.0	
775	1206	1	552	13	5	30.0	4.0	1687.0	30.0	4.0	1689.0	0	13.0	Aanvangsdatum (Oude Stijl): sessiename.	33.0		
776	1208	1	552	6	6	28.0	3.0	1687.0	21.0	3.0	1688.0	0		Aanvangsdatum: commissie door de Staten-Generaal.			
777	1209	1	553	14	9	1.0	5.0	1722.0	30.0	4.0	1725.0	0		Aanvangsdatum: commissie door de Staten-Generaal.		1.0	
778	1210	1	446	14	9	27.0	4.0	1725.0	2.0	5.0	1728.0	0		Aanvangsdatum: commissie door de Staten-Generaal.		1.0	
779	1213	1	206	14	9	4.0	5.0	1730.0	3.0	5.0	1731.0	0		Aanvangsdatum: commissie door de Staten-Generaal.		1.0	
780	1214	1	206	13	5	12.0	5.0	1731.0	11.0	5.0	1734.0	0	12.0	Aanvangsdatum: sessiename.	26.0		
781	1217	1	308	14	9	15.0	5.0	1731.0	15.0	6.0	1734.0	0		Aanvangsdatum: commissie door de Staten-Generaal.		1.0	
782	1218	1	555	14	9	30.0	4.0	1733.0	30.0	4.0	1736.0	0	13.0	Aanvangsdatum: commissie door de Staten-Generaal.		1.0	
783	1219	1	555	19	43			1707.0			1729.0	1					
784	1220	1	555	19	44							1					
785	1221	1	555	6	31	21.0	2.0	1711.0	9.0	4.0	1733.0	0		Aanvangsdatum: sessiename.			
786	1222	1	555	14	15	30.0	10.0	1709.0	22.0	5.0	1710.0	0	13.0	Aanvangsdatum: sessiename.		1.0	
787	1224	1	438	14	15	21.0	5.0	1694.0	27.0	5.0	1695.0	0		Aanvangsdatum: sessiename.		1.0	
788	1228	1	557	14	9	30.0	4.0	1737.0	30.0	4.0	1739.0	0		Aanvangsdatum: commissie door de Staten-Generaal.		1.0	
789	1232	1	557	14	7	29.0	5.0	1736.0	6.0	6.0	1737.0	0	12.0	Aanvangsdatum: sessiename.		1.0	
790	1233	1	454	14	9	1.0	5.0	1739.0	8.0	5.0	1742.0	0	13.0	Aanvangsdatum: commissie door de Staten-Generaal. Behoudt zitting na 8 mei 1742, maar namens een ander kwartier.		1.0	
791	1236	1	454	14	7	8.0	11.0	1754.0	30.0	4.0	1757.0	0	12.0	Aanvangsdatum: sessiename. Behoudt zitting, maar voor het kwartier der Steden.		1.0	
792	1237	1	454	13	11			1758.0			1760.0	0	11.0			1.0	
793	1238	1	208	14	9	3.0	5.0	1740.0	30.0	3.0	1741.0	0		Aanvangsdatum: commissie door de Staten-Generaal. De gedeeltelijke overlap met de zitting in Gedeputeerde Staten van Friesland is vooralsnog niet verklaarbaar.		1.0	
794	1242	1	558	14	9	9.0	5.0	1746.0	30.0	4.0	1749.0	0	13.0	Aanvangsdatum: commissie door de Staten-Generaal.		1.0	
795	1244	1	558	14	7	21.0	5.0	1751.0	1.0	11.0	1752.0	0	13.0	Aanvangsdatum: sessiename.		1.0	
796	1245	1	558	14	15	3.0	5.0	1756.0	1.0	5.0	1757.0	0	13.0	Aanvangsdatum: sessiename.		1.0	
797	1246	1	558	13	11	1.0	5.0	1754.0	31.0	10.0	1755.0	0	13.0	Aanvangs- en einddatum: formeel begin en einde van de zittingstermijn. Vijfde ordinaris gedeputeerde.		1.0	
798	1247	1	350	14	9	1.0	5.0	1743.0	8.0	4.0	1746.0	0		Aanvangsdatum: commissie door de Staten-Generaal.		1.0	
799	1249	1	559	14	9	1.0	5.0	1749.0	9.0	6.0	1751.0	0		Aanvangsdatum: commissie door de Staten-Generaal. Beëindigd door overlijden.		1.0	
800	1252	1	560	14	9	23.0	7.0	1751.0	30.0	4.0	1752.0	0		Aanvangsdatum: commissie door de Staten-Generaal.		1.0	
801	1253	1	560	14	9	27.0	5.0	1757.0	4.0	5.0	1758.0	0	13.0	Aanvangsdatum: commissie door de Staten-Generaal.		1.0	
802	1254	1	560	14	15	22.0	9.0	1746.0	30.0	5.0	1749.0	0		Aanvangsdatum: sessiename.		1.0	
803	1256	1	351	14	9	1.0	5.0	1752.0	6.0	5.0	1755.0	0		Aanvangsdatum: commissie door de Staten-Generaal.		1.0	
804	1259	1	351	14	45	13.0	6.0	1746.0	29.0	4.0	1749.0	0		Aanvangsdatum: commissie door de Staten-Generaal. De lijst in het Algemeen Nederlandsch Familieblad (zie institutionele toelichting) en O. Vries e.a., De heeren van den raede. Biografieën en groepsportret van de raadsheren van het hof van Friesland, 1499-1811 (Hilversum 1999) 331 geven aanvangsjaar 1747.		1.0	
805	1260	1	561	14	9	1.0	5.0	1754.0	26.0	5.0	1757.0	0		Aanvangsdatum: commissie door de Staten-Generaal.		1.0	
806	1261	1	561	14	9	1.0	5.0	1760.0	12.0	5.0	1761.0	0		Aanvangsdatum: commissie door de Staten-Generaal.		1.0	
807	1262	1	562	14	9	7.0	5.0	1755.0	30.0	4.0	1758.0	0		Aanvangsdatum: commissie door de Staten-Generaal.		1.0	
808	1263	1	562	14	9	2.0	5.0	1763.0	30.0	4.0	1766.0	0	13.0	Aanvangsdatum: commissie door de Staten-Generaal.		1.0	
809	1266	1	562	13	5	12.0	2.0	1740.0	10.0	1.0	1743.0	0	11.0	Aanvangsdatum: sessiename.	15.0		
810	1270	1	563	14	9	1.0	5.0	1758.0	30.0	4.0	1761.0	0		Aanvangsdatum: commissie door de Staten-Generaal.		1.0	
811	1272	1	259	14	9	5.0	5.0	1758.0	30.0	4.0	1760.0	0	13.0	Aanvangsdatum: commissie door de Staten-Generaal.		1.0	
812	1274	1	564	14	9	1.0	5.0	1761.0	30.0	4.0	1764.0	0		Aanvangsdatum: commissie door de Staten-Generaal.		1.0	
813	1275	1	564	14	9	1.0	5.0	1772.0	28.0	4.0	1776.0	0		Aanvangsdatum: commissie door de Staten-Generaal.		1.0	
814	1277	1	564	19	47			1785.0				1					
815	1278	1	564	19	32			1794.0				1					
816	1279	1	564	14	6	17.0	4.0	1776.0	26.0	4.0	1779.0	0	11.0	Aanvangsdatum: commissie door de Staten-Generaal.		1.0	
817	1280	1	564	13	11			1784.0			1785.0	0				1.0	
818	1281	1	565	14	9	13.0	5.0	1761.0	1.0	5.0	1763.0	0		Aanvangsdatum: commissie door de Staten-Generaal.		1.0	
819	1282	1	565	14	9	1.0	5.0	1764.0	30.0	4.0	1769.0	0		Aanvangsdatum: commissie door de Staten-Generaal.		1.0	
820	1283	1	565	14	9	1.0	5.0	1770.0	27.0	9.0	1772.0	0		Aanvangsdatum: commissie door de Staten-Generaal. Beëindigd door overlijden, mogelijk op 22 september (zie 'opmerkingen').		1.0	
821	1284	1	566	14	9	1.0	5.0	1766.0	30.0	4.0	1767.0	0		Aanvangsdatum: commissie door de Staten-Generaal.		1.0	
822	1286	1	566	14	9	29.0	4.0	1776.0		6.0	1780.0	0		Aanvangsdatum: commissie door de Staten-Generaal. Beëindigd door overlijden.		1.0	
823	1287	1	567	14	9	1.0	5.0	1767.0	27.0	4.0	1768.0	0		Aanvangsdatum: commissie door de Staten-Generaal.		1.0	
824	1288	1	567	14	48	28.0	4.0	1768.0	26.0	4.0	1770.0	0		Aanvangsdatum: commissie door de Staten-Generaal.		1.0	
825	1289	1	567	13	5	12.0	2.0	1770.0	19.0	2.0	1795.0	0	11.0	Aanvangsdatum: sessiename. Beëindigd wegens opheffing van het college.	17.0		
826	1295	1	568	14	9	1.0	5.0	1769.0	30.0	4.0	1772.0	0	13.0	Aanvangsdatum: commissie door de Staten-Generaal.		1.0	
827	1296	1	568	14	9	1.0	5.0	1775.0	1.0	5.0	1785.0	0	13.0	Aanvangsdatum: commissie door de Staten-Generaal. Vanaf 1778 waarschijnlijk voor ander kwartier.		1.0	
828	1297	1	496	14	9	17.0	12.0	1772.0	2.0	5.0	1773.0	0		Aanvangsdatum: commissie door de Staten-Generaal.		1.0	
829	1299	1	496	14	31	12.0	5.0	1791.0	11.0	2.0	1794.0	0	12.0	Aanvangsdatum: sessiename. Gaat over naar zetel Oostergo.			
830	1300	1	496	13	11	25.0	6.0	1787.0			1787.0	0				1.0	
831	1301	1	458	14	9	3.0	5.0	1773.0	30.0	4.0	1775.0	0		Aanvangsdatum: commissie door de Staten-Generaal.		1.0	
832	1308	1	570	14	9	1.0	5.0	1782.0	2.0	5.0	1784.0	0		Aanvangsdatum: commissie door de Staten-Generaal.		1.0	
833	1310	1	570	14	6	27.0	4.0	1779.0	30.0	4.0	1781.0	0	11.0	Aanvangsdatum: commissie door de Staten-Generaal.		1.0	
834	1312	1	571	14	9	3.0	5.0	1784.0	30.0	10.0	1789.0	0		Aanvangsdatum: commissie door de Staten-Generaal. Beëindigd door overlijden.		1.0	
835	1315	1	572	14	9	2.0	5.0	1785.0	17.0	5.0	1787.0	0		Aanvangsdatum: commissie door de Staten-Generaal.		1.0	
836	1318	1	572	13	11	7.0	5.0	1773.0			1776.0	0	12.0			1.0	
837	1321	1	573	14	9	18.0	5.0	1787.0	7.0	4.0	1789.0	0		Aanvangsdatum: commissie door de Staten-Generaal. Beëindigd door overlijden.		1.0	
838	1322	1	326	14	9	20.0	4.0	1789.0	4.0	3.0	1795.0	0		Aanvangsdatum: commissie door de Staten-Generaal. Beëindigd wegens opheffing van het college.		1.0	
839	1323	1	326	14	7	10.0	5.0	1771.0	5.0	5.0	1772.0	0	13.0	Aanvangsdatum: sessiename.		1.0	
840	1324	1	326	19	50			1771.0			1795.0	1					
841	1325	1	574	19	47			1794.0				1					
842	1330	1	574	14	9	22.0	2.0	1790.0	30.0	4.0	1794.0	0		Aanvangsdatum: commissie door de Staten-Generaal.		1.0	
843	1331	1	227	14	9	1.0	5.0	1794.0	1.0	3.0	1795.0	0		Aanvangsdatum: commissie door de Staten-Generaal.		1.0	
844	1332	1	575	14	9	2.0	3.0	1795.0	4.0	3.0	1795.0	0		Aanvangsdatum: sessiename. Beëindigd wegens opheffing van het college.		1.0	
845	1333	1	558	19	44			1742.0			1780.0	1					
846	1338	1	352	13	11			1788.0			1788.0	0				1.0	
847	1339	1	575	13	11			1785.0			1787.0	0		Mogelijk extraordinaris gedeputeerde.		1.0	
848	1340	1	576	13	11			1782.0			1783.0	0	11.0			1.0	
849	1341	1	577	13	11			1785.0			1786.0	0	11.0			1.0	
850	1343	1	577	13	11			1791.0			1794.0	0	11.0			1.0	
851	1345	1	578	13	11			1789.0			1790.0	0	12.0	Vijfde ordinaris gedeputeerde.		1.0	
852	1346	1	579	13	11			1769.0	20.0	8.0	1769.0	0	12.0	Beëindigd door overlijden.		1.0	
853	1349	1	582	13	11			1769.0			1770.0	0	12.0			1.0	
854	1351	1	208	13	11			1750.0			1751.0	0	11.0	De overlap met de zitting in Gedeputeerde Staten van Friesland is vooralsnog niet verklaarbaar; mogelijk was hij extraordinaris gedeputeerde, of heeft hij het ambt getransporteerd op iemand anders.		1.0	
855	1352	1	224	13	11			1747.0			1749.0	0				1.0	
856	1353	1	457	13	11			1740.0			1743.0	0	11.0	Niet duidelijk of hij ordinaris of extraordinaris gedeputeerde was. Zitting voor Westergo berust op reconstructie.		1.0	
857	1354	1	457	13	11	1.0	5.0	1761.0	30.0	4.0	1763.0	0	10.0			1.0	
858	1355	1	561	13	11			1751.0			1752.0	0	12.0	Vijfde ordinaris gedeputeerde.		1.0	
859	1356	1	561	13	11			1764.0			1767.0	0	11.0			1.0	
860	1357	1	562	13	11			1752.0			1755.0	0	11.0	De overlap met het lidmaatschap van Gedeputeerde Staten van Friesland is vooralsnog onverklaarbaar.		1.0	
861	1359	1	562	13	11			1761.0	30.0	4.0	1763.0	0	12.0			1.0	
862	1362	1	566	13	11	1.0	5.0	1763.0	30.0	4.0	1764.0	0	10.0			1.0	
863	1363	1	566	13	11			1767.0			1768.0	0	11.0			1.0	
864	1364	1	566	13	11	1.0	5.0	1770.0	30.0	4.0	1773.0	0	10.0			1.0	
865	1365	1	564	13	11	1.0	5.0	1764.0	30.0	4.0	1770.0	0	10.0			1.0	
866	1366	1	583	13	11	1.0	5.0	1768.0	30.0	4.0	1770.0	0	13.0	Kreeg per 1 mei 1769 eveneens commissie voor Westergo.		1.0	
867	1367	1	583	13	11			1775.0			1776.0	0	12.0	Vijfde ordinaris gedeputeerde.		1.0	
868	1368	1	584	13	11			1760.0			1761.0	0	11.0			1.0	
869	1370	1	585	13	11		5.0	1778.0	30.0	4.0	1779.0	0		Aanvangs- en einddatum: formeel begin en einde van de zittingstermijn. Mogelijk extraordinaris gedeputeerde.		1.0	
870	1371	1	585	13	11			1785.0			1788.0	0	12.0			1.0	
871	1372	1	586	13	11			1794.0			1795.0	0	12.0			1.0	
872	3834	1	539	14	15	1.0	5.0	1724.0	27.0	5.0	1725.0	0	13.0	Aanvangsdatum: formeel begin van de zittingstermijn.	0.0	1.0	0.0
873	1373	1	587	13	11			1776.0			1777.0	0	12.0	Vijfde ordinaris gedeputeerde.		1.0	
874	1374	1	587	13	11			1779.0			1781.0	0	12.0			1.0	
875	1375	1	588	13	11			1759.0			1761.0	0	12.0			1.0	
876	1377	1	206	13	11			1752.0			1754.0	0	12.0	Vijfde ordinaris gedeputeerde.		1.0	
877	1378	1	206	13	11			1755.0			1758.0	0	12.0			1.0	
878	1379	1	558	13	11	1.0	5.0	1760.0	30.0	4.0	1761.0	0	13.0			1.0	
879	1381	1	326	13	11			1786.0	30.0	4.0	1788.0	0	11.0			1.0	
880	1383	1	449	13	11	1.0	5.0	1785.0	31.0	10.0	1786.0	0	13.0	Aanvangs- en einddatum: formeel begin en einde van de zittingstermijn. Mogelijk vijfde ordinaris gedeputeerde.		1.0	
881	1385	1	449	13	11		5.0	1794.0			1795.0	0		Mogelijk extraordinaris gedeputeerde.		1.0	
882	1386	1	468	13	11			1790.0			1791.0	0		Mogelijk extraordinaris gedeputeerde.		1.0	
883	1389	1	590	13	11	1.0	5.0	1745.0		6.0	1759.0	0	13.0	Aanvangs- en einddatum: formeel begin en einde van de zittingstermijn. Beëindigd door overlijden.		1.0	
884	1390	1	591	13	11	1.0	5.0	1778.0	30.0	4.0	1779.0	0	13.0	Aanvangs- en einddatum: formeel begin en einde van de zittingstermijn. Vijfde ordinaris gedeputeerde. Mogelijk eerder beëindigd door overlijden.		1.0	
885	1391	1	560	13	11	1.0	11.0	1755.0	30.0	4.0	1757.0	0	13.0	Aanvangs- en einddatum: formeel begin en einde van de zittingstermijn. Vijfde ordinaris gedeputeerde.		1.0	
886	1392	1	560	13	11	5.0	7.0	1759.0	30.0	4.0	1760.0	0	13.0	Aanvangsdatum: benoeming door de stadhouder van Friesland.		1.0	
887	1394	1	592	13	11	1.0	5.0	1792.0	30.0	4.0	1793.0	0	13.0	Aanvangs- en einddatum: formeel begin en einde van de zittingstermijn. Van 1 mei 1792 tot en met 30 april 1793 mogelijk vijfde ordinaris gedeputeerde.		1.0	
888	1395	1	593	13	11	1.0	5.0	1748.0	30.0	4.0	1750.0	0	13.0	Aanvangs- en einddatum: formeel begin en einde van de zittingstermijn. Vijfde ordinaris gedeputeerde.		1.0	
889	1397	1	561	14	15	25.0	7.0	1743.0	9.0	5.0	1746.0	0		Aanvangsdatum: sessiename.		1.0	
890	1398	1	432	14	15	10.0	5.0	1746.0	21.0	9.0	1746.0	0		Aanvangsdatum: sessiename. De reden van beëindiging is onbekend.		1.0	
891	1399	1	595	14	15	31.0	5.0	1749.0	30.0	4.0	1752.0	0		Aanvangsdatum: sessiename.		1.0	
892	1400	1	560	14	15	14.0	5.0	1751.0	22.0	7.0	1751.0	0		Aanvangsdatum: sessiename. Beëindigd wegens  benoeming in de Raad van State. Einddatum afgeleid van die benoeming.		1.0	
893	1403	1	259	14	15	28.0	4.0	1752.0	30.0	4.0	1755.0	0		Aanvangsdatum: sessiename. Volgde Anthony Patras op, die het voorgaande jaar in de Raad van State was benoemd. Opgevolgd door Antoine d'Arnaud.		1.0	
894	1404	1	561	14	15	2.0	5.0	1752.0	12.0	8.0	1754.0	0		Aanvangsdatum: sessiename.		1.0	
895	1407	1	561	14	15	2.0	5.0	1757.0	4.0	5.0	1760.0	0		Aanvangsdatum: sessiename.		1.0	
896	1408	1	564	14	15	11.0	5.0	1758.0	30.0	4.0	1760.0	0		Aanvangsdatum: sessiename.		1.0	
897	1411	1	581	14	15	1.0	5.0	1761.0		5.0	1763.0	0		Aanvangsdatum: sessiename.		1.0	
898	1412	1	224	14	15	2.0	11.0	1761.0		5.0	1763.0	0	13.0	Aanvangsdatum: sessiename.		1.0	
899	1413	1	599	14	15	31.0	5.0	1763.0	6.0	5.0	1764.0	0		Aanvangsdatum: sessiename.		1.0	
900	1414	1	565	14	15	2.0	5.0	1763.0	30.0	4.0	1764.0	0		Aanvangsdatum: sessiename.		1.0	
901	1415	1	600	14	15	7.0	5.0	1764.0	30.0	9.0	1764.0	0		Aanvangsdatum: sessiename. Beëindigd wegens  benoeming in de Admiraliteit in Friesland.		1.0	
902	1416	1	568	14	15	1.0	10.0	1764.0	30.0	9.0	1766.0	0		Aanvangsdatum: sessiename.		1.0	
903	1418	1	565	14	15	1.0	5.0	1769.0	6.0	5.0	1770.0	0		Aanvangsdatum: sessiename.		1.0	
904	1419	1	582	14	15	1.0	5.0	1770.0	3.0	5.0	1779.0	0		Aanvangsdatum: sessiename.		1.0	
905	1420	1	561	14	15	7.0	5.0	1770.0	30.0	4.0	1772.0	0		Aanvangsdatum: sessiename.		1.0	
906	1422	1	458	14	15	19.0	6.0	1775.0	2.0	5.0	1776.0	0		Aanvangsdatum: sessiename.		1.0	
907	1424	1	592	14	15	3.0	5.0	1776.0	30.0	4.0	1782.0	0		Aanvangsdatum: sessiename.		1.0	
908	1425	1	227	14	15	4.0	5.0	1779.0	30.0	4.0	1782.0	0		Aanvangsdatum: sessiename. Onzeker bij deze persoon; de functie werd mogelijk bekleed door een naam- en tijdgenoot (leefjaren onbekend, elders in deze database).		1.0	
909	1426	1	572	14	15	2.0	5.0	1782.0	2.0	11.0	1783.0	0		Aanvangsdatum: sessiename. Beëindigd wegens  benoeming tot ordinaris gedeputeerde ter Staten-Generaal.		1.0	
910	1427	1	458	14	15	3.0	6.0	1782.0	1.0	5.0	1785.0	0		Aanvangsdatum: sessiename.		1.0	
911	1428	1	592	14	15	1.0	5.0	1784.0	3.0	12.0	1792.0	0		Aanvangsdatum: sessiename.		1.0	
912	1429	1	568	14	15	2.0	5.0	1785.0			1795.0	0		Aanvangsdatum: sessiename.		1.0	
913	1430	1	580	14	15	4.0	12.0	1792.0			1795.0	0		Aanvangsdatum: sessiename.		1.0	
914	1434	1	603	13	5	23.0	3.0	1608.0	28.0	5.0	1609.0	0	11.0	Aanvangsdatum (Oude Stijl): sessiename.	13.0		
915	1435	1	603	13	5	29.0	1.0	1614.0	22.0	2.0	1616.0	0	11.0	Aanvangsdatum (OudeStijl): sessiename. Mogelijk eerder beëindigd door overlijden.	13.0		
916	1436	0	506	13	5	14.0	3.0	1580.0	14.0	2.0	1581.0	0	11.0	Aanvangsdatum (Oude Stijl): sessiename.	14.0		
917	1437	1	135	13	5	20.0	2.0	1607.0	24.0	3.0	1608.0	0	13.0	Aanvangsdatum (Oude Stijl): sessiename.	37.0		
918	1439	1	504	13	5	27.0	2.0	1604.0	15.0	3.0	1605.0	0	13.0	Aanvangsdatum (Oude Stijl): sessiename.	33.0		
919	1445	0	611	13	5	15.0	2.0	1581.0	27.0	7.0	1582.0	0	11.0	Aanvangsdatum (OudeStijl): sessiename. Mogelijk eerder beëindigd door overlijden.	15.0		
920	1446	1	612	13	5	1.0	6.0	1627.0	19.0	2.0	1630.0	0	11.0	Aanvangsdatum (OudeStijl): sessiename. Mogelijk eerder beëindigd door overlijden.	14.0		
921	1447	1	613	13	5	6.0	3.0	1601.0	9.0	2.0	1606.0	0	11.0	Aanvangsdatum (OudeStijl): sessiename. Mogelijk eerder beëindigd door overlijden.	15.0		
922	1448	1	614	13	5	17.0	5.0	1719.0	15.0	6.0	1721.0	0	13.0	Aanvangsdatum: sessiename. Beëindigd door overlijden.	31.0		
923	1450	1	615	13	5	14.0	2.0	1755.0	12.0	2.0	1758.0	0	10.0	Aanvangsdatum: sessiename.	7.0		
924	1451	0	616	13	5			1586.0			1588.0	0	13.0		31.0		
925	1452	1	617	13	5	8.0	5.0	1679.0	28.0	4.0	1682.0	0	13.0	Aanvangsdatum (Oude Stijl): sessiename.	33.0		
926	1453	1	523	13	5	23.0	5.0	1637.0	10.0	2.0	1639.0	0	10.0	Aanvangsdatum (Oude Stijl): sessiename.	8.0		
927	1454	1	619	13	5	23.0	2.0	1673.0	11.0	2.0	1674.0	0	10.0	Aanvangsdatum (OudeStijl): sessiename. Mogelijk eerder beëindigd door overlijden.	8.0		
928	1455	1	620	13	5	12.0	5.0	1783.0	11.0	5.0	1787.0	0	13.0	Aanvangsdatum: sessiename.	41.0		
929	1456	1	621	13	5	4.0	5.0	1653.0	30.0	4.0	1656.0	0	12.0	Aanvangsdatum (Oude Stijl): sessiename.	24.0		
930	1460	1	624	13	5	30.0	4.0	1698.0	11.0	5.0	1701.0	0	12.0	Aanvangsdatum (Oude Stijl): sessiename.	24.0		
931	1464	1	627	13	5	3.0	5.0	1647.0	30.0	4.0	1650.0	0	12.0	Aanvangsdatum (Oude Stijl): sessiename.	30.0		
932	1469	1	629	13	5	8.0	5.0	1668.0	28.0	4.0	1671.0	0	12.0	Aanvangsdatum (Oude Stijl): sessiename.	24.0		
933	1470	1	629	13	5	4.0	5.0	1683.0	13.0	5.0	1686.0	0	12.0	Aanvangsdatum (Oude Stijl): sessiename.	24.0		
934	1472	1	631	13	5	15.0	5.0	1756.0	19.0	3.0	1757.0	0	12.0	Aanvangsdatum: sessiename. Beëindigd door overlijden.	22.0		
935	1476	0	635	13	5	13.0	10.0	1577.0	28.0	8.0	1579.0	0	10.0	Aanvangsdatum (Oude Stijl): sessiename.	5.0		
936	1478	1	635	13	5			1596.0	16.0	2.0	1599.0	0	10.0		5.0		
937	1479	0	636	13	5	29.0	8.0	1579.0	14.0	2.0	1581.0	0	10.0	Aanvangsdatum (Oude Stijl): sessiename.	11.0		
938	1480	1	637	13	5	5.0	5.0	1636.0	17.0	3.0	1637.0	0	13.0	Aanvangsdatum (Oude Stijl): sessiename.	33.0		
939	1481	1	637	13	5	3.0	5.0	1652.0	30.0	4.0	1655.0	0	13.0	Aanvangsdatum (Oude Stijl): sessiename.	33.0		
940	1482	1	638	13	5			1632.0			1634.0	0	13.0		34.0		
941	1483	1	638	13	5			1635.0	1.0	5.0	1638.0	0	13.0	Beëindiging mogelijk eerder door overlijden.	34.0		
942	1484	0	639	13	5	15.0	2.0	1581.0	27.0	7.0	1582.0	0	13.0	Aanvangsdatum (OudeStijl): sessiename. Mogelijk eerder beëindigd door overlijden.	31.0		
943	1486	1	139	13	5	7.0	5.0	1623.0	12.0	7.0	1624.0	0	13.0	Aanvangsdatum (Oude Stijl): sessiename.	31.0		
944	1487	1	641	13	5	11.0	2.0	1668.0	10.0	2.0	1671.0	0	10.0	Aanvangsdatum (Oude Stijl): sessiename.	9.0		
945	1488	1	641	13	5	13.0	2.0	1683.0	18.0	2.0	1686.0	0	10.0	Aanvangsdatum (Oude Stijl): sessiename.	9.0		
946	1489	1	642	13	5	5.0	8.0	1602.0	30.0	3.0	1603.0	0	12.0	Aanvangsdatum (Oude Stijl): sessiename.	30.0		
947	1490	1	643	13	5			1594.0			1596.0	0	12.0		23.0		
948	1491	1	644	13	5	10.0	2.0	1606.0	22.0	3.0	1608.0	0	11.0	Aanvangsdatum (Oude Stijl): sessiename.	19.0		
949	1492	1	507	13	5	28.0	2.0	1604.0			1607.0	0	12.0	Aanvangsdatum (Oude Stijl): sessiename.	28.0		
950	1493	1	507	13	5	9.0	4.0	1624.0	30.0	3.0	1626.0	0	12.0	Aanvangsdatum (Oude Stijl): sessiename.	28.0		
951	1494	1	507	13	5	15.0	5.0	1630.0	20.0	8.0	1631.0	0	12.0	Aanvangsdatum (OudeStijl): sessiename. Beëindigd door overlijden.	28.0		
952	1496	1	645	13	5			1635.0			1638.0	0	12.0		22.0		
953	1497	1	646	13	5	28.0	11.0	1682.0	2.0	5.0	1684.0	0	13.0	Aanvangsdatum (Oude Stijl): sessiename.	36.0		
954	1498	1	647	13	5	6.0	3.0	1601.0	30.0	3.0	1603.0	0	12.0	Aanvangsdatum (Oude Stijl): sessiename.	21.0		
955	1499	1	647	13	5			1608.0	1.0	4.0	1610.0	0	12.0		21.0		
956	1500	1	647	13	5	31.0	3.0	1626.0	3.0	8.0	1627.0	0	12.0	Aanvangsdatum (Oude Stijl): sessiename.	21.0		
957	1501	1	647	13	5	25.0	3.0	1635.0	27.0	4.0	1638.0	0	12.0	Aanvangsdatum (OudeStijl): sessiename. Mogelijk eerder beëindigd door overlijden.	21.0		
958	1502	1	648	13	5	1.0	5.0	1649.0	2.0	5.0	1652.0	0	13.0	Aanvangsdatum (OudeStijl): sessiename. Mogelijk eerder beëindigd door overlijden.	38.0		
959	1503	1	649	13	5	23.0	2.0	1616.0	28.0	3.0	1621.0	0	11.0	Aanvangsdatum (Oude Stijl): sessiename.	13.0		
960	1504	1	650	13	5	1.0	5.0	1656.0	3.0	5.0	1659.0	0	12.0	Aanvangsdatum (Oude Stijl): sessiename.	26.0		
961	1505	1	650	13	5	29.0	4.0	1671.0	25.0	10.0	1672.0	0	12.0	Aanvangsdatum (Oude Stijl): sessiename.	26.0		
962	1506	1	650	13	5	13.0	2.0	1674.0	30.0	4.0	1674.0	0	12.0	Aanvangsdatum (Oude Stijl): sessiename.	26.0		
963	1507	1	651	13	5	17.0	4.0	1641.0	3.0	5.0	1644.0	0	12.0	Aanvangsdatum (OudeStijl): sessiename. Mogelijk eerder beëindigd door overlijden.	26.0		
964	1508	1	652	13	5	7.0	2.0	1764.0	11.0	5.0	1772.0	0	13.0	Aanvangsdatum: sessiename.	36.0		
965	1510	1	652	13	5	12.0	5.0	1794.0	19.0	2.0	1795.0	0	13.0	Aanvangsdatum: sessiename. Beëindigd wegens opheffing van het college.	36.0		
966	1511	0	653	13	5	22.0	10.0	1577.0	14.0	9.0	1578.0	0	13.0	Aanvangsdatum (OudeStijl): sessiename. Mogelijk eerder beëindigd door overlijden.	31.0		
967	1513	1	654	13	5	20.0	3.0	1629.0			1632.0	0	13.0	Aanvangsdatum (Oude Stijl): sessiename.	38.0		
968	1514	1	655	13	5	1.0	5.0	1656.0	1.0	5.0	1659.0	0	13.0	Aanvangsdatum (Oude Stijl): sessiename.	35.0		
969	1515	1	655	13	5	1.0	5.0	1672.0	4.0	4.0	1673.0	0	13.0	Aanvangsdatum (OudeStijl): sessiename. Mogelijk eerder beëindigd door overlijden.	35.0		
970	1516	1	656	13	5	2.0	5.0	1683.0	2.0	5.0	1684.0	0	13.0	Aanvangsdatum (Oude Stijl): sessiename.	31.0		
971	1517	1	587	13	5	13.0	2.0	1782.0	11.0	5.0	1785.0	0	12.0	Aanvangsdatum: sessiename.	30.0		
972	1518	1	657	13	5	12.0	5.0	1784.0			1792.0	0	13.0	Aanvangsdatum: sessiename.	33.0		
973	1519	1	657	13	5	13.0	5.0	1793.0	19.0	2.0	1795.0	0	13.0	Aanvangsdatum: sessiename. Beëindigd wegens opheffing van het college.	33.0		
974	1520	1	592	13	5			1792.0	14.0	5.0	1792.0	0	13.0	Blijkens Engels (zie institutionele toelichting). Daadwerkelijke zitting echter onzeker, gezien de gelijktijdige zitting in de Generaliteits-Rekenkamer en de Staten-Generaal.	40.0		
975	1521	1	562	13	5			1753.0			1754.0	0	12.0	De overlap met de functie van gedeputeerde ter Staten-Generaal is vooralsnog onverklaarbaar.	17.0		
976	1525	1	660	13	5	18.0	2.0	1615.0	19.0	2.0	1618.0	0	12.0	Aanvangsdatum (Oude Stijl): sessiename.	26.0		
977	1526	0	661	13	5	29.0	8.0	1579.0	27.0	7.0	1582.0	0	12.0	Aanvangsdatum (Oude Stijl): sessiename.	26.0		
978	1527	0	662	13	5	31.0	3.0	1584.0			1588.0	0	12.0	Aanvangsdatum (Oude Stijl): sessiename.	26.0		
979	1528	1	505	13	5	29.0	1.0	1614.0	22.0	3.0	1616.0	0	10.0	Aanvangsdatum (Oude Stijl): sessiename.	8.0		
980	1529	1	663	13	5	10.0	2.0	1606.0	22.0	3.0	1608.0	0	11.0	Aanvangsdatum (OudeStijl): sessiename. Mogelijk eerder beëindigd door overlijden.	12.0		
981	1531	1	665	13	5	4.0	3.0	1635.0	19.0	8.0	1636.0	0	11.0	Aanvangsdatum (Oude Stijl): sessiename.	12.0		
982	1532	1	666	13	5	9.0	5.0	1622.0	24.0	5.0	1625.0	0	13.0	Aanvangsdatum (OudeStijl): sessiename. Mogelijk eerder beëindigd door overlijden.	35.0		
983	1533	0	667	13	5	22.0	10.0	1577.0	14.0	9.0	1578.0	0	13.0	Aanvangsdatum (OudeStijl): sessiename. Mogelijk eerder beëindigd door overlijden.	31.0		
984	1534	1	478	14	7	9.0	6.0	1606.0	12.0	7.0	1610.0	0	13.0	Aanvangsdatum: sessiename.		1.0	
985	1536	1	669	14	7	10.0	6.0	1611.0	1.0	10.0	1613.0	0	12.0	Aanvangsdatum: sessiename.		1.0	
986	1537	1	670	14	7	2.0	10.0	1613.0	19.0	5.0	1616.0	0	13.0	Aanvangsdatum: sessiename. In de Naamlyst der Edele Mogende Heeren Gecommitteerde Raaden ter admiraliteit (zie institutionele toelichting) wordt als opvolger ten onrechte Arent Meynaartsz. genoemd; deze zit echter voor Haarlem.		1.0	
987	1539	1	647	14	7	20.0	5.0	1622.0	24.0	6.0	1624.0	0	12.0	Aanvangsdatum: sessiename.		1.0	
988	1540	1	671	14	7	22.0	5.0	1619.0	19.0	5.0	1622.0	0	13.0	Aanvangsdatum: sessiename.		1.0	
989	1542	1	673	14	7	9.0	5.0	1625.0	14.0	6.0	1628.0	0	13.0	Aanvangsdatum: sessiename.		1.0	
990	1545	1	675	14	7	16.0	5.0	1637.0	14.0	5.0	1640.0	0	13.0	Aanvangsdatum: sessiename.		1.0	
991	1546	1	627	14	7	30.0	5.0	1634.0	15.0	5.0	1637.0	0	12.0	Aanvangsdatum: sessiename.		1.0	
992	1547	1	374	14	7	15.0	5.0	1640.0	27.0	5.0	1641.0	0	12.0	Aanvangsdatum: sessiename.		1.0	
993	1549	1	676	14	7	19.0	5.0	1643.0		9.0	1643.0	0	13.0	Aanvangsdatum: sessiename. Reden van beëindiging onbekend; mogelijk overlijden.		1.0	
994	1550	1	677	14	7	23.0	12.0	1643.0	13.0	7.0	1646.0	0	13.0	Aanvangsdatum: sessiename.		1.0	
995	1551	1	678	14	7	14.0	7.0	1646.0	29.0	7.0	1647.0	0	12.0	Aanvangsdatum: sessiename.		1.0	
996	1552	1	374	14	7	30.0	7.0	1647.0	8.0	6.0	1649.0	0	12.0	Aanvangsdatum: sessiename.		1.0	
997	1553	1	675	14	7	9.0	6.0	1649.0			1651.0	0	13.0	Aanvangsdatum: sessiename. Beëindigd door overlijden vóór 1 augustus.		1.0	
998	1554	1	679	14	7	18.0	8.0	1651.0	30.0	4.0	1652.0	0	13.0	Aanvangsdatum: sessiename. Behoudt zitting, maar voor het kwartier Zevenwolden.		1.0	
999	1556	1	664	14	7	25.0	5.0	1655.0	4.0	6.0	1658.0	0	13.0	Aanvangsdatum: sessiename.		1.0	
1000	1557	1	680	14	7	5.0	6.0	1658.0	10.0	4.0	1659.0	0	12.0	Aanvangsdatum: sessiename. Mogelijk eerder beëindigd door overlijden.		1.0	
1001	1558	1	303	14	7	11.0	4.0	1659.0	7.0	6.0	1660.0	0	12.0	Aanvangsdatum: sessiename. Mogelijk eerder beëindigd door overlijden.		1.0	
1002	1559	1	524	14	7	8.0	6.0	1660.0	30.0	4.0	1661.0	0	12.0	Aanvangsdatum: sessiename. Behoudt zitting, maar voor het kwartier der Steden.		1.0	
1003	1560	1	415	14	7	6.0	5.0	1664.0	14.0	7.0	1665.0	0	12.0	Aanvangsdatum: sessiename.		1.0	
1004	1561	1	316	14	7	15.0	7.0	1665.0	17.0	5.0	1666.0	0	12.0	Aanvangsdatum: sessiename.		1.0	
1005	1562	1	415	14	7	18.0	5.0	1666.0	11.0	3.0	1667.0	0	12.0	Aanvangsdatum: sessiename. Mogelijk eerder beëindigd door overlijden.		1.0	
1006	1563	1	342	14	7	12.0	3.0	1667.0	7.0	7.0	1670.0	0	13.0	Aanvangsdatum: sessiename. Tresoar, archief Stadhouders, inv. nr. 361 (zie institutionele toelichting) geeft in afwijking van de andere bronnen de benoeming van Jan Sijdes voor het eerste anderhalf jaar en P. Gualtheri voor het tweede halfjaar, beide van Leeuwarden. Blijkens dezelfde bron hebben dezen het ambt getransporteerd op Bruinsma, want in 1669 'continuatie op Bruijnsma van Slooten'.		1.0	
1007	1565	1	404	14	7	27.0	5.0	1671.0	1.0	5.0	1673.0	0	12.0	Aanvangsdatum: sessiename.		1.0	
1008	1566	1	466	14	7	2.0	5.0	1673.0	30.0	4.0	1676.0	0	13.0	Aanvangsdatum: sessiename. Behoudt zitting, maar voor het kwartier Zevenwolden.		1.0	
1009	1569	1	629	14	7	31.0	5.0	1690.0	21.0	5.0	1691.0	0	12.0	Aanvangsdatum: sessiename.		1.0	
1010	1570	1	372	14	7	22.0	5.0	1691.0	20.0	4.0	1693.0	0	13.0	Aanvangsdatum: sessiename. Tresoar, stadhouderlijk archief, inv. nr. 361 (zie institutionele toelichting) geeft voor de periode 1692-1694 benoeming van 'J. van Heemstra', waarvoor geen commissie werd aangetroffen. De Naamlyst der Edele Mogende Heeren Gecommitteerde Raaden ter admiraliteit (zie institutionele toelichting) geeft Julius Schelto van Aitzema van 1693-1694; om die reden wordt hier voor Coycker het eindjaar 1693 aangehouden.		1.0	
1011	1576	1	456	14	7	9.0	6.0	1695.0	1.0	5.0	1697.0	0	12.0	Aanvangsdatum: sessiename. Onzeker bij deze persoon. De functie werd mogelijk uitgeoefend door zijn naamgenoot (1626-1708, elders in deze database).		1.0	
1012	1577	1	412	14	7	2.0	5.0	1697.0	21.0	5.0	1698.0	0	13.0	Aanvangsdatum: sessiename.		1.0	
1013	1578	1	683	14	7	1.0	5.0	1700.0	30.0	4.0	1703.0	0	12.0	Aanvangsdatum: sessiename. Behoudt zitting, maar voor het kwartier der Steden.		1.0	
1014	1579	1	684	14	7	31.0	5.0	1707.0	30.0	4.0	1709.0	0	12.0	Aanvangsdatum: sessiename. Behoudt zitting, maar voor het kwartier der Steden.		1.0	
1015	1581	1	685	14	7	7.0	5.0	1715.0	16.0	5.0	1718.0	0	13.0	Aanvangsdatum: sessiename.		1.0	
1016	1582	1	288	14	7	11.0	5.0	1719.0	30.0	4.0	1721.0	0	12.0	Aanvangsdatum: sessiename.		1.0	
1017	1586	1	452	14	7	3.0	5.0	1725.0	30.0	4.0	1727.0	0	12.0	Aanvangsdatum: sessiename.		1.0	
1018	1587	1	467	14	7	9.0	5.0	1727.0	10.0	5.0	1730.0	0	13.0	Aanvangsdatum: sessiename.		1.0	
1019	1588	1	339	14	7	11.0	5.0	1730.0	7.0	5.0	1731.0	0	12.0	Aanvangsdatum: sessiename.		1.0	
1020	1589	1	551	13	5	19.0	5.0	1722.0	15.0	5.0	1725.0	0	12.0	Aanvangsdatum: sessiename.	29.0		
1021	1590	1	551	13	5	13.0	5.0	1737.0	14.0	5.0	1743.0	0	12.0	Aanvangsdatum: sessiename.	29.0		
1022	1591	1	551	13	5	10.0	8.0	1752.0	11.0	5.0	1764.0	0	12.0	Aanvangsdatum: sessiename. De overlap met de deputatie in de Staten-Generaal is vooralsnog onverklaarbaar.	29.0		
1023	1592	1	551	13	5	21.0	5.0	1766.0	22.0	3.0	1773.0	0	12.0	Aanvangsdatum: sessiename. Beëindigd door overlijden.	29.0		
1024	1593	1	390	14	7	12.0	5.0	1733.0			1734.0	0	13.0	Aanvangsdatum: sessiename. Beëindigd door overlijden vóór 23 april.		1.0	
1025	1595	1	288	14	7	7.0	6.0	1737.0	30.0	4.0	1739.0	0	12.0	Aanvangsdatum: sessiename. Behoudt zitting, maar voor het kwartier der Steden.		1.0	
1026	1597	1	593	14	7	2.0	5.0	1741.0	30.0	4.0	1742.0	0	13.0	Aanvangsdatum: sessiename.		1.0	
1027	1598	1	688	14	7	1.0	5.0	1742.0	28.0	5.0	1743.0	0	12.0	Aanvangsdatum: sessiename.		1.0	
1028	1599	1	689	14	7	29.0	5.0	1743.0	30.0	4.0	1745.0	0	12.0	Aanvangsdatum: sessiename. Behoudt zitting, maar voor het kwartier der Steden.		1.0	
1029	1603	1	631	14	7	7.0	5.0	1749.0	20.0	5.0	1751.0	0	12.0	Aanvangsdatum: sessiename.		1.0	
1030	1604	1	691	14	7	2.0	11.0	1752.0	1.0	5.0	1754.0	0	13.0	Aanvangsdatum: sessiename.		1.0	
1031	1606	1	692	14	7	2.0	5.0	1758.0	1.0	5.0	1760.0	0	13.0	Aanvangsdatum: sessiename.		1.0	
1032	1607	1	564	14	7	2.0	5.0	1760.0	30.0	4.0	1761.0	0	12.0	Aanvangsdatum: sessiename.		1.0	
1033	1608	1	261	5	1	30.0	9.0	1752.0		12.0	1770.0	0	12.0	Aanvangsdatum: commissie. Ontslag op eigen verzoek.			
1034	1610	1	291	14	7	15.0	2.0	1764.0	5.0	5.0	1766.0	0	13.0	Aanvangsdatum: sessiename. De lijst van Schutte (zie institutionele toelichting) plaatst hem in ten onrechte in de Admiraliteit in Friesland, evenals de index op het commissieboek van de Staten-Generaal alsmede de aanhef van de commissie in het commissieboek zelf. In de tekst echter Amsterdam, hetgeen overeenkomt met de Naamlyst der Edele Mogende Heeren Gecommitteerde Raaden ter admiraliteit (zie institutionele toelichting).		1.0	
1035	1614	1	321	14	7	10.0	3.0	1768.0	30.0	4.0	1769.0	0	12.0	Aanvangsdatum: sessiename. Behoudt zitting, maar voor het kwartier der Steden.		1.0	
1036	1615	1	322	14	7	1.0	5.0	1767.0	9.0	3.0	1768.0	0	12.0	Aanvangsdatum: sessiename. De klaarblijkelijk gelijktijdige zitting van Bergsma in de Admiraliteit in Amsterdam en Gedeputeerde Staten van Friesland gedurende het jaar 1767-1768 is vooralsnog onverklaarbaar.		1.0	
1037	1616	1	689	14	7	6.0	5.0	1773.0	30.0	4.0	1775.0	0	12.0	Aanvangsdatum: sessiename. Behoudt zitting, maar voor het kwartier der Steden.		1.0	
1038	1617	1	397	14	7	6.0	5.0	1772.0	5.0	5.0	1773.0	0	12.0	Aanvangsdatum: sessiename. Hoewel (het afschrift van) zijn commissie van de Staten-Generaal hem in de Admiraliteit in Friesland plaatst, moet de voorkeur worden gegeven aan de Naamlyst der Edele Mogende Heeren Gecommitteerde Raaden ter admiraliteit (zie institutionele toelichting). Bovendien is geen andere Friese gecommitteerde bekend in de Admiraliteit van Amsterdam in de jaren 1772-1773.		1.0	
1039	1618	1	585	14	7	15.0	5.0	1776.0	14.0	5.0	1778.0	0	13.0	Aanvangsdatum: sessiename.		1.0	
1040	1619	1	587	14	7	15.0	5.0	1778.0	3.0	5.0	1779.0	0	12.0	Aanvangsdatum: sessiename.		1.0	
1041	1621	1	583	14	7	15.0	5.0	1781.0	20.0	10.0	1782.0	0	13.0	Aanvangsdatum: sessiename. Beëindigd door overlijden.		1.0	
1042	1622	1	449	14	7	28.0	11.0	1782.0	21.0	5.0	1783.0	0	13.0	Aanvangsdatum: sessiename.		1.0	
1043	1624	1	585	14	7	4.0	5.0	1784.0	10.0	5.0	1785.0	0	12.0	Aanvangsdatum: sessiename.		1.0	
1044	1625	1	694	14	7	11.0	5.0	1785.0	30.0	4.0	1787.0	0	12.0	Aanvangsdatum: sessiename. Behoudt zitting, maar voor het kwartier der Steden.		1.0	
1045	1626	1	468	14	7	6.0	5.0	1788.0	3.0	5.0	1790.0	0	13.0	Aanvangsdatum: sessiename.		1.0	
1046	1627	1	486	14	7	4.0	5.0	1790.0	28.0	4.0	1791.0	0	12.0	Aanvangsdatum: sessiename.		1.0	
1047	1629	1	449	14	7	29.0	5.0	1793.0	7.0	5.0	1794.0	0	13.0	Aanvangsdatum: sessiename.		1.0	
1048	1630	1	431	14	7	8.0	5.0	1794.0		1.0	1795.0	0	13.0	Aanvangsdatum: sessiename.		1.0	
1049	1632	1	695	14	45	4.0	7.0	1644.0	6.0	7.0	1648.0	0		Aanvangsdatum: commissie door de Staten-Generaal. Mogelijk eerder beëindigd door overlijden.		1.0	
1050	1633	1	437	14	45	7.0	7.0	1648.0	6.0	5.0	1652.0	0		Aanvangsdatum: commissie door de Staten-Generaal.		1.0	
1051	1634	1	696	14	45	7.0	5.0	1652.0	27.0	4.0	1656.0	0		Aanvangsdatum: commissie door de Staten-Generaal.		1.0	
1052	1635	1	697	14	45	28.0	4.0	1656.0	2.0	6.0	1660.0	0		Aanvangsdatum: commissie door de Staten-Generaal.		1.0	
1053	1636	1	698	14	45	3.0	6.0	1660.0	13.0	7.0	1663.0	0		Aanvangsdatum: commissie door de Staten-Generaal.		1.0	
1054	1639	1	699	14	45	2.0	6.0	1668.0	12.0	4.0	1671.0	0		Aanvangsdatum: commissie door de Staten-Generaal.		1.0	
1055	1640	1	700	14	45	13.0	4.0	1671.0	4.0	6.0	1674.0	0		Aanvangsdatum: commissie door de Staten-Generaal.		1.0	
1056	1641	1	434	14	45	5.0	6.0	1674.0	19.0	4.0	1677.0	0		Aanvangsdatum: commissie door de Staten-Generaal.		1.0	
1057	1643	1	545	14	45	9.0	4.0	1681.0	12.0	5.0	1683.0	0		Aanvangsdatum: commissie door de Staten-Generaal.		1.0	
1058	1645	1	348	14	45	30.0	4.0	1686.0	31.0	7.0	1692.0	0		Aanvangsdatum: commissie door de Staten-Generaal.		1.0	
1059	1646	1	441	14	45	1.0	8.0	1692.0	15.0	8.0	1698.0	0		Aanvangsdatum: commissie door de Staten-Generaal.		1.0	
1060	1647	1	434	14	45	16.0	8.0	1698.0	22.0	5.0	1701.0	0		Aanvangsdatum: commissie door de Staten-Generaal.		1.0	
1061	1648	1	441	14	45	23.0	5.0	1701.0	26.0	6.0	1704.0	0		Aanvangsdatum: commissie door de Staten-Generaal.		1.0	
1062	1649	1	701	14	45	27.0	6.0	1704.0	16.0	6.0	1707.0	0		Aanvangsdatum: commissie door de Staten-Generaal.		1.0	
1063	1650	1	441	14	45	17.0	6.0	1707.0	23.0	5.0	1710.0	0		Aanvangsdatum: commissie door de Staten-Generaal.		1.0	
1064	1651	1	438	14	45	24.0	5.0	1710.0	4.0	5.0	1714.0	0		Aanvangsdatum: commissie door de Staten-Generaal. De lijst in Algemeen Nederlandsch Familieblad (zie institutionele toelichting) geeft aanvangsjaar 1711. De einddatum is gebaseerd op zijn benoeming in Gedeputeerde Staten van Friesland, hoewel een opvolger pas in 1716 benoemd werd.		1.0	
1065	1652	1	436	14	45	4.0	6.0	1716.0	8.0	5.0	1719.0	0		Aanvangsdatum: commissie door de Staten-Generaal.		1.0	
1066	1653	1	395	14	45	9.0	5.0	1719.0	3.0	5.0	1722.0	0		Aanvangsdatum: commissie door de Staten-Generaal.		1.0	
1067	1654	1	419	14	45	4.0	5.0	1722.0	14.0	9.0	1725.0	0		Aanvangsdatum: commissie door de Staten-Generaal.		1.0	
1068	1658	1	258	14	45	30.0	5.0	1729.0	7.0	5.0	1730.0	0		Aanvangsdatum: commissie door de Staten-Generaal.		1.0	
1069	1659	1	367	14	45	8.0	5.0	1730.0	18.0	7.0	1734.0	0		Aanvangsdatum: commissie door de Staten-Generaal.		1.0	
1070	1660	1	702	14	45	19.0	7.0	1734.0	3.0	5.0	1737.0	0		Aanvangsdatum: commissie door de Staten-Generaal. De lijst in het Algemeen Nederlandsch Familieblad (zie institutionele toelichting) geeft aanvangsjaar 1735.		1.0	
1071	1661	1	595	14	45	4.0	5.0	1737.0	24.0	7.0	1740.0	0		Aanvangsdatum: commissie door de Staten-Generaal.		1.0	
1072	1662	1	367	14	45	25.0	7.0	1740.0	11.0	5.0	1741.0	0		Aanvangsdatum: commissie door de Staten-Generaal. De lijst in het Algemeen Nederlandsch Familieblad (zie institutionele toelichting) geeft aanvangsjaar 1741.		1.0	
1073	1663	1	703	14	45	12.0	5.0	1741.0	24.0	5.0	1743.0	0		Aanvangsdatum: commissie door de Staten-Generaal. De lijst in het Algemeen Nederlandsch Familieblad (zie institutionele toelichting) en Nederland's Patriciaat 77 (1993) 484 geven onjuist aanvangsjaar 1742.		1.0	
1074	1664	1	445	14	45	25.0	5.0	1743.0	12.0	6.0	1746.0	0		Aanvangsdatum: commissie door de Staten-Generaal.		1.0	
1075	1666	1	439	14	45	30.0	4.0	1749.0	21.0	5.0	1755.0	0		Aanvangsdatum: commissie door de Staten-Generaal.		1.0	
1076	1668	1	279	14	45	22.0	5.0	1755.0	21.0	5.0	1758.0	0		Aanvangsdatum: commissie door de Staten-Generaal.		1.0	
1077	1671	1	445	14	45	22.0	5.0	1758.0	8.0	5.0	1760.0	0		Aanvangsdatum: commissie door de Staten-Generaal.		1.0	
1078	1672	1	692	14	45	9.0	5.0	1760.0	30.0	4.0	1761.0	0		Aanvangsdatum: commissie door de Staten-Generaal.		1.0	
1079	1674	1	563	14	45	1.0	5.0	1761.0	12.0	3.0	1762.0	0		Aanvangsdatum: commissie door de Staten-Generaal. Beëindigd door overlijden.		1.0	
1080	1675	1	692	14	45	17.0	5.0	1762.0	13.0	5.0	1764.0	0		Aanvangsdatum: commissie door de Staten-Generaal. De lijst in het Algemeen Nederlandsch Familieblad (zie institutionele toelichting) heeft 1763 als aanvangsjaar.		1.0	
1081	1677	1	704	14	45	14.0	5.0	1764.0	30.0	4.0	1767.0	0		Aanvangsdatum: commissie door de Staten-Generaal.		1.0	
1082	1678	1	397	14	45	1.0	5.0	1767.0	6.0	5.0	1770.0	0		Aanvangsdatum: commissie door de Staten-Generaal. De lijst in Algemeen Nederlandsch Familieblad (zie institutionele toelichting) geeft 1769 als aanvangsjaar.		1.0	
1083	1679	1	226	14	45	7.0	5.0	1770.0	5.0	5.0	1771.0	0		Aanvangsdatum: commissie door de Staten-Generaal.		1.0	
1084	1680	1	321	14	45	6.0	5.0	1771.0	10.0	5.0	1772.0	0		Aanvangsdatum: commissie door de Staten-Generaal.		1.0	
1085	1681	1	322	14	45	11.0	5.0	1772.0	26.0	4.0	1773.0	0		Aanvangsdatum: commissie door de Staten-Generaal.		1.0	
1086	1682	1	705	14	45	27.0	4.0	1773.0	14.0	5.0	1776.0	0		Aanvangsdatum: commissie door de Staten-Generaal.		1.0	
1087	1683	1	444	14	45	15.0	5.0	1776.0	30.0	4.0	1781.0	0		Aanvangsdatum: commissie door de Staten-Generaal. De lijst in het Algemeen Nederlandsch Familieblad (zie institutionele toelichting) geeft aanvangsjaar 1779.		1.0	
1088	1686	1	440	14	45	26.0	4.0	1782.0	22.0	5.0	1785.0	0		Aanvangsdatum: commissie door de Staten-Generaal.		1.0	
1089	1687	1	393	14	45	23.0	5.0	1785.0	28.0	4.0	1788.0	0		Aanvangsdatum: commissie door de Staten-Generaal.		1.0	
1090	1688	1	707	14	45	29.0	4.0	1788.0	1.0	5.0	1791.0	0		Aanvangsdatum: commissie door de Staten-Generaal.		1.0	
1091	1689	1	227	14	45	2.0	5.0	1791.0	30.0	4.0	1794.0	0		Aanvangsdatum: commissie door de Staten-Generaal.		1.0	
1092	1690	1	707	14	45	1.0	5.0	1794.0			1795.0	0		Aanvangsdatum: commissie door de Staten-Generaal.		1.0	
1093	1691	1	503	14	48	24.0	7.0	1606.0	22.0	4.0	1608.0	0		Aanvangsdatum: commissie door de Staten-Generaal.		1.0	
1094	1693	1	709	14	48	26.0	5.0	1614.0	19.0	4.0	1617.0	0		Aanvangsdatum: commissie door de Staten-Generaal.		1.0	
1095	1695	1	710	14	48	23.0	6.0	1622.0	23.0	5.0	1623.0	0		Aanvangsdatum: commissie door de Staten-Generaal.		1.0	
1096	1696	1	392	14	48	24.0	5.0	1623.0	5.0	6.0	1624.0	0		Aanvangsdatum: commissie door de Staten-Generaal.		1.0	
1097	1697	1	711	14	48	6.0	6.0	1624.0	22.0	4.0	1625.0	0		Aanvangsdatum: commissie door de Staten-Generaal.		1.0	
1098	1698	1	304	14	48	23.0	4.0	1625.0	25.0	6.0	1627.0	0		Aanvangsdatum: commissie door de Staten-Generaal.		1.0	
1099	1699	1	712	14	48	26.0	6.0	1627.0	30.0	4.0	1630.0	0		Aanvangsdatum: commissie door de Staten-Generaal. Het eindjaar is onbekend; hier gebaseerd op de reguliere zittingstermijn van drie jaar.		1.0	
1100	1700	1	713	14	48	1.0	6.0	1645.0	24.0	4.0	1648.0	0		Aanvangsdatum: commissie door de Staten-Generaal.		1.0	
1101	1701	1	433	14	48	25.0	4.0	1648.0	20.0	5.0	1652.0	0		Aanvangsdatum: commissie door de Staten-Generaal.		1.0	
1102	1702	1	714	14	48	21.0	5.0	1652.0	23.0	10.0	1653.0	0		Aanvangsdatum: commissie door de Staten-Generaal.		1.0	
1103	1703	1	715	14	48	24.0	10.0	1653.0	23.0	5.0	1661.0	0		Aanvangsdatum: commissie door de Staten-Generaal. Beëindiging mogelijk eerder door overlijden.		1.0	
1104	1705	1	423	14	48	14.0	7.0	1663.0	29.0	5.0	1664.0	0		Aanvangsdatum: commissie door de Staten-Generaal.		1.0	
1105	1706	1	716	14	48	30.0	5.0	1664.0	12.0	8.0	1665.0	0		Aanvangsdatum: commissie door de Staten-Generaal.		1.0	
1106	1708	1	423	14	48	24.0	5.0	1666.0	30.0	4.0	1671.0	0		Aanvangsdatum: commissie door de Staten-Generaal. De einddatum is gebaseerd op de benoeming in de Admiraliteit in Friesland, hoewel de eerstvolgende benoeming pas in 1673 plaatsvindt.		1.0	
1107	1710	1	718	14	48	24.0	4.0	1673.0	26.0	10.0	1676.0	0		Aanvangsdatum: commissie door de Staten-Generaal. Beëindigd door overlijden.		1.0	
1108	1711	1	719	14	48	4.0	6.0	1677.0	12.0	4.0	1689.0	0		Aanvangsdatum: commissie door de Staten-Generaal.		1.0	
1109	1712	1	487	14	48	13.0	4.0	1689.0	5.0	6.0	1695.0	0		Aanvangsdatum: commissie door de Staten-Generaal.		1.0	
1110	1714	1	462	14	48	26.0	5.0	1698.0	29.0	4.0	1701.0	0		Aanvangsdatum: commissie door de Staten-Generaal.		1.0	
1111	1716	1	199	14	48	2.0	5.0	1707.0	25.0	4.0	1710.0	0		Aanvangsdatum: commissie door de Staten-Generaal.		1.0	
1112	1717	1	412	14	48	26.0	4.0	1710.0	18.0	8.0	1711.0	0		Aanvangsdatum: commissie door de Staten-Generaal.		1.0	
1113	1718	1	721	14	48	19.0	8.0	1711.0			1712.0	0		Aanvangsdatum: commissie door de Staten-Generaal. Beëindigd door overlijden vóór 4 november.		1.0	
1114	1719	1	722	14	48	10.0	11.0	1712.0	27.0	4.0	1713.0	0		Aanvangsdatum: commissie door de Staten-Generaal.		1.0	
1115	1721	1	724	14	48	1.0	5.0	1716.0	26.0	4.0	1719.0	0		Aanvangsdatum: commissie door de Staten-Generaal.		1.0	
1116	1722	1	595	14	48	27.0	4.0	1719.0	15.0	4.0	1722.0	0		Aanvangsdatum: commissie door de Staten-Generaal.		1.0	
1117	1723	1	288	14	48	16.0	4.0	1722.0	23.0	4.0	1725.0	0		Aanvangsdatum: commissie door de Staten-Generaal.		1.0	
1118	1724	1	206	14	6	13.0	4.0	1725.0				0	12.0	Aanvangsdatum: commissie door de Staten-Generaal. De lijst van Schutte (zie institutionele toelichting) geeft ten onrechte zitting in de Admiraliteit in het Noorderkwartier, veroorzaakt door een fout in de index op de commissieboeken van de Staten-Generaal en de aanhef van de commissie zelf.		1.0	
1119	1727	1	339	14	48	13.0	4.0	1731.0	1.0	7.0	1734.0	0		Aanvangsdatum: commissie door de Staten-Generaal.		1.0	
1120	1728	1	452	14	48	2.0	7.0	1734.0	13.0	5.0	1737.0	0		Aanvangsdatum: commissie door de Staten-Generaal.		1.0	
1121	1729	1	562	14	48	14.0	5.0	1737.0	1.0	5.0	1740.0	0		Aanvangsdatum: commissie door de Staten-Generaal.		1.0	
1122	1730	1	347	14	48	2.0	5.0	1740.0	3.0	5.0	1743.0	0		Aanvangsdatum: commissie door de Staten-Generaal.		1.0	
1123	1731	1	419	14	48	4.0	5.0	1743.0	1.0	6.0	1746.0	0		Aanvangsdatum: commissie door de Staten-Generaal.		1.0	
1124	1732	1	445	14	48	2.0	6.0	1746.0	17.0	4.0	1749.0	0		Aanvangsdatum: commissie door de Staten-Generaal.		1.0	
1125	1733	1	432	14	48	18.0	4.0	1749.0	29.0	6.0	1752.0	0		Aanvangsdatum: commissie door de Staten-Generaal.		1.0	
1126	1734	1	595	14	48	30.0	6.0	1752.0	2.0	5.0	1753.0	0		Aanvangsdatum: commissie door de Staten-Generaal.		1.0	
1127	1735	1	725	14	48	3.0	5.0	1753.0	1.0	5.0	1755.0	0		Aanvangsdatum: commissie door de Staten-Generaal.		1.0	
1128	1736	1	595	14	48	2.0	5.0	1755.0	1.0	3.0	1758.0	0		Aanvangsdatum: commissie door de Staten-Generaal.		1.0	
1129	1737	1	432	14	48	2.0	3.0	1758.0	28.0	4.0	1761.0	0		Aanvangsdatum: commissie door de Staten-Generaal.		1.0	
1130	1738	1	704	14	48	29.0	4.0	1761.0	3.0	5.0	1764.0	0		Aanvangsdatum: commissie door de Staten-Generaal.		1.0	
1131	1739	1	440	14	48	4.0	5.0	1764.0	6.0	5.0	1767.0	0		Aanvangsdatum: commissie door de Staten-Generaal.		1.0	
1132	1740	1	726	14	48	7.0	5.0	1767.0	27.0	4.0	1768.0	0		Aanvangsdatum: commissie door de Staten-Generaal.		1.0	
1133	1741	1	484	14	48	27.0	4.0	1770.0	7.0	4.0	1773.0	0		Aanvangsdatum: commissie door de Staten-Generaal.		1.0	
1134	1742	1	265	14	48	8.0	4.0	1773.0	20.0	10.0	1774.0	0		Aanvangsdatum: commissie door de Staten-Generaal. Beëindigd wegens benoeming tot griffier van het Hof van Friesland.		1.0	
1135	1743	1	727	14	48	21.0	10.0	1774.0	24.0	4.0	1785.0	0		Aanvangsdatum: commissie door de Staten-Generaal.		1.0	
1136	1744	1	728	14	48	25.0	4.0	1785.0	3.0	4.0	1788.0	0		Aanvangsdatum: commissie door de Staten-Generaal.		1.0	
1137	1745	1	729	14	48	4.0	4.0	1788.0			1795.0	0		Aanvangsdatum: commissie door de Staten-Generaal.		1.0	
1138	1746	1	730	14	6	15.0	8.0	1597.0	21.0	5.0	1598.0	0	10.0	Aanvangsdatum: commissie door de Staten-Generaal.		1.0	
1139	1747	1	731	14	6	15.0	8.0	1597.0	14.0	3.0	1599.0	0	11.0	Aanvangsdatum: commissie door de Staten-Generaal.		1.0	
1140	1748	1	732	14	6	15.0	8.0	1597.0	30.0	4.0	1598.0	0	12.0	Aanvangsdatum: commissie door de Staten-Generaal.		1.0	
1141	1749	1	733	14	6	15.0	8.0	1597.0	18.0	3.0	1599.0	0	13.0	Aanvangsdatum: commissie door de Staten-Generaal.		1.0	
1142	1751	1	735	14	6	18.0	7.0	1598.0	14.0	3.0	1601.0	0	12.0	Aanvangsdatum: commissie door de Staten-Generaal. De lijst van Engels (zie institutionele toelichting) geeft commissiedatum 20 juli. Beëindigd door overlijden.		1.0	
1143	1752	1	736	14	6	15.0	3.0	1599.0	6.0	4.0	1601.0	0	11.0	Aanvangsdatum: commissie door de Staten-Generaal. Mogelijk eerder beëindigd door overlijden.		1.0	
1144	1753	1	737	14	6	19.0	3.0	1599.0	6.0	4.0	1601.0	0	13.0	Aanvangsdatum: commissie door de Staten-Generaal. De lijst van Schutte (zie institutionele toelichting) geeft de toevoeging 'Van Workum'. Dit is waarschijnlijk geen geslachtsnaam, maar een aanduiding van stad waaruit Reynsz. afkomstig was. Mogelijk eerder beëindigd door overlijden.		1.0	
1145	1756	1	739	14	6	7.0	4.0	1601.0	17.0	4.0	1603.0	0	12.0	Aanvangsdatum: commissie door de Staten-Generaal.		1.0	
1146	1757	1	740	14	6	7.0	4.0	1601.0	17.0	4.0	1603.0	0	13.0	Aanvangsdatum: commissie door de Staten-Generaal. Mogelijk eerder beëindigd door overlijden.		1.0	
1147	1758	1	741	14	6	18.0	4.0	1603.0	30.0	4.0	1606.0	0	10.0	Aanvangsdatum: commissie door de Staten-Generaal. Mogelijk eerder beëindigd door overlijden.		1.0	
1148	1759	1	647	14	6	18.0	4.0	1603.0	30.0	4.0	1604.0	0	12.0	Aanvangsdatum: commissie door de Staten-Generaal.		1.0	
1149	1760	1	742	14	6	18.0	4.0	1603.0	30.0	4.0	1605.0	0	13.0	Aanvangsdatum: commissie door de Staten-Generaal.		1.0	
1150	1761	1	292	14	6	4.0	7.0	1603.0	22.0	4.0	1608.0	0	11.0	Aanvangsdatum: commissie door de Staten-Generaal. Het eindjaar is onzeker.		1.0	
1151	1765	1	373	14	6	24.0	4.0	1606.0	25.0	4.0	1610.0	0	12.0	Aanvangsdatum: commissie door de Staten-Generaal.		1.0	
1152	1767	1	742	14	6	24.0	4.0	1607.0	11.0	4.0	1611.0	0	13.0	Aanvangsdatum: commissie door de Staten-Generaal. Mogelijk eerder beëindigd door overlijden.		1.0	
1153	1768	1	709	14	6	23.0	4.0	1608.0	11.0	6.0	1609.0	0	11.0	Aanvangsdatum: commissie door de Staten-Generaal.		1.0	
1154	1769	1	744	14	6	12.0	4.0	1611.0	8.0	5.0	1613.0	0	13.0	Aanvangsdatum: commissie door de Staten-Generaal. Mogelijk eerder beëindigd door overlijden.		1.0	
1155	1770	1	709	14	6	26.0	4.0	1610.0	15.0	4.0	1614.0	0	11.0	Aanvangsdatum: commissie door de Staten-Generaal.		1.0	
1156	1771	1	745	14	6	12.0	6.0	1609.0	25.0	4.0	1610.0	0	11.0	Aanvangsdatum: commissie door de Staten-Generaal.		1.0	
1157	1772	1	745	14	6	16.0	4.0	1614.0	6.0	5.0	1619.0	0	11.0	Aanvangsdatum: commissie door de Staten-Generaal. Mogelijk eerder beëindigd door overlijden.		1.0	
1158	1773	1	746	14	6	20.0	4.0	1611.0	15.0	4.0	1614.0	0	10.0	Aanvangsdatum: commissie door de Staten-Generaal. De lijst van Engels (zie institutionele toelichting) geeft onjuist aanvangsjaar 1612.		1.0	
1159	1774	1	747	14	6	1.0	5.0	1612.0	25.0	3.0	1618.0	0	12.0	Aanvangsdatum: commissie door de Staten-Generaal.		1.0	
1160	1775	1	748	14	6	9.0	5.0	1613.0	28.0	4.0	1615.0	0	13.0	Aanvangsdatum: commissie door de Staten-Generaal.		1.0	
1161	1777	1	750	14	6	29.0	4.0	1615.0	5.0	3.0	1617.0	0	13.0	Aanvangsdatum: commissie door de Staten-Generaal. Mogelijk eerder beëindigd door overlijden.		1.0	
1162	1778	1	751	14	6	2.0	5.0	1616.0	16.0	4.0	1618.0	0	10.0	Aanvangsdatum: commissie door de Staten-Generaal.		1.0	
1163	1779	1	671	14	6	6.0	3.0	1617.0	6.0	5.0	1619.0	0	13.0	Aanvangsdatum: commissie door de Staten-Generaal.		1.0	
1164	1781	1	746	14	6	17.0	4.0	1618.0	30.0	4.0	1622.0	0	10.0	Aanvangsdatum: commissie door de Staten-Generaal. De einddatum is gebaseerd op het einde van de formele zittingstermijn, omdat niet duidelijk is door wie hij werd opgevolgd.		1.0	
1165	1782	1	471	14	6	7.0	5.0	1619.0	27.0	4.0	1621.0	0	11.0	Aanvangsdatum: commissie door de Staten-Generaal.		1.0	
1166	1783	1	752	14	6	7.0	5.0	1619.0	28.0	4.0	1621.0	0	13.0	Aanvangsdatum: commissie door de Staten-Generaal. Mogelijk eerder beëindigd door overlijden.		1.0	
1167	1784	1	345	14	6	28.0	4.0	1621.0	30.0	4.0	1627.0	0	11.0	Aanvangsdatum: commissie door de Staten-Generaal. Eindjaar onzeker.		1.0	
1168	1785	1	753	14	6	29.0	4.0	1621.0	5.0	5.0	1623.0	0	13.0	Aanvangsdatum: commissie door de Staten-Generaal. Mogelijk eerder beëindigd door overlijden.		1.0	
1169	1786	1	754	14	6	6.0	5.0	1623.0	4.0	5.0	1625.0	0	13.0	Aanvangsdatum: commissie door de Staten-Generaal. Mogelijk eerder beëindigd door overlijden.		1.0	
1170	1787	1	645	14	6	20.0	6.0	1624.0	4.0	5.0	1625.0	0	12.0	Aanvangsdatum: commissie door de Staten-Generaal.		1.0	
1171	1789	1	648	14	6	5.0	5.0	1625.0	15.0	6.0	1627.0	0	13.0	Aanvangsdatum: commissie door de Staten-Generaal.		1.0	
1172	1790	1	755	13	5	26.0	5.0	1609.0	28.0	1.0	1614.0	0	10.0	Aanvangsdatum (Oude Stijl): sessiename.	1.0		
1173	1791	1	755	13	5	23.0	3.0	1616.0	28.0	3.0	1621.0	0	10.0	Aanvangsdatum (Oude Stijl): sessiename.	1.0		
1174	1793	1	755	13	5	12.0	3.0	1635.0	22.0	5.0	1637.0	0	10.0	Aanvangsdatum (OudeStijl): sessiename. Mogelijk eerder beëindigd door overlijden.	1.0		
1175	1794	1	756	13	5	16.0	3.0	1648.0	12.0	2.0	1652.0	0	10.0	Aanvangsdatum (Oude Stijl): sessiename.	1.0		
1176	1795	1	756	13	5	9.0	2.0	1656.0	8.0	2.0	1660.0	0	10.0	Aanvangsdatum (Oude Stijl): sessiename.	1.0		
1177	1796	1	756	13	5	6.0	2.0	1664.0	7.0	2.0	1667.0	0	10.0	Aanvangsdatum (Oude Stijl): sessiename.	1.0		
1178	1801	1	759	13	5	29.0	5.0	1609.0	30.0	3.0	1610.0	0	13.0	Aanvangsdatum (Oude Stijl): sessiename.	31.0		
1179	1802	1	759	13	5			1617.0	17.0	2.0	1620.0	0	13.0		31.0		
1180	1803	1	760	13	5	6.0	3.0	1601.0	25.0	3.0	1603.0	0	10.0	Aanvangsdatum (Oude Stijl): sessiename.			
1181	1804	1	760	13	5			1607.0	25.0	5.0	1609.0	0	10.0	Beëindiging mogelijk eerder door overlijden.			
1182	1805	1	761	13	5	12.0	5.0	1787.0	12.0	5.0	1788.0	0	13.0	Aanvangsdatum: sessiename. De overlap met de functie van gecommitteerde in de Provinciale Rekenkamer van Friesland is vooralsnog niet verklaarbaar.	36.0		
1183	1806	1	762	13	5			1588.0			1591.0	0	13.0		35.0		
1184	1811	1	227	13	5	12.0	2.0	1785.0	11.0	2.0	1788.0	0	10.0	Aanvangsdatum: sessiename.	11.0		
1185	1817	1	766	13	5	26.0	4.0	1662.0	28.0	4.0	1665.0	0	12.0	Aanvangsdatum (Oude Stijl): sessiename.	30.0		
1186	1819	1	768	13	5	12.0	5.0	1779.0	12.0	5.0	1782.0	0	12.0	Aanvangsdatum: sessiename.	28.0		
1187	1820	1	768	13	5	12.0	5.0	1794.0	19.0	2.0	1795.0	0	12.0	Aanvangsdatum: sessiename. Beëindigd wegens opheffing van het college.	28.0		
1188	1827	1	772	14	6	19.0	5.0	1627.0				0		Aanvangsdatum: commissie door de Staten-Generaal.		1.0	
1189	1828	1	671	14	6	28.0	3.0	1645.0	5.0	4.0	1647.0	0	13.0	Aanvangsdatum: commissie door de Staten-Generaal. Onzeker bij deze persoon.		1.0	
1190	1829	1	398	14	6	24.0	3.0	1648.0				0	11.0	Aanvangsdatum: commissie door de Staten-Generaal.		1.0	
1191	1831	1	774	14	6	7.0	1.0	1660.0				0		Aanvangsdatum: commissie door de Staten-Generaal.		1.0	
1192	1832	1	775	14	6	20.0	4.0	1661.0	16.0	5.0	1663.0	0	13.0	Aanvangsdatum: commissie door de Staten-Generaal.		1.0	
1193	1833	1	629	14	6	19.0	5.0	1662.0	19.0	4.0	1665.0	0	12.0	Aanvangsdatum: commissie door de Staten-Generaal.		1.0	
1194	1834	1	300	14	6	21.0	3.0	1663.0	14.0	5.0	1665.0	0	10.0	Aanvangsdatum: commissie door de Staten-Generaal.		1.0	
1195	1836	1	360	14	6	3.0	5.0	1666.0	11.0	3.0	1671.0	0	11.0	Aanvangsdatum: commissie door de Staten-Generaal.		1.0	
1196	1837	1	300	14	6	22.0	4.0	1670.0	16.0	6.0	1671.0	0	10.0	Aanvangsdatum: commissie door de Staten-Generaal.		1.0	
1197	1838	1	161	14	6	11.0	4.0	1671.0	2.0	5.0	1674.0	0	12.0	Aanvangsdatum: commissie door de Staten-Generaal. Eindjaar mogelijk 1674.		1.0	
1198	1839	1	770	13	5	19.0	2.0	1686.0	9.0	5.0	1688.0	0	10.0	Aanvangsdatum (OudeStijl): sessiename. Beëindigd door overlijden.	3.0		
1199	1840	1	545	13	5	23.0	8.0	1702.0	1.0	11.0	1703.0	0	13.0	Aanvangsdatum: sessiename.	40.0		
1200	1841	1	545	13	5	12.0	7.0	1714.0	15.0	5.0	1715.0	0	13.0	Aanvangsdatum: sessiename.	40.0		
1201	1843	1	545	13	5	11.0	11.0	1723.0	20.0	5.0	1726.0	0	13.0	Aanvangsdatum: sessiename.	40.0		
1202	1844	1	545	13	5	10.0	5.0	1728.0	11.0	11.0	1729.0	0	13.0	Aanvangsdatum: sessiename.	40.0		
1203	1846	1	777	13	5	17.0	2.0	1764.0	11.0	2.0	1770.0	0	11.0	Aanvangsdatum: sessiename.	19.0		
1204	1847	1	777	13	5	12.0	2.0	1776.0	11.0	2.0	1779.0	0	11.0	Aanvangsdatum: sessiename.	19.0		
1205	1848	1	778	13	5	11.0	2.0	1671.0	18.0	10.0	1672.0	0	10.0	Aanvangsdatum (Oude Stijl): sessiename.	2.0		
1206	1849	1	779	13	5	20.0	2.0	1710.0	24.0	7.0	1711.0	0	11.0	Aanvangsdatum: sessiename. Mogelijk eerder beëindigd door overlijden.	19.0		
1207	1850	1	780	13	5			1591.0			1598.0	0	11.0		19.0		
1208	1851	1	780	13	5	23.0	3.0	1608.0	28.0	1.0	1614.0	0	11.0	Aanvangsdatum (Oude Stijl): sessiename.	19.0		
1209	1852	1	780	13	5	15.0	4.0	1624.0	18.0	3.0	1631.0	0	11.0	Aanvangsdatum (Oude Stijl): sessiename.	19.0		
1210	1858	1	783	13	5	12.0	2.0	1779.0	12.0	5.0	1788.0	0	11.0	Aanvangsdatum: sessiename. Beëindigd door overlijden, mogelijk op 12 april (zie 'opmerkingen').	13.0		
1211	1859	1	784	13	5	9.0	2.0	1695.0	11.0	2.0	1698.0	0	11.0	Aanvangsdatum (Oude Stijl): sessiename.	16.0		
1212	1860	1	784	13	5	21.0	1.0	1703.0	4.0	2.0	1704.0	0	11.0	Aanvangsdatum: sessiename. Beëindigd door overlijden.	16.0		
1213	1861	1	785	13	5	13.0	5.0	1788.0			1795.0	0	11.0	Aanvangsdatum: sessiename.	13.0		
1214	1862	1	786	13	5	7.0	3.0	1601.0	17.0	5.0	1602.0	0	13.0	Aanvangsdatum (Oude Stijl): sessiename.	32.0		
1215	1863	1	787	13	5			1594.0	28.0	2.0	1599.0	0	13.0		31.0		
1216	1865	1	684	13	5	20.0	2.0	1712.0	14.0	10.0	1714.0	0	10.0	Aanvangsdatum: sessiename. Beëindigd door overlijden, mogelijk op 15 oktober (zie 'opmerkingen').	9.0		
1217	1866	0	789	13	5	15.0	9.0	1578.0			1582.0	0	13.0	Aanvangsdatum (Oude Stijl): sessiename.	33.0		
1218	1867	1	790	13	5	23.0	2.0	1673.0	12.0	2.0	1674.0	0	12.0	Aanvangsdatum (Oude Stijl): sessiename.	26.0		
1219	1868	1	790	13	5	12.0	2.0	1674.0	9.0	2.0	1677.0	0	10.0	Aanvangsdatum (Oude Stijl): sessiename.			
1220	1870	1	791	13	5	6.0	6.0	1737.0	11.0	5.0	1766.0	0	13.0	Aanvangsdatum: sessiename.	37.0		
1221	1878	1	161	13	5	1.0	5.0	1677.0	16.0	12.0	1678.0	0	12.0	Aanvangsdatum (OudeStijl): sessiename. Beëindigd door overlijden.	30.0		
1222	1880	1	795	13	5	25.0	5.0	1720.0	10.0	11.0	1723.0	0	13.0	Aanvangsdatum: sessiename.	35.0		
1223	1881	1	795	13	5	5.0	11.0	1728.0	12.0	11.0	1731.0	0	13.0	Aanvangsdatum: sessiename.	35.0		
1224	1882	1	795	13	5	7.0	1.0	1734.0	18.0	11.0	1738.0	0	13.0	Aanvangsdatum: sessiename. Beëindigd door overlijden.	35.0		
1225	1889	1	800	13	5	1.0	5.0	1674.0	30.0	4.0	1677.0	0	13.0	Aanvangsdatum (Oude Stijl): sessiename.	36.0		
1226	1890	1	800	13	5	30.0	4.0	1681.0	27.0	11.0	1682.0	0	13.0	Aanvangsdatum (Oude Stijl): sessiename.	36.0		
1227	1891	1	800	13	5	28.0	4.0	1694.0	31.0	10.0	1695.0	0	13.0	Aanvangsdatum (Oude Stijl): sessiename.	36.0		
1228	1892	1	800	13	5	30.0	4.0	1700.0	1.0	5.0	1703.0	0	13.0	Aanvangsdatum (OudeStijl): sessiename. Mogelijk eerder beëindigd door overlijden.	36.0		
1229	1893	1	801	13	5			1613.0	17.0	2.0	1615.0	0	13.0	Beëindiging mogelijk eerder door overlijden.	33.0		
1230	1894	1	802	13	5	29.0	5.0	1658.0	2.0	5.0	1660.0	0	13.0	Aanvangsdatum (Oude Stijl): sessiename.	36.0		
1231	1895	1	802	13	5	9.0	5.0	1667.0	26.0	4.0	1670.0	0	13.0	Aanvangsdatum (Oude Stijl): sessiename.	36.0		
1232	1897	1	804	13	5	31.0	10.0	1685.0	29.0	4.0	1687.0	0	13.0	Aanvangsdatum (Oude Stijl): sessiename.	31.0		
1233	1898	0	805	13	5	15.0	9.0	1578.0	14.0	2.0	1581.0	0	13.0	Aanvangsdatum (OudeStijl): sessiename. Mogelijk eerder beëindigd door overlijden.	31.0		
1234	1900	0	807	13	5			1586.0			1591.0	0	10.0		1.0		
1235	1901	1	807	13	5			1591.0	13.0	2.0	1599.0	0	11.0				
1236	1902	1	808	13	5			1593.0			1596.0	0	10.0		3.0		
1237	1903	1	809	13	5	18.0	2.0	1678.0	31.0	10.0	1679.0	0	13.0	Aanvangsdatum (Oude Stijl): sessiename.	31.0		
1238	1904	1	809	13	5	3.0	5.0	1684.0	30.0	4.0	1685.0	0	13.0	Aanvangsdatum (Oude Stijl): sessiename.	31.0		
1239	1905	1	809	13	5	30.0	4.0	1698.0	13.0	11.0	1699.0	0	13.0	Aanvangsdatum (Oude Stijl): sessiename.	31.0		
1240	1906	1	810	13	5	12.0	5.0	1787.0	11.0	11.0	1787.0	0	13.0	Aanvangsdatum: sessiename.	36.0		
1241	1907	1	811	13	5	13.0	5.0	1788.0	11.0	5.0	1791.0	0	13.0	Aanvangsdatum: sessiename.	41.0		
1242	1908	0	812	13	5	31.0	3.0	1584.0			1586.0	0	13.0	Aanvangsdatum (Oude Stijl): sessiename.	34.0		
1243	1909	1	813	13	5	26.0	10.0	1672.0	22.0	2.0	1673.0	0	12.0	Aanvangsdatum (OudeStijl): sessiename. Mogelijk eerder beëindigd door overlijden.	29.0		
1244	1910	1	814	13	5	25.0	3.0	1608.0	17.0	3.0	1611.0	0	13.0	Aanvangsdatum (Oude Stijl): sessiename.	34.0		
1245	1911	1	814	13	5	18.0	2.0	1615.0			1617.0	0	13.0	Aanvangsdatum (Oude Stijl): sessiename.	34.0		
1246	1912	1	814	13	5	16.0	4.0	1619.0	8.0	5.0	1622.0	0	13.0	Aanvangsdatum (OudeStijl): sessiename. Mogelijk eerder beëindigd door overlijden.	34.0		
1247	1913	1	815	13	5	19.0	10.0	1672.0	25.0	2.0	1673.0	0	11.0	Aanvangsdatum (OudeStijl): sessiename. Mogelijk eerder beëindigd door overlijden.	17.0		
1248	1914	1	816	13	5	20.0	3.0	1629.0			1633.0	0	13.0	Aanvangsdatum (OudeStijl): sessiename. Mogelijk eerder beëindigd door overlijden.	31.0		
1249	1916	1	818	13	5	13.0	2.0	1683.0	10.0	2.0	1686.0	0	10.0	Aanvangsdatum (Oude Stijl): sessiename.	10.0		
1250	1917	1	819	13	5	2.0	5.0	1664.0	8.0	5.0	1667.0	0	13.0	Aanvangsdatum (OudeStijl): sessiename. Mogelijk eerder beëindigd door overlijden.	35.0		
1251	1919	1	206	13	5	23.0	5.0	1746.0	15.0	5.0	1749.0	0	12.0	Aanvangsdatum: sessiename.	26.0		
1252	1920	1	547	13	5	17.0	5.0	1713.0	11.0	5.0	1716.0	0	12.0	Aanvangsdatum: sessiename.	23.0		
1253	1922	1	688	13	5	15.0	5.0	1743.0	22.0	5.0	1746.0	0	12.0	Aanvangsdatum: sessiename.	23.0		
1254	1923	1	822	13	5	17.0	2.0	1683.0	2.0	5.0	1683.0	0	12.0	Aanvangsdatum (Oude Stijl): sessiename.	22.0		
1255	1924	1	822	13	5	30.0	4.0	1698.0	11.0	5.0	1701.0	0	12.0	Aanvangsdatum (Oude Stijl): sessiename.	23.0		
1256	1925	1	823	13	5	25.0	4.0	1637.0	1.0	5.0	1639.0	0	13.0	Aanvangsdatum (Oude Stijl): sessiename.	32.0		
1257	1926	1	823	13	5	1.0	5.0	1643.0	30.0	4.0	1646.0	0	13.0	Aanvangsdatum (Oude Stijl): sessiename.	32.0		
1258	1928	1	825	13	5			1591.0			1593.0	0	13.0		35.0		
1259	1929	1	826	13	5	31.0	12.0	1669.0	28.0	4.0	1671.0	0	12.0	Aanvangsdatum (Oude Stijl): sessiename.	23.0		
1260	1930	1	140	13	5	19.0	12.0	1628.0			1632.0	0	13.0	Aanvangsdatum (Oude Stijl): sessiename.	34.0		
1261	1931	1	140	13	5			1634.0			1635.0	0	13.0		34.0		
1262	1935	1	828	13	5			1588.0			1592.0	0	13.0		36.0		
1263	1936	1	828	13	5			1594.0			1599.0	0	13.0		36.0		
1264	1937	1	829	13	5	12.0	11.0	1787.0	12.0	5.0	1788.0	0	13.0	Aanvangsdatum: sessiename.	36.0		
1265	1938	1	552	13	5	12.0	2.0	1698.0	18.0	2.0	1701.0	0	11.0	Aanvangsdatum (Oude Stijl): sessiename.	20.0		
1266	1940	1	552	13	5			1714.0	9.0	2.0	1716.0	0	11.0		20.0		
1267	1941	1	552	13	5	13.0	2.0	1725.0	11.0	2.0	1728.0	0	11.0	Aanvangsdatum: sessiename.	20.0		
1268	1942	1	552	13	5	12.0	2.0	1740.0	10.0	1.0	1743.0	0	11.0	Aanvangsdatum: sessiename. Beëindigd door overlijden.	20.0		
1269	1943	1	830	13	5	25.0	11.0	1739.0	16.0	5.0	1741.0	0	13.0	Aanvangsdatum: sessiename.	33.0		
1270	1945	1	594	13	5	15.0	5.0	1792.0	19.0	2.0	1795.0	0	13.0	Aanvangsdatum: sessiename. Beëindigd wegens opheffing van het college.	39.0		
1271	1946	1	831	13	5	13.0	11.0	1684.0		1.0	1686.0	0	13.0	Aanvangsdatum (OudeStijl): sessiename. Voor anderhalf jaar. Beëindiging waarschijnlijk door overlijden.	35.0		
1272	1947	1	832	13	5	12.0	2.0	1773.0	11.0	2.0	1776.0	0	10.0	Aanvangsdatum: sessiename.	8.0		
1273	1948	1	833	13	5	1.0	5.0	1697.0	28.0	10.0	1698.0	0	13.0	Aanvangsdatum (Oude Stijl): sessiename.	33.0		
1274	1949	1	833	13	5	11.0	11.0	1723.0	15.0	5.0	1725.0	0	13.0	Aanvangsdatum: sessiename.	33.0		
1275	1950	1	833	13	5	9.0	11.0	1726.0	9.0	5.0	1728.0	0	13.0	Aanvangsdatum: sessiename.	33.0		
1276	1951	1	834	13	5			1596.0	8.0	4.0	1601.0	0	10.0		5.0		
1277	1953	1	835	13	5	31.0	3.0	1610.0			1613.0	0	13.0	Aanvangsdatum (Oude Stijl): sessiename.	33.0		
1278	1954	1	836	13	5	30.0	4.0	1688.0	30.0	4.0	1691.0	0	13.0	Aanvangsdatum (Oude Stijl): sessiename.	31.0		
1279	1955	1	836	13	5	1.0	5.0	1692.0	29.0	4.0	1698.0	0	13.0	Aanvangsdatum (Oude Stijl): sessiename.	31.0		
1280	1956	1	836	13	5	29.0	4.0	1699.0	22.0	8.0	1702.0	0	13.0	Aanvangsdatum (Oude Stijl): sessiename.	31.0		
1281	1958	1	836	13	5	18.0	5.0	1713.0	11.0	5.0	1716.0	0	13.0	Aanvangsdatum: sessiename.	31.0		
1282	1959	1	837	13	5	19.0	11.0	1732.0	24.0	11.0	1733.0	0	13.0	Aanvangsdatum: sessiename. Beëindigd door overlijden.	31.0		
1283	1960	1	838	13	5	26.0	10.0	1672.0	26.0	2.0	1673.0	0	12.0	Aanvangsdatum (OudeStijl): sessiename. Mogelijk eerder beëindigd door overlijden.	30.0		
1284	1961	1	839	13	5	26.0	2.0	1673.0	2.0	5.0	1676.0	0	13.0	Aanvangsdatum (Oude Stijl): sessiename.	31.0		
1285	1962	1	840	13	5			1607.0			1608.0	0	12.0		24.0		
1286	1963	1	841	13	5	19.0	10.0	1672.0	11.0	2.0	1674.0	0	10.0	Aanvangsdatum (Oude Stijl): sessiename.	1.0		
1287	1964	1	842	13	5	13.0	5.0	1707.0	12.0	5.0	1710.0	0	12.0	Aanvangsdatum: sessiename.	30.0		
1288	1965	1	843	13	5			1635.0	24.0	3.0	1635.0	0	12.0		30.0		
1289	1968	1	845	13	5	13.0	5.0	1737.0	11.0	5.0	1740.0	0	12.0	Aanvangsdatum: sessiename.	30.0		
1290	1970	1	291	14	31	6.0	5.0	1761.0	17.0	5.0	1763.0	0	13.0	Aanvangsdatum: eerste presentie.			
1291	1971	1	847	13	5	4.0	5.0	1644.0	7.0	4.0	1647.0	0	12.0	Aanvangsdatum (OudeStijl): sessiename. Beëindigd door overlijden.	28.0		
1292	1972	1	848	13	5	3.0	5.0	1683.0	30.0	4.0	1686.0	0	12.0	Aanvangsdatum (Oude Stijl): sessiename.	23.0		
1293	1973	1	541	13	5	13.0	5.0	1707.0	12.0	5.0	1710.0	0	12.0	Aanvangsdatum: sessiename.	29.0		
1294	1976	1	132	14	6	22.0	5.0	1598.0	6.0	4.0	1601.0	0	10.0	Aanvangsdatum: commissie door de Staten-Generaal.		1.0	
1295	1977	1	849	14	6	16.0	6.0	1627.0	23.0	7.0	1629.0	0	13.0	Aanvangsdatum: commissie door de Staten-Generaal.		1.0	
1296	1981	1	318	14	6	26.0	3.0	1618.0	19.0	6.0	1624.0	0	12.0	Aanvangsdatum: commissie door de Staten-Generaal.		1.0	
1297	1982	1	318	14	7	25.0	6.0	1624.0	8.0	5.0	1625.0	0	12.0	Aanvangsdatum: sessiename.		1.0	
1298	1987	1	850	14	6			1630.0	19.0	3.0	1631.0	0	11.0	Aanvangsjaar uit E. Smits, De Friesche admiraliteit boven water 1 (Dokkum 1996) 10, onzeker.		1.0	
1299	1990	1	852	14	6			1635.0				0	10.0	Aanvangsjaar uit E. Smits, De Friesche admiraliteit boven water 1 (Dokkum 1996) 43, onzeker.		1.0	
1300	1992	1	488	20	6	10.0	12.0	1661.0	4.0	5.0	1679.0	0		Aanvangsdatum: commissie door de Staten-Generaal. Smits (zie institutionele toelichting) geeft onjuist aanvangsjaar 1665. Beëindiging wegens benoeming tot advocaat-fiscaal.			
1301	1993	1	442	14	6	15.0	4.0	1697.0	20.0	4.0	1699.0	0	13.0	Aanvangsdatum: commissie door de Staten-Generaal.		1.0	
1302	1994	1	418	14	6	29.0	4.0	1689.0	20.0	4.0	1692.0	0	10.0	Aanvangsdatum: commissie door de Staten-Generaal.		1.0	
1303	1997	1	199	14	6	13.0	4.0	1728.0	19.0	1.0	1730.0	0	10.0	Aanvangsdatum: commissie door de Staten-Generaal. Beëindigd door overlijden.		1.0	
1304	1998	1	452	14	6	19.0	4.0	1740.0	30.0	11.0	1742.0	0	12.0	Aanvangsdatum: commissie door de Staten-Generaal. Beëindigd door overlijden.		1.0	
1305	1999	1	436	14	6	23.0	4.0	1731.0	26.0	3.0	1734.0	0	10.0	Aanvangsdatum: commissie door de Staten-Generaal.		1.0	
1306	2001	1	837	14	6	8.0	4.0	1730.0	15.0	3.0	1731.0	0	13.0	Aanvangsdatum: commissie door de Staten-Generaal.		1.0	
1307	2002	1	837	19	43			1712.0			1733.0	1					
1308	2004	1	279	14	6	19.0	5.0	1752.0	21.0	5.0	1755.0	0	12.0	Aanvangsdatum: commissie door de Staten-Generaal. Kwartier onzeker. Einddatum gebaseerd op de aanvangsdatum als gecommitteerde in de Admiraliteit op de Maze; een directe opvolger voor Zevenwolden werd niet aangetroffen.		1.0	
1309	2006	1	440	14	6	9.0	4.0	1767.0	14.0	4.0	1773.0	0	10.0	Aanvangsdatum: commissie door de Staten-Generaal.		1.0	
1310	2007	1	447	14	6	13.0	3.0	1767.0	20.0	11.0	1771.0	0	11.0	Aanvangsdatum: commissie door de Staten-Generaal.		1.0	
1311	2009	1	702	14	6	25.0	4.0	1765.0	30.0	4.0	1770.0	0	12.0	Aanvangsdatum: commissie door de Staten-Generaal.		1.0	
1312	2010	1	449	14	6	20.0	4.0	1769.0	8.0	4.0	1772.0	0	13.0	Aanvangsdatum: commissie door de Staten-Generaal.		1.0	
1313	2014	1	853	14	6	1.0	5.0	1770.0			1773.0	0	12.0	Aanvangsdatum: commissie door de Staten-Generaal.		1.0	
1314	2016	1	854	14	6	25.0	4.0	1782.0	4.0	5.0	1789.0	0	12.0	Aanvangsdatum: commissie door de Staten-Generaal.		1.0	
1315	2020	1	771	14	6	30.0	3.0	1779.0	30.0	4.0	1788.0	0	10.0	Aanvangsdatum: commissie door de Staten-Generaal.		1.0	
1316	2021	1	573	14	6	15.0	4.0	1783.0	19.0	4.0	1784.0	0	13.0	Aanvangsdatum: commissie door de Staten-Generaal.		1.0	
1317	2022	1	240	14	6	22.0	5.0	1789.0			1792.0	0		Aanvangsdatum: commissie door de Staten-Generaal. Eindjaar onzeker.		1.0	
1318	2023	1	855	14	6	20.0	4.0	1784.0	24.0	4.0	1788.0	0	13.0	Aanvangsdatum: commissie door de Staten-Generaal.		1.0	
1319	2026	1	856	14	6	28.0	4.0	1788.0			1794.0	0		Aanvangsdatum: commissie door de Staten-Generaal. Aanvankelijk voor Oostergo, maar in 1794 (mogelijk eerder) voor Zevenwolden. Eindjaar onzeker; mogelijk 1795.		1.0	
1320	2027	1	387	14	6	2.0	4.0	1788.0			1794.0	0	11.0	Aanvangsdatum: commissie door de Staten-Generaal. Eindjaar onzeker; mogelijk 1795.		1.0	
1321	2028	1	652	14	6	29.0	3.0	1791.0	30.0	4.0	1794.0	0	13.0	Aanvangsdatum: commissie door de Staten-Generaal.		1.0	
1322	2029	1	857	14	6			1793.0			1794.0	0	10.0	Aanvangsjaar uit E. Smits, De Friesche admiraliteit boven water (Dokkum 1996), onzeker. Eindjaar onzeker; mogelijk 1795.		1.0	
1323	2035	1	136	14	15	24.0	6.0	1608.0	19.0	6.0	1611.0	0		Aanvangsdatum: sessiename.		1.0	
1324	2036	1	660	14	15	3.0	7.0	1608.0	20.0	6.0	1610.0	0		Aanvangsdatum: sessiename.		1.0	
1325	2037	1	759	14	15	21.0	6.0	1610.0	15.0	7.0	1613.0	0		Aanvangsdatum: sessiename.		1.0	
1326	2038	1	134	14	15	20.0	6.0	1611.0	4.0	8.0	1614.0	0		Aanvangsdatum: sessiename.		1.0	
1327	2041	1	859	14	15	10.0	6.0	1616.0	30.0	4.0	1619.0	0		Aanvangsdatum: sessiename.		1.0	
1328	2046	1	746	14	15	7.0	6.0	1622.0	6.0	7.0	1624.0	0		Aanvangsdatum: sessiename. Onzeker bij deze persoon.		1.0	
1329	2047	1	860	14	15	7.0	7.0	1624.0	30.0	6.0	1625.0	0		Aanvangsdatum: sessiename.		1.0	
1330	2053	1	627	14	15	12.0	8.0	1631.0	21.0	7.0	1634.0	0		Aanvangsdatum: sessiename.		1.0	
1331	2054	1	756	14	15	23.0	5.0	1633.0	5.0	9.0	1634.0	0		Aanvangsdatum: sessiename. Onzeker bij deze persoon.		1.0	
1332	2055	1	380	14	15	22.0	7.0	1634.0	6.0	1.0	1638.0	0		Aanvangsdatum: sessiename.		1.0	
1333	2056	1	862	14	15	6.0	9.0	1634.0	8.0	3.0	1638.0	0		Aanvangsdatum: sessiename.		1.0	
1334	2060	1	380	14	15	6.0	9.0	1640.0	3.0	6.0	1642.0	0		Aanvangsdatum: sessiename.		1.0	
1335	2061	1	336	14	15	4.0	6.0	1642.0	27.0	9.0	1644.0	0		Aanvangsdatum: sessiename. 'De algemeene rekenkamer in de Nederlanden' (zie institutionele toelichting) geeft onjuiste einddatum 22 mei 1654.		1.0	
1336	2063	1	627	14	15	6.0	7.0	1644.0	26.0	10.0	1645.0	0		Aanvangsdatum: sessiename.		1.0	
1337	2064	1	863	14	15	28.0	9.0	1644.0	9.0	6.0	1645.0	0		Aanvangsdatum: sessiename.		1.0	
1338	2065	1	283	14	15	10.0	6.0	1645.0	6.0	6.0	1646.0	0		Aanvangsdatum: sessiename.		1.0	
1339	2067	1	865	14	15	7.0	6.0	1646.0	5.0	6.0	1648.0	0		Aanvangsdatum: sessiename.		1.0	
1340	2068	1	648	14	15	7.0	6.0	1646.0	21.0	5.0	1654.0	0	13.0	Aanvangsdatum: sessiename.		1.0	
1341	2071	1	527	14	15	28.0	7.0	1655.0	19.0	7.0	1656.0	0		Aanvangsdatum: sessiename. Onzeker bij deze persoon.		1.0	
1342	2075	1	868	14	15	23.0	5.0	1661.0	22.0	5.0	1662.0	0		Aanvangsdatum: sessiename.		1.0	
1343	2076	1	171	14	15	23.0	5.0	1662.0	30.0	4.0	1664.0	0		Aanvangsdatum: sessiename.		1.0	
1344	2080	1	418	14	15	18.0	7.0	1668.0	13.0	7.0	1671.0	0		Aanvangsdatum: sessiename.		1.0	
1345	2081	1	664	14	15	28.0	7.0	1670.0	14.0	6.0	1673.0	0	13.0	Aanvangsdatum: sessiename.		1.0	
1346	2082	1	869	14	15	15.0	6.0	1673.0	30.0	4.0	1675.0	0		Aanvangsdatum: sessiename.		1.0	
1347	2083	1	870	14	15	10.0	10.0	1675.0	24.0	10.0	1677.0	0		Aanvangsdatum: sessiename.		1.0	
1348	2084	1	803	14	15	28.0	5.0	1676.0	30.0	4.0	1679.0	0	13.0	Aanvangsdatum: sessiename.		1.0	
1349	2085	1	871	14	15	25.0	10.0	1677.0	30.0	4.0	1679.0	0		Aanvangsdatum: sessiename.		1.0	
1350	2086	1	299	14	15	1.0	5.0	1679.0		5.0	1680.0	0		Aanvangsdatum: sessiename. Onzeker bij deze persoon; de functie werd mogelijk bekleed door Ernst Sicco van Aylva (geboren 1635, elders in deze database).		1.0	
1351	2089	1	826	14	15	6.0	5.0	1680.0	30.0	4.0	1681.0	0		Aanvangsdatum: sessiename. Het eindjaar is mogelijk 1683. Het eindjaar als grietman van Haskerland doet echter vermoeden dat hij in dat jaar overleden is en dus werd opgevolgd door Matthias van Vierssen.		1.0	
1352	2090	1	848	14	15	30.0	4.0	1681.0	30.0	4.0	1683.0	0		Aanvangsdatum: sessiename.		1.0	
1353	2092	1	770	14	15	4.0	5.0	1683.0	12.0	5.0	1686.0	0		Aanvangsdatum: sessiename.		1.0	
1354	2093	1	874	14	15	12.0	10.0	1685.0	13.0	5.0	1686.0	0		Aanvangsdatum: sessiename.		1.0	
1355	2095	1	537	14	15	14.0	5.0	1686.0	30.0	4.0	1688.0	0		Aanvangsdatum: sessiename.		1.0	
1356	2097	1	434	14	15	30.0	4.0	1689.0	26.0	11.0	1692.0	0		Aanvangsdatum: sessiename.		1.0	
1357	2099	1	876	14	15	17.0	5.0	1694.0	13.0	5.0	1696.0	0	13.0	Aanvangsdatum: sessiename.		1.0	
1358	2100	1	833	14	15	14.0	5.0	1696.0	30.0	4.0	1697.0	0	13.0	Aanvangsdatum: sessiename.		1.0	
1359	2104	1	876	14	15	27.0	6.0	1698.0	5.0	11.0	1698.0	0		Aanvangsdatum: sessiename. Beëindigd wegens  benoeming tot ordinaris gedeputeerde ter Staten-Generaal.		1.0	
1360	2105	1	545	14	15	6.0	11.0	1698.0	17.0	12.0	1699.0	0		Aanvangsdatum: sessiename.		1.0	
1361	2107	1	878	14	15	21.0	7.0	1703.0	29.0	5.0	1704.0	0		Aanvangsdatum: sessiename.		1.0	
1362	2108	1	293	14	15	29.0	5.0	1704.0	1.0	5.0	1707.0	0		Aanvangsdatum: sessiename.		1.0	
1363	2109	1	879	14	15	30.0	5.0	1704.0	14.0	10.0	1706.0	0		Aanvangsdatum: sessiename. Beëindigd door overlijden, mogelijk op 16 oktober (zie 'opmerkingen').		1.0	
1364	2112	1	880	14	15	2.0	5.0	1707.0			1708.0	0		Aanvangsdatum: sessiename. Beëindigd door overlijden vóór 12 maart.		1.0	
1365	2113	1	545	14	15	30.0	5.0	1707.0	1.0	5.0	1712.0	0	13.0	Aanvangsdatum: sessiename. Tresoar, stadhouderlijk archief, inv. nr. 361 (zie institutionele toelichting) geeft onjuist aanvangsjaar 1706 en voornaam 'Abraham'.		1.0	
1366	2114	1	881	14	15	12.0	3.0	1708.0	29.0	10.0	1709.0	0		Aanvangsdatum: sessiename.		1.0	
1367	2115	1	882	14	15	23.0	5.0	1710.0	30.0	4.0	1716.0	0		Aanvangsdatum: sessiename.		1.0	
1368	2116	1	883	14	15	2.0	5.0	1712.0			1713.0	0		Aanvangsdatum: sessiename. Beëindigd door overlijden vóór 27 september.		1.0	
1369	2117	1	722	14	15	27.0	9.0	1713.0	30.0	4.0	1715.0	0		Aanvangsdatum: sessiename.		1.0	
1370	2118	1	452	14	15	1.0	5.0	1715.0	22.0	6.0	1716.0	0		Aanvangsdatum: sessiename.		1.0	
1371	2119	1	595	14	15	1.0	5.0	1716.0	9.0	5.0	1719.0	0		Aanvangsdatum: sessiename.		1.0	
1372	2121	1	537	13	5	10.0	5.0	1704.0	12.0	5.0	1707.0	0	12.0	Aanvangsdatum: sessiename.	28.0		
1373	2122	1	537	13	5	17.0	5.0	1719.0	18.0	5.0	1722.0	0	12.0	Aanvangsdatum: sessiename.	28.0		
1374	2124	1	537	14	15	23.0	6.0	1716.0	18.0	5.0	1718.0	0		Aanvangsdatum: sessiename. Onzeker bij deze persoon; mogelijk werd de functie bekleed door een naamgenoot (1656-1726, elders in deze database).		1.0	
1375	2125	1	268	14	15	19.0	5.0	1718.0	6.0	5.0	1721.0	0	13.0	Aanvangsdatum: sessiename.		1.0	
1376	2127	1	436	14	31		2.0	1737.0			1740.0	0	10.0				
1377	2129	1	539	13	5	30.0	4.0	1695.0	29.0	4.0	1698.0	0	12.0	Aanvangsdatum (Oude Stijl): sessiename.	22.0		
1378	2130	1	539	13	5	13.0	5.0	1710.0	16.0	5.0	1713.0	0	12.0	Aanvangsdatum: sessiename.	22.0		
1379	2131	1	539	13	5	16.0	5.0	1725.0	30.0	4.0	1728.0	0	12.0	Aanvangsdatum: sessiename.	22.0		
1380	2133	1	539	14	15	8.0	5.0	1722.0	30.0	4.0	1724.0	0		Aanvangsdatum: sessiename. Behoudt zitting na 30 april 1724, maar voor het kwartier der Steden.		1.0	
1381	2135	1	795	6	31	20.0	5.0	1686.0	20.0	2.0	1711.0	0		Aanvangsdatum (Oude Stijl): sessiename.			
1382	2136	1	795	14	48	6.0	6.0	1695.0	25.0	5.0	1698.0	0		Aanvangsdatum: commissie door de Staten-Generaal. Deze functie lijkt onverenigbaar met die van secretaris van de Provinciale Rekenkamer, die tegelijkertijd werd bekleed. Zowel in M. de Haan Hettema en A. van Halmael, Stamboek van den Frieschen, vroegeren en lateren, adel (Leeuwarden 1846) II, 254 als elders werd echter geen gelijknamige tijdgenoot aangetroffen.		1.0	
1383	2137	1	884	14	15	18.0	5.0	1722.0	27.0	5.0	1725.0	0		Aanvangsdatum: sessiename.		1.0	
1384	2138	1	445	14	15	28.0	5.0	1725.0	30.0	4.0	1728.0	0		Aanvangsdatum: sessiename.		1.0	
1385	2139	1	445	14	6	26.0	6.0	1723.0	22.0	4.0	1725.0	0	10.0	Aanvangsdatum: commissie door de Staten-Generaal.		1.0	
1386	2140	1	795	14	15	28.0	5.0	1725.0	30.0	4.0	1727.0	0	13.0	Aanvangsdatum: sessiename.		1.0	
1387	2141	1	452	14	15	31.0	5.0	1728.0	1.0	5.0	1729.0	0		Aanvangsdatum: sessiename.		1.0	
1388	2142	1	339	14	15	6.0	6.0	1728.0	10.0	5.0	1730.0	0		Aanvangsdatum: sessiename.		1.0	
1389	2143	1	457	14	15	2.0	5.0	1729.0	10.0	5.0	1730.0	0		Aanvangsdatum: sessiename.		1.0	
1390	2144	1	885	14	15	11.0	5.0	1730.0	27.0	5.0	1731.0	0		Aanvangsdatum: sessiename.		1.0	
1391	2145	1	833	14	7	5.0	5.0	1694.0	8.0	6.0	1695.0	0	12.0	Aanvangsdatum: sessiename.		1.0	
1392	2146	1	833	14	15	11.0	5.0	1730.0			1731.0	0	13.0	Aanvangsdatum: sessiename. Beëindigd door overlijden vóór 29 oktober.		1.0	
1393	2148	1	555	14	15	29.0	10.0	1731.0	29.0	4.0	1733.0	0	13.0	Aanvangsdatum: sessiename.		1.0	
1394	2149	1	555	14	6	26.0	4.0	1736.0	20.0	4.0	1739.0	0	13.0	Aanvangsdatum: commissie door de Staten-Generaal. O. Vries, De heeren van den raede. Biografieën en groepsportret van de raadsheren van het hof van Friesland, 1499-1811 (Hilversum 1999) 359 geeft onjuist aanvangsjaar 1739.		1.0	
1395	2150	1	689	14	15	30.0	4.0	1733.0	9.0	5.0	1734.0	0		Aanvangsdatum: sessiename.		1.0	
1396	2152	1	845	14	7	17.0	5.0	1718.0	10.0	5.0	1719.0	0	12.0	Aanvangsdatum: sessiename.		1.0	
1397	2153	1	845	14	9	1.0	5.0	1736.0	29.0	4.0	1737.0	0		Aanvangsdatum: commissie door de Staten-Generaal.		1.0	
1398	2155	1	562	14	15	18.0	3.0	1735.0	13.0	5.0	1737.0	0		Aanvangsdatum: sessiename.		1.0	
1399	2156	1	830	14	15	1.0	5.0	1736.0	31.0	10.0	1737.0	0	13.0	Aanvangsdatum: sessiename.		1.0	
1400	2157	1	419	14	15	14.0	5.0	1737.0		5.0	1740.0	0		Aanvangsdatum: sessiename.		1.0	
1401	2158	1	465	14	15	1.0	11.0	1737.0	30.0	4.0	1739.0	0	13.0	Aanvangsdatum: sessiename.		1.0	
1402	2160	1	688	14	15	12.0	5.0	1740.0	1.0	5.0	1742.0	0		Aanvangsdatum: sessiename.		1.0	
1403	2161	1	798	14	15	16.0	5.0	1740.0	5.0	5.0	1743.0	0		Aanvangsdatum: sessiename.		1.0	
1404	2163	1	615	14	15	6.0	5.0	1743.0	24.0	7.0	1743.0	0		Aanvangsdatum: sessiename. De reden van beëindiging is onbekend.		1.0	
1405	2164	1	703	14	15	22.0	5.0	1743.0	31.0	10.0	1743.0	0	13.0	Aanvangsdatum: sessiename.		1.0	
1406	2165	1	561	14	15	1.0	7.0	1746.0	13.0	5.0	1751.0	0		Aanvangsdatum: sessiename.		1.0	
1407	2166	1	465	14	15	1.0	11.0	1743.0	23.0	5.0	1745.0	0	13.0	Aanvangsdatum: sessiename.		1.0	
1408	2167	1	691	14	15	24.0	5.0	1745.0	30.0	6.0	1746.0	0		Aanvangsdatum: sessiename.		1.0	
1409	2169	1	691	14	15	28.0	5.0	1755.0	2.0	5.0	1756.0	0	13.0	Aanvangsdatum: sessiename.		1.0	
1410	2170	1	465	14	15	5.0	5.0	1760.0	1.0	11.0	1761.0	0	13.0	Aanvangsdatum: sessiename.		1.0	
1411	2171	1	571	14	15	3.0	11.0	1783.0	30.0	4.0	1784.0	0		Aanvangsdatum: sessiename.		1.0	
1412	2172	1	291	19	43			1746.0			1777.0	1					
1413	2173	1	572	19	55			1779.0			1780.0	1					
1414	2174	1	583	19	44			1780.0			1782.0	1					
1415	2175	1	583	19	56			1777.0			1780.0	1					
1416	2176	1	349	19	57			1738.0			1770.0	1					
1417	2177	1	573	19	46			1782.0			1789.0	1					
1418	2179	1	568	19	58			1764.0			1784.0	1					
1419	2180	1	431	19	46			1785.0			1795.0	1					
1420	2182	1	465	19	59			1733.0			1770.0	1					
1421	2183	1	468	19	59			1770.0			1795.0	1					
1422	2186	1	226	13	11	1.0	5.0	1767.0	30.0	4.0	1769.0	0	13.0	Vijfde ordinaris gedeputeerde.		1.0	
1423	2187	1	590	19	36			1746.0			1759.0	1					
1424	2188	1	557	13	5	15.0	5.0	1743.0	22.0	5.0	1746.0	0	12.0	Aanvangsdatum: sessiename.	24.0		
1425	2189	1	591	19	55			1763.0			1779.0	1					
1426	2190	1	560	19	58			1745.0			1764.0	1					
1427	2191	1	652	19	36			1759.0			1795.0	1					
1428	2192	1	261	21	60	7.0	12.0	1770.0	6.0	8.0	1771.0	0		Nam de taken van Jetze van Sminia over, die in naam secretaris bleef.			
1429	2193	1	261	6	60	7.0	8.0	1771.0	14.0	4.0	1780.0	0					
1430	2194	1	657	19	55			1781.0			1795.0	1					
1431	2195	1	592	19	56			1780.0			1795.0	1					
1432	2197	1	704	13	5	12.0	2.0	1791.0	11.0	2.0	1794.0	0	10.0	Aanvangsdatum: sessiename.	1.0		
1433	2198	1	691	19	56			1737.0			1777.0	1					
1434	2199	1	791	19	50			1734.0				1					
1435	2201	1	594	19	46			1780.0			1782.0	1					
1436	2202	1	594	19	44			1782.0			1795.0	1					
1437	2203	1	134	14	6	7.0	4.0	1601.0	3.0	7.0	1603.0	0	11.0	Aanvangsdatum: commissie door de Staten-Generaal.		1.0	
1438	2207	1	140	13	11			1655.0			1657.0	0		Alleen bekend uit O. Vries e.a., De heeren van den raede. Biografieën en groepsportret van de raadsheren van het hof van Friesland, 1499-1811 (Hilversum 1999) 281. Mogelijk extraordinaris gedeputeerde.		1.0	
1439	2210	1	886	6	31	15.0	3.0	1655.0	17.0	2.0	1671.0	0		Aanvangsdatum (Oude Stijl): sessiename.			
1440	2211	1	886	13	11	1.0	5.0	1671.0	30.0	4.0	1675.0	0	10.0	Aanvangs- en einddatum: formeel begin en einde van de zittingstermijn. Mogelijk eerder beëindigd door overlijden.		1.0	
1441	2212	1	887	14	31	1.0	5.0	1715.0	10.0	8.0	1715.0	0	13.0	Aanvangsdatum: formeel begin van de zittingstermijn. Beëindigd door overlijden.			
1442	2213	1	147	13	11			1638.0			1639.0	0		Alleen bekend uit O. Vries e.a., De heeren van den raede. Biografieën en groepsportret van de raadsheren van het hof van Friesland, 1499-1811 (Hilversum 1999) 288. Mogelijk extraordinaris gedeputeerde. Eindjaar gebaseerd op aanvangsjaar als raadsheer in het Hof van Friesland.		1.0	
1443	2216	1	149	13	11			1640.0			1640.0	0	11.0	Waarschijnlijk beëindigd wegens benoeming in het Hof van Friesland.		1.0	
1444	2218	1	157	6	31	11.0	11.0	1637.0	13.0	3.0	1646.0	0		Aanvangsdatum (Oude Stijl): sessiename.			
1445	2220	1	160	14	31			1643.0			1644.0	0					
1446	2221	1	163	6	31	14.0	3.0	1646.0	14.0	3.0	1655.0	0		Aanvangsdatum (Oude Stijl): sessiename.			
1447	2224	1	167	13	11	1.0	11.0	1664.0	30.0	4.0	1666.0	0	10.0	Aanvangs- en einddatum: formeel begin en einde van de zittingstermijn. Commissie door de Staten van Friesland 16 november (Oude Stijl).		1.0	
1448	2225	1	169	14	31			1643.0				0		O. Vries e.a., De heeren van den raede. Biografieën en groepsportret van de raadsheren van het hof van Friesland, 1499-1811 (Hilversum 1999) 306 geeft 1650 (zonder dat duidelijk is of hier en aanvangsjaar bedoeld wordt). De aanvang moet echter, op basis van de beschikbare bronnen, liggen tussen 1643 en 1645.			
1449	2226	1	169	19	43			1657.0			1658.0	1					
1450	2227	1	169	19	43			1664.0			1668.0	1					
1451	2228	1	888	14	31							0		Blijkens O. Vries e.a., De heeren van den raede. Biografieën en groepsportret van de raadsheren van het hof van Friesland, 1499-1811 (Hilversum 1999) 306; zittingsjaren onbekend.			
1452	2229	1	171	14	31	4.0	5.0	1659.0			1660.0	0		Aanvangsdatum (Oude Stijl): sessiename.			
1453	2234	1	174	14	6	22.0	4.0	1666.0	13.0	3.0	1667.0	0	10.0	Aanvangsdatum: commissie door de Staten-Generaal. De overlap met de zitting in de Raad van State is vooralsnog niet verklaarbaar.		1.0	
1454	2235	1	176	6	5	12.0	2.0	1662.0	15.0	2.0	1677.0	0		Aanvangsdatum (OudeStijl): sessiename. Beëindigd wegens benoeming tot raadsheer in het Hof van Friesland.			
1455	2236	1	889	6	5	19.0	2.0	1653.0			1662.0	0		Aanvangsdatum: eerste vermelding. Beëindigd door overlijden vóór 12 februari.			
1456	2238	1	177	19	55			1689.0				1					
1457	2239	1	192	13	5	17.0	2.0	1707.0	16.0	2.0	1710.0	0	10.0	Aanvangsdatum: sessiename.	5.0		
1458	2240	1	192	13	5	11.0	2.0	1719.0	10.0	2.0	1722.0	0	10.0	Aanvangsdatum: sessiename.	5.0		
1459	2241	1	195	14	31	1.0	5.0	1711.0	30.0	4.0	1712.0	0	13.0	Aanvangsdatum: formeel begin van de zittingstermijn. O. Vries e.a., De heeren van den raede. Biografieën en groepsportret van de raadsheren van het hof van Friesland, 1499-1811 (Hilversum 1999) 335 geeft onjuist aanvangsjaar 1712.			
1460	2243	1	195	13	5	17.0	5.0	1741.0	25.0	7.0	1746.0	0	13.0	Aanvangsdatum: sessiename. Beëindigd door overlijden, mogelijk op 25 juni (zie 'opmerkingen').	36.0		
1461	2245	1	200	14	48	24.0	4.0	1725.0	26.0	4.0	1728.0	0		Aanvangsdatum: commissie door de Staten-Generaal.		1.0	
1462	2246	1	200	13	5	12.0	2.0	1728.0	11.0	2.0	1731.0	0	11.0	Aanvangsdatum: sessiename.	14.0		
1463	2247	1	200	14	31			1714.0			1714.0	0		Het eindjaar is afgeleid van de aanvangsdatum in het Hof van Friesland.			
1464	2249	1	208	13	5	12.0	2.0	1734.0	11.0	2.0	1737.0	0	10.0	Aanvangsdatum: sessiename.	2.0		
1465	2250	1	208	13	5	1.0	11.0	1740.0	11.0	2.0	1743.0	0	10.0	Aanvangsdatum: sessiename. De gedeeltelijke overlap met de zitting in de Raad van State is vooralsnog niet verklaarbaar.	2.0		
1466	2251	1	208	13	5	25.0	4.0	1749.0	13.0	2.0	1752.0	0	11.0	Aanvangsdatum: sessiename. De overlap met de zitting in de Staten-Generaal is vooralsnog niet verklaarbaar; mogelijk was hij daar extraordinaris gedeputeerde.	15.0		
1467	2253	1	220	9	1	30.0	9.0	1752.0	29.0	1.0	1759.0	0		Aanvangsdatum: commissie. Beëindigd wegens benoeming tot raadsheer in het college.			
1468	2254	1	221	22	31	9.0	11.0	1752.0		9.0	1762.0	0		Aanvangsdatum: sessiename.			
1469	2255	1	223	6	60	6.0	6.0	1780.0		2.0	1795.0	0					
1470	2256	1	224	13	11			1755.0			1755.0	0		Mogelijk extraordinaris gedeputeerde.		1.0	
1471	2259	1	225	19	50							1					
1472	2260	1	225	6	31	5.0	5.0	1783.0	13.0	10.0	1786.0	0		Aanvangsdatum: sessiename. Beëindigd door overlijden.			
1473	2261	1	226	19	43			1766.0			1767.0	1					
1474	2262	1	227	14	6	21.0	11.0	1771.0			1773.0	0	11.0	Aanvangsdatum: commissie door de Staten-Generaal.		1.0	
1475	2265	1	234	19	43			1733.0			1781.0	1					
1476	2266	1	141	9	1	15.0	12.0	1624.0	30.0	3.0	1626.0	0		Aanvangsdatum (Oude Stijl): commissie. Beëindigd wegens benoeming tot raadsheer in het college.			
1477	2267	1	259	13	5	12.0	5.0	1766.0	6.0	12.0	1779.0	0	13.0	Aanvangsdatum: sessiename. Beëindigd door overlijden.	39.0		
1478	2269	1	258	19	46			1728.0			1755.0	1					
1479	2271	1	258	14	6	9.0	4.0	1745.0	30.0	4.0	1746.0	0	13.0	Aanvangsdatum: commissie door de Staten-Generaal. Nederland's Patriciaat 77 (1993) 483 geeft onjuist Admiraliteit op de Maze.		1.0	
1480	2273	1	258	14	15	2.0	5.0	1742.0	21.0	5.0	1743.0	0	13.0	Aanvangsdatum: sessiename.		1.0	
1481	2275	1	258	13	5	18.0	11.0	1751.0	1.0	1.0	1756.0	0	13.0	Aanvangsdatum: sessiename.	39.0		
1482	2277	1	890	6	31	17.0	7.0	1620.0	10.0	11.0	1637.0	0		Aanvangsdatum (Oude Stijl): sessiename.			
1483	2278	1	890	6	60	11.0	11.0	1637.0	18.0	12.0	1650.0	0		Beëindigd door overlijden.			
1484	2283	1	768	20	6	9.0	10.0	1764.0			1795.0	0		Aanvangsdatum: commissie door de Staten-Generaal.			
1485	2285	1	537	14	31			1723.0				0		Aanvangsjaar mogelijk 1722.			
1486	2287	1	537	13	11	1.0	5.0	1692.0	30.0	4.0	1694.0	0		Aanvangs- en einddatum: formeel begin en einde van de zittingstermijn. Zitting voor Westergo of Zevenwolden (als ordinaris of vijfde ordinaris gedeputeerde.).		1.0	
1487	2288	1	537	13	11			1704.0			1704.0	0		Mogelijk extraordinaris gedeputeerde.		1.0	
1488	2289	1	537	13	11			1715.0			1716.0	0		Deze functie werd mogelijk niet door hem bekleed, maar door een naamgenoot die leefde van 1656-1726 (elders in deze database). Mogelijk extraordinaris gedeputeerde.		1.0	
1489	2290	1	279	9	1	14.0	3.0	1739.0	3.0	3.0	1746.0	0		Aanvangsdatum: commissie. Ontslag op eigen verzoek.			
1490	2294	1	287	14	31			1653.0				0					
1491	2298	1	891	14	45	25.0	9.0	1665.0	1.0	6.0	1668.0	0		Aanvangsdatum: commissie door de Staten-Generaal.		1.0	
1492	2302	1	297	13	11	1.0	5.0	1680.0	30.0	4.0	1681.0	0	10.0	Aanvangs- en einddatum: formeel begin en einde van de zittingstermijn. Commissie door de Staten van Friesland op 23 september (Oude Stijl).		1.0	
1493	2330	1	324	19	36			1784.0			1787.0	1					
1494	2331	1	325	19	64			1629.0			1632.0	1					
1495	2332	1	256	13	5	1.0	5.0	1689.0	30.0	4.0	1692.0	0	13.0	Aanvangsdatum (OudeStijl): sessiename. Mogelijk eerder beëindigd door overlijden.	31.0		
1496	2348	1	360	14	48	13.0	8.0	1665.0	23.0	5.0	1666.0	0		Aanvangsdatum: commissie door de Staten-Generaal.		1.0	
1497	2351	1	362	19	64			1630.0			1633.0	1					
1498	2358	1	132	13	5			1607.0	24.0	3.0	1608.0	0	10.0	Onzeker bij deze persoon (zie 'opmerkingen').	10.0		
1499	2362	1	396	14	48	20.0	4.0	1611.0	25.0	5.0	1614.0	0		Aanvangsdatum: commissie door de Staten-Generaal.		1.0	
1500	2363	1	396	14	15	29.0	12.0	1616.0	15.0	6.0	1617.0	0		Aanvangsdatum: sessiename.		1.0	
1501	2364	1	396	14	48	20.0	4.0	1617.0	22.0	6.0	1622.0	0		Aanvangsdatum: commissie door de Staten-Generaal.		1.0	
1502	2373	1	417	14	31			1643.0				0		Aanvangsjaar onzeker; tussen 1641 en 1645.			
1503	2376	1	421	13	5	12.0	4.0	1679.0	29.0	4.0	1680.0	0	12.0	Aanvangsdatum (Oude Stijl): sessiename.	30.0		
1504	2378	1	421	13	5	30.0	4.0	1692.0	29.0	4.0	1695.0	0	12.0	Aanvangsdatum (Oude Stijl): sessiename.	30.0		
1505	2380	1	422	13	5	19.0	2.0	1750.0	13.0	2.0	1755.0	0	11.0	Aanvangsdatum: sessiename.	13.0		
1506	2382	1	427	14	15	27.0	11.0	1692.0	20.0	5.0	1694.0	0		Aanvangsdatum: sessiename.		1.0	
1507	2383	1	427	14	9	4.0	5.0	1694.0	30.0	5.0	1695.0	0		Aanvangsdatum: commissie door de Staten-Generaal.		1.0	
1508	2390	1	893	13	5	11.0	1.0	1743.0	17.0	2.0	1744.0	0	11.0	Aanvangsdatum: sessiename.	20.0		
1509	2392	1	894	14	45	15.0	9.0	1725.0	30.0	4.0	1728.0	0		Aanvangsdatum: commissie door de Staten-Generaal.		1.0	
1510	2393	1	436	14	15	10.0	5.0	1719.0		5.0	1722.0	0		Aanvangsdatum: sessiename. Onzeker bij deze persoon; mogelijk werd de functie bekleed door zijn naamgenoot (1700-1723).		1.0	
1511	2396	1	439	14	9	16.0	6.0	1734.0	29.0	4.0	1737.0	0		Aanvangsdatum: commissie door de Staten-Generaal.		1.0	
1512	2402	1	538	13	5	30.0	4.0	1686.0	29.0	4.0	1688.0	0	13.0	Aanvangsdatum (Oude Stijl): sessiename.	32.0		
1513	2403	1	449	6	31	12.0	12.0	1786.0			1795.0	0		Aanvangsdatum: sessiename.			
1514	2410	1	465	14	31	13.0	5.0	1740.0	17.0	5.0	1741.0	0	13.0	Aanvangsdatum: sessiename.			
1515	2416	1	483	6	60	27.0	3.0	1682.0	15.0	2.0	1718.0	0		Aanvangsdatum: eedsaflegging.			
1516	2419	0	112	13	5	13.0	10.0	1577.0	13.0	3.0	1580.0	0	12.0	Aanvangsdatum (Oude Stijl): sessiename.	25.0		
1517	2420	1	112	13	5			1588.0			1589.0	0	12.0		25.0		
1518	2421	1	112	13	5			1599.0			1600.0	0	12.0		25.0		
1519	2427	1	824	14	15	9.0	4.0	1664.0	16.0	6.0	1665.0	0		Aanvangsdatum: sessiename.		1.0	
1520	2431	1	149	14	9	12.0	9.0	1634.0	3.0	7.0	1635.0	0		Aanvangsdatum: commissie door de Staten-Generaal.		1.0	
1521	2432	1	524	13	5	1.0	5.0	1650.0	3.0	5.0	1653.0	0	12.0	Aanvangsdatum (Oude Stijl): sessiename.	21.0		
1522	2433	1	524	13	5	29.0	4.0	1665.0	29.0	7.0	1665.0	0	12.0	Aanvangsdatum (OudeStijl): sessiename. Beëindigd door overlijden.	21.0		
1523	2436	1	434	14	15	14.0	7.0	1671.0	30.0	5.0	1674.0	0		Aanvangsdatum: sessiename. Ontbreekt ten onrechte in de lijst 'De algemeene rekenkamer in de Nederlanden' (zie institutionele toelichting).		1.0	
1524	2437	1	434	14	9	15.0	11.0	1686.0	28.0	4.0	1689.0	0		Aanvangsdatum: commissie door de Staten-Generaal.		1.0	
1525	2438	1	434	14	9	1.0	8.0	1692.0	1.0	5.0	1694.0	0		Aanvangsdatum: commissie door de Staten-Generaal.		1.0	
1526	2440	1	536	13	5	1.0	5.0	1691.0	27.0	4.0	1694.0	0	13.0	Aanvangsdatum (Oude Stijl): sessiename.	39.0		
1527	2441	1	536	13	5	1.0	5.0	1696.0	28.0	4.0	1699.0	0	13.0	Aanvangsdatum (Oude Stijl): sessiename.	39.0		
1528	2448	1	593	19	58			1742.0			1751.0	1					
1529	2452	1	614	19	43							1					
1530	2458	1	519	13	5			1638.0	8.0	10.0	1639.0	0	12.0	Beëindiging waarschijnlijk eerder door overlijden.	24.0		
1531	2464	0	118	13	5	28.0	7.0	1582.0	30.0	3.0	1584.0	0	12.0	Aanvangsdatum (Oude Stijl): sessiename.	25.0		
1532	2465	1	586	13	5	13.0	5.0	1782.0	12.0	5.0	1791.0	0	12.0	Aanvangsdatum: sessiename.	29.0		
1533	2473	0	895	13	5	29.0	8.0	1579.0	14.0	2.0	1581.0	0	11.0	Aanvangsdatum (OudeStijl): sessiename. Mogelijk eerder beëindigd door overlijden.	13.0	1.0	
1534	2479	1	600	13	5			1754.0	14.0	5.0	1756.0	0	12.0		30.0		
1535	2480	1	600	13	5	23.0	6.0	1767.0	13.0	5.0	1770.0	0	12.0	Aanvangsdatum: sessiename.	30.0		
1536	2484	1	660	14	7	13.0	7.0	1610.0	9.0	6.0	1611.0	0	12.0	Aanvangsdatum: sessiename.		1.0	
1537	2485	1	675	13	5	4.0	5.0	1648.0	30.0	4.0	1649.0	0	13.0	Aanvangsdatum (Oude Stijl): sessiename.	37.0		
1538	2486	1	678	14	31							0		Blijkens M. de Haan Hettema en A. van Halmael, Stamboek van den Frieschen, vroegeren en lateren, adel (Leeuwarden 1846) I, 364 en II, 254, en O. Vries e.a., De heeren van den raede. Biografieën en groepsportret van de raadsheren van het hof van Friesland, 1499-1811 (Hilversum 1999) 298. De zittingsjaren zijn niet bekend.			
1539	2489	1	195	14	7	17.0	5.0	1724.0	2.0	5.0	1725.0	0	12.0	Aanvangsdatum: sessiename.		1.0	
1540	2490	1	195	14	7	3.0	5.0	1740.0	1.0	5.0	1741.0	0	13.0	Aanvangsdatum: sessiename.		1.0	
1541	2495	1	568	13	11	1.0	5.0	1761.0	30.0	4.0	1763.0	0	13.0			1.0	
1542	2497	1	526	14	31			1663.0				0		Nederland's Adelsboek 44 (1951) 76 geeft aanvangsjaar 1664; op grond van de ondertekening in het eedboek (Tresoar, archief Staten van Friesland 1580-1795, inv. nr. 2611, f. 22) lijkt 1663 waarschijnlijker.			
1543	2498	1	526	13	5	1.0	5.0	1674.0	30.0	4.0	1677.0	0	12.0	Aanvangsdatum (Oude Stijl): sessiename.	28.0		
1544	2499	1	526	13	5	1.0	5.0	1689.0	29.0	4.0	1692.0	0	12.0	Aanvangsdatum (Oude Stijl): sessiename.	28.0		
1545	2503	1	700	19	43			1676.0			1681.0	1					
1546	2507	1	707	13	5	12.0	2.0	1779.0	11.0	2.0	1782.0	0	10.0	Aanvangsdatum: sessiename.	10.0		
1547	2512	1	347	14	48	28.0	4.0	1713.0	30.0	4.0	1716.0	0		Aanvangsdatum: commissie door de Staten-Generaal. In de lijst van Schutte (zie institutionele toelichting) als 'Duco Gerard Juckema van Burmania', maar omdat een persoon met die naam in deze periode niet bekend is, zal het hier gaan om Duco Gerrolt Martena van Burmania.		1.0	
1548	2515	1	724	13	5	12.0	2.0	1734.0	11.0	2.0	1737.0	0	11.0	Aanvangsdatum: sessiename.	12.0		
1549	2516	1	724	13	5	14.0	2.0	1746.0	24.0	2.0	1749.0	0	11.0	Aanvangsdatum: sessiename.	12.0		
1550	2518	1	726	14	31	22.0	4.0	1760.0	26.0	5.0	1768.0	0	12.0	Aanvangsdatum: sessiename. Onzeker bij deze persoon, omdat alleen de voorletter en de geslachtsnaam bekend zijn.			
1551	2519	1	896	14	6	30.0	3.0	1607.0	19.0	4.0	1611.0	0	10.0	Aanvangsdatum: commissie door de Staten-Generaal.		1.0	
1552	2520	1	747	13	5	20.0	2.0	1618.0	23.0	3.0	1625.0	0	12.0	Aanvangsdatum (Oude Stijl): sessiename.	30.0		
1553	2521	1	130	13	5	17.0	2.0	1599.0	5.0	3.0	1601.0	0	10.0	Aanvangsdatum (OudeStijl): sessiename. Zitting voor Ferwerderadeel onzeker.	7.0		
1554	2522	1	130	13	5	26.0	3.0	1603.0	27.0	2.0	1604.0	0	10.0	Aanvangsdatum (OudeStijl): sessiename. Zitting voor Ferwerderadeel onzeker.	7.0		
1555	2525	1	689	13	5	16.0	5.0	1749.0	11.0	5.0	1752.0	0	12.0	Aanvangsdatum: sessiename.	28.0		
1556	2526	1	689	13	5	26.0	7.0	1757.0	11.0	5.0	1758.0	0	12.0	Aanvangsdatum: sessiename.	28.0		
1557	2528	1	770	6	60	21.0	12.0	1666.0	22.0	2.0	1678.0	0					
1558	2536	1	777	14	6	21.0	9.0	1762.0	26.0	4.0	1764.0	0	10.0	Aanvangsdatum: commissie door de Staten-Generaal.		1.0	
1559	2537	1	777	13	11			1757.0			1758.0	0	11.0	Volgde de overleden Tjaerd van Aylva op, dus na 11 september 1757. Overlapt gedeeltelijk met de zitting in de Provinciale Rekenkamer van Friesland; mogelijk verliet hij dat college vóór het aantreden van zijn opvolger (op wiens aanvangsdatum de einddatum is gebaseerd).		1.0	
1560	2539	1	777	13	11			1770.0			1773.0	0	11.0			1.0	
1561	2540	1	777	14	9	13.0	4.0	1781.0	30.0	4.0	1782.0	0		Aanvangsdatum: commissie door de Staten-Generaal.		1.0	
1562	2541	1	777	13	11			1782.0			1783.0	0		Mogelijk extraordinaris gedeputeerde.		1.0	
1563	2547	1	518	13	5	4.0	5.0	1637.0	1.0	5.0	1640.0	0	13.0	Aanvangsdatum (OudeStijl): sessiename. Mogelijk eerder beëindigd door overlijden.	33.0		
1564	2549	1	812	7	1	23.0	12.0	1590.0	12.0	4.0	1600.0	0		Aanvangsdatum (Oude Stijl): commissie. Beëindigd wegens hoge leeftijd.			
1565	2550	0	122	13	5	28.0	4.0	1585.0	20.0	6.0	1586.0	0	13.0	De exacte aanvangsdatum uit O. Vries, e.a., De heeren van den raede. Biografieën en groepsportret van de raadsheren van het hof van Friesland, 1499-1811 (Hilversum 1999) 263.	31.0		
1566	2555	1	823	13	11	1.0	5.0	1658.0	25.0	2.0	1661.0	0	13.0	Aanvangs- en einddatum: formeel begin en einde van de zittingstermijn. Vijfde ordinaris gedeputeerde. Beëindigd door overlijden.		1.0	
1567	2559	1	897	14	6	5.0	5.0	1789.0			1792.0	0	12.0	Aanvangsdatum: commissie door de Staten-Generaal. Eindjaar onzeker.		1.0	
1568	2560	1	271	14	31	3.0	5.0	1687.0	30.0	4.0	1689.0	0	13.0	Aanvangsdatum (Oude Stijl): sessiename.			
1569	2561	1	355	14	31	13.0	2.0	1689.0				0		Aanvangsdatum (Oude Stijl): sessiename.			
1570	2562	1	441	14	31	13.0	2.0	1689.0				0		Aanvangsdatum (Oude Stijl): sessiename.			
1571	2563	1	288	14	31	1.0	5.0	1728.0	11.0	5.0	1731.0	0	12.0	Aanvangsdatum: sessiename.			
1572	2565	1	268	14	31	1.0	5.0	1723.0	15.0	3.0	1730.0	0	13.0	Aanvangsdatum: formeel begin van de zittingstermijn. Beëindigd door overlijden.			
1573	2566	1	390	14	31	20.0	3.0	1730.0	11.0	5.0	1733.0	0	13.0	Aanvangsdatum: sessiename. Einddatum afgeleid van aanvang als gecommitteerde in de Admiraliteit van Amsterdam; een opvolger werd pas in 1734 benoemd.			
1574	2568	1	702	14	31			1728.0	12.0	2.0	1731.0	0					
1575	2569	1	547	14	31	12.0	5.0	1731.0	31.0	10.0	1731.0	0	12.0	Aanvangsdatum: sessiename.			
1576	2570	1	900	14	31	6.0	2.0	1732.0	30.0	4.0	1733.0	0	12.0	Aanvangsdatum: sessiename.			
1577	2572	1	820	14	31	12.0	2.0	1734.0	11.0	2.0	1737.0	0	10.0	Aanvangsdatum: sessiename.			
1578	2573	1	901	14	31	30.0	3.0	1734.0	4.0	6.0	1737.0	0	11.0	Aanvangsdatum: sessiename.			
1579	2575	1	339	14	31	14.0	5.0	1737.0	25.0	4.0	1741.0	0	12.0	Aanvangsdatum: sessiename.			
1580	2576	1	552	14	31	5.0	6.0	1737.0	11.0	2.0	1740.0	0	11.0	Aanvangsdatum: sessiename.			
1581	2578	1	445	14	31	22.0	3.0	1740.0			1743.0	0		Aanvangsdatum: sessiename.			
1582	2579	1	557	14	31		2.0	1740.0	20.0	2.0	1743.0	0	11.0				
1583	2580	1	631	14	31	26.0	4.0	1741.0	15.0	5.0	1743.0	0	12.0	Aanvangsdatum: sessiename.			
1584	2582	1	798	14	31	13.0	2.0	1743.0	16.0	2.0	1746.0	0	10.0	Aanvangsdatum: sessiename. Hoewel de ondertekening van de eed (Tresoar, archief Staten van Friesland 1580-1795, inv. nr. 2614, zie institutionele toelichting) afwijkt van die als lid van Gedeputeerde Staten van Friesland, en ibidem, inv. nr. 3168 alleen de voorletter geeft, is geen andere persoon bekend die in aanmerking komt voor bekleding van deze functie.			
1585	2583	1	446	14	31	21.0	2.0	1743.0	26.0	5.0	1746.0	0	11.0	Aanvangsdatum: sessiename.			
1586	2585	1	904	14	31	21.0	5.0	1744.0	12.0	5.0	1745.0	0	13.0	Aanvangsdatum: sessiename.			
1587	2587	1	905	14	31	17.0	2.0	1746.0	13.0	5.0	1748.0	0	10.0	Aanvangsdatum: sessiename.			
1588	2590	1	902	14	31	25.0	5.0	1746.0	15.0	2.0	1749.0	0	13.0	Aanvangsdatum: sessiename.			
1589	2592	1	350	14	31	27.0	5.0	1746.0	23.0	2.0	1749.0	0	11.0	Aanvangsdatum: sessiename.			
1590	2593	1	443	14	31	14.0	5.0	1748.0	23.0	2.0	1749.0	0	10.0	Aanvangsdatum: sessiename.			
1591	2595	1	905	14	31	15.0	2.0	1749.0	12.0	7.0	1750.0	0	12.0	Aanvangsdatum: sessiename. Beëindigd door overlijden.			
1592	2596	1	335	14	31	16.0	2.0	1749.0	30.0	4.0	1757.0	0	13.0	Aanvangsdatum: sessiename.			
1593	2597	1	224	14	31	12.0	8.0	1749.0				0		Aanvangsdatum: sessiename.			
1594	2599	1	206	14	31	24.0	10.0	1749.0	13.0	2.0	1752.0	0		Aanvangsdatum: sessiename. Opgevolgd door Eysinga (diens voornaam niet bekend).			
1595	2600	1	224	14	31		5.0	1750.0			1752.0	0					
1596	2602	1	910	14	31	14.0	2.0	1752.0	23.0	2.0	1755.0	0	10.0	Aanvangsdatum: sessiename.			
1597	2604	1	777	14	31	13.0	2.0	1755.0	12.0	2.0	1758.0	0	11.0	Aanvangsdatum: sessiename.			
1598	2605	1	422	14	31	24.0	2.0	1755.0	9.0	5.0	1758.0	0	10.0	Aanvangsdatum: sessiename. Einddatum: laatste vergadering.			
1599	2606	1	399	14	31	12.0	5.0	1758.0	11.0	2.0	1761.0	0	10.0	Aanvangsdatum: dag waarop hij de zetel namens het kwartier Zevenwolden verruilt voor die van Oostergo.			
1600	2607	1	798	14	31	13.0	2.0	1758.0	18.0	2.0	1761.0	0	11.0	Aanvangsdatum: sessiename.			
1601	2609	1	465	14	31	30.0	5.0	1759.0	21.0	5.0	1760.0	0	13.0	Aanvangsdatum: sessiename.			
1602	2610	1	768	14	31	22.0	5.0	1760.0	5.0	5.0	1761.0	0	13.0	Aanvangsdatum: sessiename.			
1603	2612	1	783	14	31	19.0	2.0	1761.0	20.0	2.0	1764.0	0	11.0	Aanvangsdatum: sessiename.			
1604	2613	1	224	14	31	18.0	5.0	1763.0	28.0	11.0	1763.0	0	13.0	Aanvangsdatum: sessiename. Beëindigd wegens benoeming tot raadsheer in het Hof van Friesland.			
1605	2614	1	465	14	31	29.0	11.0	1763.0	20.0	6.0	1770.0	0	13.0	Aanvangsdatum: eerste presentie.			
1606	2615	1	432	14	31	21.0	2.0	1764.0	25.0	6.0	1764.0	0	10.0	Aanvangsdatum: eerste presentie. Beëindigd door overlijden. De overlap met de functie van gecommitteerde in de Admiraliteit in Friesland is vooralsnog niet verklaarbaar.			
1607	2616	1	911	14	31	21.0	2.0	1764.0	13.0	2.0	1766.0	0	11.0	Aanvangsdatum: eerste aanwezigheid.			
1608	2617	1	912	14	31	14.0	2.0	1766.0	16.0	2.0	1767.0	0	11.0	Aanvangsdatum: sessiename.			
1609	2619	1	913	14	31	17.0	2.0	1767.0	14.0	2.0	1770.0	0	11.0	Aanvangsdatum: sessiename.			
1610	2620	1	853	14	31	27.0	5.0	1768.0	25.0	4.0	1770.0	0	12.0	Aanvangsdatum: sessiename. Onzeker bij deze persoon; alleen voorletter en geslachtsnaam bekend.			
1611	2621	1	704	14	31	12.0	2.0	1770.0	11.0	2.0	1773.0	0	10.0	Aanvangsdatum: sessiename.			
1612	2622	1	914	14	31	15.0	2.0	1770.0	14.0	2.0	1773.0	0	11.0	Aanvangsdatum: sessiename.			
1613	2625	1	486	14	31	8.0	8.0	1771.0	6.0	5.0	1773.0	0	12.0	Aanvangsdatum: sessiename.			
1614	2626	1	449	14	31	12.0	5.0	1772.0			1777.0	0	13.0	Aanvangsdatum: sessiename. Eindjaar mogelijk 1776.			
1615	2627	1	444	14	31	12.0	2.0	1773.0	11.0	2.0	1776.0	0	10.0	Aanvangsdatum: sessiename.			
1616	2629	1	704	14	31	7.0	5.0	1773.0	11.0	2.0	1776.0	0	12.0	Aanvangsdatum: sessiename.			
1617	2630	1	707	14	31	12.0	2.0	1776.0	11.0	2.0	1779.0	0	10.0	Aanvangsdatum: sessiename.			
1618	2633	1	321	14	31	12.0	2.0	1779.0	11.0	2.0	1782.0	0	10.0	Aanvangsdatum: sessiename.			
1619	2634	1	915	14	31	12.0	2.0	1779.0	11.0	2.0	1782.0	0	11.0	Aanvangsdatum: sessiename.			
1620	2636	1	917	14	31	12.0	2.0	1782.0	19.0	2.0	1785.0	0	11.0	Aanvangsdatum: sessiename. Einddatum: afscheid van vergadering.			
1621	2637	1	704	14	31	12.0	2.0	1782.0	11.0	2.0	1788.0	0	10.0	Aanvangsdatum: sessiename.			
1622	2638	1	324	14	31	13.0	5.0	1782.0	16.0	2.0	1784.0	0	12.0	Aanvangsdatum: sessiename. Onzeker bij deze persoon; alleen voorletter en geslachtsnaam bekend.			
1623	2639	1	918	14	31	14.0	9.0	1636.0				0		Aanvangsdatum (Oude Stijl): sessiename.			
1624	2640	1	675	14	31			1636.0				0					
1625	2641	1	343	14	31			1637.0				0		Aanvangsjaar mogelijk 1636.			
1626	2642	1	648	14	31			1637.0				0		Aanvangsjaar mogelijk 1636.			
1627	2643	1	919	14	31			1638.0				0		Aanvangsjaar onzeker; tussen 1637-1640.			
1628	2644	1	920	14	31			1638.0				0		Aanvangsjaar onzeker; tussen 1637-1640.			
1629	2645	1	464	14	31			1639.0				0		Aanvangsjaar onzeker; tussen 1637 en 1640.			
1630	2646	1	921	14	31			1640.0				0					
1631	2650	1	343	14	31	1.0	5.0	1655.0	30.0	4.0	1657.0	0	13.0	Aanvangsdatum (Oude Stijl):  formeel begin van de zittingstermijn. Mogelijk eerder beëindigd door overlijden.			
1632	2652	1	819	14	31	2.0	5.0	1659.0	30.0	4.0	1661.0	0	13.0	Aanvangsdatum (Oude Stijl): sessiename.			
1633	2654	1	416	14	31	5.0	5.0	1665.0	30.0	4.0	1667.0	0	13.0	Aanvangsdatum (Oude Stijl): sessiename. Mogelijk eerder beëindigd door overlijden.			
1634	2656	1	923	14	31			1668.0			1668.0	0	13.0	Beëindigd door overlijden vóór 28 mei.			
1635	2657	1	924	14	31	28.0	5.0	1668.0	30.0	4.0	1669.0	0	13.0	Aanvangsdatum (Oude Stijl): sessiename. Mogelijk eerder beëindigd door overlijden.			
1636	2658	1	464	14	31	1.0	5.0	1669.0	30.0	4.0	1671.0	0	13.0	Aanvangsdatum (Oude Stijl):  formeel begin van de zittingstermijn. Mogelijk eerder beëindigd door overlijden.			
1637	2659	1	466	14	31	1.0	5.0	1671.0	30.0	4.0	1673.0	0	13.0	Aanvangsdatum (Oude Stijl):  formeel begin van de zittingstermijn. Niet geheel zeker bij deze persoon, alleen voorletter en achternaam bekend.			
1638	2661	1	926	14	31			1675.0	29.0	6.0	1676.0	0	13.0	Beëindigd door overlijden.			
1639	2662	1	804	14	31	1.0	5.0	1675.0			1675.0	0	13.0	Aanvangsdatum (Oude Stijl):  formeel begin van de zittingstermijn. Bekleding door deze persoon is onzeker, omdat alleen de voorletter en de geslachtsnaam bekend is.			
1640	2663	1	922	14	31	1.0	5.0	1677.0			1678.0	0	13.0	Aanvangsdatum (Oude Stijl):  formeel begin van de zittingstermijn. Beëindigd door overlijden vóór 10 oktober.			
1641	2664	1	927	14	31	10.0	10.0	1678.0	30.0	4.0	1679.0	0	13.0	Aanvangsdatum (Oude Stijl):  benoeming door de stadhouder.			
1642	2669	1	931	14	31	1.0	5.0	1685.0	2.0	5.0	1687.0	0	13.0	Aanvangsdatum (Oude Stijl):  formeel begin van de zittingstermijn. Mogelijk eerder beëindigd door overlijden.			
1643	2674	1	932	14	31	1.0	5.0	1697.0	30.0	4.0	1699.0	0	13.0	Aanvangsdatum (Oude Stijl):  formeel begin van de zittingstermijn. Mogelijk eerder beëindigd door overlijden.			
1644	2678	1	936	14	31	1.0	5.0	1702.0	30.0	4.0	1703.0	0	13.0	Aanvangsdatum: formeel begin van de zittingstermijn. Onzeker bij deze persoon, omdat Tresoar, stadhouderlijk archief, inv. nr. 361 (zie institutionele toelichting) initiaal 'S.' geeft. In deze periode is echter Otto de enige Van Simonides in de vroedschap van Leeuwarden.			
1645	2685	1	390	14	31	7.0	9.0	1715.0	30.0	4.0	1717.0	0	13.0	Aanvangsdatum: benoeming door de stadhouder van Friesland.			
1646	2691	1	938	14	31			1641.0				0		Alleen achternaam bekend; is blijkens ondertekening van de eed niet identiek met de in deze database genoemde Benedictus Teyens.			
1647	2692	1	823	14	31			1641.0				0		Aanvangsjaar onzeker; mogelijk 1642.			
1648	2693	1	283	14	31			1644.0			1645.0	0					
1649	2694	1	939	14	31	12.0	2.0	1645.0				0		Aanvangsdatum (Oude Stijl): sessiename.			
1650	2695	1	464	14	31			1645.0				0					
1651	2696	1	522	14	31			1645.0				0		Onzeker bij deze persoon. Aanvangsjaar mogelijk 1646.			
1652	2697	1	940	14	31			1646.0				0		Aanvangsjaar onzeker; tussen 1645 en 1647.			
1653	2698	1	941	14	31			1647.0				0					
1654	2699	1	942	14	31			1647.0				0		Aanvangsjaar onzeker; tussen 1647 en 1659, maar dichter bij 1647.			
1655	2700	1	943	14	31			1667.0				0					
1656	2701	1	943	14	31			1650.0				0					
1657	2703	1	945	14	31			1647.0				0		Aanvangsjaar onzeker; tussen 1645 en 1647.			
1658	2704	1	283	14	31			1651.0				0					
1659	2705	1	946	14	31			1651.0				0		Aanvangsjaar mogelijk 1650.			
1660	2706	1	947	14	31			1653.0				0					
1661	2707	1	756	14	31			1653.0				0		Aanvangsjaar onzeker; tussen 1653 en 1656.			
1662	2708	1	437	14	31	9.0	2.0	1656.0				0		Aanvangsdatum (Oude Stijl): sessiename.			
1663	2709	1	718	14	31	8.0	2.0	1656.0				0		Aanvangsdatum (Oude Stijl): sessiename.			
1664	2710	1	948	14	31			1660.0				0		Aanvangsjaar onzeker; tussen 1659 en 1663.			
1665	2711	1	949	14	31			1662.0				0		Bekleding door deze persoon is onzeker, omdat alleen de voorletter en de geslachtsnaam bekend is. In M. de Haan Hettema en A. van Halmael, Stamboek van den Frieschen, vroegeren en lateren, adel 2 dln. (Leeuwarden 1846) zijn echter geen andere gegadigden aangetroffen. Aanvangsjaar onzeker; tussen 1659 en 1663.			
1666	2712	1	437	14	31			1664.0				0		Aanvangsjaar onzeker; tussen 1663 en 1665.			
1667	2713	1	340	14	31			1668.0				0					
1668	2715	1	892	14	45	13.0	5.0	1683.0	29.0	4.0	1686.0	0		Aanvangsdatum: commissie door de Staten-Generaal.		1.0	
1669	2716	1	950	14	31			1668.0				0					
1670	2718	1	952	14	31			1670.0				0		Aanvangsjaar onzeker; tussen 1669 en 1671.			
1671	2719	1	287	14	31			1671.0				0					
1672	2720	1	953	14	31			1670.0				0		Aanvangsjaar onzeker; tussen 1669 en 1671.			
1673	2721	1	950	14	31			1671.0				0					
1674	2722	1	629	14	31			1671.0				0		Aanvangsjaar mogelijk 1672.			
1675	2723	1	954	14	31			1672.0				0					
1676	2724	1	442	14	31	2.0	5.0	1673.0				0		Aanvangsdatum (Oude Stijl): sessiename.			
1677	2725	1	955	14	31			1673.0				0		Bekleding door deze persoon is onzeker, omdat alleen de voorletter en de geslachtsnaam bekend is. In M. de Haan Hettema en A. van Halmael, Stamboek van den Frieschen, vroegeren en lateren, adel 2 dln. (Leeuwarden 1846) zijn echter geen andere gegadigden aangetroffen.			
1678	2726	1	956	14	31			1673.0				0					
1679	2727	1	404	14	31			1673.0				0					
1680	2728	1	957	14	6	5.0	5.0	1625.0			1627.0	0	12.0	Aanvangsdatum: commissie door de Staten-Generaal.		1.0	
1681	2729	1	957	13	5	4.0	8.0	1627.0			1635.0	0	12.0	Aanvangsdatum (OudeStijl): sessiename. Mogelijk eerder beëindigd door overlijden.	29.0		
1682	2731	1	641	14	31			1673.0				0		Aanvangsjaar mogelijk 1674.			
1683	2732	1	930	14	31			1674.0				0					
1684	2733	1	453	14	31			1674.0				0					
1685	2734	1	790	14	31			1677.0				0	11.0	Aanvangsjaar mogelijk 1678. Kwartier onzeker.			
1686	2737	1	617	14	31			1678.0				0					
1687	2738	1	434	14	31			1683.0				0		Aanvangsjaar onzeker; tussen 1680 en 1683.			
1688	2739	1	462	14	31			1683.0			1684.0	0					
1689	2741	1	488	14	31			1684.0				0		Aanvangsjaar onzeker; tussen 1683 en 1685.			
1690	2743	1	641	14	31			1687.0				0					
1691	2746	1	809	14	31			1691.0				0					
1692	2747	1	892	14	31			1692.0				0					
1693	2748	1	960	14	31			1696.0				0		Aanvangsjaar onzeker; tussen 1692 en 1699.			
1694	2749	1	552	14	31			1694.0				0		Aanvangsjaar onzeker; tussen 1692 en 1698.			
1695	2750	1	338	14	31			1695.0				0		Aanvangsjaar onzeker; tussen 1692 en 1699.			
1696	2751	1	366	14	31			1695.0				0		Aanvangsjaar onzeker; tussen 1692 en 13 mei 1695.			
1697	2753	1	552	14	31	26.0	2.0	1710.0			1713.0	0		Aanvangsdatum: eerste aanwezigheid.			
1698	2754	1	420	14	31			1702.0				0		Aanvangsjaar onzeker; tussen 1699 en 1712.			
1699	2755	1	624	14	31			1710.0			1713.0	0		De aanvangsdatum ligt tussen 26 februari en 15 mei 1710. De einddatum ligt mogelijk aan het einde van 1712.			
1700	2756	1	285	14	31	13.0	3.0	1601.0				0		Aanvangsdatum (Oude Stijl): sessiename.			
1701	2757	1	834	14	31	25.0	3.0	1603.0	26.0	2.0	1604.0	0	10.0	Aanvangsdatum (Oude Stijl):  benoeming door de Staten van Friesland. Einddatum gebaseerd op aanvangsdatum in Gedeputeerde Staten van Friesland.			
1702	2758	1	739	14	31	25.0	3.0	1603.0				0	12.0	Aanvangsdatum (Oude Stijl):  benoeming door de Staten van Friesland. Einddatum onbekend, maar nog gecontinueerd op 27 februari 1604.			
1703	2759	1	328	14	31	27.0	2.0	1604.0	15.0	3.0	1605.0	0	13.0	Aanvangsdatum (Oude Stijl):  benoeming door de Staten van Friesland.			
1704	2760	1	961	14	31	27.0	2.0	1604.0				0	10.0	Aanvangsdatum (Oude Stijl):  benoeming door de Staten van Friesland.			
1705	2761	1	400	14	31	16.0	3.0	1605.0			1606.0	0	13.0	Aanvangsdatum (Oude Stijl):  eedsaflegging. Eindjaar gebaseerd op zijn benoeming in Gedeputeerde Staten van Friesland.			
1706	2762	1	962	14	31	10.0	2.0	1606.0				0	13.0	Aanvangsdatum (Oude Stijl): sessiename.			
1707	2763	1	963	14	31	2.0	4.0	1610.0	21.0	2.0	1612.0	0	13.0	Aanvangsdatum (Oude Stijl): sessiename.			
1708	2764	1	964	14	31	18.0	3.0	1611.0	21.0	2.0	1612.0	0	10.0	Aanvangsdatum (Oude Stijl):  benoeming door de Staten van Friesland.			
1709	2765	1	603	14	31	18.0	3.0	1611.0	28.0	1.0	1614.0	0	11.0	Aanvangsdatum (Oude Stijl):  benoeming door de Staten van Friesland.			
1710	2766	1	965	14	31	22.0	2.0	1612.0	28.0	1.0	1614.0	0	13.0	Aanvangsdatum (Oude Stijl):  benoeming door de Staten van Friesland. Mogelijk eerder beëindigd door overlijden.			
1711	2767	1	966	14	31	29.0	1.0	1614.0				0	11.0	Aanvangsdatum (Oude Stijl):  benoeming door de Staten van Friesland.			
1712	2768	1	967	14	31	31.0	3.0	1626.0				0	10.0	Aanvangsdatum (Oude Stijl):  benoeming door de Staten van Friesland.			
1713	2769	1	968	14	31	2.0	3.0	1601.0				0		Aanvangsdatum (Oude Stijl):  benoeming door de Staten van Friesland.			
1714	2770	0	382	14	31	28.0	7.0	1582.0	28.0	4.0	1584.0	0	10.0	Aanvangsdatum: benoeming door de Staten van Friesland. Mogelijk eerder beëindigd door overlijden.			
1715	2771	0	969	14	31	28.0	7.0	1582.0	28.0	4.0	1584.0	0	10.0	Aanvangsdatum: benoeming door de Staten van Friesland.			
1716	2772	0	970	14	31	28.0	7.0	1582.0	28.0	4.0	1584.0	0	11.0	Aanvangsdatum: benoeming door de Staten van Friesland. Mogelijk eerder beëindigd door overlijden.			
1717	2773	0	971	14	31	28.0	7.0	1582.0	28.0	4.0	1584.0	0	11.0	Aanvangsdatum: benoeming door de Staten van Friesland. Mogelijk eerder beëindigd door overlijden.			
1718	2774	0	732	14	31	28.0	7.0	1582.0				0	12.0	Aanvangsdatum: benoeming door de Staten van Friesland. Opnieuw benoemd 29 april 1584, 13 juli 1588, 16 mei 1589 en 28 mei 1595, waarbij niet duidelijk is of hij aaneensluitende zitting had.			
1719	2775	0	403	14	31	28.0	7.0	1582.0				0	12.0	Aanvangsdatum: benoeming door de Staten van Friesland. Opnieuw benoemd 29 april 1584.			
1720	2776	0	249	14	31	28.0	7.0	1582.0				0	13.0	Aanvangsdatum: benoeming door de Staten van Friesland.			
1721	2777	0	972	14	31	28.0	7.0	1582.0				0	13.0	Aanvangsdatum: benoeming door de Staten van Friesland.			
1722	2780	1	974	14	31	16.0	5.0	1589.0				0	13.0	Aanvangsdatum (Oude Stijl):  benoeming door de Staten van Friesland.			
1723	2781	0	636	14	31	29.0	4.0	1584.0				0	10.0	Aanvangsdatum (Oude Stijl):  benoeming door de Staten van Friesland.			
1724	2782	0	834	14	31	29.0	4.0	1584.0				0	10.0	Aanvangsdatum (Oude Stijl):  benoeming door de Staten van Friesland.			
1725	2783	0	975	14	31	29.0	4.0	1584.0				0	11.0	Aanvangsdatum (Oude Stijl):  benoeming door de Staten van Friesland.			
1726	2784	0	976	14	31	29.0	4.0	1584.0				0	11.0	Aanvangsdatum (Oude Stijl):  benoeming door de Staten van Friesland.			
1727	2787	0	787	14	31	17.0	6.0	1586.0				0	13.0	Aanvangsdatum (Oude Stijl):  benoeming door de Staten van Friesland.			
1728	2788	1	973	14	31	13.0	7.0	1588.0				0	10.0	Aanvangsdatum (Oude Stijl):  benoeming door de Staten van Friesland. Nieuwe benoeming 16 mei 1589.			
1729	2789	1	975	14	31	13.0	7.0	1588.0				0	11.0	Aanvangsdatum (Oude Stijl):  benoeming door de Staten van Friesland.			
1730	2791	1	977	14	31	13.0	7.0	1588.0				0	13.0	Aanvangsdatum (Oude Stijl):  benoeming door de Staten van Friesland.			
1731	2792	1	663	14	31	21.0	4.0	1591.0				0	11.0	Aanvangsdatum (Oude Stijl):  benoeming door de Staten van Friesland.			
1732	2793	1	978	14	31	21.0	4.0	1591.0				0	11.0	Aanvangsdatum (Oude Stijl):  benoeming door de Staten van Friesland.			
1733	2794	1	973	14	31	28.0	5.0	1595.0				0	10.0	Aanvangsdatum (Oude Stijl):  benoeming door de Staten van Friesland.			
1734	2795	1	979	14	31	28.0	5.0	1595.0				0	11.0	Aanvangsdatum (Oude Stijl):  benoeming door de Staten van Friesland.			
1735	2797	1	980	14	31	28.0	5.0	1595.0				0	13.0	Aanvangsdatum (Oude Stijl):  benoeming door de Staten van Friesland.			
1736	2798	0	500	13	5			1586.0			1588.0	0	13.0		34.0		
1737	2799	1	500	13	5			1597.0			1600.0	0	13.0		34.0		
1738	2801	1	982	14	31	13.0	5.0	1695.0				0		Aanvangsdatum (Oude Stijl):  eerste aanwezigheid. Mogelijk werd hij al vóór 1695 benoemd; eerdere resoluties ontbreken.			
1739	2803	1	984	14	31	27.0	4.0	1699.0				0		Aanvangsdatum (Oude Stijl):  eerste aanwezigheid.			
1740	2804	1	424	14	31	27.0	4.0	1699.0				0		Aanvangsdatum (Oude Stijl):  eerste aanwezigheid.			
1741	2805	1	356	14	31	27.0	4.0	1699.0				0	12.0	Aanvangsdatum (Oude Stijl):  eerste aanwezigheid.			
1742	2806	1	784	14	31	8.0	10.0	1700.0				0		Aanvangsdatum (Oude Stijl):  eerste aanwezigheid.			
1743	2807	1	877	14	31	17.0	7.0	1705.0				0		Aanvangsdatum: eerste aanwezigheid.			
1744	2808	1	985	14	31	17.0	7.0	1705.0				0		Aanvangsdatum: eerste aanwezigheid.			
1745	2809	1	361	14	31	17.0	7.0	1705.0				0		Aanvangsdatum: eerste aanwezigheid.			
1746	2810	1	986	14	31	18.0	3.0	1706.0				0		Aanvangsdatum: eerste aanwezigheid.			
1747	2811	1	547	14	31			1706.0			1707.0	0		Aanvangsjaar onzeker; tussen 17 juli 1705 en 18 maart 1706.			
1748	2812	1	438	14	31	17.0	11.0	1709.0			1710.0	0		Aanvangsdatum: eerste aanwezigheid.			
1749	2813	1	420	14	31	17.0	11.0	1709.0			1713.0	0		Aanvangsdatum: eerste aanwezigheid.			
1750	2814	1	724	14	31	17.0	11.0	1709.0			1710.0	0		Aanvangsdatum: eerste aanwezigheid.			
1751	2816	1	257	14	31			1714.0				0					
1752	2817	1	988	14	31			1714.0			1716.0	0		Eindjaar mogelijk 1715.			
1753	2818	1	989	14	31			1716.0				0		Aanvangsjaar mogelijk 1715.			
1754	2819	1	367	14	31			1716.0			1722.0	0					
1755	2820	1	446	14	31			1716.0				0					
1756	2822	1	205	14	31			1717.0				0		Aanvangsjaar onzeker; tussen 1716 en 1718.			
1757	2824	1	990	14	31			1719.0			1721.0	0		Beëindigd door overlijden.			
1758	2825	1	991	14	31			1719.0				0					
1759	2826	1	395	14	31			1722.0			1728.0	0		Einddatum mogelijk eind 1727.			
1760	2827	1	992	14	31			1722.0				0		Eindjaar niet na 1724.			
1761	2828	1	179	14	31			1722.0				0					
1762	2829	1	257	14	31			1723.0			1724.0	0		Eindjaar mogelijk 1725.			
1763	2830	1	346	14	31			1712.0				0		Aanvangsjaar onzeker; tussen 1711 en 1715.			
1764	2831	1	545	14	31			1712.0				0		Aanvangsjaar mogelijk 1713.			
1765	2832	1	724	14	31			1725.0			1728.0	0		Aanvangsjaar mogelijk 1724, einde mogelijk eind 1727.			
1766	2833	1	993	14	31			1728.0				0					
1767	2834	0	273	6	31			1585.0	18.0	3.0	1601.0	0		Aanvang mogelijk eerder.			
1768	2835	1	994	6	31	19.0	3.0	1601.0			1620.0	0		Aanvangsdatum (Oude Stijl):  benoeming door de Staten van Friesland. Beëindigd door overlijden vóór 17 juli.			
1769	2836	1	995	6	31	7.0	12.0	1619.0		7.0	1620.0	0		Aanvangsdatum (Oude Stijl):  benoeming door de Staten van Friesland. Waarschijnlijk provisioneel, omdat in de commissie van opvolger Scheltinga niet Roorda, maar Cornelisz. als voorganger wordt genoemd.			
1770	2837	1	996	6	31	18.0	2.0	1671.0	9.0	3.0	1677.0	0		Aanvangsdatum (Oude Stijl): sessiename.			
1771	2838	1	842	6	31	10.0	3.0	1677.0	10.0	4.0	1679.0	0		Aanvangsdatum (Oude Stijl): sessiename.			
1772	2839	1	418	6	31	11.0	4.0	1679.0	19.0	5.0	1686.0	0		Aanvangsdatum (Oude Stijl): sessiename. Onzeker bij deze persoon; zie 'opmerkingen'.			
1773	2840	1	997	6	31	10.0	12.0	1744.0	30.0	3.0	1783.0	0		Aanvangsdatum: sessiename. Beëindigd door overlijden.			
1774	2842	1	539	14	31	16.0	5.0	1743.0	23.0	5.0	1746.0	0	12.0	Aanvangsdatum: sessiename.			
1775	2844	1	998	14	31	14.0	2.0	1752.0	10.0	1.0	1755.0	0	12.0	Aanvangsdatum: sessiename.			
1776	2845	1	768	14	31			1782.0			1783.0	0		Einddatum vóór 6 mei 1783 (mogelijk 1782).			
1777	2848	1	468	14	31			1777.0	11.0	5.0	1784.0	0	13.0				
1778	2849	1	486	14	31			1778.0				0		Aanvangsjaar onzeker; tussen 1776 en 1782.			
1779	2850	1	1001	14	31	17.0	2.0	1784.0	11.0	5.0	1785.0	0	12.0	Aanvangsdatum: sessiename.			
1780	2851	1	1002	14	31	12.0	5.0	1784.0	11.0	5.0	1785.0	0	13.0	Aanvangsdatum: sessiename.			
1781	2852	1	1004	14	31	12.0	5.0	1785.0	26.0	5.0	1787.0	0	12.0	Aanvangsdatum: sessiename. Er is een naamgenoot (1759-1824), die mogelijk deze functie heeft bekleed.			
1782	2853	1	1005	14	31	23.0	5.0	1785.0	11.0	2.0	1788.0	0	11.0	Aanvangsdatum: sessiename.			
1783	2854	1	444	14	31	19.0	2.0	1794.0			1795.0	0	11.0	Aanvangsdatum: sessiename.			
1784	2855	1	444	14	31	12.0	2.0	1788.0	11.0	2.0	1791.0	0	10.0	Aanvangsdatum: sessiename. Gaat over naar de zetel van Westergo.			
1785	2857	1	1003	14	31	22.0	2.0	1785.0	11.0	5.0	1785.0	0	11.0	Aanvangsdatum: sessiename. Gaat over naar de zetel van de Steden.			
1786	2858	1	761	14	31	27.0	5.0	1787.0	3.0	11.0	1790.0	0	13.0	Aanvangsdatum: sessiename. De overlap met het lidmaatschap van Gedeputeerde Staten van Friesland is vooralsnog niet verklaarbaar.			
1787	2859	1	393	14	31	12.0	2.0	1791.0	12.0	2.0	1794.0	0	10.0	Aanvangsdatum: sessiename.			
1788	2860	1	829	14	31	4.0	11.0	1790.0	11.0	5.0	1791.0	0	13.0	Aanvangsdatum: sessiename.			
1789	2862	1	811	14	31	13.0	5.0	1793.0			1795.0	0	13.0	Aanvangsdatum: sessiename.			
1790	2863	1	1007	14	31	15.0	5.0	1792.0	12.0	5.0	1793.0	0	13.0	Aanvangsdatum: sessiename.			
1791	2866	1	444	14	31	12.0	2.0	1776.0	10.0	5.0	1776.0	0	12.0	Aanvangsdatum: sessiename.			
1792	2867	1	393	14	31	8.0	2.0	1777.0	11.0	2.0	1779.0	0	11.0	Aanvangsdatum: sessiename.			
1793	2868	1	1001	14	31	12.0	5.0	1785.0	22.0	5.0	1785.0	0	11.0	Aanvangsdatum: sessiename. Einddatum: afscheid van vergadering. Beëindigd wegens benoeming tot griffier van staat.			
1794	2869	1	1003	14	31	12.0	5.0	1785.0	26.0	5.0	1788.0	0	13.0	Aanvangsdatum: de dag waarop hij de zetel namens het kwartier Westergo verruilt voor die van de Steden.			
1795	2871	1	444	14	31	12.0	2.0	1791.0	12.0	2.0	1794.0	0	11.0	Aanvangsdatum: de dag waarop hij de zetel namens het kwartier Oostergo verruilt voor die van Westergo. Einddatum: afscheid van de vergadering.			
1796	2872	1	496	14	31	12.0	2.0	1794.0			1795.0	0	10.0	Aanvangsdatum: de dag waarop hij de zetel namens het kwartier Zevenwolden verruilt voor die van Oostergo.			
1797	2874	1	307	14	6	16.0	3.0	1672.0	23.0	4.0	1673.0	0	11.0	Aanvangsdatum: commissie door de Staten-Generaal. Eindjaar mogelijk 1674.		1.0	
1798	2875	1	1009	14	6	24.0	4.0	1673.0	20.0	4.0	1674.0	0	11.0	Aanvangsdatum: commissie door de Staten-Generaal.		1.0	
1799	2878	1	307	14	6	21.0	4.0	1674.0	19.0	4.0	1677.0	0	11.0	Aanvangsdatum: commissie door de Staten-Generaal.		1.0	
1800	2879	1	300	14	6	21.0	4.0	1674.0	11.0	8.0	1677.0	0	10.0	Aanvangsdatum: commissie door de Staten-Generaal.		1.0	
1801	2880	1	289	14	6	3.0	5.0	1674.0	29.0	4.0	1677.0	0	12.0	Aanvangsdatum: commissie door de Staten-Generaal.		1.0	
1802	2883	1	276	14	6	23.0	4.0	1675.0	29.0	4.0	1677.0	0	13.0	Aanvangsdatum: commissie door de Staten-Generaal.		1.0	
1803	2884	1	423	14	6	20.0	4.0	1677.0	21.0	4.0	1683.0	0	11.0	Aanvangsdatum: commissie door de Staten-Generaal.		1.0	
1804	2885	1	372	14	6	30.0	4.0	1677.0	26.0	3.0	1679.0	0	13.0	Aanvangsdatum: commissie door de Staten-Generaal.		1.0	
1805	2886	1	826	14	6	30.0	4.0	1677.0	7.0	6.0	1680.0	0	12.0	Aanvangsdatum: commissie door de Staten-Generaal.		1.0	
1806	2887	1	297	14	6	12.0	8.0	1677.0	4.0	7.0	1680.0	0	10.0	Aanvangsdatum: commissie door de Staten-Generaal.		1.0	
1807	2888	1	453	14	6	8.0	6.0	1680.0	17.0	5.0	1683.0	0	12.0	Aanvangsdatum: commissie door de Staten-Generaal.		1.0	
1808	2889	1	770	14	6	5.0	7.0	1680.0	28.0	4.0	1683.0	0	10.0	Aanvangsdatum: commissie door de Staten-Generaal.		1.0	
1809	2890	1	372	14	6	26.0	4.0	1681.0	12.0	4.0	1683.0	0	13.0	Aanvangsdatum: commissie door de Staten-Generaal.		1.0	
1810	2891	1	341	14	6	13.0	4.0	1683.0	5.0	4.0	1684.0	0	13.0	Aanvangsdatum: commissie door de Staten-Generaal.		1.0	
1811	2892	1	790	14	6	22.0	4.0	1683.0	1.0	6.0	1684.0	0	11.0	Aanvangsdatum: commissie door de Staten-Generaal.		1.0	
1812	2893	1	310	14	15	25.0	5.0	1680.0	30.0	4.0	1683.0	0		Aanvangsdatum: sessiename. Het eindjaar is mogelijk 1681. Niet duidelijk door wie hij werd opgevolgd.		1.0	
1813	2894	1	310	14	6	29.0	4.0	1683.0	9.0	6.0	1686.0	0	10.0	Aanvangsdatum: commissie door de Staten-Generaal.		1.0	
1814	2895	1	338	14	6	18.0	5.0	1683.0	7.0	5.0	1688.0	0	12.0	Aanvangsdatum: commissie door de Staten-Generaal.		1.0	
1815	2896	1	269	14	6	6.0	4.0	1684.0	4.0	4.0	1685.0	0	13.0	Aanvangsdatum: commissie door de Staten-Generaal. Aanstelling voor anderhalf jaar (de voorganger eveneens, dus de aanvangsdatum officieel 1 november; de aanvang van de opvolger is hiermee echter in tegenspraak).		1.0	
1816	2897	1	462	14	6	2.0	6.0	1684.0		8.0		0	11.0	Aanvangsdatum: commissie door de Staten-Generaal.		1.0	
1817	2898	1	646	14	6	5.0	4.0	1685.0	14.0	5.0	1687.0	0	13.0	Aanvangsdatum: commissie door de Staten-Generaal.		1.0	
1818	2899	1	174	14	6	10.0	6.0	1686.0	28.0	4.0	1689.0	0	10.0	Aanvangsdatum: commissie door de Staten-Generaal.		1.0	
1819	2900	1	836	14	6	15.0	5.0	1687.0	3.0	8.0	1688.0	0	13.0	Aanvangsdatum: commissie door de Staten-Generaal.		1.0	
1820	2901	1	537	14	6	8.0	5.0	1688.0	26.0	5.0	1689.0	0	12.0	Aanvangsdatum: commissie door de Staten-Generaal.		1.0	
1821	2903	1	646	14	6	23.0	10.0	1690.0				0		Aanvangsdatum: commissie door de Staten-Generaal.		1.0	
1822	2904	1	646	14	6	15.0	10.0	1689.0				0		Aanvangsdatum: commissie door de Staten-Generaal.		1.0	
1823	2907	1	875	14	6	18.0	4.0	1692.0	20.0	5.0	1693.0	0	11.0	Aanvangsdatum: commissie door de Staten-Generaal.		1.0	
1824	2908	1	641	14	6	21.0	4.0	1692.0	12.0	3.0	1696.0	0	10.0	Aanvangsdatum: commissie door de Staten-Generaal. Beëindigd door overlijden (niet zeker).		1.0	
1825	2909	1	629	14	6	27.0	5.0	1692.0	5.0	6.0	1695.0	0	12.0	Aanvangsdatum: commissie door de Staten-Generaal.		1.0	
1826	2910	1	822	14	6	10.0	4.0	1693.0	14.0	4.0	1697.0	0	13.0	Aanvangsdatum: commissie door de Staten-Generaal.		1.0	
1827	2911	1	462	14	6	21.0	5.0	1693.0	13.0	4.0	1695.0	0	11.0	Aanvangsdatum: commissie door de Staten-Generaal.		1.0	
1828	2912	1	307	14	6	14.0	4.0	1695.0	30.0	4.0	1698.0	0	11.0	Aanvangsdatum: commissie door de Staten-Generaal.		1.0	
1829	2913	1	356	14	6	6.0	6.0	1695.0	18.0	3.0	1699.0	0	12.0	Aanvangsdatum: commissie door de Staten-Generaal.		1.0	
1830	2914	1	986	14	6	14.0	4.0	1696.0	14.0	4.0	1697.0	0	10.0	Aanvangsdatum: commissie door de Staten-Generaal.		1.0	
1831	2915	1	986	19	43			1692.0			1721.0	1					
1832	2916	1	348	14	6	15.0	4.0	1697.0	18.0	3.0	1698.0	0	10.0	Aanvangsdatum: commissie door de Staten-Generaal.		1.0	
1833	2917	1	526	14	6	19.0	3.0	1698.0	22.0	4.0	1701.0	0	10.0	Aanvangsdatum: commissie door de Staten-Generaal.		1.0	
1834	2918	1	355	14	6	1.0	5.0	1698.0	24.0	4.0	1701.0	0	11.0	Aanvangsdatum: commissie door de Staten-Generaal.		1.0	
1835	2919	1	537	14	6	19.0	3.0	1699.0	13.0	4.0	1701.0	0	12.0	Aanvangsdatum: commissie door de Staten-Generaal.		1.0	
1836	2920	1	800	14	6	21.0	4.0	1699.0	23.0	4.0	1700.0	0	13.0	Aanvangsdatum: commissie door de Staten-Generaal.		1.0	
1837	2922	1	833	14	6	14.0	4.0	1701.0	18.0	4.0	1703.0	0	13.0	Aanvangsdatum: commissie door de Staten-Generaal.		1.0	
1838	2924	1	984	14	6	23.0	4.0	1701.0		8.0	1702.0	0	10.0	Aanvangsdatum: commissie door de Staten-Generaal. Beëindigd door overlijden op 24 of 25 augustus.		1.0	
1839	2925	1	427	14	6	25.0	4.0	1701.0	24.0	10.0	1702.0	0	11.0	Aanvangsdatum: commissie door de Staten-Generaal. Kwartier, einddatum en de reden van beëindiging onzeker.		1.0	
1840	2926	1	310	14	6	16.0	10.0	1702.0	16.0	4.0	1704.0	0	10.0	Aanvangsdatum: commissie door de Staten-Generaal.		1.0	
1841	2927	1	795	14	6	25.0	10.0	1702.0	24.0	3.0	1704.0	0	11.0	Aanvangsdatum: commissie door de Staten-Generaal.		1.0	
1842	2928	1	467	14	6	19.0	4.0	1703.0	18.0	4.0	1706.0	0	13.0	Aanvangsdatum: commissie door de Staten-Generaal.		1.0	
1843	2929	1	418	14	6	25.0	3.0	1704.0	19.0	8.0	1705.0	0	12.0	Aanvangsdatum: commissie door de Staten-Generaal. Kwartier onzeker. Beëindigd door overlijden.		1.0	
1844	2930	1	875	14	6	25.0	3.0	1704.0	20.0	4.0	1707.0	0	11.0	Aanvangsdatum: commissie door de Staten-Generaal.		1.0	
1845	2932	1	441	14	6	17.0	4.0	1704.0	13.0	9.0	1705.0	0	10.0	Aanvangsdatum: commissie door de Staten-Generaal.		1.0	
1846	2933	1	542	14	6	14.0	9.0	1705.0			1706.0	0	10.0	Aanvangsdatum: commissie door de Staten-Generaal. Kwartier onzeker. Beëindiging waarschijnlijk door overlijden (zie 'opmerkingen').		1.0	
1847	2934	1	541	14	6	15.0	10.0	1705.0	13.0	3.0	1707.0	0	12.0	Aanvangsdatum: commissie door de Staten-Generaal.		1.0	
1848	2935	1	442	14	6	19.0	4.0	1706.0	12.0	4.0	1708.0	0	13.0	Aanvangsdatum: commissie door de Staten-Generaal.		1.0	
1849	2936	1	880	14	6	1.0	10.0	1706.0	9.0	3.0	1707.0	0	10.0	Aanvangsdatum: commissie door de Staten-Generaal. Kwartier onzeker.		1.0	
1850	2938	1	299	14	6	10.0	3.0	1707.0	16.0	4.0	1710.0	0	10.0	Aanvangsdatum: commissie door de Staten-Generaal.		1.0	
1851	2939	1	539	14	6	14.0	3.0	1707.0	27.0	4.0	1710.0	0	12.0	Aanvangsdatum: commissie door de Staten-Generaal.		1.0	
1852	2940	1	552	14	6	21.0	4.0	1707.0	30.0	4.0	1710.0	0	11.0	Aanvangsdatum: commissie door de Staten-Generaal. Het eindjaar is gebaseerd op de aanvang als gecommitteerde in de Provinciale Rekenkamer van Friesland; een benoeming van een opvolger voor Westergo is niet aangetroffen.		1.0	
1853	2941	1	327	14	6	13.0	4.0	1708.0	24.0	4.0	1709.0	0	13.0	Aanvangsdatum: commissie door de Staten-Generaal.		1.0	
1854	2942	1	442	14	6	25.0	4.0	1709.0	26.0	9.0	1710.0	0	13.0	Aanvangsdatum: commissie door de Staten-Generaal. Beëindigd door overlijden.		1.0	
1855	2943	1	310	14	6	17.0	4.0	1710.0	25.0	4.0	1713.0	0	10.0	Aanvangsdatum: commissie door de Staten-Generaal.		1.0	
1856	2944	1	456	14	6	28.0	4.0	1710.0	20.0	3.0	1711.0	0	12.0	Aanvangsdatum: commissie door de Staten-Generaal.		1.0	
1857	2945	1	446	14	6	22.0	12.0	1710.0	12.0	3.0	1713.0	0	13.0	Aanvangsdatum: commissie door de Staten-Generaal.		1.0	
1858	2946	1	541	14	6	21.0	3.0	1711.0	20.0	4.0	1713.0	0	12.0	Aanvangsdatum: commissie door de Staten-Generaal.		1.0	
1859	2949	1	337	14	6	21.0	4.0	1713.0	5.0	11.0	1714.0	0	12.0	Aanvangsdatum: commissie door de Staten-Generaal. Beëindigd door overlijden.		1.0	
1860	2950	1	990	14	6	26.0	4.0	1713.0	19.0	4.0	1716.0	0	10.0	Aanvangsdatum: commissie door de Staten-Generaal.		1.0	
1861	2951	1	179	14	6	7.0	3.0	1715.0	10.0	6.0	1716.0	0	12.0	Aanvangsdatum: commissie door de Staten-Generaal. Deze functie werd mogelijk niet door hem bekleed, maar door zijn naamgenoot die leefde van 1666-1742 (elders in deze database).		1.0	
1862	2953	1	1015	14	6	20.0	4.0	1716.0	13.0	4.0	1719.0	0	10.0	Aanvangsdatum: commissie door de Staten-Generaal.		1.0	
1863	2954	1	451	14	6	27.0	4.0	1716.0	12.0	5.0	1717.0	0	11.0	Aanvangsdatum: commissie door de Staten-Generaal. Beëindigd door overlijden.		1.0	
1864	2955	1	456	14	6	31.0	8.0	1717.0	27.0	4.0	1719.0	0	11.0	Aanvangsdatum: commissie door de Staten-Generaal.		1.0	
1865	2956	1	989	14	6	31.0	3.0	1718.0	16.0	4.0	1719.0	0	13.0	Aanvangsdatum: commissie door de Staten-Generaal.		1.0	
1866	2957	1	537	14	6	5.0	4.0	1718.0	2.0	4.0	1719.0	0	12.0	Aanvangsdatum: commissie door de Staten-Generaal. Deze functie werd mogelijk niet door hem bekleed, maar door een naamgenoot die leefde van 1656-1726 (elders in deze database).		1.0	
1867	2958	1	539	14	6	3.0	4.0	1719.0	15.0	4.0	1722.0	0	12.0	Aanvangsdatum: commissie door de Staten-Generaal.		1.0	
1868	2959	1	885	14	6	14.0	4.0	1719.0	13.0	4.0	1722.0	0	10.0	Aanvangsdatum: commissie door de Staten-Generaal.		1.0	
1869	2960	1	293	14	6	28.0	4.0	1719.0	15.0	4.0	1722.0	0	11.0	Aanvangsdatum: commissie door de Staten-Generaal.		1.0	
1870	2961	1	989	14	6	17.0	4.0	1720.0	2.0	5.0	1721.0	0	13.0	Aanvangsdatum: commissie door de Staten-Generaal.		1.0	
1871	2962	1	195	14	6	3.0	5.0	1721.0	18.0	4.0	1724.0	0	13.0	Aanvangsdatum: commissie door de Staten-Generaal.		1.0	
1872	2965	1	624	14	6	16.0	4.0	1722.0	12.0	4.0	1725.0	0	12.0	Aanvangsdatum: commissie door de Staten-Generaal.		1.0	
1873	2966	1	347	14	6	16.0	4.0	1722.0	12.0	4.0	1725.0	0	11.0	Aanvangsdatum: commissie door de Staten-Generaal.		1.0	
1874	2968	1	989	14	6	19.0	4.0	1724.0	13.0	4.0	1725.0	0	13.0	Aanvangsdatum: commissie door de Staten-Generaal.		1.0	
1875	2969	1	553	14	6	23.0	4.0	1725.0	12.0	4.0	1728.0	0	10.0	Aanvangsdatum: commissie door de Staten-Generaal.		1.0	
1876	2971	1	989	14	6	12.0	4.0	1726.0	16.0	4.0	1727.0	0	13.0	Aanvangsdatum: commissie door de Staten-Generaal.		1.0	
1877	2973	1	390	14	6	17.0	4.0	1727.0	19.0	4.0	1728.0	0	13.0	Aanvangsdatum: commissie door de Staten-Generaal.		1.0	
1878	2974	1	689	14	6	12.0	4.0	1728.0	22.0	4.0	1731.0	0	12.0	Aanvangsdatum: commissie door de Staten-Generaal.		1.0	
1879	2975	1	724	14	6	13.0	4.0	1728.0	30.0	4.0	1731.0	0	11.0	Aanvangsdatum: commissie door de Staten-Generaal. De einddatum is gebaseerd op de aanvangsdatum als gecommitteerde in de Provinciale Rekenkamer van Friesland; een directe opvolger voor Westergo is niet aangetroffen.		1.0	
1880	2976	1	390	14	6	20.0	4.0	1729.0	7.0	4.0	1730.0	0	13.0	Aanvangsdatum: commissie door de Staten-Generaal.		1.0	
1881	2978	1	208	14	6	14.0	3.0	1730.0	22.0	4.0	1731.0	0	10.0	Aanvangsdatum: commissie door de Staten-Generaal.		1.0	
1882	2980	1	845	14	6	23.0	4.0	1731.0	7.0	5.0	1734.0	0	12.0	Aanvangsdatum: commissie door de Staten-Generaal.		1.0	
1883	2981	1	795	14	6	9.0	4.0	1732.0	17.0	1.0	1734.0	0	13.0	Aanvangsdatum: commissie door de Staten-Generaal.		1.0	
1884	2982	1	615	14	6	27.0	3.0	1734.0	15.0	4.0	1737.0	0	10.0	Aanvangsdatum: commissie door de Staten-Generaal.		1.0	
1885	2983	1	288	14	6	8.0	5.0	1734.0	15.0	4.0	1737.0	0	12.0	Aanvangsdatum: commissie door de Staten-Generaal.		1.0	
1886	2984	1	446	14	6	16.0	4.0	1737.0	22.0	4.0	1743.0	0	11.0	Aanvangsdatum: commissie door de Staten-Generaal.		1.0	
1887	2985	1	367	14	6	16.0	4.0	1737.0	18.0	4.0	1740.0	0	10.0	Aanvangsdatum: commissie door de Staten-Generaal.		1.0	
1888	2986	1	904	14	6	21.0	4.0	1739.0	29.0	3.0	1742.0	0	13.0	Aanvangsdatum: commissie door de Staten-Generaal.		1.0	
1889	2987	1	399	14	6	19.0	4.0	1740.0	17.0	7.0	1743.0	0	10.0	Aanvangsdatum: commissie door de Staten-Generaal.		1.0	
1890	2988	1	691	14	6	30.0	3.0	1742.0	25.0	3.0	1744.0	0	13.0	Aanvangsdatum: commissie door de Staten-Generaal.		1.0	
1891	2989	1	339	14	6	25.0	1.0	1743.0	5.0	6.0	1746.0	0	12.0	Aanvangsdatum: commissie door de Staten-Generaal.		1.0	
1892	2990	1	469	14	6	23.0	4.0	1743.0				0	11.0	Aanvangsdatum: commissie door de Staten-Generaal.		1.0	
1893	2991	1	351	14	6	18.0	7.0	1743.0	17.0	4.0	1746.0	0	10.0	Aanvangsdatum: commissie door de Staten-Generaal.		1.0	
1894	2992	1	615	14	6	18.0	4.0	1746.0	16.0	4.0	1749.0	0	10.0	Aanvangsdatum: commissie door de Staten-Generaal.		1.0	
1895	2993	1	551	14	6	6.0	6.0	1746.0	3.0	4.0	1749.0	0	12.0	Aanvangsdatum: commissie door de Staten-Generaal.		1.0	
1896	2994	1	208	14	6	26.0	4.0	1748.0	20.0	4.0	1749.0	0	11.0	Aanvangsdatum: commissie door de Staten-Generaal.		1.0	
1897	2995	1	539	14	6	4.0	4.0	1749.0	28.0	6.0	1751.0	0	12.0	Aanvangsdatum: commissie door de Staten-Generaal. Kwartier onzeker. Beëindigd door overlijden.		1.0	
1898	2996	1	702	14	6	17.0	4.0	1749.0	30.0	4.0	1752.0	0	10.0	Aanvangsdatum: commissie door de Staten-Generaal.		1.0	
1899	2997	1	600	14	6	21.0	4.0	1749.0	23.0	4.0	1752.0	0	11.0	Aanvangsdatum: commissie door de Staten-Generaal.		1.0	
1900	2998	1	258	14	6	7.0	7.0	1749.0	8.0	6.0	1750.0	0	13.0	Aanvangsdatum: commissie door de Staten-Generaal.		1.0	
1901	2999	1	465	14	6	9.0	6.0	1750.0	30.0	3.0	1752.0	0	13.0	Aanvangsdatum: commissie door de Staten-Generaal.		1.0	
1902	3000	1	631	14	6	2.0	11.0	1751.0	18.0	5.0	1752.0	0	12.0	Aanvangsdatum: commissie door de Staten-Generaal.		1.0	
1903	3001	1	208	14	6	31.0	3.0	1752.0	22.0	3.0	1756.0	0	13.0	Aanvangsdatum: commissie door de Staten-Generaal.		1.0	
1904	3002	1	798	14	6	24.0	4.0	1752.0	1.0	4.0	1755.0	0	11.0	Aanvangsdatum: commissie door de Staten-Generaal.		1.0	
1905	3003	1	912	14	6	2.0	4.0	1755.0	25.0	4.0	1758.0	0	11.0	Aanvangsdatum: commissie door de Staten-Generaal.		1.0	
1906	3005	1	469	14	6	23.0	3.0	1756.0	24.0	4.0	1757.0	0	13.0	Aanvangsdatum: commissie door de Staten-Generaal.		1.0	
1907	3006	1	691	14	6	25.0	4.0	1757.0	17.0	3.0	1760.0	0	13.0	Aanvangsdatum: commissie door de Staten-Generaal.		1.0	
1908	3007	1	323	14	6	24.0	4.0	1758.0	20.0	4.0	1761.0	0	10.0	Aanvangsdatum: commissie door de Staten-Generaal.		1.0	
1909	3008	1	562	14	6	26.0	4.0	1758.0	9.0	4.0	1761.0	0	11.0	Aanvangsdatum: commissie door de Staten-Generaal.		1.0	
1910	3009	1	224	14	6	18.0	3.0	1760.0	30.0	4.0	1761.0	0	13.0	Aanvangsdatum: commissie door de Staten-Generaal.		1.0	
1911	3010	1	279	14	6	10.0	4.0	1761.0	10.0	9.0	1764.0	0	11.0	Aanvangsdatum: commissie door de Staten-Generaal.		1.0	
1912	3011	1	600	14	6	13.0	4.0	1761.0	24.0	4.0	1764.0	0	12.0	Aanvangsdatum: commissie door de Staten-Generaal.		1.0	
1913	3012	1	468	14	6	21.0	4.0	1761.0	20.0	9.0	1762.0	0	10.0	Aanvangsdatum: commissie door de Staten-Generaal. Einddatum en reden van beëindiging onzeker.		1.0	
1914	3015	1	432	14	6	10.0	4.0	1764.0	25.0	6.0	1764.0	0		Aanvangsdatum: commissie door de Staten-Generaal. De overlap met de functie van gecommitteerde in de Provinciale Rekenkamer van Friesland is vooralsnog niet verklaarbaar.		1.0	
1915	3017	1	1020	14	6	27.0	4.0	1764.0	19.0	9.0	1765.0	0	10.0	Aanvangsdatum: commissie door de Staten-Generaal.		1.0	
1916	3018	1	600	14	6	11.0	9.0	1764.0	12.0	3.0	1767.0	0	11.0	Aanvangsdatum: commissie door de Staten-Generaal. Vervangt waarschijnlijk de overleden Johan Willem van der Haer.		1.0	
1917	3019	1	832	14	6	20.0	9.0	1765.0	8.0	4.0	1767.0	0	10.0	Aanvangsdatum: commissie door de Staten-Generaal.		1.0	
1918	3020	1	791	14	6	5.0	5.0	1766.0	26.0	4.0	1767.0	0	13.0	Aanvangsdatum: commissie door de Staten-Generaal.		1.0	
1919	3021	1	291	14	6	27.0	4.0	1767.0	19.0	4.0	1769.0	0	13.0	Aanvangsdatum: commissie door de Staten-Generaal.		1.0	
1920	3022	1	652	14	6	9.0	4.0	1772.0			1773.0	0	13.0	Aanvangsdatum: commissie door de Staten-Generaal.		1.0	
1921	3023	1	486	14	6	8.0	4.0	1773.0				0		Aanvangsdatum: commissie door de Staten-Generaal.		1.0	
1922	3024	1	707	14	6	15.0	4.0	1773.0	30.0	4.0	1776.0	0	10.0	Aanvangsdatum: commissie door de Staten-Generaal.		1.0	
1923	3025	1	586	14	6	16.0	4.0	1773.0	30.0	4.0	1776.0	0		Aanvangsdatum: commissie door de Staten-Generaal.		1.0	
1924	3027	1	227	14	6	19.0	3.0	1776.0	30.0	4.0	1779.0	0		Aanvangsdatum: commissie door de Staten-Generaal. Deze functie werd mogelijk niet door hem bekleed, maar door een naam- en tijdgenoot (elders in deze database, twee personen).		1.0	
1925	3028	1	357	14	6	26.0	4.0	1776.0	30.0	4.0	1779.0	0		Aanvangsdatum: commissie door de Staten-Generaal.		1.0	
1926	3029	1	586	14	6	26.0	4.0	1779.0	26.0	4.0	1781.0	0	12.0	Aanvangsdatum: commissie door de Staten-Generaal.		1.0	
1927	3030	1	706	14	6	17.0	5.0	1779.0	10.0	2.0	1780.0	0	13.0	Aanvangsdatum: commissie door de Staten-Generaal. Kwartier en eindjaar onzeker.		1.0	
1928	3031	1	583	14	6	11.0	2.0	1780.0	17.0	4.0	1781.0	0	13.0	Aanvangsdatum: commissie door de Staten-Generaal.		1.0	
1929	3032	1	855	14	6	18.0	4.0	1781.0	14.0	4.0	1783.0	0	13.0	Aanvangsdatum: commissie door de Staten-Generaal.		1.0	
1930	3033	1	587	14	6	27.0	4.0	1781.0	24.0	4.0	1782.0	0	12.0	Aanvangsdatum: commissie door de Staten-Generaal.		1.0	
1931	3034	1	829	14	6	25.0	4.0	1788.0			1790.0	0	13.0	Aanvangsdatum: commissie door de Staten-Generaal.		1.0	
1932	3035	1	1006	14	6	25.0	3.0	1794.0			1795.0	0		Aanvangsdatum: commissie door de Staten-Generaal.		1.0	
1933	3036	1	481	14	6	18.0	4.0	1645.0	23.0	3.0	1648.0	0	11.0	Aanvangsdatum: commissie door de Staten-Generaal.		1.0	
1934	3040	1	426	14	6	6.0	11.0	1652.0	5.0	5.0	1653.0	0	13.0	Aanvangsdatum: commissie door de Staten-Generaal.		1.0	
1935	3041	1	524	14	6	17.0	4.0	1653.0	8.0	5.0	1656.0	0	12.0	Aanvangsdatum: commissie door de Staten-Generaal.		1.0	
1936	3042	1	946	14	6	4.0	8.0	1653.0	27.0	4.0	1656.0	0	10.0	Aanvangsdatum: commissie door de Staten-Generaal.		1.0	
1937	3043	1	946	6	5	27.0	9.0	1625.0	18.0	2.0	1653.0	0		Aanvangsdatum (Oude Stijl): sessiename.			
1938	3044	1	948	14	6	11.0	10.0	1653.0	31.0	5.0	1656.0	0	11.0	Aanvangsdatum: commissie door de Staten-Generaal.		1.0	
1939	3046	1	1024	14	6	24.0	3.0	1656.0				0		Aanvangsdatum: commissie door de Staten-Generaal. Zitting voor Friesland onzeker.		1.0	
1940	3047	1	696	14	6	28.0	4.0	1656.0				0	10.0	Aanvangsdatum: commissie door de Staten-Generaal.		1.0	
1941	3048	1	404	14	6	9.0	5.0	1656.0	8.0	7.0	1659.0	0	12.0	Aanvangsdatum: commissie door de Staten-Generaal.		1.0	
1942	3049	1	481	14	6	1.0	6.0	1656.0				0	11.0	Aanvangsdatum: commissie door de Staten-Generaal.		1.0	
1943	3050	1	287	14	6	9.0	7.0	1659.0	18.0	5.0	1662.0	0	12.0	Aanvangsdatum: commissie door de Staten-Generaal.		1.0	
1944	3051	1	802	14	6	17.0	5.0	1663.0	17.0	4.0	1665.0	0	13.0	Aanvangsdatum: commissie door de Staten-Generaal.		1.0	
1945	3052	1	464	14	6	18.0	4.0	1665.0	20.0	4.0	1666.0	0	13.0	Aanvangsdatum: commissie door de Staten-Generaal.		1.0	
1946	3053	1	650	14	6	20.0	4.0	1665.0	10.0	4.0	1671.0	0	12.0	Aanvangsdatum: commissie door de Staten-Generaal.		1.0	
1947	3054	1	340	14	6	15.0	5.0	1665.0	21.0	4.0	1667.0	0	10.0	Aanvangsdatum: commissie door de Staten-Generaal.		1.0	
1948	3055	1	342	14	6	21.0	4.0	1666.0	13.0	3.0	1667.0	0	13.0	Aanvangsdatum: commissie door de Staten-Generaal.		1.0	
1949	3057	1	958	14	6	14.0	3.0	1667.0	31.0	5.0	1668.0	0	10.0	Aanvangsdatum: commissie door de Staten-Generaal.		1.0	
1950	3058	1	778	14	6	1.0	6.0	1668.0	21.0	4.0	1670.0	0	10.0	Aanvangsdatum: commissie door de Staten-Generaal.		1.0	
1951	3060	1	655	14	6	25.0	3.0	1669.0	21.0	4.0	1670.0	0	13.0	Aanvangsdatum: commissie door de Staten-Generaal.		1.0	
1952	3061	1	802	14	6	22.0	4.0	1670.0			1672.0	0	13.0	Aanvangsdatum: commissie door de Staten-Generaal. Beëindigd door overlijden vóór 17 februari.		1.0	
1953	3062	1	423	14	6	12.0	3.0	1671.0	15.0	3.0	1672.0	0	11.0	Aanvangsdatum: commissie door de Staten-Generaal.		1.0	
1954	3063	1	167	14	6	17.0	3.0	1671.0	11.0	1.0	1672.0	0	10.0	Aanvangsdatum: commissie door de Staten-Generaal. De einddatum is afgeleid van de aanvangsdatum als raadsheer in het Hof van Friesland.		1.0	
1955	3064	1	836	19	43			1675.0			1707.0	1					
1956	3066	1	842	6	5	12.0	4.0	1679.0	18.0	6.0	1706.0	0		Aanvangsdatum (OudeStijl): sessiename. Nam het ambt waar voor zijn zoon Johannes Saaksma van Wijckel van 19 juni 1706 tot 13 mei 1707.			
1957	3070	1	851	14	7	15.0	6.0	1628.0	1.0	5.0	1631.0	0	12.0	Aanvangsdatum: sessiename. Onzeker bij deze persoon; de commissie van de Staten-Generaal (alsmede de daarvan afgeleide bronnen) vermeldt alleen 'Dr. Jeltinga', Nationaal archief, provinciale resoluties, inv. nr. 369, f. 660 geeft voornaam 'Jelto'. Een persoon met die naam echter niet aangetroffen in De Haan Hettema (zie 'Bronnen').		1.0	
1958	3071	1	129	7	1	12.0	4.0	1600.0	3.0	4.0	1603.0	0		Aanvangsdatum (Oude Stijl): commissie. Beëindigd wegens benoeming tot raadsheer in het college.			
1959	3074	1	156	14	15	27.0	10.0	1645.0	6.0	6.0	1646.0	0		Aanvangsdatum: sessiename.		1.0	
1960	3076	1	255	13	11	1.0	5.0	1660.0	31.0	10.0	1664.0	0	10.0	Aanvangsdatum onzeker; volgde mogelijk tussentijds Hessel Meckema van Aylva op. Vanwege de benoemingsdatum van zijn opvolger Sjoerd van Aylva is uitgegaan van zitting tot 31 oktober.		1.0	
1961	3077	1	418	14	31			1668.0				0		Onzeker bij deze persoon. De ondertekening in het eedboek (zie institutionele toelichting) geeft alleen 'H. van Glinstra'. Tegen pleit dat de handtekeningen in het eedboek van de gecommitteerde in de rekenkamer lijkt af te wijken van die van de leden van Gedeputeerde Staten in later jaren, en dat Hector Epeusz. in 1668 eveneens in de Generaliteits-Rekenkamer is benoemd.			
1962	3079	1	910	7	1	7.0	4.0	1742.0	8.0	12.0	1749.0	0		Aanvangsdatum: commissie.			
1963	3085	1	1001	9	60			1785.0				0					
1964	3092	1	647	14	9	8.0	6.0	1604.0	30.0	5.0	1607.0	0		Aanvangsdatum: commissie door de Staten-Generaal.		1.0	
1965	3094	1	649	14	9	1.0	6.0	1622.0	17.0	3.0	1623.0	0		Aanvangsdatum: commissie door de Staten-Generaal.		1.0	
1966	3095	1	647	14	9	4.0	7.0	1624.0	20.0	10.0	1625.0	0		Aanvangsdatum: commissie door de Staten-Generaal.		1.0	
1967	3096	0	498	13	11	20.0	1.0	1585.0			1589.0	0		Aanvangsdatum: eerste aanwezigheid.		1.0	
1968	3099	1	635	13	11	10.0	12.0	1588.0	19.0	5.0	1591.0	0		Aanvangsdatum: eerste aanwezigheid. Hoewel hij eind mei opgevolgd lijkt te worden door Cammingha, komt hij in de Resolutiën der Staten-Generaal 1590-1592, 297 (zie institutionele toelichting) na die datum nog voor als voorzitter. Mogelijk was hij op dat moment extraordinaris gedeputeerde.		1.0	
1969	3101	1	498	13	11	20.0	5.0	1591.0			1592.0	0		Aanvangsdatum: eerste aanwezigheid.		1.0	
1970	3102	1	482	13	11	10.0	9.0	1593.0	12.0	4.0	1599.0	0	11.0	Aanvangsdatum: eerste aanwezigheid. Opgevolgd door Eysinga.		1.0	
1971	3103	1	408	13	11	17.0	10.0	1594.0	30.0	4.0	1601.0	0		Aanvangsdatum: eerste aanwezigheid. De einddatum is niet geheel zeker; was op 13 april 1601 in ieder geval nog in leven, blijkens een resolutie van de Staten-Generaal van die dag.		1.0	
1972	3105	1	1026	13	11	13.0	4.0	1599.0	30.0	4.0	1601.0	0		Aanvangsdatum: eerste aanwezigheid. Compareerde niet in 1600 en 1601.		1.0	
1973	3112	1	135	13	11	1.0	5.0	1610.0	30.0	4.0	1611.0	0	13.0	Beëindigd wegens benoeming tot commies-generaal van de convooien en licenten.		1.0	
1974	3116	1	411	13	11	1.0	5.0	1616.0	23.0	7.0	1616.0	0	13.0	Waarschijnlijk beëindigd door overlijden; hij was althans op 23 juli 1616 voor het laatst aanwezig; zijn opvolger Jan Nanninga was op 6 maart 1617 voor het eerst aanwezig.		1.0	
1975	3117	1	512	13	11	6.0	3.0	1617.0	30.0	4.0	1619.0	0	13.0	Aanvangsdatum: eerste aanwezigheid. Einddatum: formeel einde van de zittingstermijn.		1.0	
1976	3120	1	654	14	9	26.0	6.0	1620.0	31.0	5.0	1622.0	0		Aanvangsdatum: commissie door de Staten-Generaal.		1.0	
1977	3127	0	272	13	11	7.0	1.0	1586.0	1.0	9.0	1588.0	0		Aanvangsdatum: eerste aanwezigheid. Einddatum: dag waarop de vergadering uiteenging.		1.0	
1978	3129	1	409	13	11	1.0	5.0	1631.0			1632.0	0	12.0	Aanvangsdatum: formeel begin van de zittingstermijn.Mogelijk eerder beëindigd door overlijden.		1.0	
1979	3130	1	518	13	11	1.0	5.0	1634.0			1636.0	0	13.0	Aanvangsdatum: formeel begin van de zittingstermijn. Het Jaarboek van het Centraal Bureau voor Genealogie 20 (1966) 129 geeft onjuist aanvangsjaar 1632.		1.0	
1980	3131	1	514	13	11	1.0	5.0	1631.0	30.0	4.0	1634.0	0	11.0	Aanvangs- en einddatum: formeel begin en einde van de zittingstermijn. De einddatum is echter onzeker; de lijst van Engels (zie institutionele toelichting) vermeldt hem in 1634 niet.		1.0	
1981	3133	1	481	13	11			1636.0			1640.0	0	11.0			1.0	
1982	3135	1	595	13	5	12.0	2.0	1728.0	4.0	4.0	1730.0	0	10.0	Aanvangsdatum: sessiename.	4.0		
1983	3136	1	595	13	5	12.0	2.0	1743.0	13.0	2.0	1746.0	0	10.0	Aanvangsdatum: sessiename.	4.0		
1984	3137	1	1027	13	11	1.0	5.0	1637.0	30.0	4.0	1639.0	0	10.0	Aanvangs- en einddatum: formeel begin en einde van de zittingstermijn. Engels (zie institutionele toelichting) is niet zeker of Johannes Onuphrius dan wel een andere Schwartzenberg gedeputeerde was.		1.0	
1985	3143	1	380	13	11			1642.0			1645.0	0		De lijst van Engels (zie institutionele toelichting) geeft zijn naam al in 1641. Omdat hij echter in dat jaar nog gecommitteerde in de Generaliteits-Rekenkamer was, is aangenomen dat hij toen nog als extraordinaris gedeputeerde optrad.		1.0	
1986	3144	1	140	13	11			1640.0			1644.0	0		Onzeker bij deze persoon.		1.0	
1987	3145	1	137	13	11	1.0	5.0	1646.0	11.0	5.0	1655.0	0	13.0	Aanvangsdatum: formeel einde van de zittingstermijn. Beëindigd door overlijden. De functie werd sedert 17 maart 1655 wegens ziekte waargenomen door Horatius Knijff.		1.0	
1988	3147	1	455	13	11			1648.0			1649.0	0	11.0	Zitting voor Westergo berust op reconstructie.		1.0	
1989	3148	1	136	14	15	5.0	8.0	1614.0	28.0	12.0	1616.0	0		Aanvangsdatum: sessiename. Deze termijn ontbreekt in De algemene rekenkamer in de Nederlanden (zie institutionele toelichting). Donia werd op 5 augustus door de Staten-Generaal toegang verleend op een eerder gedane eed. Opgevolgd door Pieter van Eysinga.		1.0	
1990	3149	1	522	14	15	4.0	2.0	1651.0	2.0	5.0	1652.0	0		Aanvangsdatum: eerste aanwezigheid. De sessiename wordt niet vermeld in de resoluties van het college.		1.0	
1991	3150	1	1029	14	6	10.0	3.0	1631.0	12.0	5.0	1632.0	0	13.0	Aanvangsdatum: commissie door de Staten-Generaal.		1.0	
1992	3151	1	481	14	6	20.0	3.0	1631.0				0	11.0	Aanvangsdatum: commissie door de Staten-Generaal.		1.0	
1993	3153	1	1030	14	6	20.0	3.0	1631.0			1631.0	0	10.0	Aanvangsdatum: commissie door de Staten-Generaal. Beëindigd door overlijden.		1.0	
1994	3154	1	651	14	6	20.0	3.0	1631.0				0	12.0	Aanvangsdatum: commissie door de Staten-Generaal.		1.0	
1995	3155	1	1031	14	6	2.0	7.0	1627.0				0		Aanvangsdatum: commissie door de Staten-Generaal.		1.0	
1996	3156	1	1032	14	6	26.0	6.0	1627.0				0		Aanvangsdatum: commissie door de Staten-Generaal.		1.0	
1997	3157	1	1033	14	6	24.0	7.0	1629.0	9.0	3.0	1631.0	0	13.0	Aanvangsdatum: commissie door de Staten-Generaal.		1.0	
1998	3158	1	1034	14	6	20.0	3.0	1631.0				0		Aanvangsdatum: commissie door de Staten-Generaal.		1.0	
1999	3159	1	654	14	6	13.0	5.0	1632.0		7.0		0	13.0	Aanvangsdatum: commissie door de Staten-Generaal.		1.0	
2000	3160	1	1035	14	6	18.0	1.0	1734.0			1735.0	0	13.0	Aanvangsdatum: commissie door de Staten-Generaal. Beëindigd door overlijden vóór 7 juli.		1.0	
2001	3161	1	762	13	5			1591.0			1593.0	0	10.0				
2002	3162	1	103	23	1	27.0	10.0	1587.0	16.0	5.0	1603.0	0	10.0	Aanvangsdatum (Oude Stijl): commissie. Zitting voor Oostergo onzeker. Beëindigd door overlijden.			
2003	3163	1	165	13	11	1.0	5.0	1655.0	30.0	4.0	1658.0	0	13.0	Aanvangs- en einddatum: formeel begin en einde van de zittingstermijn. Benoeming door de stadhouder van Friesland op 28 juni.		1.0	
2004	3173	1	803	13	11	1.0	5.0	1679.0			1680.0	0	13.0	Aanvangsdatum: formeel begin van de zittingstermijn. Beëindigd door overlijden vóór 28 mei.		1.0	
2005	3174	1	534	13	11	5.0	6.0	1680.0	30.0	4.0	1682.0	0	13.0	Aanvangsdatum: benoeming door de stadhouder van Friesland. Einddatum: formeel einde van de zittingstermijn.		1.0	
2006	3175	1	538	13	11	1.0	5.0	1682.0	30.0	4.0	1686.0	0	13.0	Aanvangs- en einddatum: formeel begin en einde van de zittingstermijn. Van 1682 tot 1685 mogelijk vijfde ordinaris gedeputeerde.		1.0	
2007	3184	1	545	13	11	1.0	11.0	1699.0	30.0	4.0	1700.0	0	13.0	Aanvangs- en einddatum: formeel begin en einde van de zittingstermijn. Benoeming door de stadhouder van Friesland op 18 november.		1.0	
2008	3198	1	560	13	11	1.0	5.0	1763.0	5.0	4.0	1764.0	0	13.0	Beëindigd door overlijden.		1.0	
2009	3199	1	558	13	11	1.0	5.0	1764.0	30.0	4.0	1768.0	0	13.0			1.0	
2010	3204	1	464	13	11	1.0	5.0	1647.0	30.0	4.0	1649.0	0	13.0	Aanvangs- en einddatum: formeel begin en einde van de zittingstermijn. Vijfde ordinaris gedeputeerde. Werd ook voor het jaar 1649-1650 gekozen tot vijfde ordinaris gedeputeerde. Omdat hij echter in 1649 ook in Gedeputeerde Staten van Friesland werd verkozen en beide ambten onverenigbaar waren, is er vanuit gegaan dat Haubois tot 1649 gedeputeerde ter Staten-Generaal was.		1.0	
2011	3205	1	1044	14	6	6.0	4.0	1647.0	30.0	4.0	1649.0	0	13.0	Aanvangsdatum: commissie door de Staten-Generaal.		1.0	
2012	3207	1	1046	14	6	1.0	5.0	1651.0			1652.0	0	13.0	Aanvangsdatum: formeel begin van de zittingstermijn. Beëindigd door overlijden vóór 22 oktober.		1.0	
2013	3209	1	1048	14	6	6.0	5.0	1653.0	16.0	2.0	1654.0	0	13.0	Aanvangsdatum: commissie door de Staten-Generaal.		1.0	
2014	3210	1	388	14	6	17.0	2.0	1654.0	1.0	4.0	1655.0	0	13.0	Aanvangsdatum: commissie door de Staten-Generaal.		1.0	
2015	3212	1	1049	14	6	2.0	4.0	1655.0	30.0	4.0	1657.0	0	13.0	Aanvangsdatum: commissie door de Staten-Generaal.		1.0	
2016	3214	1	1044	14	6	7.0	4.0	1659.0	19.0	4.0	1661.0	0	13.0	Aanvangsdatum: commissie door de Staten-Generaal.		1.0	
2017	3215	1	607	13	11	1.0	5.0	1661.0	30.0	4.0	1663.0	0	13.0	Aanvangs- en einddatum: formeel begin en einde van de zittingstermijn. Vijfde ordinaris gedeputeerde.		1.0	
2018	3217	1	317	13	11	1.0	5.0	1664.0	30.0	4.0	1665.0	0	13.0	Aanvangs- en einddatum: formeel begin en einde van de zittingstermijn. Vijfde ordinaris gedeputeerde.		1.0	
2019	3219	1	1050	13	11	1.0	5.0	1670.0	30.0	4.0	1672.0	0	13.0	Aanvangs- en einddatum: formeel begin en einde van de zittingstermijn. Vijfde ordinaris gedeputeerde.		1.0	
2020	3222	1	800	14	6	16.0	3.0	1672.0	23.0	4.0	1673.0	0	13.0	Aanvangsdatum: commissie door de Staten-Generaal.		1.0	
2021	3226	1	1039	14	6	27.0	3.0	1679.0	25.0	4.0	1681.0	0	13.0	Aanvangsdatum: commissie door de Staten-Generaal.		1.0	
2022	3229	1	418	13	11	1.0	5.0	1688.0	30.0	4.0	1689.0	0	13.0	Aanvangs- en einddatum: formeel begin en einde van de zittingstermijn. Vijfde ordinaris gedeputeerde. De overlap tussen de zitting in de Staten-Generaal en Gedeputeerde Staten van Friesland is vooralsnog onverklaarbaar. De lijsten van beide colleges door Engels (zie institutionele toelichtingen) lijken er echter geen twijfel over te laten bestaan dat het hier om dezelfde persoon gaat.		1.0	
2023	3230	1	800	14	6	4.0	8.0	1688.0	9.0	4.0	1693.0	0	13.0	Aanvangsdatum: commissie door de Staten-Generaal.		1.0	
2024	3231	1	545	13	11	1.0	5.0	1689.0	30.0	4.0	1691.0	0	13.0	Aanvangs- en einddatum: formeel begin en einde van de zittingstermijn. Vijfde ordinaris gedeputeerde. Tresoar, stadhouderlijk archief, inv. nr. 361 (zie institutionele toelichting) geeft voorletter 'A'. De enig bekende persoon met deze voorletter die bestuurlijk actief was, was Abraham van Schuurman (de vader van Johan Abraham). Gezien zijn geboortejaar 1595 is het onwaarschijnlijk dat hij in 1689 nog leefde.		1.0	
2025	3234	1	1054	14	15	25.0	9.0	1690.0	30.0	4.0	1691.0	0	13.0	Aanvangsdatum: sessiename.		1.0	
2026	3236	1	536	13	11	1.0	5.0	1694.0	30.0	4.0	1696.0	0	13.0	Aanvangs- en einddatum: formeel begin en einde van de zittingstermijn. Vijfde ordinaris gedeputeerde. Eindjaar onzeker.		1.0	
2027	3237	1	1056	13	11	1.0	5.0	1700.0	30.0	4.0	1703.0	0	13.0	Aanvangs- en einddatum: formeel begin en einde van de zittingstermijn. Vijfde ordinaris gedeputeerde. Eindjaar onzeker.		1.0	
2028	3238	1	195	13	11	1.0	5.0	1712.0	30.0	4.0	1715.0	0	13.0	Aanvangs- en einddatum: formeel begin en einde van de zittingstermijn. Vijfde ordinaris gedeputeerde.		1.0	
2029	3239	1	1057	14	6	18.0	4.0	1716.0	30.0	3.0	1718.0	0	13.0	Aanvangsdatum: commissie door de Staten-Generaal. De zittingsjaren zijn onzeker; Tresoar, stadhouderlijk archief, inv. nr. 361 (zie institutionele toelichting) meldt dat Simens de functie geheel of gedeeltelijk heeft overgedragen aan Frederick van Sminia, maar de commissiedata van beiden stemmen niet met die gegevens overeen.		1.0	
2030	3241	1	545	13	11	1.0	5.0	1718.0	30.0	4.0	1721.0	0	13.0	Aanvangs- en einddatum: formeel begin en einde van de zittingstermijn. Vijfde ordinaris gedeputeerde.		1.0	
2031	3242	1	1057	14	6	17.0	4.0	1719.0	16.0	4.0	1720.0	0	13.0	Aanvangsdatum: commissie door de Staten-Generaal.		1.0	
2032	3243	1	1041	13	11	1.0	5.0	1724.0		4.0	1726.0	0	13.0	Aanvangsdatum: formeel begin van de zittingstermijn. Vijfde ordinaris gedeputeerde. Beëindigd door overlijden.		1.0	
2033	3244	1	1057	14	6	14.0	4.0	1725.0	11.0	4.0	1726.0	0	13.0	Aanvangsdatum: commissie door de Staten-Generaal.		1.0	
2034	3245	1	545	13	11	26.0	4.0	1726.0	30.0	4.0	1727.0	0	13.0	Vijfde ordinaris gedeputeerde. Aanvangsdatum: benoeming door de stadhouder. Volgt de overleden Portz op. Einddatum: formeel einde van de zittingstermijn.		1.0	
2035	3247	1	258	13	11	1.0	5.0	1730.0	30.0	4.0	1733.0	0	13.0	Aanvangs- en einddatum: formeel begin en einde van de zittingstermijn. Vijfde ordinaris gedeputeerde.		1.0	
2036	3248	1	1035	14	6	16.0	3.0	1731.0	8.0	4.0	1732.0	0	13.0	Aanvangsdatum: commissie door de Staten-Generaal.		1.0	
2037	3249	1	900	14	31	1.0	5.0	1734.0		6.0	1737.0	0	13.0	Aanvangsdatum: formeel begin van de zittingstermijn. Beëindigd door overlijden op 24 of 28 juni.			
2038	3252	1	274	13	11	1.0	5.0	1697.0	31.0	10.0	1698.0	0	13.0	Aanvangsdatum: formeel begin van de zittingstermijn. Het is onzeker of deze functie bij deze persoon hoort; Tresoar, archief Staten van Friesland 1580-1795, inv. nr. 2585 (zie institutionele toelichting) geeft geen voornamen.		1.0	
2039	3253	1	876	13	11	1.0	11.0	1698.0	17.0	11.0	1699.0	0	13.0	Aanvangsdatum: formeel begin van de zittingstermijn. Beëindiging wegens benoeming tot commies-generaal van de convooien en licenten.		1.0	
2040	3254	1	454	13	11	1.0	5.0	1736.0	30.0	4.0	1739.0	0	13.0	Aanvangs- en einddatum: formeel begin en einde van de zittingstermijn. Vijfde ordinaris gedeputeerde.		1.0	
2041	3257	1	590	13	11	1.0	5.0	1742.0	30.0	4.0	1745.0	0	13.0	Aanvangs- en einddatum: formeel begin en einde van de zittingstermijn. Vijfde ordinaris gedeputeerde.		1.0	
2042	3258	1	893	14	6	26.0	3.0	1744.0	22.0	1.0	1745.0	0	13.0	Aanvangsdatum: commissie door de Staten-Generaal. Beëindigd door overlijden.		1.0	
2043	3262	1	317	13	11	1.0	5.0	1662.0				0	12.0	Aanvangsdatum: commissie door de Staten van Friesland. Kwartier onzeker.		1.0	
2044	3267	1	415	13	11	1.0	5.0	1665.0	30.0	4.0	1666.0	0	13.0	Aanvangs- en einddatum: formeel begin en einde van de zittingstermijn. Vijfde ordinaris gedeputeerde. Commissie door de Staten van Friesland 29 april (Oude Stijl).		1.0	
2045	3269	1	1062	13	11	1.0	5.0	1681.0				0		Aanvangsdatum: formeel begin van de zittingstermijn. Commissie door de Staten van Friesland op 7 mei (Oude Stijl). Komt niet voor in de lijst van Engels (zie institutionele toelichting).		1.0	
2046	3270	1	560	13	11	1.0	5.0	1750.0	30.0	4.0	1751.0	0	13.0	Aanvangs- en einddatum: formeel begin en einde van de zittingstermijn. Vijfde ordinaris gedeputeerde.		1.0	
2047	3272	1	454	14	7	1.0	5.0	1757.0	1.0	5.0	1758.0	0	13.0	Aanvangsdatum: sessiename.		1.0	
2048	3273	1	558	13	11	1.0	5.0	1758.0	30.0	4.0	1760.0	0	10.0	Mogelijk extraordinaris gedeputeerde.		1.0	
2049	3274	1	560	13	11	1.0	5.0	1760.0	30.0	4.0	1763.0	0	13.0	Vijfde ordinaris gedeputeerde.		1.0	
2050	3275	1	691	14	6	1.0	5.0	1761.0	4.0	5.0	1766.0	0	13.0	Deze functie wordt alleen genoemd in Tresoar, stadhouderlijk archief, inv. nr. 361 (zie institutionele toelichting). Aanvangsdatum: formeel begin van de zittingstermijn.		1.0	
2051	3277	1	568	14	15	1.0	10.0	1766.0	30.0	4.0	1769.0	0	13.0	Aanvangsdatum: sessiename.		1.0	
2052	3278	1	562	13	11	1.0	5.0	1766.0	30.0	4.0	1767.0	0	13.0	Vijfde ordinaris gedeputeerde.		1.0	
2053	3279	1	558	13	11	1.0	5.0	1768.0	30.0	4.0	1770.0	0	11.0			1.0	
2054	3280	1	321	14	7	1.0	5.0	1769.0	9.0	5.0	1771.0	0	13.0	Aanvangsdatum: sessiename.		1.0	
2055	3281	1	558	13	11	1.0	5.0	1774.0	30.0	4.0	1775.0	0	13.0	Aanvangs- en einddatum: formeel begin en einde van de zittingstermijn. Eindjaar mogelijk later.		1.0	
2056	3283	1	583	13	11	1.0	5.0	1772.0	30.0	4.0	1775.0	0	13.0	Aanvangs- en einddatum: formeel begin en einde van de zittingstermijn. Vijfde ordinaris gedeputeerde.		1.0	
2057	3285	1	558	13	11	1.0	5.0	1778.0	25.0	7.0	1780.0	0	13.0	Aanvangsdatum: formeel begin van de zittingstermijn. Beëindigd door overlijden.		1.0	
2058	3287	1	694	14	7	1.0	5.0	1787.0	5.0	5.0	1788.0	0	13.0	Aanvangsdatum: sessiename.		1.0	
2059	3288	1	689	14	7	1.0	5.0	1745.0	30.0	4.0	1748.0	0	13.0	Aanvangsdatum: sessiename.		1.0	
2060	3290	1	684	14	7	1.0	5.0	1709.0	30.0	4.0	1712.0	0	13.0	Aanvangsdatum: sessiename. Behoudt zitting, maar voor het kwartier Zevenwolden.		1.0	
2061	3291	1	684	14	7	1.0	5.0	1712.0	8.0	5.0	1713.0	0	12.0	Aanvangsdatum: sessiename.		1.0	
2062	3292	1	683	14	7	22.0	5.0	1698.0	30.0	4.0	1700.0	0	13.0	Aanvangsdatum: sessiename. Behoudt zitting, maar voor het kwartier Zevenwolden.		1.0	
2063	3293	1	683	14	7	1.0	5.0	1706.0	30.0	5.0	1707.0	0	12.0	Aanvangsdatum: sessiename.		1.0	
2064	3294	1	683	14	7	1.0	5.0	1703.0	30.0	4.0	1706.0	0	13.0	Aanvangsdatum: sessiename. Behoudt zitting, maar voor het kwartier Zevenwolden.		1.0	
2065	3295	1	466	14	7	1.0	5.0	1685.0	10.0	5.0	1688.0	0	13.0	Aanvangsdatum: sessiename. Mogelijk eerder beëindigd door overlijden.		1.0	
2066	3296	1	466	14	7	1.0	5.0	1676.0	30.0	4.0	1679.0	0	12.0	Aanvangsdatum: sessiename. Behoudt zitting, maar voor het kwartier der Steden.		1.0	
2067	3297	1	466	14	7	1.0	5.0	1679.0	30.0	4.0	1682.0	0	13.0	Aanvangsdatum: sessiename. Behoudt zitting, maar voor het kwartier Zevenwolden.		1.0	
2068	3300	1	679	14	7	1.0	5.0	1652.0	30.0	4.0	1653.0	0	12.0	Aanvangsdatum: sessiename.		1.0	
2069	3301	1	539	14	6	13.0	3.0	1713.0	17.0	4.0	1716.0	0	13.0	Aanvangsdatum: commissie door de Staten-Generaal. Zitting in het laatste jaar is niet geheel zeker; Tresoar, stadhouderlijk archief, inv. nr. 361 (zie institutionele toelichting). meldt dat Bincke Simens de functie geheel of gedeeltelijk aan hem heeft overgedragen, maar de commissiedata van beiden stemmen niet met die gegevens overeen.		1.0	
2070	3302	1	937	13	11	1.0	5.0	1706.0	30.0	4.0	1709.0	0	13.0	Aanvangs- en einddatum: formeel begin en einde van de zittingstermijn. Vijfde ordinaris gedeputeerde.		1.0	
2071	3304	1	585	13	11	1.0	5.0	1779.0	30.0	4.0	1781.0	0	13.0	Aanvangs- en einddatum: formeel begin en einde van de zittingstermijn. Vijfde ordinaris gedeputeerde.		1.0	
2072	3308	1	575	13	11	1.0	5.0	1784.0	30.0	4.0	1785.0	0	13.0	Aanvangs- en einddatum: formeel begin en einde van de zittingstermijn. Vijfde ordinaris gedeputeerde.		1.0	
2073	3309	1	577	13	11	1.0	11.0	1786.0	30.0	4.0	1787.0	0	13.0	Aanvangs- en einddatum: formeel begin en einde van de zittingstermijn. Mogelijk vijfde ordinaris gedeputeerde.		1.0	
2074	3310	1	326	13	11	1.0	5.0	1788.0	30.0	4.0	1789.0	0	13.0	Aanvangs- en einddatum: formeel begin en einde van de zittingstermijn. Mogelijk vijfde ordinaris gedeputeerde.		1.0	
2075	3311	1	581	13	11	1.0	5.0	1790.0	30.0	4.0	1792.0	0	13.0	Aanvangs- en einddatum: formeel begin en einde van de zittingstermijn. Mogelijk vijfde ordinaris gedeputeerde.		1.0	
2076	3314	1	374	13	11	1.0	5.0	1650.0			1650.0	0	12.0	Aanvangsdatum: formeel begin van de zittingstermijn. Mogelijk vijfde ordinaris gedeputeerde.		1.0	
2077	3315	1	1063	13	11	1.0	5.0	1651.0	30.0	4.0	1652.0	0	10.0	Aanvangs- en einddatum: formeel begin en einde van de zittingstermijn. Mogelijk eerder beëindigd door overlijden.		1.0	
2078	3316	1	525	13	11	1.0	5.0	1652.0	23.0	10.0	1659.0	0	10.0	Aanvangsdatum: formeel begin van de zittingstermijn. Eindjaar onzeker, echter een benoeming voor Oostergo pas weer aangetroffen in het jaar van overlijden van Van Wijckel. Het overlijden is dan ook waarschijnlijk de reden van beëindiging.		1.0	
2079	3317	1	1064	13	11			1659.0	30.0	4.0	1660.0	0	10.0	Einddatum: formeel  einde van de zittingstermijn. Mogelijk eerder beëindigd door overlijden.		1.0	
2080	3322	1	1065	13	11	1.0	5.0	1683.0	30.0	4.0	1689.0	0	10.0	Aanvangs- en einddatum: formeel begin en einde van de zittingstermijn. Zat waarschijnlijk twee termijnen aaneen, hoewel uit 1686 geen aanstelling voor Oostergo bekend is.		1.0	
2081	3323	1	456	13	11	1.0	5.0	1689.0	30.0	4.0	1692.0	0	10.0	Aanvangs- en einddatum: formeel begin en einde van de zittingstermijn. Onzeker bij deze persoon. De functie werd mogelijk uitgeoefend door zijn naamgenoot (1626-1708, elders in deze database).		1.0	
2082	3325	1	1066	13	11	1.0	5.0	1693.0	14.0	3.0	1694.0	0	10.0	Aanvangsdatum: formeel begin van de zittingstermijn. Beëindigd door overlijden.		1.0	
2083	3342	1	457	13	11			1748.0			1750.0	0	12.0			1.0	
2084	3345	1	1068	13	5	12.0	5.0	1785.0			1788.0	0	12.0	Aanvangsdatum: sessiename.	21.0		
2085	3346	1	558	13	11	1.0	5.0	1757.0	30.0	4.0	1758.0	0	12.0	Vijfde ordinaris gedeputeerde.		1.0	
2086	3356	1	572	13	11			1794.0			1795.0	0	11.0			1.0	
2087	3361	1	361	13	11			1711.0			1716.0	0	12.0			1.0	
2088	3362	1	842	13	11			1716.0			1716.0	0	12.0			1.0	
2089	3363	1	545	13	11			1727.0			1728.0	0	12.0			1.0	
2090	3364	1	424	13	11			1728.0			1729.0	0	12.0			1.0	
2091	3365	1	206	13	11			1729.0			1730.0	0	12.0			1.0	
2092	3366	1	457	13	11			1731.0			1733.0	0	12.0			1.0	
2093	3367	1	454	13	11			1733.0			1735.0	0	12.0			1.0	
2094	3368	1	547	13	11			1735.0	28.0	7.0	1738.0	0	12.0	Beëindigd door overlijden.		1.0	
2095	3369	1	206	13	11			1738.0			1740.0	0	12.0			1.0	
2096	3370	1	206	13	11			1740.0			1742.0	0	12.0	Vijfde ordinaris gedeputeerde.		1.0	
2097	3371	1	308	13	11			1740.0			1743.0	0	12.0			1.0	
2098	3372	1	206	13	11			1743.0			1746.0	0	12.0			1.0	
2099	3373	1	558	13	11			1745.0			1746.0	0	12.0	Vijfde ordinaris gedeputeerde.		1.0	
2100	3374	1	593	13	11			1746.0			1748.0	0	12.0			1.0	
2101	3375	1	308	13	11			1746.0			1747.0	0	12.0	Vijfde ordinaris gedeputeerde.		1.0	
2102	3376	1	1070	13	11			1747.0			1748.0	0	12.0	Vijfde ordinaris gedeputeerde.		1.0	
2103	3377	1	565	13	11	1.0	5.0	1755.0	30.0	4.0	1758.0	0	10.0			1.0	
2104	3378	1	565	13	11	1.0	5.0	1760.0	30.0	4.0	1761.0	0	10.0			1.0	
2105	3379	1	565	13	11			1752.0			1755.0	0	12.0			1.0	
2106	3380	1	560	13	11	1.0	5.0	1758.0			1759.0	0	12.0	Vijfde ordinaris gedeputeerde.		1.0	
2107	3381	1	558	13	11	1.0	5.0	1763.0	30.0	4.0	1764.0	0	12.0			1.0	
2108	3382	1	581	13	11			1764.0			1769.0	0	12.0			1.0	
2109	3383	1	564	13	11	1.0	5.0	1770.0			1771.0	0	12.0			1.0	
2110	3384	1	551	13	11	1.0	5.0	1763.0			1764.0	0	12.0	Vijfde ordinaris gedeputeerde. De overlap met de zitting in Gedeputeerde Staten van Friesland is vooralsnog onverklaarbaar.		1.0	
2111	3385	1	557	13	11			1768.0			1769.0	0	12.0	Vijfde ordinaris gedeputeerde.		1.0	
2112	3386	1	583	13	11			1776.0			1779.0	0	12.0			1.0	
2113	3387	1	585	13	11			1781.0			1784.0	0	12.0	Vijfde ordinaris gedeputeerde.		1.0	
2114	3388	1	577	13	11			1782.0			1785.0	0	12.0			1.0	
2115	3389	1	572	13	11			1787.0			1788.0	0	12.0	Vijfde ordinaris gedeputeerde.		1.0	
2116	3390	1	577	13	11			1788.0			1791.0	0	12.0			1.0	
2117	3391	1	581	13	11			1788.0			1789.0	0	12.0	Vijfde ordinaris gedeputeerde.		1.0	
2118	3393	1	592	13	11			1794.0			1795.0	0	12.0	Vijfde ordinaris gedeputeerde.		1.0	
2119	3394	1	429	13	11			1650.0			1650.0	0	11.0	Niet zeker bij deze persoon.		1.0	
2120	3395	1	293	13	11			1716.0			1719.0	0	11.0			1.0	
2121	3396	1	552	13	11			1730.0			1734.0	0	11.0			1.0	
2122	3397	1	308	13	11	1.0	5.0	1755.0	11.0	9.0	1757.0	0	11.0	Aanvangsdatum: formeel begin van de zittingstermijn. Beëindigd door overlijden.		1.0	
2123	3398	1	558	13	11	1.0	5.0	1761.0	30.0	4.0	1764.0	0	11.0			1.0	
2124	3401	1	572	13	11			1776.0			1782.0	0	11.0			1.0	
2125	3403	1	576	13	11			1784.0			1785.0	0	11.0			1.0	
2126	3404	1	572	13	11			1788.0			1791.0	0	11.0			1.0	
2127	3405	1	514	13	11			1640.0			1641.0	0	11.0	Voornaam onzeker. Mogelijk extraordinaris gedeputeerde. Kwartier onzeker.		1.0	
2128	3406	1	1071	13	11			1644.0			1644.0	0		Voornaam niet bekend. Mogelijk extraordinaris gedeputeerde.		1.0	
2129	3407	1	380	13	11			1648.0			1648.0	0		Mogelijk aaneensluitend 1648-1650/1. Mogelijk extraordinaris gedeputeerde.		1.0	
2130	3408	1	380	13	11			1650.0			1650.0	0		Mogelijk aaneensluitend 1648-1650/1. Mogelijk extraordinaris gedeputeerde.		1.0	
2131	3409	1	1072	13	11			1650.0			1650.0	0		Voornaam niet bekend. Mogelijk extraordinaris gedeputeerde.		1.0	
2132	3410	1	534	13	11	1.0	5.0	1682.0	30.0	4.0	1683.0	0	13.0	Aanvangs- en einddatum: formeel begin en einde van de zittingstermijn. Mogelijk vijfde ordinaris gedeputeerde.		1.0	
2133	3411	1	456	13	11			1685.0			1685.0	0		Mogelijk extraordinaris gedeputeerde.		1.0	
2134	3413	1	1073	13	11			1687.0			1687.0	0		Mogelijk extraordinaris gedeputeerde.		1.0	
2135	3415	1	297	13	11			1690.0			1690.0	0		Mogelijk extraordinaris gedeputeerde.		1.0	
2136	3416	1	538	13	11	1.0	5.0	1690.0	30.0	4.0	1691.0	0	11.0	Aanvangs- en einddatum: formeel begin en einde van de zittingstermijn. Zitting voor Westergo onzeker.		1.0	
2137	3417	1	456	13	11	1.0	5.0	1692.0	30.0	4.0	1694.0	0		Aanvangs- en einddatum: formeel begin en einde van de zittingstermijn. Zitting voor Westergo of Zevenwolden (als ordinaris of vijfde ordinaris gedeputeerde).		1.0	
2138	3418	1	552	13	11			1695.0			1697.0	0		Mogelijk extraordinaris gedeputeerde.		1.0	
2139	3419	1	274	13	11			1696.0			1697.0	0		Mogelijk extraordinaris gedeputeerde.		1.0	
2140	3420	1	455	13	11			1696.0	30.0	4.0	1701.0	0		Einddatum: formeel einde van de zittingstermijn. Onzeker bij deze persoon. De functie werd mogelijk uitgeoefend door zijn naamgenoot (1655-1728, elders in deze database).		1.0	
2141	3421	1	338	13	11			1698.0			1698.0	0		Mogelijk extraordinaris gedeputeerde.		1.0	
2142	3422	1	539	13	11			1698.0			1699.0	0		Mogelijk extraordinaris gedeputeerde.		1.0	
2143	3423	1	541	13	11			1701.0			1703.0	0		Mogelijk extraordinaris gedeputeerde.		1.0	
2144	3424	1	1075	13	11			1701.0			1704.0	0		Mogelijk extraordinaris gedeputeerde.		1.0	
2145	3425	1	552	13	11			1704.0			1706.0	0		Mogelijk extraordinaris gedeputeerde.		1.0	
2146	3426	1	424	13	11			1705.0			1707.0	0		Mogelijk extraordinaris gedeputeerde.		1.0	
2147	3427	1	456	13	11			1705.0			1705.0	0		Onzeker bij deze persoon. De functie werd mogelijk uitgeoefend door zijn naamgenoot (1626-1708). Mogelijk extraordinaris gedeputeerde.		1.0	
2148	3428	1	541	13	11		7.0	1705.0		8.0	1705.0	0		Mogelijk extraordinaris gedeputeerde.		1.0	
2149	3429	1	463	13	11		7.0	1707.0	11.0	2.0	1708.0	0		Mogelijk extraordinaris gedeputeerde. Beëindigd door overlijden.		1.0	
2150	3430	1	539	13	11		7.0	1707.0			1709.0	0		Mogelijk extraordinaris gedeputeerde.		1.0	
2151	3431	1	288	13	11			1709.0			1709.0	0		Mogelijk extraordinaris gedeputeerde.		1.0	
2152	3432	1	371	13	11	1.0	5.0	1710.0	30.0	4.0	1711.0	0		Aanvangs- en einddatum: formeel begin en einde van de zittingstermijn. Mogelijk extraordinaris gedeputeerde.		1.0	
2153	3433	1	424	13	11	1.0	5.0	1710.0	30.0	4.0	1713.0	0		Aanvangs- en einddatum: formeel begin en einde van de zittingstermijn. Mogelijk extraordinaris gedeputeerde.		1.0	
2154	3434	1	451	13	11			1711.0			1711.0	0		Mogelijk extraordinaris gedeputeerde.		1.0	
2155	3435	1	451	13	11			1713.0			1716.0	0	11.0	Mogelijk extraordinaris gedeputeerde.		1.0	
2156	3436	1	550	13	11			1719.0			1722.0	0		Mogelijk extraordinaris gedeputeerde.		1.0	
2157	3437	1	424	13	11			1720.0			1724.0	0		Mogelijk extraordinaris gedeputeerde.		1.0	
2158	3438	1	424	13	11			1726.0			1728.0	0		Mogelijk extraordinaris gedeputeerde.		1.0	
2159	3439	1	552	13	11	1.0	5.0	1722.0	30.0	4.0	1725.0	0		Aanvangs- en einddatum: formeel begin en einde van de zittingstermijn. Mogelijk extraordinaris gedeputeerde.		1.0	
2160	3440	1	547	13	11			1723.0	30.0	4.0	1724.0	0		Mogelijk extraordinaris gedeputeerde.		1.0	
2161	3441	1	547	13	11	1.0	5.0	1725.0	30.0	4.0	1728.0	0		Aanvangs- en einddatum: formeel begin en einde van de zittingstermijn. Mogelijk extraordinaris gedeputeerde.		1.0	
2162	3443	1	550	13	11			1729.0			1729.0	0		Mogelijk extraordinaris gedeputeerde.		1.0	
2163	3444	1	424	13	11			1729.0			1731.0	0		Mogelijk extraordinaris gedeputeerde.		1.0	
2164	3445	1	1076	13	11			1731.0			1731.0	0		Mogelijk extraordinaris gedeputeerde.		1.0	
2165	3446	1	547	13	11			1733.0			1734.0	0	12.0	Vijfde ordinaris gedeputeerde.		1.0	
2166	3447	1	308	13	11			1734.0			1740.0	0		Mogelijk extraordinaris gedeputeerde.		1.0	
2167	3448	1	308	13	11			1744.0			1745.0	0		Mogelijk extraordinaris gedeputeerde.		1.0	
2168	3450	1	562	13	11			1746.0			1752.0	0		Mogelijk extraordinaris gedeputeerde.		1.0	
2169	3451	1	689	13	11			1748.0			1748.0	0		Mogelijk extraordinaris gedeputeerde.		1.0	
2170	3452	1	558	13	11			1749.0			1749.0	0		Mogelijk extraordinaris gedeputeerde.		1.0	
2171	3453	1	351	13	11			1749.0			1752.0	0		Mogelijk extraordinaris gedeputeerde.		1.0	
2172	3454	1	560	13	11			1749.0			1750.0	0		Mogelijk extraordinaris gedeputeerde.		1.0	
2173	3455	1	845	13	11			1749.0			1749.0	0		Mogelijk extraordinaris gedeputeerde.		1.0	
2174	3456	1	457	13	11			1751.0			1753.0	0		Mogelijk extraordinaris gedeputeerde.		1.0	
2175	3457	1	558	13	11			1753.0			1753.0	0		Mogelijk extraordinaris gedeputeerde.		1.0	
2176	3458	1	593	13	11			1753.0			1753.0	0		Mogelijk extraordinaris gedeputeerde.		1.0	
2177	3459	1	457	13	11			1758.0			1758.0	0		Mogelijk extraordinaris gedeputeerde.		1.0	
2178	3460	1	565	13	11			1759.0			1760.0	0		Mogelijk extraordinaris gedeputeerde.		1.0	
2179	3461	1	707	13	11			1761.0			1761.0	0		Mogelijk extraordinaris gedeputeerde.		1.0	
2180	3462	1	206	13	11			1762.0			1762.0	0		Mogelijk extraordinaris gedeputeerde.		1.0	
2181	3463	1	581	13	11		5.0	1763.0	30.0	4.0	1764.0	0		Mogelijk extraordinaris gedeputeerde.		1.0	
2182	3464	1	568	13	11	1.0	5.0	1763.0			1764.0	0		Mogelijk extraordinaris gedeputeerde.		1.0	
2183	3465	1	566	13	11		1.0	1765.0	30.0	4.0	1766.0	0		Mogelijk extraordinaris gedeputeerde.		1.0	
2184	3466	1	206	13	11			1770.0			1770.0	0		Mogelijk extraordinaris gedeputeerde.		1.0	
2185	3467	1	558	13	11		1.0	1771.0	30.0	4.0	1771.0	0		Mogelijk extraordinaris gedeputeerde. Einddatum: formeel einde van de zittingstermijn.		1.0	
2186	3468	1	583	13	11			1771.0			1771.0	0		De lijst van Engels (zie institutionele toelichting) geeft hier, op basis van Bruinsma (idem), initialen 'J.F.A.', maar aangenomen wordt dat het hier om Frans Adriaan gaat. Mogelijk extraordinaris gedeputeerde.		1.0	
2187	3469	1	1077	13	11			1773.0			1773.0	0		Mogelijk extraordinaris gedeputeerde.		1.0	
2188	3470	1	326	13	11	1.0	5.0	1778.0			1779.0	0		Aanvangsdatum: formeel begin van de zittingstermijn. Mogelijk extraordinaris gedeputeerde.		1.0	
2189	3471	1	496	13	11			1782.0			1783.0	0		Mogelijk extraordinaris gedeputeerde.		1.0	
2190	3472	1	458	13	11		7.0	1787.0		12.0	1787.0	0		Mogelijk extraordinaris gedeputeerde.		1.0	
2191	3473	1	575	13	11			1788.0			1788.0	0		Mogelijk extraordinaris gedeputeerde.		1.0	
2192	3474	1	594	13	11			1791.0			1791.0	0		Mogelijk extraordinaris gedeputeerde.		1.0	
2193	3475	1	592	13	11			1793.0			1794.0	0				1.0	
2194	3476	1	586	13	11			1793.0			1793.0	0		Mogelijk extraordinaris gedeputeerde.		1.0	
2195	3477	1	1078	6	5	16.0	2.0	1677.0	11.0	4.0	1679.0	0		Aanvangsdatum (Oude Stijl): sessiename.			
2196	3478	1	1079	6	5	19.0	6.0	1706.0	16.0	3.0	1759.0	0		Aanvangsdatum: sessiename. Mogelijk eerder beëindigd door overlijden.			
2197	3480	1	1080	6	60			1601.0			1625.0	0		Benoemd tussen 6 maart en 6 juli. Beëindigd door overlijden vóór 27 september.			
2198	3481	1	1081	6	60			1626.0	10.0	11.0	1637.0	0					
2199	3482	1	169	6	60	17.0	4.0	1651.0	20.0	12.0	1666.0	0					
2200	3483	1	183	6	60	23.0	2.0	1678.0	26.0	3.0	1682.0	0		Beëindiging wegens benoeming tot raadsheer in het Hof van Friesland.			
2201	3484	1	1082	6	60	16.0	2.0	1718.0	18.0	9.0	1727.0	0		Aanvangsdatum: eedsaflegging. Beëindigd door overlijden.			
2202	3485	1	1083	6	60	22.0	2.0	1728.0	7.0	8.0	1771.0	0		Aanvangsdatum: eedsaflegging. Beëindigd door overlijden. Vanaf 7 december 1770 had opvolger Plettenberg zijn taken al overgenomen.			
2203	3486	0	1084	6	5			1581.0	25.0	4.0	1586.0	0		Aanvangsjaar onzeker; benoeming vóór 12 februari 1581. Beëindiging wegens het besluit van Gedeputeerde Staten niet langer twee secretarissen in dienst te hebben.			
2204	3487	1	122	19	64			1589.0			1597.0	1					
2205	3488	1	255	19	64			1635.0			1638.0	1					
2206	3489	1	256	19	43			1688.0			1692.0	1					
2207	3490	1	268	19	43			1695.0			1730.0	1					
2208	3491	1	271	19	43			1679.0			1692.0	1					
2209	3492	1	292	19	64			1617.0			1620.0	1					
2210	3493	1	314	19	64						1597.0	1					
2211	3494	1	332	19	64			1590.0			1592.0	1					
2212	3495	1	335	19	43			1714.0			1764.0	1					
2213	3496	1	362	19	43			1657.0			1668.0	1					
2214	3497	1	375	19	43			1657.0			1671.0	1					
2215	3498	1	375	19	64			1653.0			1656.0	1					
2216	3499	1	390	19	43			1698.0			1726.0	1					
2217	3500	1	430	19	64			1598.0			1599.0	1					
2218	3501	1	449	19	43			1777.0			1795.0	1					
2219	3502	1	450	19	64			1593.0			1594.0	1					
2220	3503	1	450	19	64			1596.0			1608.0	1					
2221	3504	1	450	19	64			1610.0			1615.0	1					
2222	3505	0	122	19	64						1587.0	1					
2223	3506	1	292	19	64			1622.0			1625.0	1					
2224	3507	1	325	19	64			1634.0			1637.0	1					
2225	3508	1	325	19	64			1645.0			1647.0	1					
2226	3509	0	332	19	64						1588.0	1					
2227	3510	1	362	19	64			1636.0			1639.0	1					
2228	3511	1	362	19	64			1641.0			1644.0	1					
2229	3512	1	362	19	64			1646.0			1649.0	1					
2230	3513	1	362	19	64			1651.0			1655.0	1					
2231	3515	1	430	19	64			1601.0			1601.0	1					
2232	3516	1	494	19	64			1639.0			1642.0	1					
2233	3517	1	494	19	64			1644.0			1648.0	1					
2234	3518	1	494	19	64			1650.0			1653.0	1					
2235	3519	1	508	19	64			1610.0			1611.0	1					
2236	3520	1	508	19	64			1614.0			1615.0	1					
2237	3521	1	607	19	64			1649.0			1652.0	1					
2238	3522	1	607	19	64			1654.0			1656.0	1					
2239	3523	1	607	19	43			1657.0			1679.0	1					
2240	3524	0	616	19	64						1586.0	1					
2241	3525	1	656	19	43			1675.0			1714.0	1					
2242	3526	1	721	19	43			1692.0			1712.0	1					
2243	3527	1	759	19	64			1606.0			1609.0	1					
2244	3528	1	759	19	64			1616.0			1617.0	1					
2245	3529	1	759	19	64			1619.0			1622.0	1					
2246	3530	1	759	19	64			1624.0			1628.0	1					
2247	3531	1	787	19	64			1588.0			1598.0	1					
2248	3532	1	787	19	64			1601.0			1602.0	1					
2249	3533	1	787	19	64			1606.0			1607.0	1					
2250	3534	1	804	19	43			1668.0			1691.0	1					
2251	3535	1	809	19	59			1671.0			1704.0	1					
2252	3536	1	816	19	64			1624.0			1627.0	1					
2253	3538	1	839	19	43			1664.0			1701.0	1					
2254	3539	1	902	19	43			1713.0			1751.0	1					
2255	3540	1	936	19	43			1696.0			1706.0	1					
2256	3541	1	1042	19	43			1720.0			1735.0	1					
2257	3542	1	270	19	46			1702.0			1719.0	1					
2258	3543	1	341	19	46			1656.0			1688.0	1					
2259	3544	1	1085	19	46			1637.0			1652.0	1					
2260	3546	1	1085	14	9	18.0	5.0	1643.0	3.0	5.0	1646.0	0		Aanvangsdatum: commissie door de Staten-Generaal.		1.0	
2261	3551	1	536	19	46			1685.0			1707.0	1					
2262	3552	1	887	19	46			1713.0			1715.0	1					
2263	3553	1	1086	13	5	2.0	5.0	1659.0	25.0	4.0	1662.0	0	13.0	Aanvangsdatum (Oude Stijl): sessiename.	39.0		
2264	3554	1	1086	14	15	25.0	7.0	1664.0	1.0	6.0	1667.0	0	13.0	Aanvangsdatum: sessiename.		1.0	
2265	3555	1	1086	14	9	1.0	7.0	1667.0	17.0	6.0	1668.0	0	13.0	Aanvangsdatum: commissie door de Staten-Generaal.		1.0	
2266	3556	1	1086	14	6	9.0	7.0	1668.0	24.0	3.0	1669.0	0	13.0	Aanvangsdatum: commissie door de Staten-Generaal.		1.0	
2267	3557	1	1086	19	46			1646.0			1697.0	1					
2268	3558	1	341	14	31	1.0	5.0	1673.0	30.0	4.0	1675.0	0	13.0	Aanvangsdatum (Oude Stijl):  formeel begin van de zittingstermijn. Tresoar, Archief van de Stadhouders, inv. nr. 361 (zie institutionele toelichting) geeft voorletter 'C'. De enige Bruninga die in deze periode lid was van de Workumer vroedschap was echter Jelle Pietersz.			
2269	3559	1	989	19	46			1689.0			1728.0	1					
2270	3560	1	369	19	65						1774.0	1					
2271	3561	1	449	19	56			1767.0			1777.0	1					
2272	3562	1	620	19	65							1					
2273	3563	1	855	19	57			1771.0			1795.0	1					
2274	3564	1	830	19	55			1709.0			1755.0	1					
2275	3566	1	669	14	31			1617.0	15.0	5.0	1618.0	0	12.0	Aanvangsjaar onzeker. H. Baerdt van Sminia, Nieuwe naamlijst van grietmannen van de vroegste tijden af tot het jaar 1795, met eenige geschiedkundige aanteekeningen (Leeuwarden 1837) 331 geeft onjuist Beëindigd door overlijden op 14 februari 1619.			
2276	3568	1	1087	14	48	24.0	5.0	1661.0	13.0	7.0	1663.0	0		Aanvangsdatum: commissie door de Staten-Generaal.		1.0	
2277	3569	1	1087	14	45	14.0	7.0	1663.0	24.0	9.0	1665.0	0		Aanvangsdatum: commissie door de Staten-Generaal.		1.0	
2278	3571	1	1087	13	5	28.0	4.0	1665.0	25.0	2.0	1673.0	0	13.0	Aanvangsdatum (Oude Stijl): sessiename.	32.0		
2279	3582	1	702	13	5	12.0	2.0	1740.0	11.0	2.0	1743.0	0	10.0	Aanvangsdatum: sessiename.	8.0		
2280	3583	1	702	13	5	12.0	2.0	1756.0	12.0	2.0	1758.0	0	10.0	Aanvangsdatum: sessiename.	8.0		
2281	3584	1	359	13	5	25.0	3.0	1608.0	17.0	3.0	1611.0	0	10.0	Aanvangsdatum (Oude Stijl): sessiename.	5.0		
2282	3585	1	790	13	5	7.0	2.0	1680.0	11.0	2.0	1683.0	0	11.0	Aanvangsdatum (OudeStijl): sessiename. Mogelijk eerder beëindigd door overlijden.	16.0		
2283	3587	1	1088	14	9	16.0	6.0	1659.0	13.0	6.0	1661.0	0		Aanvangsdatum: commissie door de Staten-Generaal.		1.0	
2284	3588	1	1088	14	15	3.0	6.0	1661.0	21.0	6.0	1662.0	0		Aanvangsdatum: sessiename.		1.0	
2285	3589	1	1088	13	5			1665.0			1665.0	0	12.0		29.0		
2286	3590	1	624	13	5	1.0	5.0	1728.0	18.0	3.0	1731.0	0	12.0	Aanvangsdatum: sessiename. Beëindigd door overlijden.	24.0		
2287	3592	1	1089	13	5	10.0	8.0	1692.0	28.0	4.0	1693.0	0	13.0	Aanvangsdatum (Oude Stijl): sessiename.	38.0		
2288	3593	1	399	14	31	11.0	1.0	1755.0	11.0	5.0	1758.0	0	12.0	Aanvangsdatum: sessiename. Ging over naar zetel Oostergo.			
2289	3605	1	1090	9	6						1774.0	0					
2290	3606	1	1091	9	6			1774.0	8.0	2.0	1779.0	0		Beëindigd door overlijden.			
2291	3607	1	1092	9	6		5.0	1779.0			1787.0	0		Deed 'vrijwillige' afstand naar aanleiding van kritiek op zijn functioneren.			
2292	3608	1	1093	9	6			1787.0			1795.0	0					
2293	3609	1	893	25	11	5.0	12.0	1721.0	3.0	4.0	1732.0	0		Aanvangsdatum: commissie door de Staten-Generaal. Volgt Frederik van Schurmans op in het kwartier Friesland. Beëindigd wegens benoeming tot advocaat-fiscaal van de Admiraliteit in Friesland.			
2294	3610	1	893	8	6	4.0	4.0	1732.0	25.0	11.0	1743.0	0		Aanvangsdatum: commissie door de Staten-Generaal.			
2295	3611	1	332	20	6	6.0	3.0	1596.0	8.0	8.0	1599.0	0		Aanvangsdatum: commissie door de Staten-Generaal.			
2296	3612	1	332	25	11	14.0	6.0	1597.0	3.0	3.0	1611.0	0		Aanvangsdatum: commissie door de Staten-Generaal. Kwartier Friesland. Beëindigd door overlijden.			
2297	3613	1	129	6	6	1.0	10.0	1597.0			1600.0	0		Aanvangsdatum: commissie door de Staten-Generaal.			
2298	3614	1	1094	8	6		6.0	1598.0	14.0	8.0	1602.0	0		Mogelijk eerder beëindigd door overlijden.			
2299	3616	1	1095	20	6	9.0	8.0	1599.0	28.0	12.0	1621.0	0		Aanvangsdatum: commissie door de Staten-Generaal.			
2300	3617	1	499	6	6	20.0	5.0	1600.0	19.0	3.0	1603.0	0		Aanvangsdatum: commissie door de Staten-Generaal. Beëindigd door overlijden.			
2301	3618	1	1096	8	6	15.0	8.0	1602.0	14.0	4.0	1603.0	0		Aanvangsdatum: commissie door de Staten-Generaal.			
2302	3619	1	1096	6	6	24.0	4.0	1603.0			1633.0	0		Aanvangsdatum: commissie door de Staten-Generaal. Haagsma (zie institutionele toelichting) geeft onjuist aanvangsjaar 1620. Eindjaar uit Smits (idem), onzeker.			
2303	3621	1	1098	20	6	31.0	12.0	1621.0			1638.0	0		Aanvangsdatum: commissie door de Staten-Generaal. Beëindigd door overlijden.			
2304	3622	1	1099	8	6	4.0	9.0	1626.0			1654.0	0		Aanvangsdatum: commissie door de Staten-Generaal. Beëindiging waarschijnlijk door overlijden.			
2305	3623	1	1100	28	6	7.0	4.0	1631.0			1633.0	0		Aanvangsdatum: commissie door de Staten-Generaal. Aanstelling als adjunct van vader Meynart, volgt deze vermoedelijk in 1633 op.			
2306	3624	1	1101	20	6	21.0	10.0	1638.0			1644.0	0		Aanvangsdatum: commissie door de Staten-Generaal.			
2307	3625	1	1102	20	6			1644.0			1650.0	0		Het aanvangsjaar uit Smits (zie institutionele toelichting).			
2308	3626	1	1103	20	6	21.0	3.0	1650.0			1652.0	0		Aanvangsdatum: commissie door de Staten-Generaal. Beëindigd door overlijden vóór 22 april 1652.			
2309	3627	1	1104	20	6	22.0	4.0	1652.0	9.0	12.0	1661.0	0		Aanvangsdatum: commissie door de Staten-Generaal. Was sedert 9 augustus 1649 ontvanger van de convooien van hetzelfde college. Mogelijk eerder beëindigd door overlijden.			
2310	3628	1	1105	8	6			1653.0	21.0	1.0	1654.0	0		Het aanvangsjaar uit Smits (zie institutionele toelichting).			
2311	3629	1	1106	6	6	4.0	7.0	1653.0			1678.0	0		Aanvangsdatum: commissie door de Staten-Generaal. Beëindigd door overlijden.			
2312	3630	1	1107	8	6	22.0	2.0	1654.0	17.0	2.0	1679.0	0		Aanvangsdatum: commissie door de Staten-Generaal. Haagsma (zie institutionele toelichting) geeft eindjaar 1667, maar waarschijnlijker is dat Canter tot aan zijn dood het ambt bekleedde, waarna hij werd opgevolgd door Saecke van Idsinga (commissie 12 april 1679). Een tussenliggende benoeming is althans niet bekend.			
2313	3633	1	1050	6	6	24.0	8.0	1678.0			1687.0	0		Aanvangsdatum: commissie door de Staten-Generaal. Haagsma (zie institutionele toelichting) geeft onjuist aanvangsjaar 1680. Beëindigd door overlijden vóór 28 maart 1687.			
2314	3635	1	488	8	6	12.0	4.0	1679.0	12.0	11.0	1691.0	0		Aanvangsdatum: commissie door de Staten-Generaal. Beëindiging op eigen verzoek. Haagsma (zie institutionele toelichting) geeft onjuiste zittingstermijn 1671-1696.			
2315	3636	1	1110	20	6	5.0	5.0	1679.0	26.0	3.0	1687.0	0		Aanvangsdatum: commissie door de Staten-Generaal. Mogelijk eerder beëindigd door overlijden.			
2316	3637	1	190	20	6	27.0	3.0	1687.0	5.0	1.0	1699.0	0		Aanvangsdatum: commissie door de Staten-Generaal.			
2317	3639	1	1111	8	6	13.0	11.0	1691.0	26.0	3.0	1724.0	0		Aanvangsdatum: commissie door de Staten-Generaal. Smits (zie institutionele toelichting) geeft onjuiste aanvangsdatum 13 november 1692 (veroorzaakt door een verschrijving in het commissieboek van de Staten-Generaal; de commissie staat echter tussen een commissie van 9 november 1691 en een van 24 november 1691), Haagsma 1698. Ontslag op eigen verzoek. Haagsma geeft onjuist eindjaar 1719.			
2318	3640	1	1112	20	6	6.0	1.0	1699.0	8.0	11.0	1714.0	0		Aanvangsdatum: commissie door de Staten-Generaal. Mogelijk eerder beëindigd door overlijden.			
2319	3641	1	1113	6	6	12.0	11.0	1705.0	29.0	10.0	1745.0	0		Aanvangsdatum: commissie door de Staten-Generaal. Ontslag op eigen verzoek.			
2320	3642	1	1114	20	6	9.0	11.0	1714.0			1720.0	0		Aanvangsdatum: commissie door de Staten-Generaal. Beëindigd door overlijden.			
2321	3643	1	1115	20	6			1720.0	29.0	5.0	1721.0	0		Waarnemend.			
2322	3644	1	1083	20	6	30.0	5.0	1721.0	8.0	3.0	1728.0	0		Aanvangsdatum: commissie door de Staten-Generaal. Beëindiging wegens benoeming tot secretaris van de Staten van Friesland.			
2323	3646	1	1116	8	6	27.0	3.0	1724.0	22.0	2.0	1732.0	0		Aanvangsdatum: commissie door de Staten-Generaal. Haagsma geeft onjuist aanvangsjaar 1725. Beëindigd door overlijden.			
2324	3647	1	1117	20	6	9.0	3.0	1728.0		9.0	1764.0	0		Aanvangsdatum: commissie door de Staten-Generaal. Beëindigd door overlijden.			
2325	3648	1	1118	8	6	26.0	11.0	1743.0	19.0	4.0	1762.0	0		Aanvangsdatum: commissie door de Staten-Generaal. Beëindigd door overlijden.			
2326	3650	1	914	6	6	30.0	10.0	1745.0			1795.0	0		Aanvangsdatum: commissie door de Staten-Generaal.			
2327	3651	1	912	8	6	6.0	5.0	1762.0		9.0	1788.0	0		Aanvangsdatum: commissie door de Staten-Generaal. Beëindigd door overlijden.			
2328	3652	1	1119	8	6		9.0	1788.0			1795.0	0		De aanvangsdatum is afgeleid van het overlijden van voorganger Wijdenbrugh, die hij na diens dood zou opvolgen.			
2329	3653	1	1100	6	6			1633.0			1653.0	0					
2330	3654	1	1120	7	1	4.0	4.0	1603.0			1613.0	0		Aanvangsdatum (Oude Stijl): commissie. Beëindigd door overlijden.			
2331	3655	1	1121	7	1	5.0	7.0	1613.0	2.0	3.0	1628.0	0		Aanvangsdatum (Oude Stijl): commissie. Beëindigd door overlijden.			
2332	3656	1	145	7	1	15.0	3.0	1628.0	10.0	3.0	1637.0	0		Aanvangsdatum (Oude Stijl): commissie. Beëindigd wegens benoeming tot raadsheer in het college.			
2333	3657	1	1122	7	1	28.0	11.0	1637.0	22.0	6.0	1659.0	0		Aanvangsdatum (Oude Stijl): commissie. Beëindigd door overlijden.			
2334	3658	1	1123	7	1	12.0	11.0	1659.0			1678.0	0		Aanvangsdatum (Oude Stijl): commissie. Beëindigd door overlijden, mogelijk begin 1679 (zie 'opmerkingen').			
2335	3659	1	1124	7	1	21.0	2.0	1679.0	12.0	12.0	1704.0	0		Aanvangsdatum (Oude Stijl): commissie. Ontslag op eigen verzoek.			
2336	3660	1	1125	7	1	13.0	12.0	1704.0	6.0	4.0	1742.0	0		Aanvangsdatum: commissie. Ontslag op eigen verzoek.			
2337	3661	1	1126	7	1	9.0	12.0	1749.0		11.0	1780.0	0		Aanvangsdatum: commissie. Beëindigd door overlijden.			
2338	3662	1	1127	7	1	22.0	12.0	1780.0		4.0	1791.0	0		Aanvangsdatum: commissie. Beëindigd door overlijden.			
2339	3663	1	1128	7	1	8.0	9.0	1791.0	1.0	7.0	1795.0	0		Aanvangsdatum: commissie. Ontslagen wegens gebrek aan daadkracht.			
2340	3664	1	1050	19	55							1					
2341	3665	1	539	14	6	16.0	4.0	1737.0	18.0	4.0	1740.0	0	12.0	Aanvangsdatum: commissie door de Staten-Generaal.		1.0	
2342	3666	1	1119	27	6	18.0	5.0	1787.0		9.0	1788.0	0		Aanvangsdatum: commissie door de Staten-Generaal. Zal Wijdenbrugh na diens dood opvolgen.			
2343	3667	1	135	25	11	31.0	3.0	1611.0	2.0	5.0	1616.0	0		Aanvangsdatum: commissie door de Staten-Generaal. Volgt Albert Evertsz. Boner op in het kwartier Friesland.			
2344	3668	1	1129	25	11	3.0	5.0	1616.0			1616.0	0		Aanvangsdatum: commissie door de Staten-Generaal. Volgt Gellius van Jongestal op in het kwartier Friesland. Beëindigd door overlijden vóór 23 november 1616.			
2345	3669	1	1130	25	11	23.0	11.0	1616.0			1617.0	0		Aanvangsdatum: commissie door de Staten-Generaal. Volgt Idsart van Grovestins op in het kwartier Friesland. Beëindigd door overlijden vóór 23 augustus.			
2346	3670	1	1131	25	11	23.0	8.0	1617.0	28.0	4.0	1631.0	0		Aanvangsdatum: commissie door de Staten-Generaal. Volgt Gerrit Crabbe op in het kwartier Friesland. Ontslag op eigen verzoek. wegens hoge leeftijd.			
2347	3671	1	1132	25	11	29.0	4.0	1631.0	13.0	5.0	1640.0	0		Aanvangsdatum: commissie door de Staten-Generaal. Volgt Willem Barnda op in het kwartier Friesland. Ontslag op eigen verzoek wegens 'opgecomende ongelegentheijt'.			
2348	3672	1	521	25	11	14.0	5.0	1640.0	15.0	9.0	1651.0	0		Aanvangsdatum: commissie door de Staten-Generaal. Volgt Jan Redeker op in het kwartier Friesland. Ontslag op eigen verzoek wegens hoge leeftijd.			
2349	3673	1	1133	25	11	16.0	9.0	1651.0			1679.0	0		Aanvangsdatum: commissie door de Staten-Generaal. Volgt Foecke Piers Heemstra op in het kwartier Friesland. Beëindigd door overlijden vóór 8 december.			
2350	3674	1	1134	25	11	8.0	12.0	1679.0			1699.0	0		Aanvangsdatum: commissie door de Staten-Generaal. Volgt Pierius Heemstra op in het kwartier Friesland. Beëindigd door overlijden vóór 10 juli.			
2351	3675	1	876	25	11	17.0	6.0	1699.0			1721.0	0		Aanvangsdatum: commissie door de Staten-Generaal. Volgt Lucas van Hulten op in het kwartier Friesland. Beëindigd door overlijden vóór 5 december.			
2352	3676	1	165	19	59							1					
2353	3677	1	371	19	58							1					
2354	3678	1	432	19	66			1742.0			1745.0	1					
2355	3679	1	910	25	11	4.0	4.0	1732.0	2.0	4.0	1742.0	0		Aanvangsdatum: commissie door de Staten-Generaal. Volgt Daniël van der Haer op in het kwartier Friesland. Beëindiging wegens benoeming tot procureur-generaal van het Hof van Friesland.			
2356	3680	1	1135	25	11	3.0	4.0	1742.0			1781.0	0		Aanvangsdatum: commissie door de Staten-Generaal. Volgt Pieter Willem Ramaker op in het kwartier Friesland. Beëindigd door overlijden vóór 17 september 1781.			
2357	3681	1	657	25	11	17.0	9.0	1781.0			1795.0	0		Aanvangsdatum: commissie door de Staten-Generaal. Volgt Johannes Arnold Beucker op in het kwartier Friesland.			
2358	3682	1	502	19	64			1598.0			1598.0	1					
2359	3683	1	502	19	64			1600.0			1602.0	1					
2360	3684	1	502	19	64			1607.0			1609.0	1					
2361	3685	1	504	19	55							1					
2362	3686	1	516	19	57							1					
2363	3687	1	518	19	55							1					
2364	3688	1	521	19	36							1					
2365	3689	1	538	19	59							1					
2366	3690	1	545	19	56							1					
2367	3691	1	552	19	55							1					
2368	3692	1	748	19	58							1					
2369	3693	1	754	19	36							1					
2370	3694	1	849	19	64			1609.0			1609.0	1					
2371	3696	1	343	19	59							1					
2372	3697	1	435	14	6	14.0	4.0	1722.0	3.0	5.0	1723.0	0	10.0	Aanvangsdatum: commissie door de Staten-Generaal. Kwartier onzeker. Beëindigd door overlijden.		1.0	
2373	3699	1	738	14	6	17.0	3.0	1606.0	29.0	3.0	1607.0	0	10.0	Aanvangsdatum: commissie door de Staten-Generaal. Mogelijk eerder beëindigd door overlijden.		1.0	
2374	3701	1	1138	14	6	26.0	4.0	1610.0	30.0	4.0	1612.0	0	12.0	Aanvangsdatum: commissie door de Staten-Generaal. Mogelijk eerder beëindigd door overlijden.		1.0	
2375	3702	1	671	19	50							1					
2376	3703	1	752	19	59							1					
2377	3704	1	1139	13	5			1593.0			1597.0	0	13.0		34.0		
2378	3705	1	1139	19	44							1					
2379	3706	1	1140	13	11	1.0	5.0	1666.0	30.0	4.0	1670.0	0	13.0	Aanvangs- en einddatum: formeel begin en einde van de zittingstermijn. Vijfde ordinaris gedeputeerde.		1.0	
2380	3707	1	1140	13	11	1.0	5.0	1663.0	30.0	4.0	1664.0	0	13.0	Aanvangs- en einddatum: formeel begin en einde van de zittingstermijn. Vijfde ordinaris gedeputeerde.		1.0	
2381	3708	1	1140	13	11	1.0	5.0	1672.0	30.0	4.0	1682.0	0	13.0	Aanvangs- en einddatum: formeel begin en einde van de zittingstermijn. Vijfde ordinaris gedeputeerde. Eindjaar onzeker; wel in 1676 gecontinueerd		1.0	
2382	3710	1	274	14	7	21.0	4.0	1693.0	4.0	5.0	1694.0	0	13.0	Aanvangsdatum: sessiename. Tresoar, stadhouderlijk archief, inv. nr. 361 (zie institutionele toelichting) geeft voor de periode 1692-1692 benoeming van 'J. van Heemstra'. Aitzema opgenomen op basis van de 'Naamlyst der Edele Mogende Heeren Gecommitteerde Raaden ter admiraliteit (zie institutionele toelichting).		1.0	
2383	3711	1	553	14	31			1715.0				0		Onzeker bij deze persoon.			
2384	3712	1	1142	14	9	17.0	5.0	1601.0	15.0	5.0	1603.0	0		Aanvangsdatum: commissie door de Staten-Generaal.		1.0	
2385	3713	1	724	14	9	4.0	5.0	1713.0	30.0	4.0	1716.0	0		Aanvangsdatum: commissie door de Staten-Generaal. Raad van State 450 jaar. Repertorium ('s-Gravenhage 1983) 160 geeft onjuist voornaam 'Jerard'.		1.0	
2386	3714	1	433	14	48		8.0	1642.0	31.0	5.0	1645.0	0		Het aanvangsjaar is gebaseerd op de reguliere zittingstermijn van drie jaar. Een commissie van de Staten-Generaal werd echter niet aangetroffen; de zitting blijkt uit de commissie van opvolger Andries van Waltinga.		1.0	
2387	3715	1	617	14	9	28.0	4.0	1673.0	27.0	4.0	1676.0	0	13.0	Aanvangsdatum: commissie door de Staten-Generaal.		1.0	
2388	3716	1	351	14	9	3.0	5.0	1728.0	14.0	5.0	1731.0	0		Aanvangsdatum: commissie door de Staten-Generaal. Raad van State 450 jaar. Repertorium ('s-Gravenhage 1983) 176 geeft onjuist voornaam 'Wobbo'.		1.0	
2389	3717	1	443	14	6	3.0	5.0	1746.0	25.0	4.0	1748.0	0	11.0	Aanvangsdatum: commissie door de Staten-Generaal. Kwartier onzeker.		1.0	
2390	3720	1	529	14	9	14.0	6.0	1661.0	30.0	4.0	1664.0	0	13.0	Aanvangsdatum: commissie door de Staten-Generaal. Behoudt zitting na 30 april 1664, maar namens een ander kwartier.		1.0	
2391	3721	1	530	14	9	14.0	6.0	1661.0	17.0	6.0	1668.0	0		Aanvangsdatum: commissie door de Staten-Generaal.		1.0	
2392	3723	1	526	14	9	1.0	5.0	1670.0	7.0	5.0	1674.0	0		Aanvangsdatum: formeel begin van de zittingstermijn. Neemt afscheid op 7 mei; de opvolger komt pas in december.		1.0	
2393	3739	1	689	14	9	4.0	5.0	1731.0	29.0	4.0	1733.0	0		Aanvangsdatum: commissie door de Staten-Generaal.		1.0	
2394	3742	1	1143	14	31	31.0	3.0	1610.0	21.0	2.0	1612.0	0	13.0	Aanvangsdatum (Oude Stijl):  benoeming door de Staten van Friesland.			
2395	3743	1	1144	14	31	22.0	2.0	1612.0				0	12.0	Aanvangsdatum (Oude Stijl):  benoeming door de Staten van Friesland.			
2396	3744	1	1145	14	31	22.0	2.0	1612.0	28.0	1.0	1614.0	0	10.0	Aanvangsdatum (Oude Stijl):  benoeming door de Staten van Friesland. Mogelijk eerder beëindigd door overlijden.			
2397	3745	1	1146	14	31	29.0	1.0	1614.0				0	10.0	Aanvangsdatum (Oude Stijl):  benoeming door de Staten van Friesland.			
2398	3747	1	1147	14	31	29.0	1.0	1614.0				0	13.0	Aanvangsdatum (Oude Stijl): sessiename.			
2399	3748	1	1148	14	31			1617.0	15.0	5.0	1618.0	0	13.0	Aanvangsjaar mogelijk eerder.			
2400	3749	1	1149	14	31	16.0	5.0	1618.0				0	13.0	Aanvangsdatum (Oude Stijl):  benoeming door de Staten van Friesland.			
2401	3750	1	1150	14	31	16.0	5.0	1618.0				0	10.0	Aanvangsdatum (Oude Stijl):  benoeming door de Staten van Friesland.			
2402	3751	1	1151	14	31	16.0	5.0	1618.0	14.0	4.0	1619.0	0	11.0	Aanvangsdatum (Oude Stijl):  benoeming door de Staten van Friesland. Mogelijk eerder beëindigd door overlijden.			
2403	3752	1	645	14	31	16.0	5.0	1618.0	22.0	3.0	1621.0	0	12.0	Aanvangsdatum (Oude Stijl):  benoeming door de Staten van Friesland.			
2404	3753	1	1152	14	31	15.0	4.0	1619.0			1620.0	0	11.0	Aanvangsdatum (Oude Stijl):  benoeming door de Staten van Friesland.			
2405	3754	1	663	14	31	25.0	3.0	1603.0				0	11.0	Aanvangsdatum (Oude Stijl):  benoeming door de Staten van Friesland. Einddatum onbekend, maar nog gecontinueerd op 27 februari 1604.			
2406	3755	1	1153	14	31	25.0	3.0	1603.0	26.0	2.0	1604.0	0	13.0	Aanvangsdatum (Oude Stijl):  benoeming door de Staten van Friesland. Mogelijk eerder beëindigd door overlijden.			
2407	3756	1	1145	14	31	26.0	5.0	1609.0				0	10.0	Aanvangsdatum (Oude Stijl):  benoeming door de Staten van Friesland.			
2408	3757	1	312	14	31	26.0	5.0	1609.0				0	11.0	Aanvangsdatum (Oude Stijl):  benoeming door de Staten van Friesland.			
2409	3758	1	285	14	31	26.0	5.0	1609.0			1610.0	0	12.0	Aanvangsdatum (Oude Stijl):  benoeming door de Staten van Friesland. Eindjaar gebaseerd op de aanvangsdatum in Gedeputeerde Staten; een directe opvolger voor Zevenwolden is niet aangetroffen.			
2410	3759	1	1154	14	31	26.0	5.0	1609.0	30.0	3.0	1610.0	0	13.0	Aanvangsdatum (Oude Stijl):  benoeming door de Staten van Friesland. Mogelijk eerder beëindigd door overlijden.			
2411	3760	1	196	14	31			1688.0				0		Onzeker bij deze persoon; alleen de voorletter en de geslachtsnaam zijn bekend. Aanvangsjaar onzeker; tussen 1687 en 1689.			
2412	3761	1	196	14	31			1695.0				0		Onzeker bij deze persoon; alleen de voorletter en de geslachtsnaam zijn bekend. Aanvangsjaar onzeker; tussen 1692 en 1699.			
2413	3763	1	274	14	15	24.0	5.0	1688.0	24.0	9.0	1690.0	0	13.0	Aanvangsdatum: sessiename.		1.0	
2414	3764	1	500	19	44							1					
2415	3765	1	1155	14	31	23.0	3.0	1621.0	29.0	5.0	1623.0	0	12.0	Aanvangsdatum (Oude Stijl):  benoeming door de Staten van Friesland. Per 1 mei.			
2416	3766	1	425	14	31			1620.0	22.0	3.0	1621.0	0	11.0				
2417	3767	1	1156	14	31	23.0	3.0	1621.0	24.0	3.0	1625.0	0	11.0	Aanvangsdatum (Oude Stijl):  benoeming door de Staten van Friesland.			
2418	3768	1	1157	14	31			1620.0	17.0	4.0	1622.0	0	13.0	Aanvangsjaar mogelijk 1619.			
2419	3769	1	1158	19	44							1					
2420	3770	1	1158	14	31	18.0	4.0	1622.0	8.0	4.0	1624.0	0	13.0	Aanvangsdatum (Oude Stijl):  benoeming door de Staten van Friesland.			
2421	3771	1	651	14	31	30.0	5.0	1623.0	18.0	3.0	1625.0	0	12.0	Aanvangsdatum (Oude Stijl):  benoeming door de Staten van Friesland.			
2422	3772	1	1159	14	31			1623.0	9.0	4.0	1624.0	0	10.0	Aanvang mogelijk eerder.			
2423	3773	1	330	14	31	10.0	4.0	1624.0	30.0	3.0	1626.0	0	10.0	Aanvangsdatum (Oude Stijl):  benoeming door de Staten van Friesland.			
2424	3775	1	400	14	31	9.0	4.0	1624.0	30.0	3.0	1626.0	0	13.0	Aanvangsdatum (Oude Stijl):  benoeming door de Staten van Friesland.			
2425	3776	1	603	14	31	25.0	3.0	1625.0				0	11.0	Aanvangsdatum (Oude Stijl):  benoeming door de Staten van Friesland.			
2426	3777	1	409	14	31	19.0	3.0	1625.0	30.0	3.0	1626.0	0	12.0	Aanvangsdatum (Oude Stijl):  benoeming door de Staten van Friesland.			
2427	3778	1	491	14	31	31.0	3.0	1626.0			1628.0	0	13.0	Aanvangsdatum (Oude Stijl):  benoeming door de Staten van Friesland. Mogelijk eerder beëindigd door overlijden.			
2428	3779	1	1160	14	31	31.0	3.0	1626.0				0	12.0	Aanvangsdatum (Oude Stijl):  benoeming door de Staten van Friesland.			
2429	3780	1	851	14	15	4.0	9.0	1627.0	27.0	7.0	1628.0	0		Aanvangsdatum: sessiename.		1.0	
2430	3781	1	845	14	15	10.0	5.0	1734.0	30.0	4.0	1736.0	0		Aanvangsdatum: sessiename.		1.0	
2431	3782	1	879	14	6	14.0	4.0	1701.0	24.0	3.0	1704.0	0	12.0	Aanvangsdatum: commissie door de Staten-Generaal. De beschikbare bronnen (evenals de index op de commissieboeken van de Staten-Generaal in het Nationaal Archief) geven alle ten onrechte aanvangsjaar 1704; de commissie dateert echter uit 1701. Kwartier onzeker.		1.0	
2432	3783	1	318	13	11			1650.0				0		Alleen bekend uit O. Vries e.a., De heeren van den raede. Biografieën en groepsportret van de raadsheren van het hof van Friesland, 1499-1811 (Hilversum 1999) 298. Mogelijk extraordinaris gedeputeerde.		1.0	
2433	3785	1	155	13	11			1643.0				0		Alleen genoemd in O. Vries e.a., De heeren van den raede. Biografieën en groepsportret van de raadsheren van het hof van Friesland, 1499-1811 (Hilversum 1999) 294. Mogelijk extraordinaris gedeputeerde.		1.0	
2434	3786	1	173	13	11			1660.0				0		Alleen bekend uit O. Vries e.a., De heeren van den raede. Biografieën en groepsportret van de raadsheren van het hof van Friesland, 1499-1811 (Hilversum 1999) 311. Mogelijk extraordinaris gedeputeerde.		1.0	
2435	3787	1	562	13	11			1770.0				0		Alleen bekend uit Raad van State 450 jaar. Repertorium ('s-Gravenhage 1983) 177. Mogelijk extraordinaris gedeputeerde.		1.0	
2436	3788	1	550	13	11			1710.0				0		Alleen bekend uit Raad van State 450 jaar. Repertorium ('s-Gravenhage 1983) 162. Mogelijk extraordinaris gedeputeerde.		1.0	
2437	3789	1	531	13	11	1.0	5.0	1683.0	23.0	3.0	1688.0	0	10.0	Aanvangsdatum: formeel begin van de zittingstermijn. Onzeker bij deze persoon; de lijst van Engels (zie institutionele toelichting) geeft alleen voornaam 'Wibrand'. Een persoon met deze naam komt echter in de genealogie in M. de Haan Hettema en A. van Halmael, Stamboek van den Frieschen, vroegeren en lateren, adel 1 (Leeuwarden 1846) 148 niet voor. Zat waarschijnlijk twee termijnen aaneen, omdat pas in 1688 weer een aanstelling voor Oostergo bekend is. Waarschijnlijk beëindigd door overlijden.		1.0	
2438	3790	1	937	19	65							1					
2439	3791	1	904	19	65							1					
2440	3792	1	454	14	9	9.0	5.0	1742.0	30.0	4.0	1751.0	0		Aanvangsdatum: commissie door de Staten-Generaal. Behoudt zitting na 30 april 1751, maar toen weer namens het kwartier der Steden. De overlap met de zitting in Gedeputeerde Staten van Friesland is vooralsnog niet verklaarbaar.		1.0	
2441	3793	1	775	19	36							1					
2442	3794	1	1136	19	58							1					
2443	3795	1	1048	19	58							1					
2444	3796	1	1033	19	56							1					
2445	3797	1	977	19	36							1					
2446	3798	1	411	19	57							1					
2447	3799	1	900	19	56							1					
2448	3800	1	718	19	55							1					
2449	3801	1	442	19	36							1					
2450	3802	1	1044	19	65							1					
2451	3803	1	1029	19	57							1					
2452	3804	1	1037	19	55							1					
2453	3805	1	503	8	6	15.0	4.0	1603.0			1623.0	0		Aanvangsdatum: commissie door de Staten-Generaal.			
2454	3806	1	483	19	44							1					
2455	3807	1	926	19	57							1					
2456	3808	1	931	19	55							1					
2457	3809	1	1049	19	36							1					
2458	3810	1	1045	19	56							1					
2459	3811	1	1052	19	36							1					
2460	3812	1	1041	19	50							1					
2461	3813	1	1035	19	65							1					
2462	3814	1	1036	19	57							1					
2463	3815	0	762	13	5	15.0	2.0	1581.0	8.0	3.0	1581.0	0	10.0	Aanvangsdatum (OudeStijl): sessiename. Onzeker of deze gedeputeerde identiek is aan die van 1588 en 1591. Mogelijk eerder beëindigd door overlijden.	8.0		
2464	3816	1	922	19	55							1					
2465	3817	1	1039	19	65							1					
2466	3818	1	883	19	46							1					
2467	3820	1	829	19	36							1					
2468	3821	1	1046	19	65							1					
2469	3822	1	737	19	46							1					
2470	3823	1	1057	19	65							1					
2471	3824	1	454	19	58							1					
2472	3825	1	805	14	8	8.0	6.0	1589.0				0		Aanvangsdatum: commissie door de Staten-Generaal.		1.0	
2473	3827	1	1002	19	43			1762.0			1795.0	1	0.0		0.0	0.0	0.0
2474	3828	0	249	13	5	31.0	3.0	1584.0	27.0	4.0	1585.0	0	13.0	Aanvangsdatum (OudeStijl): sessiename. Mogelijk eerder beëindigd door overlijden.	36.0		0.0
2475	3829	1	390	19	50							1	0.0		0.0	0.0	0.0
2476	3830	1	879	14	31	13.0	5.0	1695.0				0		De voornaam wordt niet genoemd. Op grond van de almanak van Zevenwolden (zie institutionele toelichting) mocht de grietenij Gaasterland de plaats vervullen van 1695-1698. Aanvangsdatum (Oude Stijl):  dag waarop zijn aanwezigheid in de vergadering voor het eerst genoteerd is.			0.0
2477	3833	1	1161	22	31	29.0	4.0	1741.0				0	0.0	Aanvangsdatum: toekenning door de rekenkamer van een jaarlijks traktement (mogelijk al langer in functie).	0.0	0.0	0.0
2478	652	1	299	13	5	7.0	2.0	1680.0	12.0	2.0	1683.0	0	10.0	Aanvangsdatum (Oude Stijl): sessiename.	8.0		
2479	666	1	307	13	5	9.0	2.0	1677.0	6.0	2.0	1680.0	0	11.0	Aanvangsdatum (Oude Stijl): sessiename.	13.0		
2480	692	1	318	13	5	28.0	4.0	1638.0	30.0	4.0	1641.0	0	12.0	Aanvangsdatum (Oude Stijl): sessiename.	23.0		
2481	746	1	354	13	5	11.0	2.0	1668.0	10.0	2.0	1671.0	0	10.0	Aanvangsdatum (Oude Stijl): sessiename.	1.0		
2482	762	1	362	13	5	1.0	5.0	1654.0	30.0	4.0	1657.0	0	13.0	Aanvangsdatum (Oude Stijl): sessiename.	31.0		
2483	850	1	412	13	5	14.0	11.0	1699.0	20.0	5.0	1701.0	0	13.0	Aanvangsdatum (Oude Stijl): sessiename.	34.0		
2484	882	1	425	13	5	13.0	2.0	1639.0	9.0	3.0	1641.0	0	11.0	Aanvangsdatum (Oude Stijl): sessiename.	18.0		
2485	895	1	434	13	5	10.0	2.0	1677.0	6.0	2.0	1680.0	0	10.0	Aanvangsdatum (Oude Stijl): sessiename.	6.0		
2486	931	1	455	13	5	8.0	2.0	1667.0	20.0	11.0	1671.0	0	11.0	Aanvangsdatum (Oude Stijl): sessiename.	18.0		
2487	964	1	473	13	5	21.0	11.0	1671.0	18.0	10.0	1672.0	0	11.0	Aanvangsdatum (Oude Stijl): sessiename.	12.0		
2488	985	1	488	13	5	11.0	2.0	1692.0	8.0	2.0	1695.0	0	11.0	Aanvangsdatum (Oude Stijl): sessiename.	16.0		
2489	1440	1	607	13	5	3.0	5.0	1676.0	31.0	10.0	1677.0	0	13.0	Aanvangsdatum (Oude Stijl): sessiename.	31.0		
2490	1473	1	632	13	5	9.0	10.0	1639.0	16.0	4.0	1641.0	0	12.0	Aanvangsdatum (Oude Stijl): sessiename.	24.0		
2491	1495	1	645	13	5	16.0	9.0	1631.0			1635.0	0	12.0	Aanvangsdatum (Oude Stijl): sessiename.	22.0		
2492	1512	1	654	13	5	21.0	2.0	1618.0	17.0	2.0	1620.0	0	13.0	Aanvangsdatum (Oude Stijl): sessiename.	38.0		
2493	1530	1	664	13	5	26.0	4.0	1662.0	6.0	5.0	1666.0	0	13.0	Aanvangsdatum (Oude Stijl): sessiename.	40.0		
2494	1792	1	755	13	5	11.0	4.0	1623.0	30.0	3.0	1626.0	0	10.0	Aanvangsdatum (Oude Stijl): sessiename.	1.0		
2495	1825	1	700	13	5	1.0	11.0	1679.0	29.0	4.0	1681.0	0	13.0	Aanvangsdatum (Oude Stijl): sessiename.	31.0		
2496	1896	1	803	13	5	5.0	4.0	1673.0	30.0	4.0	1675.0	0	13.0	Aanvangsdatum (Oude Stijl): sessiename.	35.0		
2497	1952	1	834	13	5	28.0	2.0	1604.0			1607.0	0	10.0	Aanvangsdatum (Oude Stijl): sessiename.	5.0		
2498	2426	1	508	13	5	31.0	3.0	1610.0	17.0	3.0	1611.0	0	13.0	Aanvangsdatum (Oude Stijl): sessiename.	31.0		
2499	2496	1	526	13	5	4.0	5.0	1659.0	25.0	4.0	1662.0	0	12.0	Aanvangsdatum (Oude Stijl): sessiename.	28.0		
2500	3093	1	512	13	5	23.0	2.0	1616.0	20.0	2.0	1618.0	0	13.0	Aanvangsdatum (Oude Stijl): sessiename.	36.0		
2501	3545	1	1085	13	5	2.0	5.0	1639.0	1.0	5.0	1642.0	0	13.0	Aanvangsdatum (Oude Stijl): sessiename.	39.0		
2502	3591	1	460	13	5	10.0	9.0	1636.0	24.0	4.0	1637.0	0	13.0	Aanvangsdatum (Oude Stijl): sessiename.	31.0		
2503	602	1	268	13	5	16.0	5.0	1715.0	29.0	4.0	1718.0	0	13.0	Aanvangsdatum: sessiename.	31.0		
2504	611	1	274	13	5	21.0	5.0	1701.0	9.0	5.0	1704.0	0	13.0	Aanvangsdatum: sessiename.	35.0		
2505	639	1	293	13	5	17.0	2.0	1707.0	13.0	7.0	1713.0	0	11.0	Aanvangsdatum: sessiename.	13.0		
2506	642	1	293	13	5	12.0	2.0	1737.0	11.0	2.0	1740.0	0	11.0	Aanvangsdatum: sessiename.	13.0		
2507	654	1	299	13	5	17.0	2.0	1710.0	16.0	2.0	1713.0	0	10.0	Aanvangsdatum: sessiename.	8.0		
2508	670	1	308	13	5	19.0	3.0	1743.0	22.0	4.0	1744.0	0	11.0	Aanvangsdatum: sessiename.	14.0		
2509	676	1	310	13	5	27.0	2.0	1722.0	12.0	2.0	1725.0	0	10.0	Aanvangsdatum: sessiename.	2.0		
2510	700	1	322	13	5	12.0	2.0	1776.0	11.0	2.0	1779.0	0	10.0	Aanvangsdatum: sessiename.	4.0		
2511	1726	1	446	14	48	27.0	4.0	1728.0	12.0	4.0	1731.0	0		Aanvangsdatum: commissie door de Staten-Generaal.		1.0	
2512	2204	1	134	14	48	23.0	4.0	1608.0	19.0	4.0	1611.0	0		Aanvangsdatum: commissie door de Staten-Generaal.		1.0	
2513	3832	1	1080	6	5			1601.0			1625.0	0	0.0	Benoemd tussen 6 maart en 6 juli. Beëindigd door overlijden vóór 27 september.	0.0	0.0	0.0
2514	704	1	324	13	5	12.0	2.0	1788.0	11.0	2.0	1789.0	0	10.0	Aanvangsdatum: sessiename.			
2515	723	1	339	13	5	12.0	5.0	1734.0	12.0	5.0	1737.0	0	12.0	Aanvangsdatum: sessiename.	27.0		
2516	734	1	347	13	5	18.0	2.0	1744.0	13.0	2.0	1746.0	0	11.0	Aanvangsdatum: sessiename.	17.0		
2517	739	1	350	13	5	7.0	2.0	1739.0	11.0	2.0	1740.0	0	11.0	Aanvangsdatum: sessiename.	19.0		
2518	742	1	352	13	5	12.0	2.0	1785.0	11.0	2.0	1788.0	0	10.0	Aanvangsdatum: sessiename.	5.0		
2519	751	1	356	13	5	12.0	5.0	1701.0	9.0	5.0	1704.0	0	12.0	Aanvangsdatum: sessiename.	26.0		
2520	759	1	361	13	5	11.0	2.0	1722.0	12.0	2.0	1725.0	0	10.0	Aanvangsdatum: sessiename.	7.0		
2521	767	1	365	13	5	12.0	2.0	1743.0	13.0	2.0	1746.0	0	10.0	Aanvangsdatum: sessiename.	1.0		
2522	771	1	367	13	5	28.0	1.0	1727.0	11.0	2.0	1728.0	0	10.0	Aanvangsdatum: sessiename.	1.0		
2523	776	1	371	13	5	21.0	5.0	1711.0	24.0	5.0	1720.0	0	13.0	Aanvangsdatum: sessiename.	38.0		
2524	779	1	371	13	5	12.0	11.0	1729.0	18.0	11.0	1732.0	0	13.0	Aanvangsdatum: sessiename.	38.0		
2525	815	1	393	13	5	12.0	2.0	1779.0	11.0	2.0	1782.0	0	10.0	Aanvangsdatum: sessiename.	9.0		
2526	822	1	397	13	5	10.0	5.0	1773.0	11.0	5.0	1779.0	0	12.0	Aanvangsdatum: sessiename.	23.0		
2527	826	1	399	13	5	12.0	2.0	1761.0	16.0	2.0	1764.0	0	10.0	Aanvangsdatum: sessiename.	9.0		
2528	866	1	419	13	5	5.0	4.0	1730.0	11.0	2.0	1734.0	0	10.0	Aanvangsdatum: sessiename.	10.0		
2529	876	1	424	13	5	19.0	2.0	1701.0	20.0	1.0	1703.0	0	11.0	Aanvangsdatum: sessiename.	15.0		
2530	891	1	431	13	5	13.0	5.0	1788.0	12.0	5.0	1793.0	0	13.0	Aanvangsdatum: sessiename.	39.0		
2531	897	1	434	13	5	16.0	2.0	1704.0	16.0	2.0	1707.0	0	10.0	Aanvangsdatum: sessiename.	6.0		
2532	907	1	440	13	5	12.0	2.0	1773.0	11.0	2.0	1776.0	0	10.0	Aanvangsdatum: sessiename.	3.0		
2533	913	1	444	13	5	12.0	2.0	1782.0	11.0	2.0	1785.0	0	10.0	Aanvangsdatum: sessiename.	6.0		
2534	916	1	445	13	5	17.0	2.0	1764.0	12.0	2.0	1767.0	0	10.0	Aanvangsdatum: sessiename.	6.0		
2535	919	1	446	13	5	14.0	2.0	1746.0	23.0	2.0	1749.0	0	11.0	Aanvangsdatum: sessiename.	16.0		
2536	927	1	452	13	5	12.0	5.0	1716.0	22.0	6.0	1719.0	0	12.0	Aanvangsdatum: sessiename.	25.0		
2537	936	1	456	13	5	11.0	2.0	1722.0	12.0	2.0	1725.0	0	11.0	Aanvangsdatum: sessiename.	18.0		
2538	939	1	458	13	5	13.0	5.0	1791.0	11.0	5.0	1794.0	0	12.0	Aanvangsdatum: sessiename.	25.0		
2539	952	1	465	13	5	12.0	5.0	1757.0	11.0	5.0	1758.0	0	13.0	Aanvangsdatum: sessiename.	32.0		
2540	956	1	467	13	5	16.0	5.0	1725.0	8.0	11.0	1726.0	0	13.0	Aanvangsdatum: sessiename.	32.0		
2541	960	1	469	13	5	12.0	2.0	1770.0	11.0	2.0	1773.0	0	10.0	Aanvangsdatum: sessiename.	11.0		
2542	982	1	486	13	5	12.0	5.0	1779.0	12.0	5.0	1782.0	0	12.0	Aanvangsdatum: sessiename.	27.0		
2543	1449	1	615	13	5	12.0	2.0	1737.0	11.0	2.0	1740.0	0	10.0	Aanvangsdatum: sessiename.	7.0		
2544	3106	1	503	13	11	1.0	5.0	1601.0	30.0	4.0	1604.0	0		Aanvangs- en einddatum: formeel begin en einde van de zittingstermijn.		1.0	
2545	3836	9	1162	30	62	22.0	4.0	1615.0			1620.0	0	0.0	Mogelijk eerder beëindigd door overlijden; het aanvangsjaar van zijn opvolger is aangehouden.	0.0	1.0	0.0
2546	3837	9	1163	30	62	6.0	1.0	1620.0			1623.0	0	0.0	Mogelijk eerder beëindigd door overlijden; het aanvangsjaar van zijn opvolger is aangehouden.		1.0	0.0
2547	3838	9	1164	30	62	15.0	12.0	1623.0			1627.0	0	0.0	Mogelijk eerder beëindigd door overlijden; het aanvangsjaar van zijn opvolger is aangehouden.	0.0	1.0	0.0
2548	3839	9	671	30	62	24.0	6.0	1627.0	14.0	11.0	1635.0	0	0.0		0.0	1.0	0.0
2549	3840	9	1165	30	62	15.0	11.0	1635.0			1639.0	0	0.0	Mogelijk eerder beëindigd door overlijden; het aanvangsjaar van zijn opvolger is aangehouden.	0.0	1.0	0.0
2550	3841	9	1034	30	62	26.0	3.0	1639.0			1641.0	0	0.0	Mogelijk eerder beëindigd door overlijden; het aanvangsjaar van zijn opvolger is aangehouden.	0.0	1.0	0.0
2551	3844	9	1168	30	62	11.0	10.0	1677.0			1680.0	0	0.0	Mogelijk eerder beëindigd door overlijden; het aanvangsjaar van zijn opvolger is aangehouden.	0.0	1.0	0.0
2552	3846	9	1170	30	62	7.0	5.0	1685.0			1686.0	0	0.0	Mogelijk eerder beëindigd door overlijden; het aanvangsjaar van zijn opvolger is aangehouden.	0.0	1.0	0.0
2553	3848	9	1169	30	62	1.0	5.0	1698.0			1707.0	0	0.0	Mogelijk eerder beëindigd door overlijden; het aanvangsjaar van zijn opvolger is aangehouden.		1.0	0.0
2554	3849	9	289	30	62	30.0	6.0	1689.0	28.0	8.0	1691.0	0	0.0		0.0	1.0	0.0
2555	3850	9	683	30	62	29.0	8.0	1691.0	30.0	4.0	1698.0	0	0.0		0.0	1.0	0.0
2556	3851	9	1171	30	62	2.0	5.0	1707.0				0	0.0		0.0	1.0	0.0
2557	3852	9	272	13	11	25.0	4.0	1577.0			1577.0	0	13.0	Aanvangsdatum: eerste aanwezigheid.	0.0	1.0	0.0
2558	3853	9	1172	13	11			1577.0	31.0	7.0	1578.0	0	0.0	Zitting voor het platteland.	0.0	1.0	0.0
2559	3854	9	1173	13	11			1577.0			1577.0	0	0.0	Zitting voor het platteland.	0.0	1.0	0.0
2560	3855	9	732	13	11			1577.0			1577.0	0	0.0	Zitting voor het platteland.	0.0	1.0	0.0
2561	3856	9	1174	13	11			1578.0			1580.0	0	0.0		0.0	1.0	0.0
2562	3857	9	1175	13	11			1579.0			1579.0	0	0.0		0.0	1.0	0.0
2563	3861	9	635	13	11			1580.0			1580.0	0	0.0		0.0	1.0	0.0
2564	3862	9	1176	19	59							1	0.0		0.0	0.0	0.0
2565	3863	9	1176	13	11			1580.0			1581.0	0	0.0		0.0	1.0	0.0
2566	3864	9	408	13	11			1580.0			1580.0	0	0.0		0.0	1.0	0.0
2567	3865	9	476	13	11			1580.0			1580.0	0	0.0		0.0	1.0	0.0
2568	3866	9	1177	13	11			1581.0			1581.0	0	0.0		0.0	1.0	0.0
2569	3867	9	1025	13	11	23.0	4.0	1581.0			1581.0	0	0.0	Aanvangsdatum: acte waarbij Roorda aan de andere Friese gedeputeerden wordt toegevoegd.	0.0	1.0	0.0
2570	3869	9	1178	19	55							1	0.0		0.0	0.0	0.0
2571	3870	9	385	13	11	16.0	11.0	1581.0			1581.0	0	0.0	Aanvangsdatum: commissie. Resolutiën der Staten-Generaal 3 (1580-1582) N. Japikse ed. ('s-Gravenhage 1918) 312 geeft als voornaam 'Dirick', maar blijkens de presentielijst in Nationaal Archief 1.01.02 inv. nr. 3108, f. 1 gaat het om 'Oricus Doyem' (zie ook Resolutiën der Staten-Generaal 5 (1585-1587) N. Japikse ed. ('s-Gravenhage 1921) 209, n. 1).	0.0	1.0	0.0
2572	3872	9	498	13	11	26.0	9.0	1582.0			1583.0	0	0.0	Aanvangsdatum: eerste aanwezigheid.	0.0	1.0	0.0
2573	3877	9	122	13	11	30.0	7.0	1584.0			1584.0	0	0.0	Aanvangsdatum: eerste aanwezigheid.	0.0	1.0	0.0
2574	3878	9	1178	13	11			1585.0			1585.0	0	0.0		0.0	1.0	0.0
2575	3881	9	506	13	11	4.0	6.0	1585.0			1585.0	0	0.0	Aanvangsdatum: eerste aanwezigheid.	0.0	1.0	0.0
2576	3884	9	332	13	11	2.0	12.0	1586.0			1587.0	0	0.0	Aanvangsdatum: eerste aanwezigheid.	0.0	1.0	0.0
2577	3885	9	122	13	11	8.0	9.0	1587.0			1588.0	0	0.0	Aanvangsdatum: eerste aanwezigheid.	0.0	1.0	0.0
2578	3886	9	807	13	11			1588.0			1588.0	0	0.0		0.0	1.0	0.0
2579	2428	1	510	13	11	1.0	5.0	1601.0	30.0	4.0	1604.0	0		Aanvangs- en einddatum: formeel begin en einde van de zittingstermijn.		1.0	
2580	3888	9	1179	14	45	20.0	5.0	1637.0				0	0.0	Aanvangsdatum: eedsaflegging, blijkens resolutie van de Staten-Generaal van die datum. De einddatum is onbekend.	0.0	1.0	0.0
2581	3108	1	502	13	11	1.0	5.0	1604.0	30.0	4.0	1605.0	0	13.0	Aanvangs- en einddatum: formeel begin en einde van de zittingstermijn.		1.0	
2582	3107	1	498	13	11	1.0	5.0	1604.0	30.0	4.0	1606.0	0	10.0	Aanvangs- en einddatum: formeel begin en einde van de zittingstermijn.		1.0	
2583	3109	1	504	13	11	1.0	5.0	1605.0	30.0	4.0	1607.0	0	13.0	Aanvangs- en einddatum: formeel begin en einde van de zittingstermijn.		1.0	
2584	3570	1	1087	13	11	1.0	5.0	1664.0	30.0	4.0	1665.0	0	13.0	Aanvangs- en einddatum: formeel begin en einde van de zittingstermijn.		1.0	
2585	3167	1	607	13	11	1.0	5.0	1665.0	30.0	4.0	1667.0	0	13.0	Aanvangs- en einddatum: formeel begin en einde van de zittingstermijn.		1.0	
2586	3318	1	255	13	11	1.0	5.0	1666.0	30.0	4.0	1669.0	0	10.0	Aanvangs- en einddatum: formeel begin en einde van de zittingstermijn.		1.0	
2587	3168	1	1037	13	11	1.0	5.0	1667.0	30.0	4.0	1670.0	0	13.0	Aanvangs- en einddatum: formeel begin en einde van de zittingstermijn.		1.0	
2588	3186	1	937	13	11	1.0	5.0	1709.0	30.0	4.0	1715.0	0	13.0	Aanvangs- en einddatum: formeel begin en einde van de zittingstermijn.		1.0	
2589	3331	1	297	13	11	1.0	5.0	1710.0	30.0	4.0	1713.0	0	10.0	Aanvangs- en einddatum: formeel begin en einde van de zittingstermijn.		1.0	
2590	3349	1	322	13	11	1.0	5.0	1775.0	30.0	4.0	1776.0	0	10.0	Aanvangs- en einddatum: formeel begin en einde van de zittingstermijn.		1.0	
2591	3303	1	581	13	11	1.0	5.0	1775.0	30.0	4.0	1777.0	0	13.0	Aanvangs- en einddatum: formeel begin en einde van de zittingstermijn.		1.0	
2592	3873	9	639	13	11	26.0	9.0	1582.0			1582.0	0	0.0	In Resolutiën der Staten-Generaal 3 (1580-1582) N. Japikse ed. ('s-Gravenhage 1918) 315 'Jan Montzima' genoemd.	0.0	1.0	0.0
2593	3875	9	639	13	11	18.0	2.0	1584.0			1584.0	0	0.0	Aanvangsdatum: eerste aanwezigheid.	0.0	1.0	0.0
2594	1461	1	624	13	5	17.0	5.0	1713.0	11.0	5.0	1716.0	0	12.0	Aanvangsdatum: sessiename.	24.0		
2595	1509	1	652	13	5	25.0	2.0	1780.0	11.0	5.0	1784.0	0	13.0	Aanvangsdatum: sessiename.	36.0		
2596	1631	1	571	13	5	14.0	5.0	1770.0	10.0	5.0	1776.0	0	12.0	Aanvangsdatum: sessiename.	22.0		
2597	1826	1	771	13	5	12.0	2.0	1770.0	11.0	2.0	1773.0	0	10.0	Aanvangsdatum: sessiename.	7.0		
2598	1842	1	545	13	5	12.0	5.0	1716.0	5.0	11.0	1717.0	0	13.0	Aanvangsdatum: sessiename.	40.0		
2599	1845	1	777	13	5	13.0	2.0	1758.0	11.0	2.0	1761.0	0	11.0	Aanvangsdatum: sessiename.	19.0		
2600	1857	1	783	13	5	17.0	2.0	1764.0	11.0	2.0	1773.0	0	11.0	Aanvangsdatum: sessiename.	13.0		
2601	1879	1	795	13	5	30.0	4.0	1718.0	2.0	11.0	1719.0	0	13.0	Aanvangsdatum: sessiename.	35.0		
2602	1887	1	798	13	5	12.0	2.0	1761.0	16.0	2.0	1764.0	0	11.0	Aanvangsdatum: sessiename.	12.0		
2603	1918	1	820	13	5	12.0	2.0	1737.0	31.0	10.0	1740.0	0	10.0	Aanvangsdatum: sessiename.	11.0		
2604	1921	1	547	13	5	1.0	5.0	1728.0	11.0	5.0	1731.0	0	12.0	Aanvangsdatum: sessiename.	23.0		
2605	1939	1	552	13	5	17.0	2.0	1713.0	11.0	12.0	1713.0	0	11.0	Aanvangsdatum: sessiename.	20.0		
2606	1944	1	830	13	5	21.0	11.0	1748.0	17.0	11.0	1751.0	0	13.0	Aanvangsdatum: sessiename.	33.0		
2607	1957	1	836	13	5	2.0	5.0	1703.0	20.0	5.0	1711.0	0	13.0	Aanvangsdatum: sessiename.	31.0		
2608	1967	1	845	13	5	19.0	5.0	1722.0	15.0	5.0	1725.0	0	12.0	Aanvangsdatum: sessiename.	30.0		
2609	2123	1	179	13	5	23.0	6.0	1719.0	18.0	5.0	1722.0	0	12.0	Aanvangsdatum: sessiename.	27.0		
2610	2132	1	539	13	5	12.0	5.0	1740.0	14.0	5.0	1743.0	0	12.0	Aanvangsdatum: sessiename.	22.0		
2611	2196	1	704	13	5	12.0	2.0	1776.0	11.0	2.0	1779.0	0	10.0	Aanvangsdatum: sessiename.	1.0		
2612	2242	1	195	13	5	13.0	11.0	1731.0	24.0	11.0	1739.0	0	13.0	Aanvangsdatum: sessiename.	36.0		
2613	2274	1	258	13	5	19.0	8.0	1746.0	20.0	11.0	1748.0	0	13.0	Aanvangsdatum: sessiename.	39.0		
2614	2478	1	600	13	5	12.0	5.0	1752.0			1753.0	0	12.0	Aanvangsdatum: sessiename.	30.0		
2615	2514	1	724	13	5	11.0	2.0	1719.0	10.0	2.0	1722.0	0	11.0	Aanvangsdatum: sessiename.	12.0		
2616	2524	1	689	13	5	12.0	5.0	1734.0	12.0	5.0	1737.0	0	12.0	Aanvangsdatum: sessiename.	28.0		
2617	2527	1	689	13	5	12.0	5.0	1764.0	22.0	6.0	1767.0	0	12.0	Aanvangsdatum: sessiename.	28.0		
2618	3134	1	595	13	5	11.0	2.0	1722.0	12.0	2.0	1725.0	0	11.0	Aanvangsdatum: sessiename.	15.0		
2619	144	0	57	5	1	13.0	10.0	1525.0	30.0	6.0	1537.0	0		Aanvangsdatum: commissie.			
2620	218	0	91	4	1	14.0	4.0	1570.0	12.0	7.0	1578.0	0		Aanvangsdatum: commissie.			
2621	2557	1	831	14	31	5.0	5.0	1681.0	30.0	4.0	1683.0	0	13.0	Aanvangsdatum (Oude Stijl): sessiename.			
2622	2702	1	944	14	31	1.0	5.0	1650.0				0		Aanvangsdatum (Oude Stijl): sessiename.			
2623	3741	1	621	14	31	12.0	4.0	1628.0				0	12.0	Aanvangsdatum (Oude Stijl): sessiename.			
2624	1258	1	351	14	31	13.0	2.0	1731.0	11.0	2.0	1734.0	0	10.0	Aanvangsdatum: sessiename.			
2625	2013	1	357	14	31	1.0	8.0	1764.0	11.0	2.0	1767.0	0	10.0	Aanvangsdatum: sessiename.			
2626	3110	1	505	13	11	1.0	5.0	1606.0	30.0	4.0	1607.0	0	10.0	Aanvangs- en einddatum: formeel begin en einde van de zittingstermijn.		1.0	
2627	2399	1	443	6	31	10.0	4.0	1733.0	9.0	12.0	1744.0	0		Aanvangsdatum: sessiename.			
2628	2564	1	898	14	31	17.0	2.0	1729.0	12.0	2.0	1731.0	0	11.0	Aanvangsdatum: sessiename.			
2629	2571	1	551	14	31	1.0	5.0	1733.0	30.0	4.0	1734.0	0	12.0	Aanvangsdatum: sessiename.			
2630	2574	1	691	14	31	1.0	5.0	1734.0	13.0	5.0	1737.0	0	12.0	Aanvangsdatum: sessiename.			
2631	2577	1	691	14	31	10.0	8.0	1737.0	12.0	5.0	1740.0	0	13.0	Aanvangsdatum: sessiename.			
2632	2581	1	902	14	31	18.0	5.0	1741.0	20.0	5.0	1744.0	0	13.0	Aanvangsdatum: sessiename.			
2633	2586	1	593	14	31	13.0	5.0	1745.0	24.0	5.0	1746.0	0	13.0	Aanvangsdatum: sessiename.			
2634	2591	1	557	14	31	24.0	5.0	1746.0	14.0	2.0	1749.0	0	12.0	Aanvangsdatum: sessiename.			
2635	2594	1	907	14	31	24.0	2.0	1749.0	13.0	2.0	1752.0	0	10.0	Aanvangsdatum: sessiename.			
2636	2598	1	908	14	31	22.0	10.0	1749.0				0		Aanvangsdatum: sessiename.			
2637	2603	1	369	14	31	19.0	2.0	1752.0	12.0	2.0	1755.0	0	11.0	Aanvangsdatum: sessiename.			
2638	2608	1	600	14	31	12.0	5.0	1758.0	21.0	4.0	1760.0	0	12.0	Aanvangsdatum: sessiename.			
2639	2611	1	702	14	31	12.0	2.0	1761.0	20.0	2.0	1764.0	0	10.0	Aanvangsdatum: sessiename.			
2640	2618	1	468	14	31	12.0	2.0	1767.0	11.0	2.0	1770.0	0	10.0	Aanvangsdatum: sessiename.			
2641	2624	1	468	14	31	21.0	6.0	1770.0	11.0	5.0	1772.0	0	13.0	Aanvangsdatum: sessiename.			
2642	2628	1	394	14	31	15.0	2.0	1773.0	7.0	2.0	1777.0	0	11.0	Aanvangsdatum: sessiename.			
2643	2631	1	571	14	31	11.0	5.0	1776.0	11.0	2.0	1779.0	0	12.0	Aanvangsdatum: sessiename.			
2644	2635	1	916	14	31	12.0	2.0	1779.0	12.0	5.0	1782.0	0	12.0	Aanvangsdatum: sessiename.			
2645	2841	1	724	14	31	13.0	2.0	1731.0	29.0	3.0	1734.0	0	11.0	Aanvangsdatum: sessiename.			
2646	2846	1	999	14	31	26.0	4.0	1770.0	7.0	8.0	1771.0	0	12.0	Aanvangsdatum: sessiename.			
2647	2856	1	1006	14	31	27.0	5.0	1787.0	11.0	5.0	1791.0	0	12.0	Aanvangsdatum: sessiename.			
2648	2861	1	811	14	31	12.0	5.0	1791.0	14.0	5.0	1792.0	0	13.0	Aanvangsdatum: sessiename.			
2649	2865	1	1008	14	31	12.0	2.0	1794.0			1795.0	0	12.0	Aanvangsdatum: sessiename.			
2650	2870	1	704	14	31	12.0	2.0	1788.0	11.0	2.0	1791.0	0	11.0	Aanvangsdatum: sessiename.			
2651	1754	1	738	14	6	7.0	4.0	1601.0	17.0	4.0	1603.0	0	10.0	Aanvangsdatum: commissie door de Staten-Generaal.		1.0	
2652	1776	1	749	14	6	16.0	4.0	1614.0	1.0	5.0	1616.0	0	10.0	Aanvangsdatum: commissie door de Staten-Generaal.		1.0	
2653	2018	1	394	14	6	19.0	3.0	1782.0	1.0	4.0	1788.0	0	11.0	Aanvangsdatum: commissie door de Staten-Generaal.		1.0	
2654	2921	1	442	14	6	24.0	4.0	1700.0	13.0	4.0	1701.0	0	13.0	Aanvangsdatum: commissie door de Staten-Generaal.		1.0	
2655	2970	1	551	14	6	28.0	10.0	1725.0				0		Aanvangsdatum: commissie door de Staten-Generaal.		1.0	
2656	3026	1	228	14	6	23.0	11.0	1773.0	30.0	4.0	1776.0	0		Aanvangsdatum: commissie door de Staten-Generaal.		1.0	
2657	3056	1	698	14	6	14.0	3.0	1667.0	8.0	7.0	1668.0	0	13.0	Aanvangsdatum: commissie door de Staten-Generaal.		1.0	
2658	3224	1	1052	14	6	24.0	4.0	1673.0	22.0	4.0	1675.0	0	13.0	Aanvangsdatum: commissie door de Staten-Generaal.		1.0	
2659	1642	1	641	14	45	20.0	4.0	1677.0	8.0	4.0	1681.0	0		Aanvangsdatum: commissie door de Staten-Generaal.		1.0	
2660	3126	1	333	13	11	1.0	5.0	1607.0	30.0	4.0	1608.0	0	11.0	Aanvangs- en einddatum: formeel begin en einde van de zittingstermijn.		1.0	
2661	3111	1	507	13	11	1.0	5.0	1607.0	30.0	4.0	1610.0	0	12.0	Aanvangs- en einddatum: formeel begin en einde van de zittingstermijn.		1.0	
2662	2424	1	506	13	11	1.0	5.0	1608.0	30.0	4.0	1610.0	0	11.0	Aanvangs- en einddatum: formeel begin en einde van de zittingstermijn.		1.0	
2663	3113	1	505	13	11	1.0	5.0	1610.0	30.0	4.0	1611.0	0	10.0	Aanvangs- en einddatum: formeel begin en einde van de zittingstermijn.		1.0	
2664	3114	1	508	13	11	1.0	5.0	1611.0	30.0	4.0	1613.0	0	13.0	Aanvangs- en einddatum: formeel begin en einde van de zittingstermijn.		1.0	
2665	2033	1	136	13	11	1.0	5.0	1611.0	30.0	4.0	1613.0	0	10.0	Aanvangs- en einddatum: formeel begin en einde van de zittingstermijn.		1.0	
2666	2736	1	338	14	31	1.0	5.0	1677.0				0	12.0	Aanvangsdatum (Oude Stijl):  formeel begin van de zittingstermijn. Kwartier onzeker.			
2667	1001	1	496	14	7	4.0	5.0	1779.0	14.0	5.0	1781.0	0	12.0	Aanvangsdatum: sessiename.		1.0	
2668	1203	1	551	14	7	8.0	5.0	1731.0	11.0	5.0	1733.0	0	12.0	Aanvangsdatum: sessiename.		1.0	
2669	1313	1	571	14	7	6.0	5.0	1766.0	30.0	4.0	1767.0	0	12.0	Aanvangsdatum: sessiename.		1.0	
2670	1538	1	647	14	7	20.0	5.0	1616.0	21.0	5.0	1619.0	0	12.0	Aanvangsdatum: sessiename.		1.0	
2671	1544	1	675	14	7	2.0	5.0	1631.0	29.0	5.0	1634.0	0	13.0	Aanvangsdatum: sessiename.		1.0	
2672	1548	1	405	14	7	28.0	5.0	1641.0	18.0	5.0	1643.0	0	12.0	Aanvangsdatum: sessiename.		1.0	
2673	1555	1	526	14	7	16.0	6.0	1653.0	24.0	5.0	1655.0	0	12.0	Aanvangsdatum: sessiename.		1.0	
2674	1564	1	336	14	7	8.0	7.0	1670.0	26.0	5.0	1671.0	0	12.0	Aanvangsdatum: sessiename.		1.0	
2675	1580	1	537	14	7	9.0	5.0	1713.0	6.0	5.0	1715.0	0	12.0	Aanvangsdatum: sessiename.		1.0	
2676	1583	1	467	14	7	1.0	5.0	1721.0	16.0	5.0	1724.0	0	13.0	Aanvangsdatum: sessiename.		1.0	
2677	1600	1	689	14	7	1.0	5.0	1761.0	9.0	5.0	1763.0	0	12.0	Aanvangsdatum: sessiename.		1.0	
2678	1605	1	206	14	7	2.0	5.0	1754.0	7.0	11.0	1754.0	0	12.0	Aanvangsdatum: sessiename.		1.0	
2679	1609	1	652	14	7	10.0	5.0	1763.0	14.0	2.0	1764.0	0	13.0	Aanvangsdatum: sessiename.		1.0	
2680	1623	1	592	14	7	22.0	5.0	1783.0	3.0	5.0	1784.0	0	13.0	Aanvangsdatum: sessiename.		1.0	
2681	1628	1	586	14	7	29.0	4.0	1791.0	28.0	5.0	1793.0	0	12.0	Aanvangsdatum: sessiename.		1.0	
2682	2154	1	845	14	7	1.0	5.0	1748.0	6.0	5.0	1749.0	0	12.0	Aanvangsdatum: sessiename.		1.0	
2683	2377	1	421	14	7	11.0	5.0	1688.0	12.0	5.0	1689.0	0	12.0	Aanvangsdatum: sessiename.		1.0	
2684	2491	1	791	14	7	4.0	6.0	1734.0	28.0	5.0	1736.0	0	13.0	Aanvangsdatum: sessiename.		1.0	
2685	3284	1	689	14	7	1.0	5.0	1775.0	14.0	5.0	1776.0	0	13.0	Aanvangsdatum: sessiename.		1.0	
2686	3289	1	288	14	7	1.0	5.0	1739.0	2.0	5.0	1740.0	0	13.0	Aanvangsdatum: sessiename.		1.0	
2687	3299	1	524	14	7	1.0	5.0	1661.0	5.0	5.0	1664.0	0	13.0	Aanvangsdatum: sessiename.		1.0	
2688	1071	1	425	14	15	7.0	1.0	1638.0	18.0	3.0	1639.0	0		Aanvangsdatum: sessiename.		1.0	
2689	1121	1	161	14	15	31.0	5.0	1674.0	30.0	4.0	1675.0	0		Aanvangsdatum: sessiename.		1.0	
2690	1162	1	542	14	15	28.0	5.0	1695.0	23.0	6.0	1697.0	0		Aanvangsdatum: sessiename.		1.0	
2691	1200	1	551	14	15	7.0	5.0	1721.0		5.0	1722.0	0		Aanvangsdatum: sessiename.		1.0	
2692	1406	1	563	14	15	1.0	5.0	1755.0	10.0	5.0	1758.0	0		Aanvangsdatum: sessiename.		1.0	
2693	1410	1	568	14	15	1.0	5.0	1760.0	30.0	4.0	1761.0	0		Aanvangsdatum: sessiename.		1.0	
2694	1417	1	599	14	15	1.0	5.0	1767.0	30.0	4.0	1770.0	0		Aanvangsdatum: sessiename.		1.0	
2695	1421	1	568	14	15	1.0	5.0	1772.0	18.0	6.0	1775.0	0	13.0	Aanvangsdatum: sessiename.		1.0	
2696	2052	1	378	14	15	28.0	7.0	1628.0	11.0	8.0	1631.0	0		Aanvangsdatum: sessiename.		1.0	
2697	2735	1	958	14	31			1677.0	22.0	3.0	1678.0	0	10.0	Kwartier onzeker. Beëindigd door overlijden.			
2698	2062	1	283	14	15	29.0	8.0	1643.0	5.0	7.0	1644.0	0		Aanvangsdatum: sessiename.		1.0	
2699	2074	1	867	14	15	4.0	7.0	1658.0	22.0	5.0	1661.0	0	13.0	Aanvangsdatum: sessiename.		1.0	
2700	2079	1	306	14	15	2.0	6.0	1667.0	27.0	7.0	1670.0	0		Aanvangsdatum: sessiename.		1.0	
2701	2087	1	276	14	15	1.0	7.0	1679.0		5.0	1680.0	0		Aanvangsdatum: sessiename.		1.0	
2702	2094	1	875	14	15	13.0	5.0	1686.0	30.0	4.0	1688.0	0		Aanvangsdatum: sessiename.		1.0	
2703	2106	1	877	14	15	31.0	10.0	1701.0	28.0	5.0	1704.0	0		Aanvangsdatum: sessiename.		1.0	
2704	2147	1	702	14	15	28.0	5.0	1731.0	17.0	3.0	1735.0	0		Aanvangsdatum: sessiename.		1.0	
2705	2159	1	593	14	15	1.0	5.0	1739.0		5.0	1740.0	0		Aanvangsdatum: sessiename.		1.0	
2706	2168	1	560	14	15	13.0	8.0	1754.0	27.0	5.0	1755.0	0	13.0	Aanvangsdatum: sessiename.		1.0	
2707	3276	1	567	14	15	1.0	5.0	1764.0	30.0	4.0	1767.0	0		Aanvangsdatum: sessiename.		1.0	
2708	1241	1	558	14	9	31.0	3.0	1741.0	30.0	4.0	1743.0	0		Aanvangsdatum: commissie door de Staten-Generaal.		1.0	
2709	1285	1	566	14	9	28.0	4.0	1768.0	30.0	4.0	1770.0	0		Aanvangsdatum: commissie door de Staten-Generaal.		1.0	
2710	1043	1	510	13	11	1.0	5.0	1613.0	30.0	4.0	1616.0	0	12.0	Aanvangs- en einddatum: formeel begin en einde van de zittingstermijn.		1.0	
2711	3115	1	298	13	11	1.0	5.0	1613.0	30.0	4.0	1616.0	0	11.0	Aanvangs- en einddatum: formeel begin en einde van de zittingstermijn.		1.0	
2712	2429	1	510	13	11	1.0	5.0	1619.0	30.0	4.0	1622.0	0	12.0	Aanvangs- en einddatum: formeel begin en einde van de zittingstermijn.		1.0	
2713	3831	1	492	6	5			1579.0	6.0	3.0	1601.0	0	0.0	Aanvangsjaar onzeker; benoeming vóór 7 september 1579. Beëindiging wegens ontslag.	0.0	0.0	0.0
2714	3479	0	492	6	60	11.0	2.0	1580.0	6.0	3.0	1601.0	0		Beëindiging wegens ontslag.			
2715	1057	1	515	13	11	1.0	5.0	1622.0	30.0	4.0	1625.0	0	10.0	Aanvangs- en einddatum: formeel begin en einde van de zittingstermijn.		1.0	
2716	3298	1	466	14	7	1.0	5.0	1682.0	30.0	4.0	1685.0	0	12.0	Aanvangsdatum: sessiename. Behoudt zitting, maar voor het kwartier der Steden.		1.0	
2717	3119	1	654	13	11	1.0	5.0	1622.0	30.0	4.0	1623.0	0	13.0	Aanvangs- en einddatum: formeel begin en einde van de zittingstermijn.		1.0	
2718	3121	1	491	13	11	1.0	5.0	1623.0	30.0	4.0	1625.0	0	13.0	Aanvangs- en einddatum: formeel begin en einde van de zittingstermijn.		1.0	
2719	3122	1	647	13	11	1.0	5.0	1625.0	30.0	4.0	1626.0	0	12.0	Aanvangs- en einddatum: formeel begin en einde van de zittingstermijn.		1.0	
2720	2430	1	514	13	11	1.0	5.0	1625.0	30.0	4.0	1628.0	0	11.0	Aanvangs- en einddatum: formeel begin en einde van de zittingstermijn.		1.0	
2721	3123	1	519	13	11	1.0	5.0	1626.0	30.0	4.0	1627.0	0	12.0	Aanvangs- en einddatum: formeel begin en einde van de zittingstermijn.		1.0	
2722	3128	1	507	13	11	1.0	5.0	1627.0	30.0	4.0	1628.0	0	12.0	Aanvangs- en einddatum: formeel begin en einde van de zittingstermijn.		1.0	
2723	1060	1	516	13	11	1.0	5.0	1628.0	30.0	4.0	1631.0	0	13.0	Aanvangs- en einddatum: formeel begin en einde van de zittingstermijn.		1.0	
2724	1018	1	501	13	11	1.0	5.0	1628.0	30.0	4.0	1631.0	0	10.0	Aanvangs- en einddatum: formeel begin en einde van de zittingstermijn.		1.0	
2725	3132	1	519	13	11			1633.0	30.0	4.0	1634.0	0	12.0	Einddatum: formeel einde van de zittingstermijn.		1.0	
2726	2648	1	637	14	31	1.0	5.0	1649.0	30.0	4.0	1651.0	0	13.0	Aanvangsdatum (Oude Stijl):  formeel begin van de zittingstermijn.			
2727	2649	1	655	14	31	1.0	5.0	1651.0	30.0	4.0	1655.0	0	13.0	Aanvangsdatum (Oude Stijl):  formeel begin van de zittingstermijn.			
2728	2651	1	342	14	31	1.0	5.0	1657.0	30.0	4.0	1659.0	0	13.0	Aanvangsdatum (Oude Stijl):  formeel begin van de zittingstermijn.			
2729	2653	1	922	14	31	1.0	5.0	1661.0	30.0	4.0	1663.0	0	13.0	Aanvangsdatum (Oude Stijl):  formeel begin van de zittingstermijn.			
2730	3138	1	374	13	11			1639.0	30.0	4.0	1640.0	0	12.0	Einddatum: formeel einde van de zittingstermijn.		1.0	
2731	2511	1	718	14	31	1.0	5.0	1663.0	30.0	4.0	1665.0	0	13.0	Aanvangsdatum (Oude Stijl):  formeel begin van de zittingstermijn.			
2732	3695	1	1136	14	31	1.0	5.0	1667.0			1668.0	0	13.0	Aanvangsdatum (Oude Stijl):  formeel begin van de zittingstermijn.			
2733	3256	1	1059	6	5	17.0	3.0	1759.0	19.0	2.0	1795.0	0		Aanvangsdatum: sessiename. Beëindigd wegens opheffing van het college.			
2734	2666	1	341	14	31	1.0	5.0	1679.0	4.0	5.0	1681.0	0	13.0	Aanvangsdatum (Oude Stijl):  formeel begin van de zittingstermijn.			
2735	3139	1	523	13	11	1.0	5.0	1639.0	30.0	4.0	1641.0	0	10.0	Aanvangs- en einddatum: formeel begin en einde van de zittingstermijn.		1.0	
2736	1657	1	361	14	45	1.0	5.0	1728.0	29.0	5.0	1729.0	0		Aanvangsdatum: formeel begin van de zittingstermijn. Commissie door de Staten-Generaal niet bekend.		1.0	
2737	1685	1	706	14	45	1.0	5.0	1781.0	25.0	4.0	1782.0	0		Aanvangsdatum: formeel begin van de zittingstermijn. Commissie door de Staten-Generaal niet bekend.		1.0	
2738	3140	1	516	13	11			1639.0	30.0	4.0	1646.0	0	13.0	Einddatum: formeel einde van de zittingstermijn.		1.0	
2739	2740	1	822	14	31	1.0	5.0	1683.0	30.0	4.0	1686.0	0	12.0	Aanvangsdatum (Oude Stijl):  formeel begin van de zittingstermijn.			
2740	2668	1	930	14	31	1.0	5.0	1683.0	30.0	4.0	1685.0	0	13.0	Aanvangsdatum (Oude Stijl):  formeel begin van de zittingstermijn.			
2741	3358	1	374	13	11			1641.0	30.0	4.0	1643.0	0	12.0	Einddatum: formeel einde van de zittingstermijn.		1.0	
2742	2400	1	445	14	6	1.0	5.0	1752.0	23.0	4.0	1758.0	0	10.0	Aanvangsdatum: formeel begin van de zittingstermijn.		1.0	
2743	3141	1	405	13	11	1.0	5.0	1643.0	30.0	4.0	1646.0	0	12.0	Aanvangs- en einddatum: formeel begin en einde van de zittingstermijn.		1.0	
2744	3698	1	1137	14	6	1.0	5.0	1604.0	23.0	4.0	1606.0	0	12.0	Aanvangsdatum: formeel begin van de zittingstermijn.		1.0	
2745	1764	1	411	14	6	1.0	5.0	1605.0	23.0	4.0	1607.0	0	13.0	Aanvangsdatum: formeel begin van de zittingstermijn.		1.0	
2746	3206	1	1045	14	6	1.0	5.0	1649.0	30.0	4.0	1651.0	0	13.0	Aanvangsdatum: formeel begin van de zittingstermijn.		1.0	
2747	1715	1	487	14	48	30.0	4.0	1701.0	21.0	8.0	1705.0	0		Aanvangsdatum: commissie door de Staten-Generaal. De einddatum is gebaseerd op zijn benoeming in Gedeputeerde Staten van Friesland, hoewel een benoeming van een opvolger pas in 1707 plaatsvindt.		1.0	
2748	3142	1	756	13	11	1.0	5.0	1644.0	30.0	4.0	1648.0	0	10.0	Aanvangs- en einddatum: formeel begin en einde van de zittingstermijn.		1.0	
2749	2487	1	678	13	11			1644.0	30.0	4.0	1646.0	0		Einddatum: formeel einde van de zittingstermijn.		1.0	
2750	3146	1	1028	13	11	1.0	5.0	1648.0	30.0	4.0	1651.0	0	10.0	Aanvangs- en einddatum: formeel begin en einde van de zittingstermijn.		1.0	
2751	3213	1	415	14	6	1.0	5.0	1657.0	6.0	4.0	1659.0	0	13.0	Aanvangsdatum: formeel begin van de zittingstermijn.		1.0	
2752	3164	1	464	13	11	1.0	5.0	1658.0	30.0	4.0	1661.0	0	13.0	Aanvangs- en einddatum: formeel begin en einde van de zittingstermijn.		1.0	
2753	2742	1	629	14	31	1.0	5.0	1686.0	30.0	4.0	1689.0	0	12.0	Aanvangsdatum (Oude Stijl):  formeel begin van de zittingstermijn.			
2754	3165	1	1036	13	11	1.0	5.0	1661.0	30.0	4.0	1664.0	0	13.0	Aanvangs- en einddatum: formeel begin en einde van de zittingstermijn.		1.0	
2755	3192	1	195	13	11	1.0	5.0	1730.0	31.0	10.0	1731.0	0	13.0	Aanvangs- en einddatum: formeel begin en einde van de zittingstermijn.		1.0	
2756	3195	1	547	13	11	1.0	11.0	1731.0	30.0	4.0	1733.0	0	13.0	Aanvangs- en einddatum: formeel begin en einde van de zittingstermijn.		1.0	
2757	3337	1	550	13	11	1.0	5.0	1731.0	30.0	4.0	1734.0	0	10.0	Aanvangs- en einddatum: formeel begin en einde van de zittingstermijn.		1.0	
2758	2270	1	258	13	11	1.0	5.0	1733.0	31.0	10.0	1741.0	0	13.0	Aanvangs- en einddatum: formeel begin en einde van de zittingstermijn.		1.0	
2759	3338	1	552	13	11	1.0	5.0	1734.0	30.0	4.0	1737.0	0	10.0	Aanvangs- en einddatum: formeel begin en einde van de zittingstermijn.		1.0	
2760	3339	1	702	13	11	1.0	5.0	1737.0	30.0	4.0	1740.0	0	10.0	Aanvangs- en einddatum: formeel begin en einde van de zittingstermijn.		1.0	
2761	3340	1	595	13	11	1.0	5.0	1740.0	30.0	4.0	1743.0	0	10.0	Aanvangs- en einddatum: formeel begin en einde van de zittingstermijn.		1.0	
2762	1388	1	590	13	11	1.0	11.0	1741.0	30.0	4.0	1742.0	0	13.0	Aanvangs- en einddatum: formeel begin en einde van de zittingstermijn.		1.0	
2763	3319	1	949	13	11	1.0	5.0	1669.0	30.0	4.0	1671.0	0	10.0	Aanvangs- en einddatum: formeel begin en einde van de zittingstermijn.		1.0	
2764	1104	1	529	14	9	1.0	5.0	1664.0	26.0	4.0	1666.0	0		Aanvangsdatum: formeel begin van de zittingstermijn.		1.0	
2765	3726	1	289	14	9	1.0	5.0	1679.0	22.0	5.0	1680.0	0	13.0	Aanvangsdatum: formeel begin van de zittingstermijn.		1.0	
2766	3736	1	347	14	9	1.0	5.0	1712.0	30.0	4.0	1713.0	0		Aanvangsdatum: formeel begin van de zittingstermijn.		1.0	
2767	3271	1	454	14	9	1.0	5.0	1751.0	30.0	4.0	1754.0	0	13.0	Aanvangsdatum: formeel begin van de zittingstermijn.		1.0	
2768	3251	1	655	13	11	1.0	5.0	1670.0	30.0	4.0	1672.0	0	13.0	Aanvangs- en einddatum: formeel begin en einde van de zittingstermijn.		1.0	
2769	3170	1	607	13	11	1.0	5.0	1672.0	30.0	4.0	1673.0	0	13.0	Aanvangs- en einddatum: formeel begin en einde van de zittingstermijn.		1.0	
2770	3171	1	1039	13	11	1.0	5.0	1673.0	30.0	4.0	1676.0	0	13.0	Aanvangs- en einddatum: formeel begin en einde van de zittingstermijn.		1.0	
2771	2670	1	372	14	31	1.0	5.0	1689.0	30.0	4.0	1691.0	0	13.0	Aanvangsdatum (Oude Stijl):  formeel begin van de zittingstermijn.			
2772	3320	1	418	13	11	1.0	5.0	1675.0	30.0	4.0	1677.0	0	10.0	Aanvangs- en einddatum: formeel begin en einde van de zittingstermijn.		1.0	
2773	3172	1	1040	13	11	1.0	5.0	1676.0	30.0	4.0	1679.0	0	13.0	Aanvangs- en einddatum: formeel begin en einde van de zittingstermijn.		1.0	
2774	2039	1	669	14	15	16.0	7.0	1613.0	12.0	7.0	1615.0	0		Aanvangsdatum: sessiename.		1.0	
2775	2040	1	647	14	15	13.0	7.0	1615.0	9.0	6.0	1616.0	0		Aanvangsdatum: sessiename.		1.0	
2776	3321	1	532	13	11	1.0	5.0	1677.0	30.0	4.0	1680.0	0	10.0	Aanvangs- en einddatum: formeel begin en einde van de zittingstermijn.		1.0	
2777	2045	1	671	14	15	12.0	5.0	1622.0	1.0	6.0	1625.0	0		Aanvangsdatum: sessiename.		1.0	
2778	2049	1	711	14	15	1.0	7.0	1625.0	16.0	6.0	1627.0	0		Aanvangsdatum: sessiename.		1.0	
2779	2050	1	523	14	15	17.0	6.0	1627.0	22.0	5.0	1633.0	0		Aanvangsdatum: sessiename.		1.0	
2780	3268	1	306	13	11	1.0	5.0	1681.0	30.0	4.0	1683.0	0	10.0	Aanvangs- en einddatum: formeel begin en einde van de zittingstermijn.		1.0	
2781	3176	1	800	13	11	1.0	5.0	1686.0	30.0	4.0	1688.0	0	13.0	Aanvangs- en einddatum: formeel begin en einde van de zittingstermijn.		1.0	
2782	3177	1	538	13	11	1.0	5.0	1688.0	30.0	4.0	1690.0	0	13.0	Aanvangs- en einddatum: formeel begin en einde van de zittingstermijn.		1.0	
2783	2058	1	283	14	15	19.0	3.0	1639.0	5.0	7.0	1640.0	0		Aanvangsdatum: sessiename.		1.0	
2784	2059	1	648	14	15	6.0	7.0	1640.0	28.0	8.0	1643.0	0	13.0	Aanvangsdatum: sessiename.		1.0	
2785	3359	1	552	13	11	1.0	5.0	1689.0	30.0	4.0	1692.0	0	12.0	Aanvangs- en einddatum: formeel begin en einde van de zittingstermijn.		1.0	
2786	2070	1	165	14	15	3.0	5.0	1652.0	12.0	5.0	1655.0	0	13.0	Aanvangsdatum: sessiename.		1.0	
2787	3179	1	274	13	11	1.0	5.0	1690.0	30.0	4.0	1691.0	0	13.0	Aanvangs- en einddatum: formeel begin en einde van de zittingstermijn.		1.0	
2788	3181	1	876	13	11	1.0	5.0	1691.0	30.0	4.0	1694.0	0	13.0	Aanvangs- en einddatum: formeel begin en einde van de zittingstermijn.		1.0	
2789	3324	1	462	13	11	1.0	5.0	1692.0	30.0	4.0	1693.0	0	10.0	Aanvangs- en einddatum: formeel begin en einde van de zittingstermijn.		1.0	
2790	2078	1	629	14	15	17.0	6.0	1665.0	17.0	7.0	1668.0	0		Aanvangsdatum: sessiename.		1.0	
2791	3360	1	1069	13	11	1.0	5.0	1692.0	30.0	4.0	1695.0	0	12.0	Aanvangs- en einddatum: formeel begin en einde van de zittingstermijn.		1.0	
2792	3326	1	299	13	11	1.0	5.0	1694.0	30.0	4.0	1698.0	0	10.0	Aanvangs- en einddatum: formeel begin en einde van de zittingstermijn.		1.0	
2793	2103	1	288	14	15	30.0	4.0	1698.0	26.0	5.0	1700.0	0		Aanvangsdatum: sessiename.		1.0	
2794	3182	1	538	13	11	1.0	5.0	1694.0	30.0	4.0	1696.0	0	13.0	Aanvangs- en einddatum: formeel begin en einde van de zittingstermijn.		1.0	
2795	3183	1	876	13	11	1.0	5.0	1696.0	30.0	4.0	1697.0	0	13.0	Aanvangs- en einddatum: formeel begin en einde van de zittingstermijn.		1.0	
2796	3327	1	1067	13	11	1.0	5.0	1698.0	30.0	4.0	1701.0	0	10.0	Aanvangs- en einddatum: formeel begin en einde van de zittingstermijn.		1.0	
2797	2043	1	709	14	15	16.0	6.0	1617.0	6.0	6.0	1622.0	0		Aanvangsdatum: sessiename.		1.0	
2798	2044	1	647	14	15	24.0	9.0	1619.0	11.0	5.0	1622.0	0		Aanvangsdatum: sessiename.		1.0	
2799	2048	1	747	14	15	2.0	6.0	1625.0	3.0	9.0	1627.0	0		Aanvangsdatum: sessiename.		1.0	
2800	3083	1	937	13	11	1.0	5.0	1700.0	30.0	4.0	1706.0	0	13.0	Aanvangs- en einddatum: formeel begin en einde van de zittingstermijn.		1.0	
2801	3328	1	455	13	11	1.0	5.0	1701.0	30.0	4.0	1704.0	0	10.0	Aanvangs- en einddatum: formeel begin en einde van de zittingstermijn.		1.0	
2802	2057	1	522	14	15	17.0	5.0	1638.0	5.0	9.0	1640.0	0		Aanvangsdatum: sessiename.		1.0	
2803	2072	1	523	14	15	20.0	7.0	1656.0	29.0	5.0	1658.0	0		Aanvangsdatum: sessiename.		1.0	
2804	2073	1	530	14	15	30.0	5.0	1658.0	2.0	6.0	1661.0	0		Aanvangsdatum: sessiename.		1.0	
2805	3329	1	192	13	11	1.0	5.0	1704.0	30.0	4.0	1707.0	0	10.0	Aanvangs- en einddatum: formeel begin en einde van de zittingstermijn.		1.0	
2806	2077	1	698	14	15	22.0	6.0	1662.0	30.0	4.0	1664.0	0		Aanvangsdatum: sessiename.		1.0	
2807	3185	1	371	13	11	1.0	5.0	1706.0	30.0	4.0	1709.0	0	13.0	Aanvangs- en einddatum: formeel begin en einde van de zittingstermijn.		1.0	
2808	3330	1	424	13	11	1.0	5.0	1707.0	30.0	4.0	1710.0	0	10.0	Aanvangs- en einddatum: formeel begin en einde van de zittingstermijn.		1.0	
2809	3332	1	192	13	11	1.0	5.0	1713.0	30.0	4.0	1719.0	0	10.0	Aanvangs- en einddatum: formeel begin en einde van de zittingstermijn.		1.0	
2810	2101	1	541	14	15	1.0	5.0	1697.0	29.0	4.0	1698.0	0		Aanvangsdatum: sessiename.		1.0	
2811	2102	1	822	14	15	24.0	6.0	1697.0	26.0	6.0	1698.0	0		Aanvangsdatum: sessiename.		1.0	
2812	2134	1	795	13	11	1.0	5.0	1715.0	30.0	4.0	1718.0	0	13.0	Aanvangs- en einddatum: formeel begin en einde van de zittingstermijn.		1.0	
2813	3187	1	195	13	11	1.0	5.0	1718.0	30.0	4.0	1721.0	0	13.0	Aanvangs- en einddatum: formeel begin en einde van de zittingstermijn.		1.0	
2814	3211	1	455	14	9	1.0	5.0	1655.0	17.0	10.0	1657.0	0	13.0	Aanvangsdatum: formeel begin van de zittingstermijn.		1.0	
2815	3740	1	456	14	9	1.0	5.0	1713.0	30.0	4.0	1715.0	0		Aanvangsdatum: formeel begin van de zittingstermijn.		1.0	
2816	2745	1	356	14	31	1.0	5.0	1689.0				0	12.0	Aanvangsdatum (Oude Stijl):  formeel begin van de zittingstermijn.			
2817	2671	1	932	14	31	1.0	5.0	1693.0	30.0	4.0	1695.0	0	13.0	Aanvangsdatum (Oude Stijl):  formeel begin van de zittingstermijn.			
2818	2673	1	933	14	31	1.0	5.0	1695.0	30.0	4.0	1697.0	0	13.0	Aanvangsdatum (Oude Stijl):  formeel begin van de zittingstermijn.	31.0		
2819	2676	1	467	14	31	1.0	5.0	1699.0	30.0	4.0	1702.0	0	13.0	Aanvangsdatum (Oude Stijl):  formeel begin van de zittingstermijn.			
2820	2680	1	721	14	31	1.0	5.0	1703.0	30.0	4.0	1711.0	0	13.0	Aanvangsdatum: formeel begin van de zittingstermijn.			
2821	2684	1	268	14	31	1.0	5.0	1712.0	30.0	4.0	1715.0	0	13.0	Aanvangsdatum: formeel begin van de zittingstermijn.			
2822	2821	1	624	14	31	1.0	5.0	1716.0				0	12.0	Aanvangsdatum: formeel begin van de zittingstermijn.			
2823	2686	1	412	14	31	1.0	5.0	1717.0	30.0	4.0	1718.0	0	13.0	Aanvangsdatum: formeel begin van de zittingstermijn.			
2824	2687	1	390	14	31	1.0	5.0	1718.0	30.0	4.0	1719.0	0	13.0	Aanvangsdatum: formeel begin van de zittingstermijn.			
2825	2688	1	833	14	31	1.0	5.0	1719.0	30.0	4.0	1721.0	0	13.0	Aanvangsdatum: formeel begin van de zittingstermijn.			
2826	2689	1	937	14	31	1.0	5.0	1721.0	30.0	4.0	1723.0	0	13.0	Aanvangsdatum: formeel begin van de zittingstermijn.			
2827	2258	1	224	14	31	1.0	5.0	1757.0	29.0	5.0	1759.0	0	13.0	Aanvangsdatum: formeel begin van de zittingstermijn.			
2828	3333	1	547	13	11	1.0	5.0	1719.0	30.0	4.0	1722.0	0	10.0	Aanvangs- en einddatum: formeel begin en einde van de zittingstermijn.		1.0	
2829	3188	1	1041	13	11	1.0	5.0	1721.0	30.0	4.0	1724.0	0	13.0	Aanvangs- en einddatum: formeel begin en einde van de zittingstermijn.		1.0	
2830	3334	1	550	13	11	1.0	5.0	1722.0	30.0	4.0	1728.0	0	10.0	Aanvangs- en einddatum: formeel begin en einde van de zittingstermijn.		1.0	
2831	3189	1	547	13	11	1.0	5.0	1724.0	30.0	4.0	1725.0	0	13.0	Aanvangs- en einddatum: formeel begin en einde van de zittingstermijn.		1.0	
2832	3190	1	195	13	11	1.0	5.0	1725.0	30.0	4.0	1727.0	0	13.0	Aanvangs- en einddatum: formeel begin en einde van de zittingstermijn.		1.0	
2833	3191	1	1042	13	11	1.0	5.0	1727.0	30.0	4.0	1730.0	0	13.0	Aanvangs- en einddatum: formeel begin en einde van de zittingstermijn.		1.0	
2834	3336	1	419	13	11	1.0	5.0	1728.0	30.0	4.0	1730.0	0	10.0	Aanvangs- en einddatum: formeel begin en einde van de zittingstermijn.		1.0	
2835	3196	1	206	13	11	1.0	5.0	1742.0	30.0	4.0	1743.0	0	13.0	Aanvangs- en einddatum: formeel begin en einde van de zittingstermijn.		1.0	
2836	3197	1	558	13	11	1.0	5.0	1743.0	30.0	4.0	1745.0	0	13.0	Aanvangs- en einddatum: formeel begin en einde van de zittingstermijn.		1.0	
2837	3341	1	457	13	11	1.0	5.0	1743.0	30.0	4.0	1748.0	0	10.0	Aanvangs- en einddatum: formeel begin en einde van de zittingstermijn.		1.0	
2838	3343	1	308	13	11	1.0	5.0	1749.0	30.0	4.0	1755.0	0	10.0	Aanvangs- en einddatum: formeel begin en einde van de zittingstermijn.		1.0	
2839	3201	1	581	13	11	1.0	5.0	1770.0	30.0	4.0	1774.0	0	13.0	Aanvangs- en einddatum: formeel begin en einde van de zittingstermijn.		1.0	
2840	3202	1	558	13	11	1.0	5.0	1771.0	30.0	4.0	1773.0	0	12.0	Aanvangs- en einddatum: formeel begin en einde van de zittingstermijn.		1.0	
2841	3400	1	566	13	11	1.0	5.0	1773.0			1776.0	0	11.0	Aanvangsdatum: formeel begin van de zittingstermijn.		1.0	
2842	3348	1	558	13	11	1.0	5.0	1773.0	30.0	4.0	1774.0	0	10.0	Aanvangs- en einddatum: formeel begin en einde van de zittingstermijn.		1.0	
2843	3350	1	558	13	11	1.0	5.0	1776.0	30.0	4.0	1778.0	0	10.0	Aanvangs- en einddatum: formeel begin en einde van de zittingstermijn.		1.0	
2844	3351	1	326	13	11	1.0	5.0	1777.0	30.0	4.0	1778.0	0	13.0	Aanvangs- en einddatum: formeel begin en einde van de zittingstermijn.		1.0	
2845	3352	1	326	13	11	1.0	5.0	1779.0	30.0	4.0	1783.0	0	10.0	Aanvangs- en einddatum: formeel begin en einde van de zittingstermijn.		1.0	
2846	3305	1	577	13	11		12.0	1780.0	30.0	4.0	1782.0	0	13.0	Einddatum: formeel einde van de zittingstermijn.		1.0	
2847	1311	1	570	13	11	1.0	5.0	1781.0			1782.0	0	12.0	Aanvangsdatum: formeel begin van de zittingstermijn.		1.0	
2848	1319	1	572	13	11	3.0	11.0	1783.0	30.0	4.0	1784.0	0	11.0	Einddatum: formeel einde van de zittingstermijn.		1.0	
2849	3353	1	777	13	11	1.0	5.0	1783.0	6.0	8.0	1783.0	0	10.0	Aanvangsdatum: formeel begin van de zittingstermijn.		1.0	
2850	3306	1	326	13	11	1.0	5.0	1783.0	30.0	4.0	1784.0	0	13.0	Aanvangs- en einddatum: formeel begin en einde van de zittingstermijn.		1.0	
2851	1337	1	352	13	11	1.0	5.0	1784.0	30.0	4.0	1785.0	0	13.0	Aanvangs- en einddatum: formeel begin en einde van de zittingstermijn.		1.0	
2852	1320	1	572	13	11	1.0	5.0	1784.0	30.0	4.0	1785.0	0	10.0	Aanvangs- en einddatum: formeel begin en einde van de zittingstermijn.		1.0	
2853	3307	1	576	13	11	1.0	5.0	1785.0	30.0	4.0	1788.0	0	13.0	Aanvangs- en einddatum: formeel begin en einde van de zittingstermijn.		1.0	
2854	1344	1	227	13	11	1.0	5.0	1788.0	30.0	4.0	1791.0	0	10.0	Aanvangs- en einddatum: formeel begin en einde van de zittingstermijn.		1.0	
2855	1396	1	594	13	11	1.0	5.0	1789.0	30.0	4.0	1790.0	0	13.0	Aanvangs- en einddatum: formeel begin en einde van de zittingstermijn.		1.0	
2856	3312	1	578	13	11	1.0	5.0	1790.0	30.0	4.0	1791.0	0	13.0	Aanvangs- en einddatum: formeel begin en einde van de zittingstermijn.		1.0	
2857	1347	1	580	13	11	1.0	5.0	1791.0	30.0	4.0	1792.0	0	10.0	Aanvangs- en einddatum: formeel begin en einde van de zittingstermijn.		1.0	
2858	3392	1	578	13	11			1791.0	30.0	4.0	1794.0	0	12.0	Aanvangs- en einddatum: formeel begin en einde van de zittingstermijn.		1.0	
2859	1384	1	449	13	11	1.0	5.0	1791.0	30.0	4.0	1793.0	0	13.0	Aanvangs- en einddatum: formeel begin en einde van de zittingstermijn.		1.0	
2860	3355	1	572	13	11	1.0	5.0	1792.0	30.0	4.0	1794.0	0	10.0	Aanvangs- en einddatum: formeel begin en einde van de zittingstermijn.		1.0	
2861	3313	1	266	13	11	1.0	5.0	1794.0			1795.0	0	13.0	Aanvangsdatum: formeel begin van de zittingstermijn.		1.0	
2862	3357	1	578	13	11	1.0	5.0	1794.0			1795.0	0	10.0	Aanvangsdatum: formeel begin van de zittingstermijn.		1.0	
2863	3842	9	1166	30	62	5.0	9.0	1641.0	2.0	10.0	1670.0	0	0.0	Beëindigd door overlijden; zijn opvolger in de lijst van Valentyn (zie institutionele toelichting) wordt althans benoemd in 1675.	0.0	1.0	0.0
2864	3843	9	1167	30	62	4.0	11.0	1675.0			1677.0	0	0.0	Mogelijk eerder beëindigd door overlijden; het aanvangsjaar van zijn opvolger is aangehouden.	0.0	1.0	0.0
2865	3845	9	1169	30	62	25.0	4.0	1680.0	6.0	5.0	1685.0	0	0.0		0.0	1.0	0.0
2866	3847	9	1169	30	62	7.0	5.0	1686.0	29.0	6.0	1689.0	0	0.0		0.0	1.0	0.0
2867	3858	9	383	13	11			1579.0			1579.0	0	0.0		0.0	1.0	0.0
2868	3859	9	407	13	11			1579.0			1579.0	0	0.0		0.0	1.0	0.0
2869	3868	9	1178	13	11	16.0	11.0	1581.0			1583.0	0	0.0	Aanvangsdatum: commissie.	0.0	1.0	0.0
2870	3876	9	1025	13	11	22.0	7.0	1584.0			1592.0	0	0.0	Aanvangsdatum: eerste aanwezigheid.	0.0	1.0	0.0
2871	3887	9	523	14	45	23.0	5.0	1634.0	19.0	5.0	1637.0	0	0.0	Aanvangsdatum: commissie Staten-Generaal. De gedeputeerden van Holland willen eerst met die van Friesland overleggen over de benoeming van Van Loo. Het resultaat van dat overleg is niet bekend, maar uit de benoeming van opvolger Van Eijsinga mag worden afgeleid dat de benoeming van Van Loo als eerste gecommitteerde namens Friesland is doorgegaan.	0.0	1.0	0.0
2872	3879	9	1174	13	11	2.0	6.0	1585.0			1585.0	0	0.0	Aanvangsdatum: eerste aanwezigheid.	0.0	1.0	0.0
2873	3880	9	402	13	11	2.0	6.0	1585.0			1585.0	0	0.0	Aanvangsdatum: eerste aanwezigheid.	0.0	1.0	0.0
2874	3883	9	385	13	11	7.0	1.0	1586.0			1586.0	0	0.0	Aanvangsdatum: eerste aanwezigheid.	0.0	1.0	0.0
2875	3889	9	1028	14	45	11.0	4.0	1641.0	21.0	6.0	1642.0	0	0.0	Aanvangsdatum: eedsaflegging, blijkens resolutie van de Staten-Generaal van die dag. Einddatum: dag waarop de Staten-Generaal besluiten Eysinga toe te laten als extraordinaris gedeputeerde (niet als zodanig opgenomen in de database, zie de Institutionele toelichting Staten-Generaal), op het moment dat hij uit de eed van de Admiraliteit op de Maze ontslagen zal zijn. Wie de zetel voor Friesland in de Admiraliteit tot 1644 bekleedde is niet bekend.	0.0	1.0	0.0
