	IDRegent	Geslachtsnaam	Tussenvoegsel	IDAdellijkeTitel	IDAcademischeTitel	Voornaam	Adel	Adelspredikaat	Heerlijkheid	Heerlijkheid2	Geboortejaar	OnbepaaldGeboortedatum	Overlijdensjaar	OnbepaaldOverlijdensdatum	Opmerkingen	Periode	overlijdensdag	overlijdensmaand	Opmerkingen2
0	16	Leisnig	van	4	1	Hugo	1				1465.0	0	1538.0	0		9	21.0	3.0	
1	41	Botnia		5	1	Tialingh	1					0	1533.0	0	"Adelstitel: ridderslag door stadhouder Floris van Egmond 1 juli 1515.
Overig: was grietman van Ferwerderadeel, van Hennaarderadeel 1513-1524 (vermoedelijk) en van Franekeradeel vanaf 1521."	9			
2	45	Mulert		5	4	Gerard	1					0	1538.0	0	"Persoonsgegevens: geboren te Utrecht.
Overig: Memorialen Rosa vermeldt Gerard Mulert als onbezoldigd raadsheer in het Hof van Holland 1516-1519 en 1529. Raadsheer in de Geheime Raad in 1519 of 1523."	9	7.0	12.0	
3	57	Naarden	van	1	4	Maarten	0				1490.0	1	1567.0	0	Overig: luitenant Hoofdmannenkamer Groningen 1541-1557.	9		1.0	identiek aan nr. 371 in database middeleeuwen
4	58	Nicolai		5	4	Everard	1				1497.0	1	1561.0	0	Persoonsgegevens: het geboortejaar is mogelijk 1498. Zoon van Nicolas Everaerts (1462-1532).	9	10.0	5.0	
5	62	Hompens		1	4	Hayo Hermannus	0				1495.0	1	1540.0	0		9			
6	70	Hoxwier	van	5	4	Hector	1		Rijnauwen		1502.0	0	1546.0	0	Adelstitel: ridder 1545.	9	7.0	8.0	
7	80	Persijn		1	4	Hippolitus	0					0	1568.0	0	Overig: vermeld als onbezoldigd raadsheer in het Hof van Holland 1542 en 1549.	9	3.0	12.0	identiek aan nr. 72 in database middeleeuwen.
8	81	Deyn		5	4	Diederick	1					0	1582.0	1	Persoonsgegevens: het jaar van overlijden is mogelijk 1583.	9			
9	95	Charles		5	4	Jan	1				1534.0	0	1598.0	0		9	13.0	9.0	
10	206	Vegelin van Claerbergen		1	1	Johan	1	jonkheer			1690.0	0	1773.0	0	"Persoonsgegevens: Raad van State 450 jaar, Baerdt en De Haan Hettema geven jaar van overlijden 1772, Vries 1773.
Overig: de lijst van Engels van gedeputeerden ter Staten-Generaal (zie institutionele toelichting bij dat college) geeft zitting als gedeputeerde ter Staten-Generaal in juni 1747. Hij zal toen extraordinaris gedeputeerde zijn geweest, omdat hij op dat tijdstip zitting had in Gedeputeerde Staten van Friesland.
Was grietman van Doniawerstal 1722-1773."	9	26.0	2.0	
11	208	Burmania	van	1	1	Jarich Georg	1	jonkheer			1695.0	0	1757.0	0	"Overig: Raad van State 450 jaar vermeldt onjuist zitting in Gedeputeerde Staten van Friesland 1729.
Was grietman van Oostdongeradeel 1729-1744 en Franekeradeel 1747-1757."	9	7.0	12.0	
12	222	Vegelin van Claerbergen		1	4	Assuerus	1	jonkheer			1735.0	0	1820.0	0		9	15.0	1.0	
13	227	Scheltinga	van	1	4	Martinus	0				1744.0	0	1820.0	0	Overig: was grietman van Kollumerland 1775-1795.	9	18.0	4.0	
14	228	Scheltinga	van	1	4	Frans Julius Johan	0				1749.0	0	1831.0	0		9	7.0	4.0	
15	231	Aebinga van Humalda		1	4	Idzerd	1	jonkheer			1754.0	0	1834.0	0	"Adelspredicaat: 1814.
Overig: was grietman van Hennaarderadeel 1792-1795."	9	21.0	2.0	
16	238	Vierssen	van	1	4	Martinus	0				1764.0	0	1837.0	0		9	15.0	5.0	
17	239	Willinge		1	4	Jan Albert	0				1760.0	0	1839.0	0		9	31.0	1.0	
18	240	Sytzama	van	3	4	Willem Hendrik	1				1763.0	0	1842.0	0	Adelspredicaat: 1814/adelstitel: 1822.	9	5.0	4.0	
19	241	Haitsma		1	4	Tjepke	0				1760.0	0	1826.0	0		9	9.0	4.0	
20	264	Drevon de Montargues	de	1	1	Daniël Jacob Adolf	1	jonkheer			1735.0	0	1807.0	0		9	15.0	2.0	
21	300	Aylva	van	1	1	Ernst Sicco	1	jonkheer			1635.0	0		0	"Persoonsgegevens: overleden in of na 1678.
Overig: was grietman van Westdongeradeel 1654-1678."	9			
22	307	Aylva	van	1	1	Tjaerd	1		Waardenburg	Hier, Neerijnen, Oldeland	1644.0	1	1705.0	0	"Adelstitel: Nederlandsche Leeuw vermeldt: 'zich noemende baron'.
Overig: de functie van gecommitteerde in de admiraliteit in Friesland in 1672 en 1695  werd mogelijk niet door hem, maar door een naam- en tijdgenoot vervuld (1647-1715, elders in deze database). De hier genoemde persoon was mogelijk ook gecommitteerde in de Generaliteits-Rekenkamer 1667-1670, een functie die bij de vermelde naamgenoot is opgenomen.
Was grietman van Hemelumer Oldeferd 1672-1673 en Wonseradeel 1673-1701."	9	31.0	1.0	
23	310	Aylva	van	1	1	Ulbe	1				1660.0	0	1725.0	0	"Buitenlandse adelstitel: baron H.R.R.
Overig: was grietman van Idaarderadeel 1679-1692 en Oostdongeradeel 1692-1720."	9	26.0	4.0	
24	326	Bigot		1	1	Charles	1	jonkheer			1743.0	0	1801.0	0		9	8.0	9.0	
25	345	Burmania	van	1	1	Bocco	1	jonkheer			1580.0	1	1628.0	1	"Persoonsgegevens: mogelijk overleden in 1629.
Overig: was grietman van Hennaarderadeel 1600-1629."	9			
26	349	Burmania	van	1	1	Epo Sjuck	1	jonkheer			1697.0	0	1775.0	0	Persoonsgegevens: Gabriëls, De Haan Hettema en Kuiper geven afwijkend geboortejaar 1698.	9	1.0	2.0	
27	351	Burmania	van	1	1	Hobbo	1	jonkheer			1705.0	0	1765.0	0	Overig: was grietman van Leeuwarderadeel 1721-1765.	9	12.0	2.0	
28	352	Burmania	Doys van	1	1	Jan Lodewijk	1	jonkheer			1734.0	0	1802.0	0		9			
29	365	Camstra	van	1	1	Hans Willem	1	jonkheer			1687.0	0	1761.0	0	Overig: was grietman van Idaarderadeel 1742-1761.	9			
30	367	Camstra	van	1	1	Tjalling Willem	1	jonkheer			1686.0	1	1742.0	0	Overig: was grietman van Idaarderadeel 1727-1742.	9			
31	382	Douma	van	1	1	Epo	1					0		0	Persoonsgegevens: het is niet zeker dat de functies van lid van Gedeputeerde Staten en gecommitteerde in de Provinciale Rekenkamer van Friesland door dezelfde persoon werden uitgeoefend. De tweede functie werd bekleed door Epo van Douma junior (blijkens de resoluties van de Staten van Friesland, zie institutionele toelichting bij de Provinciale Rekenkamer), die genoemd wordt in M. de Haan Hettema en A. van Halmael, Stamboek van den Frieschen, vroegeren en lateren, adel (Leeuwarden 1846) I, 94, maar zonder leefjaren. Eveneens wordt daar (en in deel II, 61) een naam- en tijdgenoot genoemd, zoon van Goffe, die mogelijk het lid van Gedeputeerde Staten was.	9			
32	394	Eysinga	van	1	4	Frans Julius Johan	1	jonkheer			1752.0	0	1828.0	0	"Adelspredicaat: 1814.
Overig: was grietman van Doniawerstal 1773-1795."	9	3.0	8.0	
33	403	Fockens		1	1	Hepcko	0					0		0	"Persoonsgegevens: waarschijnlijk overleden in 1614, gezien het einde van zijn grietmanschap en de opvolging als lid van Gedeputeerde Staten in februari 1615.
Overig: was grietman van Opsterland 1585-1614."	9			
34	423	Goslinga	van	1	1	Johan	1	jonkheer				0	1688.0	0	Overig: was grietman van Franekeradeel 1662-1688.	9	27.0	10.0	
35	431	Haer	van der	1	4	Daniël Bonifacius	0		Campensnieuwland		1756.0	0	1823.0	0	Overig: was volgens De Haan Hettema ook nog gedeputeerde ter Staten-Generaal tot 1795, maar dat zal  een extraordinaris deputatie hebben betroffen, omdat hij in 1794-1795 gecommitteerde in de Admiraliteit te Amsterdam was.	9	4.0	9.0	
36	454	Haren	van	1	1	Onno Zwier	1	jonkheer			1713.0	0	1779.0	0	"Persoonsgegevens: Baerdt geeft afwijkend geboortejaar 1711.
Overig: was grietman van West-Stellingwerf 1742-1779."	9	2.0	9.0	
37	458	Haren	van	1	1	Willem Anne	1	jonkheer			1749.0	0	1835.0	0	"Adelspredicaat: 1814.
Overig: was grietman van West-Stellingwerf 1779-1795."	9	22.0	4.0	
38	465	Heemstra	van	1	1	Georg Sigismund	1	jonkheer			1702.0	0	1782.0	0	Overig: Tresoar, stadhouderlijk archief, inv. nr. 361 geeft benoemingen door de stadhouder in de Admiraliteit van Friesland voor het kwartier der Steden in 1735 en 1747. Er werden echter geen commissiebrieven van de Staten-Generaal aangetroffen.	9			
39	468	Heemstra	van	1	1	Schelte	1	jonkheer			1738.0	0	1803.0	0		9			
40	506	Jongema	van	1	1	Laas	1	jonkheer			1550.0	0		0	Overig: was ontvanger-generaal Friesland.	9			
41	510	Lycklama à Nijeholt		1	4	Marcus	0				1570.0	0	1625.0	0	"Buitenlandse Adelstitel: ridder in de orde van St. Marcus, Venetië.
Overig: was grietman van Oost-Stellingwerf 1610-1623 en van West-Stellingwerf 1623-1625."	9	9.0	8.0	
42	511	Vervou	van	1	1	Frederick	1	jonkheer			1550.0	0	1621.0	0	"Persoonsgegevens: Raad van State 450 jaar en Nieuw Nederlandsch Biografisch Woordenboek geven afwijkend geboortejaar 1557.
Buitenlandse adelstitel: Engelse ridderslag 1620."	9			
43	514	Walta	van	1	1	Peter	1	jonkheer				0		0	Persoonsgegevens: wordt vermeld in M. de Hettema en A. van Halmael, Stamboek van den Frieschen, vroegeren en lateren, adel (Leeuwarden 1846) I, 401 en II, 279, maar zonder leefjaren.	9			
44	515	Burmania	van	1	1	Rienck	1				1560.0	0	1645.0	0	"Buitenlandse adelstitel: door Karel I van Engeland tot ridder geslagen 1625.
Overig: was grietman van Ferwerderadeel 1614-1636."	9	4.0	6.0	
45	517	Schwartzenbergh	thoe	3	1	Frederik	1				1582.0	0	1640.0	0		9	27.0	11.0	
46	525	Wijckel	van	1	1	Hans	0				1617.0	0	1659.0	0	Overig: is volgens Raad van State 450 jaar ook lid van Gedeputeerde Staten van Friesland geweest, maar daarvoor is elders geen bewijs gevonden.	9	23.0	10.0	
47	550	Schwartzenberg en Hohenlansberg	thoe	3	1	Georg Wolfgang	1				1691.0	0	1738.0	0	"Persoonsgegevens: De Haan Hettema geeft overlijden 14 januari 1739. Blijkens het Nederland's Adelsboek is dat echter de begraafdatum.
Overig: was grietman van Barradeel 1703-1704, van Dantumadeel 1713-1725 en van Menaldumadeel 1729-1738."	9	28.0	12.0	
48	559	Aylva	van	1	1	Hans Willem	1				1722.0	0	1751.0	0	"Buitenlandse adelstitel: baron H.R.R.
Overig: Raad van State 450 jaar en De Nederlandsche Leeuw vermelden nog het lidmaatschap van Gedeputeerde Staten van Friesland, maar dit betreft zijn gelijknamige vader (elders in deze database).
Was grietman van Baarderadeel 1747-1751."	9	9.0	6.0	
49	563	Arnaud	d'	1	1	Antoine	1	jonkheer			1712.0	0	1762.0	0	"Overig: Raad van State 450 jaar vermeldt ook de functie van lid van Gedeputeerde Staten van Friesland, maar daarvoor is elders geen bewijs gevonden.
Was grietman van Oostdongeradeel 1757-1762."	9	12.0	3.0	
50	564	Wassenaer Obdam	van	1	1	Carel George	1		Twickel		1733.0	0	1800.0	0	"Buitenlandse adelstitel: graaf H.R.R.
Persoonsgegevens: Baerdt geeft overlijden 1794, in plaats van 14 juli 1800.
Overig: was grietman van Franekeradeel 1758-1785."	9			
51	566	Tour van Warmenhuisen	du	3	4	Jacob Adriaan	1		Warmenhuizen		1734.0	0	1780.0	0	Overig: was grietman van 't Bildt 1763-1780.	9			
52	568	Coehoorn	van	3	4	Menno	1				1725.0	1	1801.0	0		9			
53	581	Sirtema van Grovestins		3	1	Willem Anne	1				1740.0	0	1813.0	0	Persoonsgegevens: Nederland's Adelsboek geeft voornamen 'Willem August'.	9		3.0	
54	583	Bigot		1	1	Frans Adriaan	1	jonkheer			1744.0	1	1782.0	0		9	20.0	10.0	
55	587	Rengers		1	1	Lamoraal Albertus Aemilius	1	jonkheer			1751.0	0	1811.0	0	Overig: was grietman van Gaasterland 1785-1795.	9	24.0	3.0	
56	592	Rengers		1	1	Lodewijk	1	jonkheer			1754.0	0	1803.0	0		9			
57	595	Schwartzenberg en Hohenlansberg	thoe	3	1	Michaël Onuphrius	1				1695.0	0	1758.0	0	"Overig: De lijst Engels van gedeputeerden ter Staten-Generaal (zie institutionele toelichting bij dat college) vermeldt, op basis van Bruinsma, zitting als gedeputeerde ter Staten-Generaal in mei 1745. Als dit juist is zal hij extraordinaris gedeputeerde zijn geweest, omdat hij op dat tijdstip zitting had in Gedeputeerde Staten van Friesland.
Was grietman van Dantumadeel 1725-1753."	9	27.0	4.0	
58	644	Ockinga	van	1	1	Watze	1				1561.0	0	1624.0	0	Persoonsgegevens:de identificatie van het lid van Gedeputeerde Staten met de in Vries genoemde persoon is onzeker.	9	19.0	4.0	
59	652	Plettenberg	van	3	1	Hans Willem	1				1732.0	0	1800.0	0		9			
60	657	Rengers	Juckema van Burmania	3	1	Lamoraal Joachim Johan	1				1757.0	0	1831.0	0	Adelstitels: baron (Empire) 1813?/baron 1822.	9	30.0	3.0	
61	969	Aylva		1	1	Tiaerd	1					0	1593.0	0	"Persoonsgegevens: de identificatie van de in het Genealogysk jierboek genoemde met de gecommitteerde in de Provinciale Rekenkamer van Friesland is onzeker. 
Overig: was grietman van Dantumadeel 1582."	9			
62	1161	Frisius		1	1	F.	0					0		0		9			
63	1162	During		1	1	Egbert	0					0		0		9			
64	1163	Oosterzee	van	1	1	Bernard	0					0		0		9			
65	1164	Eekens		1	1	Ysbrand	0					0		0		9			
66	1165	Viersen		1	1	Jurriaan	0					0		0		9			
67	1167	Pla	le	1	1	Pieter	0					0		0		9			
68	1168	Kuffeler	van	1	1	Carel	0					0		0		9			
69	1169	Waeyen	van der	1	1	Arent	0					0		0		9			
70	1170	Staveren	van	1	1	Pieter Andries	0					0		0		9			
71	1171	Dutry		1	1	Benjamin	0					0		0		9			
72	1172	Nytzem	van den	1	1	Marten	0					0		0		9			
73	1173	Tzjaarda	van	1	1	Schelto	0					0		0		9			
74	1174	Aysma		1	1	Hessel	0					0		0	Persoonsgegevens: het gaat waarschijnlijk om een der andere Hessel Aysma's in deze database, zonder dat duidelijk is welke.	9			
75	1175	Jelstanus		1	1	Gellius	0					0		0	Overig: was commandeur van het hospitaal te Sneek.	9			
76	1176	Jacobsz.		1	1	Jacob	0					0		0		9			
77	1177	Beyma	van	1	1	Livinus	0					0		0		9			
78	1178	Botnia	van	1	1	Julius	0					0		0		9			
79	754	Cromwal		1	1	Pieter Upckes	0					0		0		9			
80	702	Aylva	van	1	1	Hessel Douwe Ernst	1				1700.0	0	1774.0	0	"Buitenlandse adelstitel: baron H.R.R.
Overig: was grietman van Westdongeradeel 1722-1762 en 1768-1772."	9			
81	725	Aylva	van	1	1	Ernst Frans	1				1730.0	0		0	"Persoonsgegevens: overleden in of na 1787.
Buitenlandse adelstitel: baron H.R.R.
Overig: was grietman van Baarderadeel 1752-1787."	9			
82	762	Scheltema	van	1	1	Sixtus	1					0		0	"Persoonsgegevens: is waarschijnlijk identiek aan Sijds van Scheltema in M. de Haan Hettema en A. van Halmael, Stamboek van den Frieschen, vroegeren en lateren, adel (Leeuwarden 1846) I, 318 (zonder leefjaren).
Het is onzeker of het lid van Gedeputeerde Staten van Friesland van 1588 en 1591 identiek is aan dat van 1581."	9			
83	777	Schwartzenberg en Hohenlansberg	thoe	3	1	Georg Frederik	1				1733.0	0	1783.0	0	Overig: was grietman van Menaldumadeel 1766-1783.	9	6.0	8.0	
84	778	Schwartzenberg en Hohenlansberg	thoe	3	1	Georg Wilco	1		Vischhausen	Wiarden	1637.0	0	1674.0	0	"Overig: Nederland's Adelsboek vermeldt bij hem ten onrechte een benoeming tot raad ordinaris in het Hof van Friesland 1671.
Was grietman van Oostdongeradeel 1653-1674."	9	15.0	11.0	
85	780	Schwartzenberg en Hohenlansberg	thoe	3	1	Georg Wolfgang	1				1549.0	0	1633.0	0		9	10.0	3.0	
86	993	Haren	van	1	1	W.	1					0		0	Persoonsgegevens: is gezien de handtekeningen in het eedboek van de Staten van Friesland (Tresoar, archief Staten van Friesland, inv. nr. 2614) niet identiek met de twee elders in deze database genoemde Willem van Haren (1710-1768 en 1655-1728).	9			
87	784	Schwartzenberg en Hohenlansberg	Holdinga thoe	3	1	Wilco	1		Ameland (medeheer)		1664.0	0	1704.0	0	Overig: was grietman van Barradeel 1689-1703.	9	4.0	2.0	
88	785	Schwartzenberg en Hohenlansberg	Holdinga Tjalling Camstra thoe	3	1	Wilco	1				1738.0	0	1800.0	0	"Persoonsgegevens: 'Tjalling' in de naam ontbreekt bij De Haan Hettema. Baerdt geeft overlijden mei 1803.
Overig: was grietman van Wonseradeel 1788-1795."	9	6.0	5.0	
89	812	Teetlum		1	4	Doecke	0					0		0	Persoonsgegevens: niet geheel zeker dat het lid van Gedeputeerde Staten identiek is aan de procureur-generaal.	9			
90	857	Sytzama	van	1	1	Douwe Jan Andries	1	jonkheer			1761.0	0	1807.0	0		9	15.0	3.0	
91	907	Eysinga	van	1	1	Schelte	1					0		0	Persoonsgegevens: hoewel in De Haan Hettema in deze periode geen andere persoon met deze naam voorkomt, moet dit een andere persoon zijn dan Schelte Hessel Roorda van Eysinga (1722-1790, elders in deze database), gezien de verschillende handtekeningen (de laatstgenoemde als lid van Gedeputeerde Staten van Friesland) in het eedboek (Tresoar, archief Staten van Friesland 1580-1795, inv. nr. 2614).	9			
92	916	Glinstra	van	1	4	Arent Johan	0				1754.0	0	1814.0	0	"Persoonsgegevens: Baerdt en De Haan Hettema geven afwijkend jaar van overlijden 1812.
Overig: was grietman van Haskerland 1790-1795."	9			
93	937	Tour	du	3	1	David Constantijn	1		d'Avennes	la Pomarede, Malerets	1657.0	0	1727.0	0	Overig: was raad en rekenmeester van de domeinen in Friesland.	9	8.0	12.0	
94	942	Meijnsma		1	1	H.	0					0		0	Persoonsgegevens: is blijkens de ondertekeningen in het eedboek van Gedeputeerde Staten van Friesland (Tresoar, archief Staten van Friesland 1580-1795, inv. nr. 2610 en 2611) niet identiek aan Hoite (van) Meinsma, lid van Gedeputeerde Staten van Friesland 1636-1637 en 1652-1655, elders in deze database.	9			
95	957	Fockens		1	1	Martinus	0					0		0	"Persoonsgegevens: het lid van Gedeputeerde Staten van Friesland 1627-1635 is volgens Engels (zie institutionele toelichting bij dat college) dezelfde persoon als Martinus Fockens (1632-1692, elders in deze database), maar gezien de afwijkende handtekeningen in Tresoar, archief Gedeputeerde Staten van Friesland, inv. nr. 2610 en 2612, eedboeken, betreft het twee verschillende personen.
Overig: was grietman van Opsterland 1614-1623."	9			
96	1001	Idsinga	van	1	4	Johan	0				1751.0	0	1842.0	0		9	1.0	4.0	
97	1006	Burmania	van	1	4	Rienck	1	jonkheer			1758.0	0	1825.0	0	"Persoonsgegevens: De Haan Hettema geeft afwijkend geboortejaar 1759.
Adelspredicaat: 1814."	9	9.0	10.0	
98	1007	Schwartzenberg en Hohenlansberg	thoe	3	1	Johan Sicco Tjalling Camstra	1				1769.0	0	1829.0	0	Adelspredicaat: 1814/adelstitel: 1825.	9	7.0	3.0	
99	1027	Schwartzenberg en Hohenlansberg	thoe	3	1	Johannes Onuphrius	1				1600.0	0	1653.0	0	Overig: was grietman van Oostdongeradeel 1627-1653.	9	2.0	2.0	
100	1034	Grovestins	van	1	1	Frederik	1					0		0	Persoonsgegevens: is mogelijk identiek aan Frederik Sirtema van Grovestins (overleden in 1669), elders in deze database. Valentyn (zie de institutionele toelichting bij de VOC ter Kamer Amsterdam) noemt hem Grovesteyn.	9			
101	1064	Aylva	Meckema van	1	1	Hessel	1				1608.0	0	1695.0	0	"Persoonsgegevens: ook genoemd in M. de Haan Hettema en A. van Halmael, Stamboek van den Frieschen, vroegeren en lateren, adel (Leeuwarden 1846) I, 10 en II, 10, maar zonder leefjaren.
Buitenlandse adelstitel: baron H.R.R."	9	21.0	4.0	
102	1119	Sirtema van Grovestins		3	4	Jean (Jan Willem Augustinus)	1				1764.0	0	1833.0	0	"Adelspredicaat: 1814/adelstitel: 1819.
Overig: Nederland's Adelsboek noemt hem ook 'gecommitteerde' ter Staten-Generaal, maar voor een ordinaris deputatie is elders geen bewijs gevonden."	9	6.0	1.0	
103	1129	Grovestins	van	1	1	Idzart	1	jonkheer				0	1616.0	0		9	8.0	11.0	
104	139	Nijs		1	4	Johannes	0					0	1648.0	0		9	2.0	4.0	Persoonsgegevens: overlijden mogelijk 4 april. niet als zodanig in Boomsma
105	261	Plettenberg	van	3	4	Hans Willem	1				1721.0	0	1780.0	0		9	14.0	4.0	
106	449	Hambroick	van	1	1	Willem Hendrik	1	jonkheer			1744.0	0	1822.0	0	Adelspredicaat: 1814. Was tijdens de periode van de Republiek baron.	9	16.0	5.0	
107	233	Buma		1	4	Gerlacus	0				1732.0	0	1807.0	0		9	28.0	8.0	
108	235	Huber		1	4	Ulrich Jan	0				1752.0	0	1804.0	0		9	23.0	3.0	
109	236	Haersma	van	1	4	Arent Aulus	0				1762.0	0	1803.0	0	Overig: op 9 maart 1799 werd Van Haarsma benoemd tot raadsheer in het Departementaal Gerechtshof van de Eems, dat echter nooit heeft gefunctioneerd.	9	13.0	7.0	
110	586	Lynden	van	1	1	Reinhard	1	jonkheer			1742.0	0	1819.0	0	"Adelspredicaat: 1814.
Overig: was grietman van Opsterland 1781 (volgens Baerdt 1782)-1795."	9	26.0	1.0	
111	614	Knock		1	3	Johan	0				1678.0	0	1721.0	0	Persoonsgegevens: mogelijk promotie in de rechten, dus 'mr.'.	9	15.0	6.0	
112	248	Baudimont	de	1	1	François	0					0		0		9			
113	292	Atsma		1	1	Renicus	0					0	1625.0	1	Persoonsgegevens: jaar van overlijden mogelijk 1626. O. Vries e.a., De heeren van den raede. Biografieën en groepsportret van de raadsheren van het hof van Friesland, 1499-1811 (Hilversum 1999) 273 vermeldt hem als een van de rechters van Oldenbarnevelt, echter zonder leefjaren. Ook genoemd in M. de Haan Hettema en A. van Halmael, Stamboek van den Frieschen, vroegeren en lateren, adel (Leeuwarden 1846) I, 92 en II, 58, maar zonder leefjaren.	9			
114	257	Boelens	van	1	1	Wibrandus	0					0		0	Persoonsgegevens: het is niet zeker dat de griffier van het Hof van Friesland identiek is aan de gecommitteerde in de provinciale rekenkamer van Friesland; van de gecommitteerde in de rekenkamer is alleen de initiaal van de voornaam bekend (wel zeker is dat de twee termijnen in dat college bij dezelfde persoon horen).	9			
115	266	Haer	van der	1	1	Bonifacius	0					0		0		9			
116	268	Acronius		1	4	Hanso	0					0	1730.0	0		9	15.0	3.0	
117	269	Adius		1	1	Adigerus	0					0	1717.0	0	Persoonsgegevens: het is niet geheel zeker dat de in De Haan Hettema genoemde persoon identiek is aan de bekleder van de hier genoemde functies. Mogelijk horen de functies bij een gelijknamige oom (elders in deze database).	9	6.0	9.0	
118	272	Aerntsma		1	4	Christoffel	0				1535.0	0	1597.0	0		9		4.0	
119	582	Aumale	d'	4	1	Jacob Paulus	1					0		0		9			
120	274	Aitzema	van	1	1	Julius Schelto	0					0		0		9			
121	275	Alberts		1	1	Claes	0					0		0		9			
122	276	Alema		1	1	Frederi(c)k	0					0		0	Overig: Tresoar, stadhouderlijk archief, inv. nr. 361 geeft zijn benoeming tot gecommitteerde in de Raad van State voor Friesland, namens het kwartier der Steden. Een commissie van de Staten-Generaal werd echter niet aangetroffen en bovendien werd Alema in hetzelfde jaar benoemd in de Generaliteits-Rekenkamer. Hij zal de functie derhalve hebben getransporteerd op Tinco van Andringa, die in deze periode voor het genoemde kwartier zat.	9			
123	277	Alema		1	1	Julius	0					0	1658.0	0		9			
124	278	Algers		1	1	Hotze	0					0		0		9			
125	786	Siccama		1	4	Sijbrandus Tetardus	0				1570.0	1	1622.0	0		9	31.0	5.0	
126	346	Burmania	Botnia van	1	1	Dominicus Justus	1				1664.0	0	1726.0	0	Persoonsgegevens: de identificatie met de in het Nieuw Nederlandsch Biografisch Woordenboek genoemde is niet geheel zeker; aldaar worden alleen wetenschappelijke prestaties vermeld. Wordt genoemd in M. de Haan Hettema, M. de en A. van Halmael, Stamboek van den Frieschen, vroegeren en lateren, adel (Leeuwarden 1846) II, 40, maar zonder leefjaren.	9	11.0	4.0	
127	68	Burmania	van	1	4	Rienck	1					0	1541.0	0		9	9.0	1.0	
128	283	Andela	ab	1	1	Anchises	0					0		0	Persoonsgegevens: wordt genoemd in M. De Haan Hettema en A. van Halmael, Stamboek van den Frieschen, vroegeren en lateren, adel (Leeuwarden 1846) I, 244, en II, 166, echter zonder leefjaren, maar met de vermelding dat hij arts van de Friese stadhouder was.	9			
129	284	Andries		1	1	Epe	0					0		0		9			
130	38	Burmania		1	1	Tjaerd	1				1480.0	1	1541.0	0		9	4.0	3.0	
131	167	Aylva	van	1	1	Sjoerd	1				1616.0	0	1679.0	0	"Overig: Vries vermeldt hem ten onrechte als gecommitteerde ter Admiraliteit op de Maze 1660; dit was Sicco van Aylva (elders in deze database).
Was grietman van Dantumadeel 1656-1666."	9	19.0	10.0	
132	295	Algera		1	1	Epo	0					0		0		9			
133	294	Aylva	van	1	1	Douwe	1				1610.0	0	1665.0	0	Overig: was grietman van Westdongeradeel 1638-1654 en Leeuwarderadeel 1654-1665.	9	11.0	2.0	
134	298	Aylva	van	1	1	Ernst	1				1548.0	0	1627.0	0	"Overig: Nederland's Adelsboek vermeldt ten onrechte benoemingen in Gedeputeerde Staten van Friesland in 1584 en 1598.
Was grietman van Westdongeradeel 1578-1586 en Oostdongeradeel 1586-1627."	9	28.0	11.0	
135	369	Clases		1	1	Anne	0					0	1774.0	0		9			
136	370	Clingbijl		1	1	Johannes	0					0		0		9			
137	372	Coycker		1	1	Wibrand Fockesz.	0					0		0		9			
138	375	Cuylenburg		1	3	Johannes	0					0		0	Persoonsgegevens: mogelijk promotie in de rechten, dus 'mr.'.	9			
139	377	Dircks		1	1	Pier	0					0		0		9			
140	305	Aylva	van	1	1	Taecke	1					0	1615.0	0	Overig: was grietman van Ferwerderadeel 1592-1614.	9	28.0	7.0	
141	313	Aysma	van	1	1	Doecke	1					0		0	"Persoonsgegevens: waarschijnlijk kort na 1598 overleden.
Overig: was grietman van Ferwerderadeel vanaf 1582."	9			
142	19	Dekema		1	1	Juw	0				1449.0	1	1523.0	0	Persoonsgegevens: het geboortejaar is mogelijk 1450.	9	24.0	10.0	
143	635	Martena	van	1	1	Duco	0				1530.0	1	1605.0	0	Overig: was grietman van Barradeel vanaf 1578.	9	11.0	11.0	
144	1002	Andeles		1	1	Jouke	0				1727.0	0	1806.0	0		9	6.0	9.0	
145	318	Baerdt	van	1	1	Hobbe Dircksz.	0				1591.0	0	1655.0	0	"Persoonsgegevens: Smits geeft afwijkende overlijdensdatum 11 april in plaats van 11 mei.
Overig: Vries noemt hem als gedeputeerde ter Staten-Generaal in 1650. Waarschijnlijk betreft het hier een afvaardiging naar de zogenaamde Grote Vergadering. Om die reden is deze functie hier niet opgenomen als ordinaris deputatie.
Was grietman van Haskerland 1615-1650."	9	11.0	5.0	
146	316	Baerdt	van	1	1	Dirck Hobbesz.	0				1619.0	0	1673.0	0	Overig: was grietman van West-Stellingwerf  en van Oost-Stellingwerf, beide in 1639.	9			
147	320	Bangma		1	1	Tjalling Oenes	0					0		0	Overig: was grietman van Idaarderadeel 1607-1620.	9			
148	322	Bergsma		1	4	Petrus Adrianus	0				1743.0	0	1824.0	0		9	14.0	10.0	
149	327	Binckes		1	1	Bincke	0					0		0		9			
150	315	Baerdt	van	1	1	Dirck Hobbesz.	0					0	1615.0	0	"Persoonsgegevens: Genealogische en Heraldische Bladen geeft op blz. 114 zowel een overlijdensdatum 14 juli 1615 als 14 juli 1616. Het meest waarschijnlijk is 1615, aangezien Dircks zoon Hobbe hem in 1615 opvolgt als grietman van Haskerland (ook Baerdt van Sminia geeft 1615).
Overig: was grietman van Haskerland 1601-1615."	9	14.0	7.0	
151	330	Boelens	van	1	1	Tjerk	0					0		0	Overig: was grietman van Achtkarspelen 1618-1637 en 1639-1648.	9			
152	332	Boner		1	1	Albert Evertsz.	0					0	1611.0	0		9	3.0	3.0	
153	334	Bottinga	van	1	1	Jacobus	0					0		0		9			
154	335	Bourboom		1	1	Jacob	0					0		0		9			
155	341	Bruninga		1	1	Jelle Pietersz.	0					0	1688.0	0		9			
156	342	Bruinsma		1	3	Ciprianus	0					0		0	Persoonsgegevens: wordt genoemd in M. de Haan Hettema en A. van Halmael, Stamboek van den Frieschen, vroegeren en lateren, adel (Leeuwarden 1846) II, 148, maar zonder leefjaren.	9			
157	343	Bruinsma		1	1	Regnerus	0					0		0		9			
158	344	Buma		1	1	Wibrand	0					0		0		9			
159	357	Burmania	van	1	4	Ulbo	1	jonkheer			1737.0	0	1818.0	0	"Persoonsgegevens: Baerdt en De Haan Hettema geven  afwijkend jaar van overlijden 1816.
Adelspredicaat: 1814.
Overig: was grietman van Leeuwarderadeel 1765-1795."	9	18.0	8.0	
160	363	Cammingha	van	1	1	Rienk	1					0		0	Persoonsgegevens: M. de Haan Hettema en A. van Halmael, Stamboek van den Frieschen, vroegeren en lateren, adel (Leeuwarden 1846) I, 75 geeft twee personen met deze naam, waarbij onduidelijk is welke van hen de hier genoemde is.	9			
161	378	Doman		1	1	Horatius	0					0		0		9			
162	433	Haersma		1	1	Anneus Jacobi	0					0		0		9			
163	444	Haersma	van	1	1	Hector Livius	0				1737.0	0	1820.0	0	Overig: was grietman van Smallingerland 1770-1795.	9	15.0	1.0	
164	450	Harckes		1	1	Harmen	0					0		0		9			
165	383	Douma	van	1	1	Erasmus	1					0	1581.0	0	"Overig: Baerdt van Sminia noemt hem ook gecommitteerde in de Provinciale Rekenkamer van Friesland, maar lijkt hem te verwarren met Epo van Douma (elders in deze database).
Was grietman van Doniawerstal 1577-1580."	9			
166	384	Douma	van	1	1	Johan Edzard	1					0	1676.0	0	Overig: was grietman van Engwirden 1673-1676.	9	26.0	7.0	
167	385	Doyem	van	1	3	Orck	0					0		0	"Persoonsgegevens: overleden vóór 1597. Mogelijk promotie in de rechten, dus 'mr.'.
Overig: was secretaris van Harlingen (Resolutiën der Staten-Generaal 6 (1588-1589), bewerkt door N. Japikse ('s-Gravenhage 1922) 10)."	9			
168	387	Eckringa		1	1	Harmanus	0					0		0		9			
169	388	Ennema		1	1	Paulus Jansz.	0					0		0		9			
170	389	Ens		1	1	Dirck Sjoerdsz.	0					0		0	Overig: was burgemeester van Leeuwarden 1669 en 1670, maar geen lid van de vroedschap.	9			
171	391	Erix		1	1	Hans	0					0		0		9			
172	398	Eysinga	van	1	1	Tjallingh	1				1596.0	0	1653.0	0	"Persoonsgegevens: Baerdt geeft afwijkend jaar van overlijden 1658.
Overig: was grietman van Rauwerderhem 1635-1639 en van Menaldumadeel 1639-1653."	9			
173	400	Eysma		1	1	Timen Fransz.	0					0		0		9			
174	401	Feddens		1	1	Fedde	0					0		0		9			
175	405	Fockens		1	1	Sako	0				1599.0	0	1652.0	0	Overig: was grietman van Opsterland 1623-1650.	9			
176	407	Fogelsangh		1	3	Dirck	0					0		0	Persoonsgegevens: wordt genoemd in M. de Haan Hettema en A. van Halmael, Stamboek van den Frieschen, vroegeren en lateren, adel (Leeuwarden 1846) I, 352 en II, 241, maar zonder leefjaren.	9			
177	408	Franckena		1	1	Abel	0					0		0	Persoonsgegevens: wordt genoemd het Nieuw Nederlandsch Biografisch Woordenboek. Onder red. van P.C. Molhuysen en P.J. Blok (10 dln.; Leiden 1911-1937) 8, 565, maar zonder leefjaren.	9			
178	409	Franckena		1	3	Matthias	0					0		0	Persoonsgegevens: wordt genoemd in M. de Haan Hettema en A. van Halmael, Stamboek van den Frieschen, vroegeren en lateren, adel (Leeuwarden 1846) II, 36, maar zonder leefjaren.	9			
179	410	Frankena		1	1	Reynier	0					0		0		9			
180	411	Fransz.		1	1	Frans	0					0		0		9			
181	414	Gauma		1	1	Tjaerd	0					0		0		9			
182	415	Geldorp		1	3	Oenias	0					0		0		9			
183	416	Gemmenich	van	1	1	Cornelis	0					0		0	Persoonsgegevens: wordt genoemd in M. de Haan Hettema A. van Halmael, Stamboek van den Frieschen, vroegeren en lateren, adel (Leeuwarden 1846) II, 26, maar zonder leefjaren.	9			
184	425	Gravius		1	3	Martinus	0					0	1644.0	0	Overig: was grietman van 't Bildt 1639-1644.	9			
185	426	Grettinga		1	1	Rinnert Oedses	0					0		0		9			
186	429	Sirtema van Grovestins		1	1	Oene	1					0		0	Overig: was grietman van Hennaarderadeel 1647-1671.	9			
187	430	Gualtheri		1	4	Henricus	0					0	1614.0	1	Persoonsgegevens: mogelijk overleden in 1616.	9			
188	459	Harings		1	1	Reimer	0					0		0		9			
189	464	Haubois		1	1	Cornelius	0					0		0		9			
190	466	Heemstra		1	1	Saphaeus	1					0		0	Persoonsgegevens: mogelijk identiek aan Feye van Heemstra, genoemd in M. de Haan Hettema en A. van Halmael, Stamboek van den Frieschen, vroegeren en lateren, adel (Leeuwarden 1846) I, 169 en II, 108, geboren 1630, overleden 7 maart 1690. Dit op basis van de lijst van Engels van Gedeputeerde Staten van Friesland (zie de institutionele toelichting bij dat college), die toevoegt: 'Saphaeus (= Feye?)'	9			
191	470	Heerma	van	1	1	Johan	0					0		0		9			
192	471	Herema	van	1	1	Tjerck	0					0	1655.0	0	"Persoonsgegevens: was bij zijn overlijden meer dan 80 jaar oud.
Overig: Was grietman van Menaldumadeel 1613 (volgens De Haan Hettema 1623)-1639."	9			
193	472	Heins		1	1	Jan	0					0		0		9			
194	475	Herbranda	van	1	1	Haye	0					0		0	"Persoonsgegevens: wordt genoemd in M. de Haan Hettema en A. van Halmael, Stamboek van den Frieschen, vroegeren en lateren, adel (Leeuwarden 1846) II, 202, maar zonder leefjaren.
Overig: was grietman van Achtkarspelen 1581-1593."	9			
195	516	Veltdriel		1	3	Johan	0					0		0		9			
196	518	Staackmans		1	1	Willem	0					0	1640.0	0		9	2.0	11.0	
197	519	Lycklama		1	1	Esaias	0					0	1639.0	0	Overig: was grietman van Oost-Stellingwerf 1624-1639 en van West-Stellingwerf in 1639.	9			
198	521	Heemstra		1	1	Foecke Piers	1					0		0	Overig: het is niet geheel zeker dat de gecommitteerde in de Raad van State en de commies-generaal identiek zijn. De gecommitteerde in de Raad van State was burgemeester van Harlingen.	9			
199	522	Schuurman		1	1	Abram	0				1595.0	0		0		9			
200	523	Loo	van	1	1	Albert	1					0		0	Persoonsgegevens: wordt genoemd in M. de Haan Hettema en A. van Halmael, Stamboek van den Frieschen, vroegeren en lateren, adel (Leeuwarden 1846) I, 266 en II, 178, maar zonder leefjaren.	9			
201	324	Beyma	van	1	4	Eduard Marius	0				1755.0	0	1825.0	0	Overig: Van Beyma weigerde zijn benoeming dd. 8 mei 1807 tot Assessor van de Landdrost van Friesland.	9	6.0	8.0	
202	476	Hiddema		1	1	Goslick	1					0		0	Persoonsgegevens: wellicht identiek aan de Goslick Hiddema in Nederland's Adelsboek 45 (1952) 252, overleden in 1593.	9			
203	478	Hillebrandts		1	1	Dirck	0					0		0		9			
204	479	Hillebrandts		1	1	Jacobus	0					0		0		9			
205	480	Hillebrandts		1	1	Wilhelmus	0					0		0		9			
206	481	Hottinga	van	1	1	Douwe	1					0	1662.0	0	Overig: was grietman van Barradeel 1610-1661.	9	29.0	7.0	
207	482	Hottinga	van	1	1	Jan	1					0	1610.0	1	Overig: was grietman van Barradeel 1600-1610.	9			
208	485	Humalda	van	1	1	Sjuck	1					0	1585.0	0	Overig: was grietman van Oostdongeradeel 1582-1585.	9			
209	486	Idema	van	1	4	Aedo Alma	0				1742.0	0	1803.0	0	"Persoonsgegevens: De Nederlandsche Leeuw geeft afwijkend geboortejaar 1730.
Overig: was grietman van Engwirden 1772-1795."	9			
210	490	Idzaerda	van	1	1	Meynardus	0					0	1618.0	0	Overig: was grietman van West-Stellingwerf 1600-1618.	9	22.0	12.0	
211	492	Isbrandi		1	1	Eco	0					0		0		9			
212	493	Itsma		1	1	Egbert Annes	0					0		0		9			
213	984	Burmania	van	1	1	Tjaert	1				1670.0	1	1702.0	0	Overig: was grietman van Leeuwarderadeel 1688-1702.	9	24.0	8.0	Persoonsgegevens: overlijden mogelijk 25 augustus.
214	361	Burum	van	1	1	Allard	0				1678.0	0	1729.0	0	Overig: was grietman van Doniawerstal 1705-1722 en van Ferwerderadeel 1722-1729.	9	6.0	7.0	Persoonsgegevens: overlijden mogelijk 7 juli.
215	496	Kempenaer	van Andringa de	1	1	Regnerus Livius	0				1752.0	0	1813.0	0	"Overig: Algemeen Nederlandsch Familieblad noemt zitting in de Admiraliteit in Friesland. Dit wordt echter door andere bronnen niet bevestigd.
Was grietman van Lemsterland 1772-1795."	9	3.0	12.0	
216	371	Coehoorn	van	3	1	Gosewijn Theodoor	1				1679.0	1	1737.0	0	Persoonsgegevens: De Haan Hettema en Raad van State 450 jaar geven afwijkende overlijdensdatum 14 mei in plaats van 14 maart.	9	14.0	3.0	
217	499	Sierksma		1	4	Rembert	0					0	1603.0	0		9	19.0	3.0	
218	500	Jansz.		1	1	Frans	0					0		0	Overig: Raad van State 450 jaar. Repertorium ('s-Gravenhage 1983) 128 geeft zitting in dat college van 5 april 1614 tot 18 mei 1616. Een commissie werd echter niet aangetroffen; wel van Frans Fransz., waardoor er sprake lijkt van verwarring tussen deze twee.	9			
219	501	Eysinga	van	1	1	Gellius	1				1590.0	1		0		9			
220	134	Doyem	van	1	4	Orck	0				1579.0	1	1641.0	0	Overig: Vries noemt hem gecommitteerde in de Provinciale Rekenkamer van Friesland in 1611, maar dit wordt door andere bronnen niet bevestigd.	9	30.0	10.0	Persoonsgegevens: overlijden mogelijk 31 oktober.
221	504	Juckema	van	1	1	Epo Jacobsz.	0					0	1619.0	0		9			
222	505	Rinia	van	1	1	Ritscke	0					0	1618.0	0	Overig: was grietman van Westdongeradeel 158?-1618.	9			
223	944	Heloma	van	1	1	Tjaerd Michiels	0				1618.0	1	1657.0	0	"Overig: was grietman van Engwirden 1652-1657.
Was volgens Nederland's Patriciaat in 1656 gecommitteerde in de Generaliteits-Rekenkamer, maar daarvoor is elders geen bewijs gevonden."	9	1.0	4.0	
224	507	Oenema	van	1	1	Tinco	0					0	1631.0	0	Overig: was grietman van Schoterland 1591-1627.	9	20.0	8.0	
225	575	Haersma	van	1	4	Hans Hendrik	0		Nederhorst Den Berg	Horstwaerde	1760.0	0	1825.0	0	Persoonsgegevens: Genealogische en heraldische bladen geeft afwijkend geboortejaar 1761.	9	4.0	9.0	
226	508	Velsius		1	3	Wilhelmus	0					0		0	Persoonsgegevens: vermeld in M. de Haan Hettema en A. van Halmael, Stamboek van den Frieschen, vroegeren en lateren, adel (Leeuwarden 1846) I, 399 en II, 277, maar zonder leefjaren. Mogelijk promotie in de rechten, dus 'mr.'.	9			
227	1133	Heemstra		1	1	Pierius	1					0	1679.0	0		9			Persoonsgegevens: overleden vóór 8 december.
228	512	Nanninga		1	1	Jan	0					0		0		9			
229	524	Roorda	van	1	1	Frederik	1					0	1665.0	0	Overig: was grietman van Lemsterland vanaf 1641.	9	29.0	7.0	
230	526	Scheltinga	de Blocq van	1	4	Daniel	0				1621.0	0	1703.0	0	"Overig: was volgens Raad van State 450 jaar ook gecommitteerde in de Generaliteits-Rekenkamer, maar dat is blijkens de resoluties van dat college onjuist. Hetzelfde werk, alsmede Baerdt noemt hem als gedeputeerde ter Staten-Generaal in 1650. Het betrof hier een afvaardiging naar de zogenaamde Grote Vergaderering; de functie is derhalve hieronder niet opgenomen als ordinaris deputatie.
Was grietman van Schoterland 1647-1692.
Ontvanger-Generaal Friesland 1644."	9	27.0	1.0	
231	252	Hoppers		1	4	Bocke	0					0	1624.0	0		9			Persoonsgegevens: overleden vóór 22 oktober.
232	534	Sevenaar	van	1	1	Barent (Fleins?)	0		Wolfferen			0	1687.0	0	Persoonsgegevens: Haan Hettema, M. de en A. van Halmael, Stamboek van den Frieschen, vroegeren en lateren, adel (Leeuwarden 1846) II, 145 noemt een Berent van Sevenaer, heer van Wolfferen, edelman uit Gelderland, gehuwd met een zekere Thibault (zonder leefjaren). Dat hier om dezelfde persoon moet gaan blijkt uit Tresoar, stadhouderlijk archief, inv. nr. 361, jaar 1680, dat hem eveneens heer van Wolfferen noemt.	9			
233	567	Rengers	Juckema van Burmania	3	4	Egbert Sjuck Gerrold	1				1745.0	0	1806.0	0	Overig: was grietman van Wymbritseradeel 1773-1795.	9	24.0	2.0	
234	570	Bère	de	1	1	Arent Julianus Carel	0				1753.0	0	1820.0	0	Overig: was grietman van Hemelumer Oldeferd 1779-1787.	9	26.0	3.0	
235	574	Wassenaer-Obdam	van	4	1	Jacob Unico Willem	1		Wassenaar	Lage, Twickel, Obdam, Spierdijk, Wogmeer, Hensbroek, Zuidwijk, Kernhem, Weldam, Olidam	1769.0	0	1812.0	0	"Persoonsgegevens: Baerdt geeft ten onrechte jaar van overlijden 1794.
Overig: was grietman van Franekeradeel 1793-1794."	9	31.0	8.0	
236	578	Schuylenburch	van	1	4	François Pierre Guillaume	1	jonkheer	Bommenede		1767.0	0	1818.0	0	"Adelspredicaat: 1815.
Overig: was grietman van Ferwerderadeel vanaf 1790."	9	13.0	9.0	
237	561	Kuffeler	de Blocq van	1	1	Jacob Jan	0				1715.0	0	1779.0	0	Persoonsgegevens: Raad van State 450 jaar geeft voornamen 'Jan Jacob'.	9		6.0	Begraven op 29 juni.
238	84	Loo	van	1	1	Boudewijn	1				1520.0	0	1596.0	0	Overig: was grietman van 't Bildt 1555-1557.	9		3.0	Persoonsgegevens: overleden omstreeks 18 maart.
239	603	Jellema		1	1	Uilcke Wibens	0					0		0		9			
240	607	Kan		1	1	Claes	0					0		0		9			
241	611	Kingma		1	1	Gerrolt Intesz.	0					0		0		9			
242	154	Ockinga	van	1	1	Hero	1				1612.0	1	1682.0	0		9			Persoonsgegevens: begraven na april.
243	26	Pflug		1	1	Otto	0					0	1501.0	0		9			Persoonsgegevens: overleden na 26 september.
244	616	Lammertz.		1	1	Adie	0					0		0		9			
245	617	Lomars		1	1	Petrus Dionysius	0					0		0		9			
246	619	Loo	van	1	1	Albert	1					0		0		9			
247	663	Rollema		1	1	Rinnert  Fransz.	0					0		0		9			
248	664	Rispens	van	1	1	Schelto	0					0		0		9			
249	620	Loon	van	1	1	Adrianus	0				1720.0	0	1788.0	1		9			
250	627	Lycklama	van	1	1	Hanso	0					0	1659.0	0	"Persoonsgegevens: De Haan Hettema geeft jaar van overlijden 1650 of 1659; het laatste jaartal is het meest waarschijnlijk, gezien de aanvang van zijn opvolger als grietman van Gaasterland.
Overig: was grietman van Gaasterland 1637-1659."	9	9.0	4.0	
251	629	Lycklama à Nijeholt		1	1	Lubbert	0				1639.0	1	1697.0	0	"Persoonsgegevens: Baerdt geeft afwijkende overlijdensdatum 2 oktober in plaats van 22 augustus.
Overig: Raad van State 450 jaar. Repertorium ('s-Gravenhage 1983) 148 geeft zitting in de Raad van State in 1681, maar daarvoor zijn elders geen bewijzen aangetroffen; bovendien zijn de twee Friese zetels in deze periode reeds bezet (zoals ook uit het genoemde werk zelf blijkt).
Was grietman van Oost-stellingwerf 1661-1697. Aanvang volgens De Haan Hettema onjuist 1647."	9	22.0	8.0	
252	636	Meckema	van	1	1	Sippe	0					0	1600.0	0	Overig: was grietman van Kollumerland 1584-1600.	9			
253	637	Meinsma	(van)	1	1	Hoite	0					0		0		9			
254	638	Moll		1	1	Hanso	0					0		0		9			
255	639	Montsma		1	1	Jan	0					0		0		9			
256	643	Obbes		1	1	Asse	0					0		0	Overig: was grietman van Haskerland 1582-1601.	9			
257	645	Oenema	van	1	1	Tiberius	0					0	1640.0	0	Overig: was grietman van Utingeradeel 1619-1622.	9	22.0	5.0	
258	646	Oldaens		1	1	Petrus	0					0		0		9			
259	647	Oosterzee	van	1	1	Christiaen Johannes	0					0		0	Overig: was grietman van Lemsterland 1609-1635.	9			
260	648	Oosterzee		1	3	Epeus	0					0		0		9			
261	649	Osinga	van	1	1	Sijbren	1					0	1623.0	0	Overig: was grietman van Wonseradeel 1596-1623.	9	7.0	11.0	
262	650	Osinga	van	1	1	Sijbren	1					0	1680.0	0	"Persoonsgegevens: De Haan Hettema geeft overlijden 1680, Baerdt 1679.
Overig: was grietman van Doniawerstal 1652-1679."	9			
263	653	Polman		1	1	Simon	0					0		0		9			
264	654	Potter		1	1	Sjoerd	0					0		0	Overig: Repertorium Raad van State 450 jaar geeft foutief voornaam 'Lievert'.	9			
265	655	Potter		1	1	Sjoerd Sjoerdsen	0					0		0		9			
266	656	Recalff		1	3	Jacob	0					0		0	Persoonsgegevens: genoemd in O. Vries e.a., De heeren van den raede. Biografieën en groepsportret van de raadsheren van het hof van Friesland, 1499-1811 (Hilversum 1999) 308, maar zonder leefjaren. Mogelijk promotie in de rechten, dus 'mr.'.	9			
267	660	Reynalda		1	1	Aede	0					0	1619.0	0	Overig: was grietman van Doniawerstal 1615-1619.	9	27.0	5.0	
268	661	Reynalda		1	1	Auke Edesz.	0					0		0	Overig: was grietman van Doniawerstal 1584-1591.	9			
269	662	Reynalda		1	1	Elardus Augustini	0					0	1610.0	0	Overig: was grietman van Doniawerstal 1591-1610.	9	27.0	10.0	
270	665	Rispens	van	1	1	Sjoerd	0					0		0		9			
271	666	Romckes		1	1	Johannes	0					0		0		9			
272	667	Rommarts		1	1	Matthijs	0					0		0	Persoonsgegevens: in O. Vries e.a., De heeren van den raede. Biografieën en groepsportret van de raadsheren van het hof van Friesland, 1499-1811 (Hilversum 1999) 245 genoemd als stadssecretaris van Leeuwarden 1540-1577, maar zonder leefjaren.	9			
273	110	Richaeus		1	4	Sibrandus	0				1523.0	0	1585.0	0		9			Persoonsgegevens: overleden vóór 22 maart.
274	71	Roussel		1	4	Jacob	0				1508.0	0	1577.0	0		9			Persoonsgegevens: overleden na 16 maart.
275	671	Jongestal		1	1	Joost	0					0		0	Persoonsgegevens: genoemd in aan M. de Haan Hettema en A. van Halmael, Stamboek van den Frieschen, vroegeren en lateren, adel (Leeuwarden 1846) I, 148, maar zonder leefjaren.	9			
276	673	Dodes		1	1	Andries	0					0		0		9			
277	721	Poutsma		1	3	Petrus	0					0	1712.0	0	Persoonsgegevens: genoemd in O. Vries e.a., De heeren van den raede. Biografieën en groepsportret van de raadsheren van het hof van Friesland, 1499-1811 (Hilversum 1999) 328, maar zonder leefjaren (wel enkele functies vermeld). Mogelijk promotie in de rechten, dus 'mr.'.	9			
278	675	Symonsz.		1	1	Douwe	0					0	1651.0	0		9			
279	676	Rispens	van	1	1	Suffridus	0					0		0		9			
280	677	Bockama	van	1	1	Sybrand	0					0		0		9			
281	679	Schilsma		1	1	Douwe Henrix	0					0		0		9			
282	680	Heydoma		1	1	Teico Tievex	0					0		0		9			
283	683	Alstorphius		1	1	Wynant	0					0		0		9			
284	685	Binckes		1	1	Folkert	0					0		0		9			
285	695	Epema	van	1	3	Hector	1					0		0		9			
286	696	Scheltema	van	1	1	Feye	1					0	1666.0	0	Overig: was grietman van Kollumerland 1653-1666.	9	11.0	11.0	
287	697	Jeltinga	van	1	1	Schelte	1					0		0	Persoonsgegevens: wordt genoemd in M. de Haan Hettema en A. van Halmael, Stamboek van den Frieschen, vroegeren en lateren, adel (Leeuwarden 1846) I, 231, maar zonder leefjaren.	9			
288	700	Schepper	de	1	1	Abraham	0				1635.0	0	1684.0	0		9	11.0	12.0	Persoonsgegevens: overlijden mogelijk 12 december.
289	699	Bootsma	van	1	1	Abbe	1					0		0	Persoonsgegevens: M. de Haan Hettema en A. van Halmael, Stamboek van den Frieschen, vroegeren en lateren, adel (Leeuwarden 1846) I, 43 noemt twee gelijknamige halfbroers. Aangezien één van beide overleed op 3 april 1670 (bij de ander worden geen leefjaren verstrekt), en de hier bedoelde gecommitteerde in de Admiraliteit op de Maze pas op het reguliere tijdstip werd vervangen (commissie Abraham de Schepper 13 april 1671), gaat het waarschijnlijk om de met Hijlck van Herbranda gehuwde Abbe van Bootsma.	9			
290	701	Grommée		1	1	Gillis	0					0		0		9			
291	704	Scheltinga	van	1	4	Cornelis	0				1743.0	0	1812.0	0	Overig: was grietman van Idaarderadeel 1763-1795.	9			
292	705	Vliet	van	1	4	Joachim	0					0		0		9			
293	706	Hanswijk	van	1	1	Johannes Wilhelmus	0					0		0		9			
294	709	Epema	van	1	1	Fedde	1					0		0		9			
295	710	Donia	Harinxma van	1	1	Ernst	0					0	1634.0	0	Overig: was grietman van Leeuwarderadeel 1616-1634.	9	14.0	10.0	
296	712	Walta	van	1	1	Tjaert	1					0		0	Persoonsgegevens: wordt genoemd in M. de Haan Hettema en A. van Halmael, Stamboek van den Frieschen, vroegeren en lateren, adel (Leeuwarden 1846) I, 401 en II, 278, met de vermelding dat hij vóór 1657 overleden is.	9			
297	713	Waltinga	van	1	1	Andries	1					0		0		9			
298	714	Ockinga	van	1	1	Lolle	1					0	1673.0	0		9			
299	715	Axma		1	1	Petrus	0					0		0		9			
300	716	Walta	van	1	1	Douwe	1					0		0	"Persoonsgegevens: leefde nog in 1679.
Overig: was grietman van Barradeel 1661-1676."	9			
301	722	Wesselius		1	1	Flijto	0					0		0		9			
302	726	Sminia	van	1	1	Aulus	0				1732.0	0		0		9			
303	728	Roorda		1	1	Jan	1					0		0		9			
304	729	Nauta	van	1	4	Frisius	0					0		0		9			
305	730	Dijcxtra		1	1	Sicke	0					0		0		9			
306	761	Schaaff		1	1	Syds	0					0		0		9			
307	772	Wiarda		1	3	Hero	0					0		0		9			
308	49	Camerhouwer		1	1	Cornelis	0					0		0		9			
309	733	Wabbes		1	1	Claes	0					0		0		9			
310	735	Oenema		1	1	Matthijs	0					0	1601.0	0		9	14.0	3.0	
311	736	Ulpius		1	1	Ulpianus	0					0		0		9			
312	737	Reynsz.		1	1	Sybrant	0					0		0		9			
313	738	Tiessen		1	1	Worp	0					0		0		9			
314	739	Saeckesz.		1	1	Syrck	0					0		0	Persoonsgegevens: mogelijk identiek aan Sirck Saeckes in Nederland's Patriciaat 12 (1921-1922) 54, overleden vóór 26 januari 1629.	9			
315	740	Diericxsz.		1	1	Thomas	0					0		0		9			
316	741	Hettinga	van	1	1	Anthony	0					0		0	Persoonsgegevens: in M. de Haan Hettema, en A. van Halmael, Stamboek van den Frieschen, vroegeren en lateren, adel (Leeuwarden 1846) I, 206 en II, 139 en 141 worden twee personen genoemd met deze naam, die in dezelfde periode leefden, en beide gecommitteerde in de Admiraliteit in Friesland zijn geweest. Welke van de twee het hier betreft is niet duidelijk.	9			
317	742	Gabbesz.		1	1	Beenke	0					0		0		9			
318	744	Thiessen		1	1	Dierck	0					0		0		9			
319	745	Fogel		1	1	Harrent Hendriksz.	0					0		0		9			
320	185	Schotanus à Sterringa		1	4	Albertus	0				1656.0	0	1703.0	0		9			Persoonsgegevens: overleden tussen 10 april 20 juni.
321	748	Diercksz.		1	1	Dierck	0					0		0		9			
322	749	Herbranda	van	1	1	Feycke	0					0		0	Overig: was grietman van Achtkarspelen 1593-1618.	9			
323	750	Hanckema		1	1	Gabbe Bintsesz.	0					0		0		9			
324	751	Scheltema	van	1	1	Frans	1					0	1653.0	0		9	2.0	11.0	
325	752	Thomas		1	1	Rommert	0					0		0		9			
326	783	Schwartzenberg en Hohenlansberg	thoe	3	1	Wilco	1				1738.0	0	1788.0	0	"Persoonsgegevens: Baerdt geeft afwijkende overlijdensdatum 12 april in plaats van 24 mei.
Overig: was grietman van Wonseradeel 1758-1788."	9	24.0	5.0	
327	242	Hoyer		1	1	Michiel	0					0		0		9			
328	755	Roorda		1	1	Abraham	1					0		0		9			
329	756	Roorda	van	1	1	Carel	1					0		0		9			
330	759	Runia		1	1	Simen Jansz.	0					0		0		9			
331	760	Sappema		1	1	Binnert	0					0		0		9			
332	774	Aepkens		1	1	Aepes Johannes	0					0		0		9			
333	775	Bijencorff		1	1	Jan	0					0		0		9			
334	913	Schwartzenberg en Hohenlansberg	thoe	3	4	Frederik Willem van Ghendt	1				1743.0	0	1774.0	0		9	7.0	6.0	Persoonsgegevens: overlijden mogelijk 8 juni.
335	830	Wellens		1	1	Boudewijn	0				1683.0	0	1755.0	0		9			
336	833	Westerhuis		1	1	Suffridus	0					0	1731.0	0	Persoonsgegevens: het is niet zeker dat alle genoemde functies bij dezelfde persoon horen.	9			
337	835	Wibens		1	1	Rein	0					0		0		9			
338	837	Wielinga		1	4	Everhardus	0					0	1733.0	0		9	24.0	11.0	
339	4	Aytta		1	4	Bucho	1				1465.0	0	1528.0	0		9	3.0	12.0	
340	787	Symons		1	1	Cornelis	0					0		0		9			
341	790	Sixma	van	1	1	Douwe	1					0		0	Overig: was grietman van Barradeel 1676-1684.	9			
342	800	Stansius		1	1	Theodorus	0					0		0		9			
343	801	Stapert		1	1	Hans Douwes	0					0		0		9			
344	802	Stiensma		1	1	Ewout Jetsen	0					0	1672.0	0		9			
345	803	Suiderbaen		1	1	Jan Lolckes	0					0	1680.0	0		9			
346	804	Swart	de	1	1	François	0					0		0		9			
347	5	Eponis		1	4	Mammo	0					0	1504.0	1		9			
348	808	Tadema		1	1	Offke	0					0		0		9			
349	809	Taecema		1	1	Tiberius	0					0		0		9			
350	810	Tamboeser		1	1	Jan	0					0		0		9			
351	811	Tayckes		1	1	Aldert	0					0		0		9			
352	813	Teyens		1	1	Benedictus	0					0		0		9			
353	814	Thijssen		1	1	Dirck	0					0		0		9			
354	815	Thijssen		1	1	Johannes	0					0		0		9			
355	816	Heydoma		1	1	Feye Tjercx	0					0		0	"Persoonsgegevens: genoemd in O. Vries, e.a., De heeren van den raede. Biografieën en groepsportret van de raadsheren van het hof van Friesland, 1499-1811 (Hilversum 1999) 291, maar zonder leefjaren.
Overig: was volgens Vries ook gecommitteerde in de Admiraliteit te Amsterdam, maar dit wordt door andere bronnen niet bevestigd, tenzij deze persoon identiek is aan Teico Tievex Heydoma."	9			
356	819	Unia	van	1	1	Wilhelmus	1					0		0		9			
357	823	Velsen	van	1	4	Adriaen	0					0	1661.0	0		9	25.0	2.0	
358	824	Velsen	van	1	1	Willem	0					0		0	"Persoonsgegevens: overleden vóór 1683.
Overig: was ontvanger-generaal van Friesland."	9			
359	825	Veltriel		1	1	Pieter Janszoon	0					0		0	Overig: had volgens de lijst van Engels van gecommitteerden in de Raad van State (zie institutionele toelichting bij dat college) ook zitting in de Raad van State in 1626 en 1631, maar dit was Johan Veltdriel (elders in deze database).	9			
360	828	Vries		1	1	Allert Jacop(b)s	0					0		0		9			
361	829	Waard	de	1	1	Harmanus	0					0		0		9			
362	838	Wigeri		1	1	Foppius	0					0		0		9			
363	840	Wischa	ter	1	1	Johannes	0					0	1609.0	0	Overig: was grietman van Oost-Stellingwerf 1581(mogelijk eerder)-1609.	9	10.0	3.0	
364	892	Broersma		1	1	Gajus	0					0		0	Persoonsgegevens: is mogelijk de persoon genoemd in M. de Haan Hettema en A. van Halmael, Stamboek van den Frieschen, vroegeren en lateren, adel (Leeuwarden 1846) II, 245 (Gajus van Broersma de jonge).	9			
365	893	Haer	van der	1	4	Daniel	0				1689.0	0	1745.0	0	"Persoonsgegevens: Vos geeft afwijkende overlijdensdatum 23 in plaats van 22 januari. 
Overig: was grietman van Hemelumer Oldeferd 1743-1745."	9	22.0	1.0	
366	948	Eminga	van	1	1	Albert Sijbrant	1					0	1662.0	0	Overig: was grietman van Franekeradeel 1652-1662.	9			
367	6	Cammingha		1	1	Renik	1				1464.0	1	1531.0	0		9			
368	954	Heijtinga (Hoijtinga?)		1	1	Douwe Hilles	0					0		0		9			
369	841	Wissema	van	1	1	Sabinus	1					0	1678.0	0	Overig: was grietman van Idaarderadeel 1673-1678.	9	27.0	10.0	
370	843	Wijckel	van	1	1	Jochum	0					0		0	Persoonsgegevens: genoemd in M. de Haan Hettema en A. van Halmael, Stamboek van den Frieschen, vroegeren en lateren, adel (Leeuwarden 1846) I, 409 en II, 284, maar zonder leefjaren.	9			
371	847	Oenema	van	1	1	Amel	0					0	1647.0	0	Overig: was grietman van Schoterland 1627-1647.	9	7.0	4.0	
372	851	Jeltinga	van	1	4	Fecco	1	jonkheer				0	1636.0	0	"Persoonsgegevens: Smits geeft onjuist jaar van overlijden 1616.
Overig: Smits meent dat hij omstreeks 1615  benoemd is tot gecommitteerde in de Admiraliteit in Friesland, en ook Vries en De Haan Hettema noemen zitting in dat college. Hiervoor zijn elders geen bewijzen aangetroffen."	9	8.0	7.0	
373	859	Beyma	van	1	1	Wijtze	0					0		0	Persoonsgegevens: M. de Haan Hettema en A. van Halmael, Stamboek van den Frieschen, vroegeren en lateren, adel (Leeuwarden 1846) I, 35 noemt twee personen met deze naam (beide zonder leefjaren), zonder dat duidelijk is wie van hen de gecommitteerde in de Generaliteits-Rekenkamer is.	9			
374	860	Epema	van	1	1	Serapius	1					0		0		9			
375	862	Bonnema	van	1	1	Fedde	0					0		0		9			
376	863	Glins	van	1	1	Idzart	1					0		0	Persoonsgegevens: wordt genoemd in M. de Haan Hettema en A. van Halmael, Stamboek van den Frieschen, vroegeren en lateren, adel (Leeuwarden 1846) I, 130, maar zonder leefjaren.	9			
377	865	Rosema		1	1	Jacob Jildertsz.	0					0	1650.0	0		9	14.0	4.0	
378	867	Tzum	van	1	1	Reinier	0					0		0		9			
379	868	Jeltinga	van	1	1	Schelto	1					0		0		9			
380	869	Wygara		1	1	Sijbrandus	0					0		0		9			
381	870	IJlst		1	1	Haijo	0					0		0		9			
382	871	Loo	van	1	1	Arent	1					0		0	Persoonsgegevens: in M. de Haan Hettema en A. van Halmael, Stamboek van den Frieschen, vroegeren en lateren, adel (Leeuwarden 1846) 265-266 komen meerdere personen met deze naam voor, zonder dat duidelijk is welke de hier bedoelde is.	9			
383	874	Viglius		1	1	Otto	0					0		0		9			
384	876	Schurmans	van	1	1	Frederik	0					0	1721.0	0		9			Persoonsgegevens: overleden vóór 5 december.
385	878	Tempel	van den	1	1	Johan	0					0		0		9			
386	880	Glinstra	van	1	1	Epeus	0					0		0	Persoonsgegevens: wordt genoemd in M. de Haan Hettema en A. van Halmael, Stamboek van den Frieschen, vroegeren en lateren, adel (Leeuwarden 1846) I, 258 en II, 174, maar zonder leefjaren.	9			
387	883	Vierssen	van	1	1	Assuerus	0				1677.0	0	1713.0	0	Persoonsgegevens: het is onzeker of deze persoon gecommitteerde in de Generaliteits-Rekenkamer was; De Haan Hettema I, 332 en Wapenheraut 11 (1907) 402 noemen een naamgenoot, geboren in 1666.	9			
388	884	Mattheus		1	1	Bernardus	0					0		0		9			
389	886	Vierssen	van	1	4	IJsbrand	0				1632.0	0		0	"Persoonsgegevens: wordt genoemd in M. de Haan Hettema en A. van Halmael, Stamboek van den Frieschen, vroegeren en lateren, adel (Leeuwarden 1846) I, 330 en II, 219, maar zonder leefjaren.
Overig: was pensionaris van Leeuwarden."	9			
390	895	Osinga		1	1	Jancke	1					0		0	"Persoonsgegevens: wordt genoemd in M. de Haan Hettema en A. van Halmael, Stamboek van den Frieschen, vroegeren en lateren, adel (Leeuwarden 1846) I, 284 en II, 193, maar zonder leefjaren.
Overig: was grietman van Wonseradeel 1580-1596."	9			
391	896	Hettinga	van	1	1	Anthony	0					0		0	Persoonsgegevens: in M. de Haan Hettema, en A. van Halmael, Stamboek van den Frieschen, vroegeren en lateren, adel (Leeuwarden 1846) I, 206 en II, 139 en 141 worden twee personen genoemd met deze naam, die in dezelfde periode leefden, en beide gecommitteerde in de Admiraliteit in Friesland zijn geweest. Welke van de twee het hier betreft is niet duidelijk.	9			
392	901	Frisius		1	1	C.F.	0					0		0		9			
393	902	Fenema		1	3	Abraham	0					0		0	Persoonsgegevens: mogelijk promotie in de rechten, dus 'mr.'.	9			
394	904	Aukes		1	1	Tijmen	0					0	1748.0	0		9			Persoonsgegevens: overleden vóór 6 maart (mogelijk eind 1747).
395	908	Hixenius		1	1	J.	0					0		0		9			
396	912	Wijdenbrugh	van	1	4	Ernst Willem	0					0	1788.0	0	Overig: was grietman van Hemelumer Oldeferd 1765-1779.	9		9.0	
397	914	Beyma	van	1	1	Julius Matthijs	0				1727.0	0	1808.0	0	Persoonsgegevens: Haagsma geeft afwijkende overlijdensdatum 19 juli 1801 in plaats van 8 februari 1808. Haagsma en Smits geven geslachtsnaam 'Beyma thoe Kingma', maar de laatste toevoeging wordt blijkens De Haan Hettema pas door een latere naamgenoot gevoerd.	9	8.0	2.0	
398	918	Cornelisz.		1	1	S.	0					0		0		9			
399	920	Oosterzee	van	1	1	Cyprianus	0					0		0	Overig: was grietman van Lemsterland 1635-1641.	9			
400	921	Copius		1	1	Arnoldus	0					0		0		9			
401	922	Schotanus à Sterringa		1	1	H.	0					0	1678.0	0		9			
402	924	Eppinga		1	1	Sjoerd	0					0		0		9			
403	927	Comans		1	1	P.	0					0		0		9			
404	930	Hixenius		1	1	J.	0					0		0		9			
405	936	Simonides	van	1	1	Otto	0					0		0		9			
406	938	Teijens		1	1		0					0		0		9			
407	933	Volmachten van Leeuwarden		1	1		0					0		0	Overig: aan wie het ambt werd begeven is niet bekend.	9			
408	7	Scheltinga		1	1	Schelte	0					0	1517.0	1	"Persoonsgegevens: overleden in of vóór 1517.
Overig: was grietman van Dantumadeel, Achtkarspelen en Kollumerland."	9			
409	939	Gravius		1	1	B.	0					0		0		9			
410	943	Sijdses		1	1	Jan	0					0		0		9			
411	947	Riemersma		1	1	Frans	0					0		0		9			
412	958	Douma	van	1	1	Bartholt	1					0	1678.0	0	Overig: was grietman van Ferwerderadeel 1649-1678.	9	22.0	3.0	Persoonsgegevens: overlijden mogelijk 27 maart.
413	960	Strigelius		1	1		0					0		0		9			
414	962	Ids		1	1	Jancke	0					0		0		9			
415	963	Schotanus		1	1	Tedgerus Ruardi	0					0		0		9			
416	964	Hartsma		1	1	Meijert Meijerts	0					0		0		9			
417	965	Laquaert		1	1	Fonger	0					0		0		9			
418	966	Rispens	van	1	1	Johannes	0					0		0	Persoonsgegevens: M. de Haan Hettema en A. van Halmael, Stamboek van den Frieschen, vroegeren en lateren, adel (Leeuwarden 1846) 303, noemt twee tijdgenoten met deze naam, waarbij echter niet duidelijk is welke van hen gecommitteerde in de Provinciale Rekenkamer is geweest.	9			
419	967	Tadema		1	1	Benne	0					0		0		9			
420	8	Obbema		1	1	Tako	0					0	1515.0	0		9			
421	972	Mellema		1	1	Lieuwe	0					0		0	Persoonsgegevens: de voornaam is onzeker.	9			
422	973	Jaersma	van	1	1	Sipcke	0					0		0	Persoonsgegevens: wordt genoemd in aan M. de Haan Hettema en A. van Halmael, Stamboek van den Frieschen, vroegeren en lateren, adel (Leeuwarden 1846) I, 229 en II, 155, maar zonder leefjaren.	9			
423	974	Hernes		1	1	Johannes	0					0		0		9			
424	976	Ockema		1	1	Enne Aggesz.	0					0		0		9			
425	977	Folckerts		1	1	Claes	0					0		0		9			
426	978	Atzesz.		1	1	Jelle	0					0		0		9			
427	1003	Elgersma		1	1	N.	0					0		0		9			
428	1008	Lycklama à Nijeholt		1	4	Tinco Martinus	1	jonkheer			1766.0	0	1844.0	0	"Adelspredicaat: 1817.
Overig: was grietman van Oost-Stellingwerf 1788-1790 en van Utingeradeel 1790-1795."	9	20.0	2.0	
429	1009	Dekema	Botnia van	1	1	Sixtus Julius	0					0		0	Persoonsgegevens: wordt genoemd in M. de Haan Hettema en A. van Halmael, Stamboek van den Frieschen, vroegeren en lateren, adel (Leeuwarden 1846) I, 90 en II, 58, maar zonder leefjaren.	9			
430	1024	Hania	van	1	1	Tiete	0				1605.0	0		0		9			
431	979	Sickes		1	1	Dije	0					0		0		9			
432	988	Burenstins	van	1	1	Hector	0					0		0		9			
433	989	Boer	de	1	1	Anne Hobbesz.	0					0	1728.0	0		9			
434	991	Albarda		1	1	B.	0					0		0		9			
435	995	Roorda		1	1		1					0		0	Persoonsgegevens: mogelijk identiek aan Johan van Roorda, M. de Haan Hettema en A. van Halmael, Stamboek van den Frieschen, vroegeren en lateren, adel (Leeuwarden 1846) I, 313 en II, 210; aldaar echter rekenmeester van Friesland genoemd in plaats van secretaris van de rekenkamer.	9			
436	996	Hettinga	van	1	1	Sibrandus	0					0		0	Persoonsgegevens: waarschijnlijk de persoon in M. de Haan Hettema, en A. van Halmael, Stamboek van den Frieschen, vroegeren en lateren, adel (Leeuwarden 1846) I, 206 (negende generatie) die in II, 141 commies van de financiën in Friesland wordt genoemd.	9			
437	1031	Beuma	van	1	1	Sixtus Mensones	0					0		0		9			
438	1035	Pytters		1	1	Sibrant	0					0	1735.0	0		9			
439	1042	Banga		1	3	Pierius	0					0		0	Persoonsgegevens: mogelijk promotie in de rechten, dus 'mr.'.	9			
440	1050	Gemmenich	van	1	3	Paulus Jacob	0					0	1687.0	1	"Persoonsgegevens: overleden vóór 28 maart 1687 (mogelijk eind 1686). Het is niet zeker of de extraordinaris gedeputeerde ter Staten-Generaal identiek is aan de secretaris van de Admiraliteit in Friesland. Van de eerste is alleen bekend dat hij 'P. de Ghemmenich' heette. Mogelijk promotie in de rechten, dus 'mr.'.
Overig: Smits meent dat Van Gemmenich tevens advocaat-fiscaal van de admiraliteit in Friesland was; er werd echter alleen een commissie als secretaris van dat college aangetroffen."	9			
441	1057	Simens		1	1	Bincke	0					0	1728.0	0	Overig: werd benoemd tot gecommitteerde in de Admiraliteit in Friesland voor de periode mei 1728 tot mei 1729, maar overleed vóór zittingname.	9			Persoonsgegevens: overleden vóór 19 mei.
442	1015	Aylva	van	1	1	Hans Willem	1				1695.0	0	1722.0	0	Overig: was grietman van Westdongeradeel 1712-1722.	9	15.0	2.0	
443	1093	Gongrijp		1	1	Hanso Godefridus	0					0		0		9			
444	1094	Rispens	van	1	3	Gerlacius	0					0		0		9			
445	1098	Jacobsz.		1	1	Jacob	0					0	1638.0	0	Persoonsgegevens: overleden vóór 21 oktober 1638 (mogelijk in een eerder jaar).	9			
446	1099	Renneman		1	3	Johannes	0					0		0	Persoonsgegevens: overleden vóór 1659, waarschijnlijk in 1654, wanneer hij wordt opgevolgd als advocaat-fiscaal van de Admiraliteit in Friesland. Was ten tijde van zijn benoeming tot advocaat-fiscaal van de Admiraliteit in Friesland assessor van het krijgsgerecht van Stad en Lande van Groningen.	9			
447	1100	Aitsma	van	1	3	Schelto Meijnardsz.	0					0		0		9			
448	1101	Runnia	van	1	1	Johan	0					0		0	Persoonsgegevens: wordt door E. Smits, De Friesche admiraliteit boven water (Dokkum 1996), 'Runtvleesch' genoemd. Mogelijk identiek aan de persoon genoemd in O. Vries e.a., De heeren van den raede. Biografieën en groepsportret van de raadsheren van het hof van Friesland, 1499-1811 (Hilversum 1999) 270.	9			
449	1102	Runia		1	1	Claes Jansz.	0					0		0		9			
450	1104	Baard		1	1	Sijbrand	0					0		0		9			
451	572	Aylva	van	3	4	Hans Willem	1		Waardenburg	Neerijnen, Warmenhuizen, Schoorldam, Krabbendam	1751.0	0	1827.0	0	"Persoonsgegevens: Gabriëls en De Nederlandsche Leeuw geven jaar van overlijden 1823.
Adelspredicaat: 1814/adelstitel: 1822.
Buitenlandse adelstitel: baron H.R.R.
Heerlijkheden: verwerving Waardenburg en Neerijnen 1773.
Overig: volgens Raad van State 450 jaar 'lid generaliteitsrekenkamer van Friesland 1782-1783', moet zijn 'lid Generaliteits Rekenkamer'.
Was grietman van 't Bildt 1780-1788 en van Baarderadeel 1788-1795."	9	29.0	12.0	
452	1106	Adius		1	3	Adgerus	0					0		0	Persoonsgegevens: waarschijnlijk identiek aan de persoon in M. de Haan Hettema en A. van Halmael, Stamboek van den Frieschen, vroegeren en lateren, adel (Leeuwarden 1846) I, 92 en II, 59. Bekleedde mogelijk nog enkele andere functies, die in deze database echter bij zijn gelijknamige neef geplaatst zijn.	9			
453	1110	Nauta		1	1	Duco	0					0		0	Overig: E. Smits, De Friesche admiraliteit boven water 2 delen (Dokkum 1996) geeft nog benoeming van een gelijknamig persoon tot ontvanger-generaal van de Admiraliteit in Friesland in 1707, maar dat moet onjuist zijn, omdat dat ambt op dat moment door Alexander Wiedenburg werd bekleed.	9			
454	1112	Wiedenburg		1	3	Alexander	0					0		0	Persoonsgegevens: overleden vóór 1728. Mogelijk promotie in de rechten, dus 'mr.'.	9			
455	1114	Wiedenburg		1	1	Sicco	0					0	1720.0	0		9			
456	1144	Geertsz.		1	1	Joachim	0					0		0		9			
457	1145	Gerbrantsz.		1	1	Jacob	0					0		0		9			
458	9	Poppingawier		1	1	Petrus	0				1452.0	1	1501.0	0		9			
459	1115	Keth	de	1	1	Jan	0					0		0		9			
460	1117	Wiedenburg	van	1	1	Pieter Beerent	0					0	1764.0	0		9		9.0	
461	10	Heronis		1	1	Benedictus	0					0		0		9			
462	1131	Barnda		1	1	Willem	0					0		0	Overig: uit Groningen.	9			
463	854	Aylva	van	1	1	Sicco Douwe	1				1734.0	0	1807.0	0	"Buitenlandse adelstitel: baron H.R.R.
Overig: was grietman van Westdongeradeel 1780-1789."	9		4.0	
464	1138	Jansz.		1	1	Hans	0					0		0		9			
465	1143	Pietersz.		1	1	Gerryt	0					0		0		9			
466	1146	Jochems		1	1	Jouke	0					0		0	Overig: was grietman van Smallingerland vanaf 1617.	9			
467	1147	Aysma		1	1	Tijmen Fransz.	1					0		0		9			
468	1148	Cornelisz.		1	1	Broer	0					0		0		9			
469	1149	Jansz.		1	1	Hendrick	0					0		0		9			
470	1150	Wijgers		1	1	Gabbe	0					0		0		9			
471	1151	Fenstra		1	1	Rievert Eelckesz.	0					0		0		9			
472	1152	Scheltinga		1	1	Bocke Seerpsz.	0					0		0		9			
473	1153	Bants		1	1	Ruurt	0					0		0	Persoonsgegevens: wordt genoemd in M. de Haan Hettema en A. van Halmael, Stamboek van den Frieschen, vroegeren en lateren, adel (Leeuwarden 1846) I, 289 en II, 197, maar zonder leefjaren.	9			
474	1154	Cornelisz.		1	1	Jacob	0					0		0		9			
475	1155	Lycklama		1	1	Rintje	0					0		0		9			
476	1156	Kingma		1	1	Saeckle	0					0		0		9			
477	1157	Bonnes		1	1	Marck	0					0		0		9			
478	1158	Riencks		1	1	Joachim	0					0		0		9			
479	1159	Bootsma	van	1	1	Jan	1					0		0		9			
480	1160	Swaga		1	1	Tjerck Ulckesz.	0					0		0	"Persoonsgegevens: wordt genoemd in M. de Haan Hettema en A. van Halmael, Stamboek van den Frieschen, vroegeren en lateren, adel (Leeuwarden 1846) I, 251 en II, 171, maar zonder leefjaren.
Overig: was bijzitter van Doniawerstal."	9			
481	11	Anne		1	1		0					0		0		9			
482	805	Sybesz.		1	1	Jelle	0					0		0		9			
483	392	Eysinga	van	1	1	Aede	1				1600.0	1	1636.0	0	Overig: was grietman van Leeuwarderadeel 1634-1635.	9	30.0	12.0	
484	93	Frittema	van	1	4	Pieter	0					0	1589.0	0		9	5.0	6.0	
485	116	Godefridi		1	4	Georgien	0					0	1595.0	0		9	18.0	2.0	
486	117	Mockema	van	1	1	Syds	0					0	1595.0	0		9	11.0	2.0	
487	115	Wijckel		1	4	Tjalling	0					0	1596.0	1		9			
488	1139	Sierksma		1	1	Rembert	0					0	1600.0	0		9	24.0	1.0	
489	107	Axonius		1	1	Joachim	0					0	1605.0	0		9	25.0	8.0	
490	113	Grovestins	van	1	1	Foppe	1					0	1607.0	0		9	28.0	5.0	
491	99	Westendorp		1	4	Gregorius	0					0	1608.0	0		9	3.0	7.0	
492	125	Meynsma		1	4	Benne	0					0	1612.0	1		9			
493	1120	Herbayus		1	4	Thomas	0					0	1613.0	0		9			
494	100	Nicolai		1	4	Nicolaus	0					0	1616.0	0		9	13.0	3.0	
495	949	Aebinga van Humalda		1	1	Sjuck	0					0	1679.0	0		9	19.0	4.0	
496	251	Blocq	de	1	1	Daniël	0					0	1617.0	0		9	7.0	7.0	
497	1080	Aijsma		1	1	Auco	0					0	1625.0	0		9			
498	106	Sucquet		1	1	Anton	0					0	1626.0	0		9		2.0	
499	273	Agricola		1	1	Jo(h)annes	0					0		0	Overig: was grietman van Engwirden 1593-1605.	9			
500	124	Hania		1	4	Suffridus	0					0	1630.0	0		9	7.0	4.0	
501	144	Nauta		1	4	Gajus	0					0	1645.0	0		9	19.0	10.0	
502	1085	Inthiema	van	1	1	Frederik	0					0	1652.0	0		9			
503	1046	Claasz.		1	1	Dirk	0					0	1652.0	0		9			
504	1122	Geldorpius		1	4	Wibrandus	0					0	1659.0	0		9	22.0	6.0	
505	256	Boelens	van	1	4	Sjoert	0					0	1692.0	0		9			
506	1086	Inthiema	van	1	1	Frederik	0					0	1697.0	0		9			
507	1041	Portz		1	1	W.H.	0					0	1726.0	0		9		4.0	
508	1082	Huber		1	1	Ulric Jan	0				1700.0	0	1727.0	0		9	18.0	9.0	
509	881	Glinstra	van	1	1	Oene Frederick	0				1682.0	0		0	Persoonsgegevens: het precieze jaar van overlijden is niet bekend; De Haan Hettema geeft '173.)	9			
510	885	Glinstra	van	1	1	Hector	0				1700.0	1	1764.0	0		9	23.0	5.0	
511	910	Ramaker		1	4	Pieter Willem	0				1700.0	0	1778.0	0		9			
512	1126	Bourboom		1	4	Petrus	0					0	1780.0	0		9		11.0	
513	1127	Wigeri		1	4	Elias	0					0	1791.0	0		9		4.0	
514	52	Alphen	van	1	4	Frans Woutersz.	0				1489.0	1	1539.0	0		9	18.0	1.0	
515	293	Aylva	van	3	1	Cornelis	1		Waardenburg	Neerijnen	1684.0	0	1745.0	0	"Heerlijkheden: bezit 1701-1707 en 1743-1745.
Overig: was grietman van Wonseradeel 1701-1745."	9	23.0	11.0	
516	280	Amama	van	1	1	Jan	0					0		0	Persoonsgegevens: in M. De Haan Hettema en A. van Halmael, Stamboek van den Frieschen, vroegeren en lateren, adel (Leeuwarden 1846) I, 21-22, worden twee personen met deze naam vermeld, zonder dat duidelijk is welke van de twee de hier genoemde is.	9			
517	229	Brantsma		1	4	Petrus	0				1751.0	0	1788.0	0	Persoonsgegevens: overlijden mogelijk 16 december.	9	15.0	12.0	
518	13	Martena		1	1	Hessel	0				1460.0	1	1517.0	0	Overig: was grietman van Franekeradeel 1505-1508 en van Menaldumadeel 1508-1517.	9			
519	14	Hottinga		1	1	Jarich	1					0	1500.0	0		9			
520	15	Witzleben	von	1	4	Dietrich	0					0	1531.0	0		9			
521	17	Schenk van Tautenburg		1	1	Hans	0					0	1530.0	0		9			
522	18	Hottinga		1	1	Hera	1					0	1502.0	0		9			
523	308	Aylva	van	3	1	Tjaerd	1		Waardenburg	Neerijnen	1712.0	0	1757.0	0	"Heerlijkheden: bezit 1745-1751.
Overig: was grietman van Baarderadeel 1734-1747 en Wonseradeel 1747-1757."	9	11.0	9.0	
524	20	Valck		1	1	Pieter	0					0	1507.0	0	Persoonsgegevens: het jaar van overlijden is onzeker; zou in 1513 nog pensioen hebben ontvangen.	9			
525	21	Sybrants		1	4	Ulfert	0					0	1536.0	0		9			
526	22	Bünau	von	1	1	Günther	0					0	1539.0	0		9			
527	23	Waldburg	von	1	1	Wilhelm Truchsess	0				1469.0	0	1557.0	0		9	17.0	3.0	
528	532	Aylva	van	1	1	Hobbe Esaias	1		Ameland		1645.0	0	1692.0	0	Overig: was grietman van Oostdongeradeel 1675-1692.	9	7.0	5.0	
529	25	Cuppener		1	4	Christof	0				1466.0	1	1511.0	0		9			
530	746	Aylva	van	1	1	Tjaert	1					0	1628.0	0	Overig: was grietman van Dantumadeel 1601-1628.	9	23.0	2.0	
531	28	König		1	4	Kilian	0				1470.0	1	1526.0	0		9	26.0	1.0	
532	29	Lüttichau	von	1	1	Seifard	0					0	1524.0	0		9			
533	30	Minnema		1	1	Frans	0					0	1511.0	0		9	25.0	12.0	
534	33	Pflug		1	4	Sigmund	0					0	1510.0	0		9			
535	35	Bobentzen		1	4	Bertholdus	0					0		0	Persoonsgegevens: werd kort na 1510 terechtgesteld.	9			
536	39	Juwinga		1	1	Goslik	0				1476.0	1	1538.0	0		9	20.0	4.0	
537	40	Martena		1	4	Kempo	0				1487.0	1	1538.0	0		9	8.0	5.0	
538	43	Herema		1	1	Gerrold	0					0	1538.0	0		9			
539	46	Baexen	van	1	4	Gijsbert	0					0	1549.0	0		9	8.0	10.0	
540	47	Elgersma		1	4	Tjaerd	0					0	1537.0	0		9	16.0	5.0	
541	48	Phirt	van	1	1	Symon	0					0		0		9			
542	50	Wilterstorff	van	1	1	Nyclaes	0					0		0		9			
543	51	Botnia	van	1	1	Juw	1					0	1538.0	0	Overig: was grietman van Ferwerderadeel 1517-1520.	9	14.0	5.0	
544	53	Waele	de	1	4	Frans	0					0	1538.0	0		9			
545	54	Dekema		1	4	Jarich	0				1495.0	1	1553.0	0	Persoonsgegevens: het geboortejaar is onzeker.	9	23.0	4.0	
546	55	Tjaerda		1	4	Syds	0					0	1546.0	0	Persoonsgegevens: geboren na 1492.	9	13.0	12.0	
547	56	Aylva	van	1	1	Sijtze	1				1481.0	0	1548.0	0		9	7.0	9.0	
548	59	Bertolf		1	4	Gregorius	0				1484.0	1	1528.0	0		9	27.0	2.0	
549	60	Nitzen	van der	1	4	Karel	0					0	1569.0	0		9	23.0	12.0	
550	61	Tetama		1	4	Dominicus	0					0	1528.0	0		9	12.0	10.0	
551	63	Stavele	van	1	4	Jacob	0					0	1541.0	0		9	4.0	4.0	
552	64	Loo	van	1	1	Gerrit	1				1495.0	1	1562.0	0		9	28.0	12.0	
553	66	Sagarus		1	4	Willem	0					0	1538.0	0		9	2.0	12.0	
554	67	Aerntsma		1	4	Albertus Gisberti	0					0	1541.0	0		9	31.0	5.0	
555	69	Hattum	van	1	4	Ludolph	0					0	1554.0	0		9			
556	72	Dekema	van	1	4	Pieter	0				1513.0	1	1568.0	0		9	17.0	8.0	
557	73	Geel	van	1	4	Alexius	0					0	1559.0	0		9			
558	74	Dekema	van	1	4	Sicke	0					0	1558.0	0		9	2.0	1.0	
559	75	Ockinga	van	1	1	Watze	1					0	1574.0	0	Overig: was grietman van Menaldumadeel 1540-1542.	9	31.0	12.0	
560	77	Jonge	de	1	4	Adriaen	0					0	1548.0	0		9	3.0	12.0	
561	78	Rommarts		1	4	Johan	0					0	1558.0	0		9	15.0	1.0	
562	79	Vastaerts		1	4	Adriaen	0				1518.0	1	1589.0	1		9			
563	82	Albada	van	1	4	Aggaeus	0				1525.0	1	1587.0	0		9		5.0	
564	83	Delvaille		1	4	Anthonis Lopes	0					0	1584.0	0		9			
565	85	Eysinga	van	1	4	Tjalling	1					0	1569.0	0		9			
566	86	Lindanus		1	4	Wilhelmus	0				1525.0	0	1588.0	0		9			
567	87	Sickinga		1	4	Idzert	0					0	1575.0	0		9	6.0	8.0	
568	88	Gratigna	van	1	4	Rienck	0				1529.0	0	1563.0	0		9	15.0	6.0	
569	89	Meylama		1	4	Bernardus	0					0	1565.0	0		9			
570	90	Jonge	de	1	4	Bartholomeus	0					0	1560.0	0		9	25.0	4.0	
571	91	Achelen	van	1	4	Ingram	0				1534.0	0	1604.0	0		9	28.0	9.0	
572	92	Wommels		1	1	Hayo Hoytez	0					0	1571.0	0		9	15.0	6.0	
573	94	Rommarts		1	4	Focco	0					0	1595.0	1	Persoonsgegevens: het jaar van overlijden is mogelijk 1596.	9			
574	97	Hania	van	1	4	Hieronimus	0				1534.0	1	1576.0	0		9			
575	98	Aytta	van	1	4	Hector	1				1546.0	0	1576.0	0		9	29.0	9.0	
576	101	Dimmer		1	4	Jan	0				1520.0	1	1585.0	0		9			
577	102	Aytta	van	1	4	Wybrant	1				1548.0	0	1603.0	0		9	19.0	5.0	
578	103	Eysinga	van	1	4	Frans	1				1530.0	1	1603.0	0		9	16.0	5.0	
579	104	Versteveren		1	4	Jan	0				1520.0	1	1580.0	0		9			
580	105	Rhaela		1	4	Fecke	0					0	1581.0	0		9	5.0	12.0	
581	108	Gramaye		1	1	Jacob	0					0		0		9			
582	109	Aernstma		1	4	Gijsbert	0				1526.0	0	1596.0	1		9			
583	111	Aysma		1	4	Hessel	1				1527.0	1	1592.0	0	Persoonsgegevens: geboortejaar mogelijk 1528.	9	1.0	8.0	
584	112	Idzaerda		1	4	Baerthe	0				1527.0	1	1603.0	0	Persoonsgegevens: het geboortejaar is mogelijk 1528.	9	14.0	5.0	
585	114	Holdinga	van	1	1	Wilcko	0				1537.0	1	1595.0	0		9	16.0	12.0	
586	118	Lyckles		1	4	Meyne	0				1520.0	1	1608.0	0		9	14.0	12.0	
587	119	Juckema	van	1	1	Lieuwe	0				1550.0	1	1614.0	1		9			
588	120	Wyaerda		1	4	Doecke	0				1540.0	1	1600.0	1		9			
589	122	Ulenburgh		1	4	Rombertus	0				1554.0	1	1624.0	0		9	3.0	6.0	
590	123	Hillema		1	4	Gellius	0				1563.0	0	1626.0	0		9	2.0	1.0	
591	126	Lycklama (à Nijeholt)		1	4	Laelius	0				1570.0	1	1625.0	1	"Persoonsgegevens: het jaar van overlijden (en daarmee het eindjaar als grietman) is mogelijk 1626.
Overig: was grietman van Hemelumer Oldeferd 1625."	9			
592	127	Beyma	van	1	4	Julius	0				1539.0	1	1598.0	0		9	15.0	6.0	
593	128	Runia		1	4	Petrus	0				1566.0	0	1615.0	0		9	24.0	8.0	
594	129	Saeckma		1	4	Johannes	0				1572.0	0	1636.0	0	Persoonsgegevens: Haagsma geeft afwijkend jaar van overlijden 1637.	9	22.0	12.0	
595	130	Roussel	van	1	1	Hayo jr.	0				1564.0	0	1615.0	1		9			
596	131	Sande	van den	1	4	Johan	0				1568.0	0	1638.0	0		9	17.0	11.0	
597	132	Eysinga	van	1	4	Aede	1				1560.0	0	1619.0	0	"Overig: was volgens Vries gedeputeerde ter Staten-Generaal in 1596, maar dit wordt door andere bronnen niet bevestigd.
Het is niet geheel zeker dat de zitting in Gedeputeerde Staten van Friesland bij deze persoon hoort; De Haan Hettema noemt een gelijknamige tijdgenoot, over wie verder niets bekend is."	9	2.0	6.0	
598	135	Jongestal	van	1	4	Gellius	0				1577.0	0	1641.0	0		9	31.0	10.0	
599	136	Donia	(Harinxma) van	1	1	Kempo	0				1554.0	0	1622.0	0	Overig: was grietman van Leeuwarderadeel 1594-1616.	9	3.0	11.0	
600	137	Andreae	van	1	4	Joachim	1				1586.0	0	1655.0	0		9	11.0	5.0	
601	140	Vierssen	van	1	4	Matthias	0				1591.0	0	1658.0	0		9	4.0	7.0	
602	141	Bouricius	van	1	4	Hector	0				1592.0	1	1636.0	0		9	3.0	1.0	
603	142	Kinnema		1	4	Cornelis	0				1587.0	0	1644.0	0		9	9.0	8.0	
604	143	Harinxma	van	1	1	Homme	1				1607.0	0	1663.0	0		9			
605	145	Scheltinga	van	1	4	Johannes	0				1590.0	1	1654.0	0		9	15.0	12.0	
606	146	Jongestal	van	1	4	Allart Pieter	0				1612.0	0	1676.0	0	Persoonsgegevens: aanvankelijk Pieter genaamd. Ontving na adoptie door zijn oom Gellius van Jongstal in circa 1636 de voornamen Allart Pieter.	9	9.0	11.0	
607	147	Pruissen	van	1	4	Sebastiaen	0				1580.0	1	1640.0	0		9	5.0	10.0	
608	148	Saeckma		1	4	Dirck	0				1610.0	0	1666.0	0	Overig: was secretaris van Leeuwarden.	9	28.0	1.0	
609	149	Aylva	van	1	1	Epo	1				1612.0	0	1645.0	0	Overig: was grietman van 't Bildt 1632-1639 en Baarderadeel 1639-1640.	9	24.0	6.0	
610	150	Buttinga		1	4	Cornelis	0				1603.0	0	1645.0	0		9			
611	151	Harinxma thoe Slooten	van	1	1	Pieter	1				1610.0	0	1669.0	0		9	30.0	7.0	
612	152	Grovestins	van	1	1	Hector	1				1606.0	0	1643.0	0		9	30.0	12.0	
613	153	Doyem	van	1	1	Orck	0				1609.0	1	1647.0	0		9	8.0	11.0	
614	155	Gualtheri		1	4	Gualtherus	0				1592.0	0	1652.0	1	Persoonsgegevens: het jaar van overlijden is onzeker.	9			
615	156	Glinstra	van	1	4	Johannes	0				1614.0	0	1678.0	0		9	10.0	10.0	
616	157	Jepema		1	4	Hartesius	0				1611.0	0	1666.0	0		9	24.0	3.0	
617	158	Andreae	van	1	1	Henning Georg	1				1610.0	0	1656.0	0		9		10.0	
618	160	Nijs		1	1	Petrus	0				1617.0	0	1660.0	0		9	24.0	9.0	
619	161	Sminia	van	1	4	Jetze	0				1625.0	0	1678.0	0	Overig: was grietman van Gaasterland 1669-1678.	9	16.0	12.0	
620	162	Scheltinga	van	1	4	Dirck	0				1621.0	0	1671.0	0		9	22.0	12.0	
621	163	Vierssen	van	1	4	Willem	0				1621.0	0	1678.0	0	Persoonsgegevens: Wapenheraut geeft geboortejaar 1619, Vries 1621.	9	12.0	1.0	
622	164	Bouricius	van	1	4	Johannes	0				1623.0	1	1671.0	0	Overig: was volgens Vries ook lid van de Generaliteits-Rekenkamer. Daarvoor zijn elders echter geen bewijzen gevonden.	9	9.0	1.0	
623	165	Knijff		1	4	Horatius	0				1628.0	0	1679.0	0		9	12.0	1.0	
624	166	Grovestins	van	1	1	Assuerus	1				1632.0	1	1699.0	0		9	13.0	11.0	
625	168	Ockinga	van	1	1	Jarich	1				1644.0	0	1714.0	0		9	7.0	11.0	
626	169	Doma	van	1	4	Pibo	0				1614.0	0	1675.0	0		9	12.0	2.0	
627	170	Rhala	(van)	1	4	Johannes	0				1630.0	0	1686.0	0		9	16.0	6.0	
628	171	Adius		1	4	Gerhardus	0				1627.0	0	1676.0	0		9	11.0	11.0	
629	172	Doys		1	1	Gerlich	1				1626.0	0	1685.0	0		9	21.0	2.0	
630	173	Humalda	van	1	1	Philippus	1				1616.0	1	1672.0	0		9	21.0	2.0	
631	174	Sirtema van Grovestins		1	1	Binnert Heringa	1				1641.0	0	1696.0	0	"Persoonsgegevens: Baerdt geeft afwijkende overlijdensdatum 24 oktober in plaats van 24 november.
Overig: was blijkens Vries ook gedeputeerde ter Staten-Generaal van 1680-1683 en 1689-1692. In beide gevallen lijkt echter sprake van verwarring met zijn zitting in Gedeputeerde Staten in dezelfde perioden.
Was grietman van Ferwerderadeel 1679-1696."	9	24.0	11.0	
632	175	Burum	van	1	4	Franciscus	0				1641.0	0	1710.0	0	Persoonsgegevens: Raad van State 450 jaar geeft afwijkend geboortejaar 1640 en afwijkende overlijdensdatum 19 in plaats van 5 februari.	9	5.0	2.0	
633	176	Vierssen	van	1	4	Gijsbert	0				1638.0	0	1698.0	0	Overig: De Haan Hettema meent dat hij in 1667 secretaris van de Staten van Friesland werd, maar daarvoor is elders geen bewijs aangetroffen. Vermoedelijk is sprake van verwarring met het ambt van secretaris van Gedeputeerde Staten.	9	10.0	6.0	
634	177	Sixma	van	1	1	Agge	1				1636.0	0	1699.0	0	Overig: was grietman van Barradeel 1684-1689.	9	26.0	6.0	
635	178	Blau	de	1	4	Quirijn	0				1645.0	0	1692.0	0		9	6.0	5.0	
636	179	Scheltinga	van	1	4	Martinus	0				1656.0	0	1726.0	0	"Overig: bekleedde mogelijk ook de functies van gedeputeerde ter Staten-Generaal 1715-1716, gecommitteerde in de Generaliteits-Rekenkamer 1716-1718 en gecommitteerde in de Admiraliteit in Friesland vanaf 1718, die nu bij zijn naamgenoot zijn geplaatst (1666-1742, elders in deze database).
Was grietman van Engwirden 1715-1721."	9	21.0	1.0	
637	180	Idsinga	van	1	4	Harmannus	0				1638.0	0	1698.0	0		9	3.0	11.0	
638	181	Huber		1	4	Ulricus	0				1636.0	0	1694.0	0		9	8.0	11.0	
639	182	Sminia	Baerdt van	1	1	Hobbe	0				1655.0	0	1721.0	0		9	21.0	10.0	
640	183	Jorritsma		1	4	Franciscus	0				1644.0	0	1716.0	0		9	5.0	5.0	
641	184	Vierssen	van	1	4	Matthias	0				1660.0	0	1699.0	0		9	7.0	8.0	
642	186	Bouricius	van	1	1	Hector	0				1660.0	1	1705.0	0		9	5.0	9.0	
643	187	Vierssen	van	1	4	Cornelis	0				1668.0	0	1694.0	0		9	6.0	9.0	
644	188	Hamerster		1	4	Aggaeus	0				1662.0	0	1717.0	0		9	18.0	7.0	
645	189	Haersma	van	1	4	Hector Livius	0				1673.0	0	1720.0	0		9	10.0	4.0	
646	190	Knock		1	4	Barold	0				1664.0	0	1722.0	0		9			
647	191	Knijff	van	1	1	Goslick	0				1666.0	0	1712.0	0		9	1.0	12.0	
648	192	Burmania	Aylva van	1	1	Ulbe	1				1680.0	0	1762.0	0	Overig: was grietman van Leeuwarderadeel 1702-1721.	9	12.0	8.0	
649	193	Sixma van Andla		1	1	Ulbe	1				1673.0	0	1760.0	0		9	17.0	3.0	
650	194	Gemmenich thoe Kingma	van	1	4	Zachaeus	0				1654.0	0	1720.0	0		9	20.0	5.0	
651	195	Kempenaer	de	1	4	Dancker	0				1668.0	0	1746.0	0	Persoonsgegevens: Raad van State 450 jaar geeft afwijkende overlijdensdatum 25 juni in plaats van 25 juli.	9	25.0	7.0	
652	196	Burmania	van	1	1	Sjuck	1				1666.0	0	1726.0	0		9	21.0	5.0	Persoonsgegevens: overlijden mogelijk 22 mei.
653	197	Lycklama à Nijeholt		1	4	Pierius	0				1681.0	0	1720.0	0		9	14.0	9.0	
654	198	Schultens		1	4	Johan Hendrik	0				1683.0	0	1730.0	0		9	16.0	8.0	
655	199	Scheltinga	van	1	4	Gajus	0				1682.0	0	1730.0	0	Overig: was grietman van Kollumerland 1725-1730.	9	19.0	1.0	
656	200	Aylva	van	1	1	Hans Willem	1				1694.0	0	1733.0	0	Overig: was grietman van Baarderadeel vanaf 1722.	9		12.0	
657	201	Hamerster		1	4	Dominicus	0				1689.0	0	1774.0	0		9	11.0	5.0	
658	202	Huber		1	4	Zacharias	0				1669.0	0	1732.0	0		9	21.0	10.0	
659	203	Haersma	van	1	1	Arent Aulus	0				1702.0	0	1737.0	0		9	16.0	6.0	
660	204	Knock		1	4	Bernhardus Hermannus	0				1695.0	0	1780.0	0		9	9.0	1.0	
661	205	Vierssen	van	1	4	Willem	0				1692.0	1	1782.0	0	Persoonsgegevens: De Haan Hettema en Wapenheraut geven geboortedatum 31 december 1691, Vries 31 december 1692.	9	18.0	6.0	
662	207	Boelens	van	1	4	Ayso	0				1694.0	0	1782.0	0		9	16.0	6.0	
663	209	Sloterdijck	van	1	4	Titus	0				1677.0	0	1744.0	0		9	28.0	4.0	
664	210	Vierssen	van	1	4	Philippus	0				1672.0	0	1752.0	0		9	30.0	3.0	
665	211	Lycklama à Nijeholt		1	1	Tinco	0				1696.0	0	1762.0	0	Overig: was grietman van Utingeradeel 1757-1762.	9	22.0	3.0	
666	212	Wielinga		1	4	Epeus	0				1702.0	0	1773.0	0		9	4.0	10.0	
667	213	Kempenaer	de	1	1	Jan	0				1711.0	0	1789.0	0		9	12.0	1.0	
668	214	Burmania	van	1	1	Laas	1				1709.0	0	1784.0	0		9	25.0	12.0	
669	215	Burmania	van	1	1	Eduard Marius	1				1700.0	0	1789.0	0		9	19.0	7.0	
670	216	Burmania	van	1	1	Edzard Hobbe	1				1698.0	0	1772.0	0		9	24.0	7.0	
671	218	Haersma	van	1	4	Johan Lodewijk Doys	0				1723.0	0		0	Persoonsgegevens: overleden na 1788.	9			
672	219	Wijckel	van	1	4	Johan	0				1731.0	0	1781.0	0		9	7.0	1.0	
673	220	Acronius	van	1	4	Isaäc	0				1712.0	0	1771.0	0		9	20.0	7.0	
674	221	Blau	de	1	4	Quirijn	0				1726.0	0	1780.0	0		9	16.0	12.0	
675	1166	Buttinga		1	1	Pieter	0				1608.0	0	1670.0	0		9	2.0	10.0	
676	223	Sminia	van	1	1	Arent Johannes	0				1737.0	0	1820.0	0		9	9.0	3.0	
677	224	Hamerster		1	4	Hermannus Ulricus	0				1720.0	0	1779.0	0		9	14.0	11.0	
678	225	Binckes		1	4	Simon	0				1732.0	0	1786.0	0		9	13.0	10.0	
679	226	Idsinga	van	1	4	Johan	0				1736.0	0	1814.0	0		9	22.0	3.0	
680	230	Huber		1	4	Hermannus Ulricus	0				1737.0	0	1797.0	0		9	9.0	6.0	
681	232	Haren	Andreae van	1	4	Jan Poppe	1				1755.0	0	1818.0	0		9	14.0	3.0	
682	234	Sloterdijck	van	1	4	Matthijs Arnold	0				1710.0	0	1792.0	0		9	3.0	2.0	
683	237	Cocq		1	4	Simon	0				1754.0	0		0	Persoonsgegevens: overleden na 1811.	9			
684	243	Bullant		1	1	Philippus	0					0		0		9			
685	244	Bauwetten	van der	1	1	Simon	0					0	1541.0	0		9			
686	245	Boeymer	van	1	1	Arent	0					0	1548.0	0		9			
687	246	Duvenee	van	1	4	Govert	0					0	1557.0	0		9			
688	247	Eemskerck	van	1	1	Pieter	0					0		0		9			
689	250	Jeltinga	van	1	1	Buwe	1				1557.0	0	1615.0	0		9	22.0	3.0	
690	255	Glinstra	van	1	4	Epeus	0				1606.0	0	1677.0	0		9			
691	258	Sloterdijck	van	1	4	Frederick	0				1681.0	0	1767.0	0	Vroedschap: Nederland's Patriciaat geeft 1730-1743.	9	19.0	11.0	
692	259	Sloterdijck		1	1	Harmannus	0				1709.0	0	1779.0	0	Vroedschap: Nederland's Patriciaat geeft aanvang 1764.	9	6.0	12.0	
693	263	Glinstra	van	1	4	Vincentius	0				1735.0	0	1780.0	0	"Persoonsgegevens: De Haan Hettema geeft afwijkend geboortejaar 1734.
Overig: was grietman van Oost-Stellingwerf 1773-1780."	9	3.0	8.0	
694	265	Haer	van der	1	4	Henricus	0				1751.0	0	1811.0	0		9	29.0	7.0	
695	267	Geele	van	1	4	Julius	0					0	1567.0	0		9	1.0	7.0	
696	270	Adius		1	1	Isaak Martyn	0				1666.0	0	1719.0	0		9	12.0	6.0	
697	271	Adius		1	4	Jacobus	0				1622.0	0	1692.0	0		9	2.0	10.0	
698	279	Altena van Bergum	van	1	1	Henricus Wiardus	0				1709.0	1	1771.0	0	Overig: was grietman van Tietjerksteradeel 1752-1772.	9	13.0	12.0	
699	286	Andringa	van	1	1	Lubbert	0				1656.0	0	1682.0	0	Overig: was grietman van Utingeradeel 1670-1682.	9	18.0	12.0	
700	287	Andringa	van	1	1	Regnerus	0				1612.0	0	1671.0	0	Overig: was grietman van Utingeradeel 1640-1669. Vries geeft eindjaar 1670, maar blijkens de lijst van Engels van Gedeputeerde Staten van Friesland (zie de institutionele toelichting bij dat college) wordt hij al in 1669 opgevolgd door Frederik van Sminia.	9	10.0	5.0	
701	288	Andringa	van	1	1	Regnerus	0				1674.0	0	1754.0	0	"Overig: de lijst van gedeputeerden ter Staten-Generaal voor Friesland door Engels (zie institutionele toelichting bij dat college) geeft in 1737 de benoeming van Andringa in de Staten-Generaal voor Zevenwolden voor twee jaar. De lijst geeft voor hetzelfde jaar de benoeming van Philip Frederick Vegelin van Claerbergen voor twee jaar. De zitting van twee ordinaris-gedeputeerden in deze periode voor Zevenwolden is niet mogelijk (de vijfde ordinaris plaats voor Friesland werd op dat moment bezet door het kwartier der Steden). Omdat Vegelin van Claerbergen, in tegenstelling tot Andringa, in de genoemde lijst ook in 1738 als gedeputeerde wordt opgevoerd, én omdat Andringa van 1737-1739 in de Admiraliteit te Amsterdam was gecommitteerd, is aangenomen dat Andringa het ambt op Vegelin van Claerbergen heeft getransporteerd. 
Was grietman van Lemsterland 1692-1741."	9	25.0	8.0	
702	289	Andringa	van	1	1	Tinco	0				1643.0	0	1689.0	0	"Persoonsgegevens: De Haan Hettema en Raad van State 450 jaar geven afwijkende overlijdensdatum 17 in plaats van 29 juli.
Overig: was grietman van Lemsterland 1666-1689."	9	29.0	7.0	
703	291	Arnoldi		1	4	Nicolaus	0				1696.0	0	1777.0	0	Persoonsgegevens: Gabriëls en Vries geven geboortejaar 1695.	9	7.0	8.0	
704	296	Aylva	van	1	1	Douwe Feie	1				1675.0	0	1725.0	0	"Overig: De Haan Hettema en De Nederlandsche Leeuw vermelden zitting in Admiraliteit op de Maze, maar daarvoor werd elders geen bewijs gevonden.
Was grietman van Kollumerland 1712-1725."	9	10.0	6.0	
705	297	Aylva	van	1	1	Epe	1				1650.0	0	1720.0	0	Overig: was grietman van Kollumerland 1667-1712. In 1681 tijdelijk geschorst wegens een aanvaring met de Staten van Friesland.	9	6.0	9.0	
706	299	Aylva	van	1	1	Ernst	1				1659.0	0	1714.0	0	"Buitenlandse adelstitel: baron H.R.R. vanaf 1 april 1696.
Overig: was grietman van Westdongeradeel 1678-1712."	9	14.0	2.0	
707	302	Aylva	van	1	1	Hobbe	1				1582.0	0	1645.0	0	Overig: was grietman van Baarderadeel 1610-1639.	9	14.0	6.0	
708	306	Aylva	van	1	1	Tjaert	1				1647.0	0	1715.0	0	"Overig: de functie van gecommitteerde in de Generaliteits-Rekenkamer werd mogelijk niet door hem, maar door een naam- en tijdgenoot vervuld (1644-1705, elders in deze database). De hier genoemde persoon was mogelijk ook gecommitteerde in de admiraliteit van Friesland in 1672 en 1695, functies die bij de vermelde naamgenoot zijn opgenomen.
Was grietman van Dantumadeel 1666-1713."	9	23.0	3.0	
709	309	Aylva	van	1	1	Ulbe	1				1617.0	0	1652.0	0	Overig: was grietman van Baarderadeel 1640-1647 en Wonseradeel 1647-1652.	9			
710	311	Aylva	van	1	1	Ulbe	1				1551.0	0	1617.0	0	"Persoonsgegevens: De Haan Hettema geeft overlijdensdatum 26, De Nederlandsche Leeuw 23 augustus 1617.
Overig: was grietman van Baarderadeel 1582-1610."	9	23.0	8.0	
711	312	Aysma	van	1	1	Albert	1				1577.0	0	1648.0	0		9	2.0	6.0	
712	317	Baerdt	van	1	1	Egbert Hobbesz.	0				1627.0	0	1669.0	0	Overig: was grietman van Haskerland 1650-1669.	9	7.0	11.0	
713	321	Bergsma		1	4	Johannes Kasparus	0				1746.0	0	1793.0	0	Overig: was grietman van Franekeradeel 1785 of 1786-1793.	9	25.0	6.0	
714	323	Bergsma		1	1	Wilhelmus	0				1706.0	0	1774.0	0		9	22.0	6.0	
715	1179	Eysinga	van	1	1	Aede	0				1596.0	0		0	Persoonsgegevens: De Haan Hettema geeft als opmerking dat hij jong is overleden. Toch is het aannemelijk dat dit de persoon was die in 1637 gedeputeerde ter Staten-Generaal was, aangezien hij in de resolutie van de Staten-Generaal van 20 mei 1637 wordt aangeduid als 'Ade van Eijsinga tot Marssum' en zijn bij De Haan Hettema op p. 99 vermelde vader sterft te 'Marsum'.	9			
716	333	Botnia	van	1	1	Syds	1				1548.0	0	1615.0	0	Overig: was grietman van Wymbritseradeel 1578-1615.	9			
717	337	Bouricius	van	1	1	Jacobus	0				1679.0	0	1714.0	0	Overig: was grietman van Engwirden 1697-1714.	9	5.0	11.0	
718	339	Bouricius	van	1	1	Martinus	0				1708.0	1	1755.0	0	Overig: was grietman van Engwirden 1721-1755.	9	1.0	7.0	
719	340	Broersma	Botnia van	1	1	Gajus	0				1626.0	0	1678.0	0		9	5.0	12.0	
720	347	Burmania	Martena van	1	1	Duco Gerrolt	1		Camminghaburg		1687.0	0	1746.0	0	"Persoonsgegevens: Baerdt geeft afwijkende overlijdensdatum 4 maart 1747 in plaats van 4 september 1746.
Overig: was grietman van Wymbritseradeel 1716-1746."	9	4.0	9.0	
721	348	Burmania	van	1	1	Edzard	1				1655.0	0	1708.0	0	Overig: was grietman van Rauwerderhem 1696-1701 en van Ferwerderadeel 1701-1708.	9	4.0	12.0	
722	350	Burmania	van	1	1	Georg Ulbo	1				1715.0	0	1777.0	0	Overig: was grietman van Menaldumadeel 1739-1766.	9	17.0	1.0	
723	354	Burmania	van	1	1	Laes	1				1638.0	0	1691.0	0	Overig: was grietman van Idaarderadeel 1670-1673 en van Leeuwarderadeel 1673-1688.	9	3.0	12.0	
724	355	Burmania	Juckema van	1	1	Sjuck Gerrolt	1		Camminghaburg	Oosterbroek	1652.0	0	1720.0	0	Overig: was grietman van Wymbritseradeel 1671-1716.	9	4.0	12.0	
725	356	Burmania	van	1	1	Taco	1				1654.0	1	1705.0	0	Overig: was grietman van Doniawerstal 1688-1705.	9	3.0	4.0	
726	362	Burum	van	1	1	Alle Jansz.	0				1599.0	0	1668.0	0		9	11.0	5.0	
727	366	Camstra	van	1	1	Tjalling Homme	1				1665.0	1	1727.0	0	Overig: was grietman van Idaarderadeel 1695-1727.	9	9.0	10.0	
728	374	Crack		1	1	Johannes	0				1600.0	1	1652.0	0	Overig: was grietman van Engwirden 1636-1652.	9	26.0	4.0	
729	376	Dekema	van	1	3	Sicke	0				1548.0	0	1625.0	0		9			
730	380	Donia	van	1	1	Frans	0		Hinnema		1580.0	0	1651.0	0		9	25.0	2.0	
731	386	Doys	van	1	1	Gerlich Willem	1				1700.0	1	1774.0	0		9	30.0	1.0	
732	390	Eppinga		1	3	Jacobus	0				1669.0	1	1734.0	0	Persoonsgegevens: mogelijk promotie in de rechten, dus 'mr.'.	9			
733	393	Eysinga	Heringa van	1	1	Frans Julius Idzert Johan	1				1755.0	1	1806.0	0	Overig: was grietman van Rauwerderhem 1768-1795.	9	11.0	7.0	
734	395	Eysinga	Heringa van	1	1	Frans Julius Johan	1				1683.0	1	1730.0	0	Overig: was grietman van Rauwerderhem 1714-1729.	9	17.0	2.0	
735	396	Eysinga	van	1	1	Pieter	1				1565.0	0	1645.0	0	"Persoonsgegevens: Nieuw Nederlandsch Biografisch Woordenboek geeft afwijkend geboortejaar 1564.
Overig: was grietman van Rauwerderhem 1602-1635."	9	16.0	1.0	
736	397	Eysinga	Roorda van	1	1	Schelto Hessel	1				1722.0	0	1790.0	0	Overig: was grietman van Haskerland 1750-1790.	9	8.0	7.0	
737	399	Eysinga	Heringa van	1	1	Tjalling Aedo Johan	1				1721.0	1	1768.0	0	Overig: was grietman van Rauwerderhem 1729-1768.	9	5.0	7.0	
738	404	Fockens		1	1	Martinus	0				1632.0	0	1692.0	0	Overig: was grietman van Opsterland 1650-1692.	9			
739	412	Frieswijk		1	1	Edo	0				1648.0	0	1720.0	0		9	7.0	8.0	
740	413	Galama	van	1	1	Seerp	1				1528.0	0	1581.0	0	Overig: was grietman van Baarderadeel 1577-1581.	9	22.0	1.0	
741	417	Glinstra	van	1	4	Eelco	0				1608.0	0	1667.0	0		9	22.0	9.0	
742	418	Glinstra	van	1	1	Hector Epeusz.	0				1647.0	0	1705.0	0	"Persoonsgegevens: De Haan Hettema noemt een gelijknamige neef. Hoewel deze, op grond van de mededeling 'kolonel te paard' een militaire carrière lijkt te hebben gevolgd, kan niet worden uitgesloten dat hij, en niet Hector Epeusz., de functie van gecommitteerde in de Provinciale Rekenkamer van Friesland in 1668 heeft bekleed.
Overig: was grietman van Tietjerksteradeel 1686-1697."	9	19.0	8.0	
743	419	Glinstra	van	1	1	Hector Willem	0				1688.0	0	1751.0	0	Overig: was grietman van Tietjerksteradeel 1714-1751.	9	6.0	10.0	
744	420	Glinstra	van	1	1	Johannes	0				1683.0	0	1714.0	0	Overig: was grietman van Tietjerksteradeel 1706-1714.	9	26.0	1.0	
745	421	Glinstra	van	1	1	Watze	0				1647.0	0	1727.0	0	Overig: was grietman van Gaasterland 1679-1683.	9	2.0	3.0	
746	422	Glinstra	van	1	1	Valerius	0					0		0	"Persoonsgegevens: wordt genoemd in M. de Haan Hettema en A. van Halmael, Stamboek van den Frieschen, vroegeren en lateren, adel (Leeuwarden 1846) I, 258 en II, 175, maar zonder leefjaren.
Overig: de lijst van Engels (zie de institutionele toelichting bij Gedeputeerde Staten van Friesland) plaatst ook de zittingen in dat college in 1673-1677 en 1711-1713 bij hem; maar dat is onjuist (vergelijk de handtekeningen in Tresoar, archief Staten van Friesland, inv. nr. 2614 eedboek, f. 16v en 19v.)"	9			
747	424	Goslinga	van	1	1	Sicco	1				1664.0	0	1731.0	0	"Overig: was grietman van Franekeradeel 1688-1731.
Was blijkens de lijst van Engels ook gedeputeerde ter Staten-Generaal (zie de institutionele toelichting bij dat college) in 1689-1690, maar dat moet, gezien zijn gelijktijdige lidmaatschap van de Raad van State, een extraordinaris deputatie hebben betroffen."	9	20.0	9.0	
748	432	Haer	van der	1	4	Johan Willem	0				1722.0	0	1764.0	0	Overig: was grietman van Hemelumer Oldeferd 1745-1764.	9	25.0	6.0	
749	434	Haersma	van	1	1	Arent	0				1645.0	0	1709.0	0	Overig: was grietman van Smallingerland 1660-1694.	9	21.0	8.0	
750	435	Haersma	van	1	1	Arent	0				1700.0	0	1723.0	0	"Overig: mogelijk was hij ook nog gecommitteerde in de Generaliteits-Rekenkamer 1719-1722, in plaats van zijn naam- en tijdgenoot (1695-1740, elders in deze database).
Was grietman van Smallingerland 1715-1723."	9	3.0	5.0	
751	436	Haersma	van	1	1	Arent	0				1695.0	1	1740.0	0	"Overig: mogelijk was hij ook nog gecommitteerde in de Admiraliteit in Friesland vanaf 1722, in plaats van zijn naam- en tijdgenoot (1700-1723, elders in deze database).
Was grietman van Achtkarspelen 1712-1740."	9	16.0	9.0	
752	437	Haersma	van	1	1	Aulus	0				1611.0	1	1669.0	0	"Persoonsgegevens: het geboortejaar is mogelijk 1610.
Overig: was grietman van Smallingerland 1637-1660."	9	18.0	6.0	
753	438	Haersma	van	1	4	Aulus	0				1670.0	0	1717.0	0	Overig: was grietman van Smallingerland 1694-1715.	9	11.0	2.0	
754	439	Haersma	van	1	1	Aulus	0				1709.0	0	1763.0	0	Overig: was grietman van Achtkarspelen 1740-1763.	9	29.0	11.0	
755	440	Haersma	de Blocq van	1	1	Daniel	0				1732.0	0	1814.0	0	Overig: was grietman van Achtkarspelen 1764-1795.	9	7.0	12.0	
756	441	Haersma	van	1	1	Eelco	0				1667.0	0	1712.0	0	Overig: was grietman van Achtkarspelen 1688-1712.	9	1.0	2.0	
757	442	Haersma	van	1	4	Ericus	0				1647.0	0	1710.0	0		9	26.0	9.0	
758	443	Haersma	van	1	1	Hans Hendrik	0				1707.0	0	1757.0	0	"Persoonsgegevens: De Haan Hettema geeft afwijkend geboortejaar 1713 of 1715.
Overig: de lijst van Friese gedeputeerden ter Staten-Generaal van Engels (zie institutionele toelichting bij dat college) noemt hem in die hoedanigheid in 1746. Hij zal extraordinaris gedeputeerde zijn geweest, omdat hij in hetzelfde jaar benoemd werd in de Admiraliteit in Friesland.
Was grietman van Oostdongeradeel 1744-1757."	9	17.0	3.0	
759	445	Haersma	van	1	1	Livius	0				1702.0	0	1778.0	0	Overig: was grietman van Smallingerland 1723-1770.	9	30.0	1.0	
760	446	Haersolte tot Hoenlo	van	1	1	Arent	1				1677.0	0	1760.0	0	Overig: was grietman van Barradeel 1704-1753.	9	6.0	1.0	
761	447	Haersolte	van	1	1	Rutger	0				1701.0	0	1776.0	0	Overig: was grietman van Barradeel 1753-1776.	9	10.0	8.0	
762	451	Haren	van	1	1	Adam Ernst	1				1683.0	0	1717.0	0	Overig: was grietman van 't Bildt 1698-1717.	9	12.0	5.0	
763	452	Haren	van	1	1	Duco	1				1688.0	0	1742.0	0	Overig: was grietman van West-Stellingwerf 1711-1742.	9	30.0	11.0	
764	453	Haren	van	1	1	Ernst	1				1623.0	0	1701.0	0	Overig: was grietman van West-Stellingwerf 1673-1688.	9	15.0	8.0	
765	455	Haren	van	1	1	Willem	1				1626.0	0	1708.0	0	"Persoonsgegevens: Willem van Haren had een naamgenoot (1655-1728, elders in deze database) die gedeeltelijk in dezelfde periode  bestuurlijk actief was. Van niet alle bovenlokale functies is duidelijk door wie van de twee ze werden bekleed.
Overig: was grietman van 't Bildt 1652-1698."	9	15.0	4.0	
766	456	Haren	van	1	1	Willem	1				1655.0	0	1728.0	0	"Persoonsgegevens: Willem van Haren had een naam- en tijdgenoot (1626-1708, elders in deze database) die gedeeltelijk in dezelfde periode  bestuurlijk actief was. Van niet alle genoemde bovenlokale functies is duidelijk door wie van de twee ze werden bekleed.
Overig: was grietman van Doniawerstal 1679-1688, van West-Stellingwerf 1688-1711 en van 't Bildt 1718-1723."	9	18.0	9.0	
767	457	Haren	van	1	1	Willem	1	jonkheer			1710.0	0	1768.0	0	Overig: was grietman van 't Bildt 1723-1763.	9	4.0	7.0	
768	461	Harinxma thoe Slooten	van	1	4	Albertus	1	jonkheer			1765.0	0	1816.0	0	Adelspredicaat: 1814.	9	24.0	4.0	
769	462	Harinxma thoe Slooten	Mockema van	1	1	Ernst	1				1650.0	0	1725.0	0	"Persoonsgegevens: volgens De Haan Hettema 77 jaar bij overlijden op 14 mei 1725, dus geboren in 1647 of 1648, in tegenstelling tot de 1650 die Vries geeft.
Overig: was grietman van Baarderadeel 1669-1701."	9	14.0	5.0	
770	463	Harinxma thoe Slooten	 van	1	1	Pieter Edzart	1				1682.0	0	1708.0	0	"Overig: Raad van State 450 jaar. Repertorium ('s-Gravenhage 1983) 158 meent dat hij in 1707 gecommitteerde in dat college was. Een commissie van de Staten-Generaal is echter niet aangetroffen; de twee Friese zetels waren bovendien op dat moment door anderen bezet en Harinxma was reeds gedeputeerde ter Staten-Generaal.
Was grietman van Baarderadeel 1701-1708."	9	11.0	2.0	
771	467	Heemstra	van	1	1	Schelto	1				1665.0	0	1733.0	0		9	15.0	1.0	
772	469	Heemstra	van	1	1	Willem Hendrick	1				1696.0	0	1775.0	0	"Overig: Tresoar, stadhouderlijk archief, inv. nr. 361 geeft benoemingen door de stadhouder in de Admiraliteit van Friesland voor het kwartier der Steden in 1746 en 1748. Er werden echter geen commissiebrieven van de Staten-Generaal aangetroffen.
Was grietman van Kollumerland 1743-1775."	9	18.0	9.0	
773	473	Hemmema	van	1	1	Doecke	1				1603.0	0	1698.0	0		9	15.0	7.0	
774	474	Hemminga	van	1	1	Aysso	0				1632.0	0	1690.0	0		9			
775	477	Hiddesz.		1	1	Sybren	0					0		0		9			
776	483	Huber		1	4	Hermannus	0				1663.0	0	1730.0	0		9	21.0	11.0	
777	484	Aebinga van Humalda		1	1	Binnert Philip	0				1709.0	0	1791.0	0	Overig: was grietman van Hennaarderadeel 1767-1791.	9	14.0	10.0	
778	487	Idsinga	van	1	1	Matthijs	0				1629.0	0	1712.0	0		9	12.0	12.0	
779	488	Idsinga	van	1	4	Saecke Alefsz.	0				1628.0	1	1697.0	0		9	24.0	3.0	
780	530	Scheltinga	van	1	1	Livius	0				1632.0	0	1670.0	0	"Persoonsgegevens: De Haan Hettema geeft leeftijd bij overlijden 36 jaar, dus geboortejaar 1633 of 1634.
Overig: was grietman van Achtkarspelen 1653-1665."	9	16.0	6.0	
781	531	Jongestal	van	1	1	Gellius Wybrandus	0				1653.0	0	1688.0	0	Overig: was grietman van Hemelumer Oldeferd 1673-1688.	9	23.0	3.0	
782	536	Vierssen	van	1	1	Bruno	0				1647.0	0	1707.0	0		9	9.0	12.0	
783	537	Scheltinga	van	1	1	Martinus	0				1666.0	0	1742.0	0	"Persoonsgegevens: volgens De Haan Hettema overleden op 11 februari in plaats van 11 december.
Overig: bekleedde mogelijk ook de functie van gecommitteerde in de Admiraliteit in Friesland vanaf 1715, die bij zijn naamgenoot is geplaatst (1656-1726, elders in deze database).
Was grietman van Lemsterland 1689-1692 en van Schoterland 1692-1715."	9			
784	538	Haersolte tot Kranenburg	van	1	1	Johan	1		Kranenburg		1644.0	0	1716.0	0	Persoonsgegevens: Nieuw Nederlandsch Biografisch Woordenboek, Raad van State 450 jaar en Schutte (de laatste twee waarschijnlijk op basis van de eerste) geven 1647 als geboortejaar en oktober als maand van overlijden, in plaats van 1644 en januari van Mensema.	9	29.0	1.0	
785	539	Sminia	van	1	1	Frederick	0				1664.0	0	1751.0	0	Overig: was grietman van Utingeradeel 1689-1751.	9	28.0	6.0	
786	541	Lycklama à Nijeholt		1	1	Augustinus	0				1670.0	0	1744.0	0	Overig: was grietman van Opsterland 1693-1718.	9	22.0	6.0	
787	542	Glinstra	van	1	1	Assuerus	0				1673.0	0	1706.0	0	"Persoonsgegevens: Hoewel De Haan Hettema een jaar van overlijden 1748 geeft, wordt de voorkeur gegeven aan Baerdt, die 1706 geeft.
Overig: was grietman van Tietjerksteradeel 1697-1706."	9	3.0	3.0	
788	544	Doys		1	1	Johan Lodewijk	1				1669.0	0	1702.0	0		9	27.0	9.0	
789	545	Schuurman	van	1	4	Johan Abraham	0				1655.0	0	1731.0	0	Overig: werd benoemd tot ordinaris gedeputeerde ter Staten-Generaal voor het kwartier der Steden met ingang van 1 november 1731, maar overleed voor hij zitting kon nemen.	9	3.0	6.0	
790	547	Vegelin van Claerbergen		1	1	Philip Frederick	1				1685.0	0	1738.0	0	Overig: was grietman van Haskerland 1707-1738.	9	28.0	7.0	
791	551	Lycklama à Nijeholt		1	1	Livius Suffridus	0				1695.0	0	1773.0	0	"Persoonsgegevens: Baerdt geeft afwijkende overlijdensdatum 2 in plaats van 22 maart.
Overig: de lijst van Engels van gedeputeerden ter Staten-Generaal (zie institutionele toelichting bij dat college) geeft voor deze persoon (alleen op basis van Bruinsma) zitting als gedeputeerde ter Staten-Generaal van 1736-1740.  Als dat juist is zal het een extraordinaris deputatie hebben betroffen, omdat hij van 1737-1743 zitting had in Gedeputeerde Staten van Friesland.
Was grietman van Opsterland 1718 (volgens De Haan Hettema 1710)-1773."	9	22.0	3.0	
792	552	Waeyen	van der	1	4	Jacob	0				1666.0	0	1743.0	0	"Overig: Raad van State 450 jaar vermeldt een deputatie ter Staten-Generaal in 1713. Als het juist is, betrof het waarschijnlijk een extraordinaris deputatie, omdat Van der Waeyens overige functies in deze periode weinig ruimte laten, en omdat de vijf zetels van de Friese ordinaris deputatie al bezet waren door anderen. De lijst van Friese gedeputeerden ter Staten-Generaal van Engels (zie institutionele toelichting) geeft, op basis van Bruinsma, zitting in de jaren 1738-1740. Ook hier zal het een extraordinaris deputatie betreffen, omdat Van der Waeyen in deze periode zitting had in de Provinciale Rekenkamer van Friesland.
Was grietman van Hemelumer Oldeferd 1688-1743."	9	10.0	1.0	
793	553	Rengers		1	1	Albertus Aemilius Lamoraal	1				1690.0	0	1729.0	0	"Overig: Tresoar, stadhouderlijk archief, inv. 361 geeft een benoeming tot gecommitteerde in de Admiraliteit in Friesland voor het kwartier der Steden op 19 mei 1728. Een commissie van de Staten-Generaal werd echter niet aangetroffen.
Was grietman van Oostdongeradeel 1720-1729."	9	25.0	9.0	
794	555	Blau	de	1	4	Hieronimus	0				1681.0	0	1753.0	0		9	6.0	2.0	
795	557	Lycklama à Nijeholt	de Blocq	1	1	Daniel	0				1702.0	0	1781.0	0	Overig: was grietman van Oost-Stellingwerf 1731-1773 en van Opsterland 1773-1781.	9	9.0	10.0	
796	558	Bergsma		1	4	Arjen	0				1702.0	0	1780.0	0	Overig: Raad van State 450 jaar vermeldt nog zitting in Gedeputeerde Staten van Friesland, maar daarvoor is elders geen bewijs gevonden. Volgens het commissieboek van de Friese Stadhouder (Tresoar, stadhouderlijk archief, inv. nr. 361) zou Bergsma van 1 mei 1748 tot 31 oktober 1749 zitting hebben gehad in de Generaliteits-Rekenkamer, maar ook daarvoor is elders geen bewijs gevonden.	9	25.0	7.0	
797	560	Patras		1	4	Anthony	0				1718.0	0	1764.0	0		9	5.0	4.0	
798	562	Rengers	Juckema van Burmania	1	1	Sjuck Gerrolt	1	jonkheer	Farnsum	Ten Post	1713.0	0	1784.0	0	Overig: was grietman van Franekeradeel 1732-1747 en van Wymbritseradeel 1747-1773.	9	30.0	3.0	
799	565	Kempenaer	de	1	4	Daniël Livius	0				1713.0	0	1772.0	0	"Persoonsgegevens: volgens Raad van State 450 jaar overleden op 22 in plaats van 27 september.
Overig: was grietman van Lemsterland 1752-1772."	9	27.0	9.0	
800	571	Lycklama à Nijeholt		1	1	Augustinus	0				1742.0	0	1789.0	0	Overig: was grietman van Utingeradeel 1762-1789.	9	30.0	10.0	
801	573	Camper		1	3	Petrus	0				1722.0	0	1789.0	0		9	7.0	4.0	
802	576	Kuffeler	van	1	4	Joan	0				1755.0	0	1811.0	0		9	12.0	5.0	
803	577	Rengers		1	4	Pieter Ulbo	1	jonkheer			1756.0	0	1810.0	0	Persoonsgegevens: De Haan Hettema geeft afwijkend jaar van overlijden 1809.	9	22.0	5.0	
804	579	Schuylenburch	van	1	4	Willem	0		Bommenede		1717.0	0	1769.0	0		9	20.0	8.0	
805	580	Sirtema van Grovestins		1	4	Lodewijk Idzard Douwe	1	jonkheer			1749.0	0	1806.0	0		9	23.0	2.0	
806	585	Kuffeler	van	1	4	Reinier Hendrik	0				1753.0	0	1801.0	0		9			
807	588	Sandick	van	1	1	Johan Alexander	0				1727.0	0	1763.0	0		9			
808	590	Itsma	van	1	4	Wybrand	0				1693.0	0	1759.0	0	Overig: was vóór 1746 waarschijnlijk lid van de vroedschap van Dokkum.	9		6.0	
809	591	Ouwens		1	3	Willem	0				1717.0	0	1779.0	0		9			
810	593	Sirtema van Grovestins		1	1	Jan	1	jonkheer			1717.0	0	1795.0	0		9	21.0	7.0	
811	594	Wendt	de	1	4	Eco	0				1725.0	0	1809.0	0		9			
812	599	Schultens		1	4	Barold	0				1724.0	0	1791.0	0	Persoonsgegevens: de identificatie van de Barold Schultens in Wapenheraut met de gecommitteerde in de Generaliteits-Rekenkamer is niet geheel zeker.	9	28.0	12.0	
813	600	Rengers	Aylva	1	1	Ulbo	1				1726.0	0	1787.0	0	Overig: was grietman van Gaasterland 1756-1785.	9	14.0	5.0	
814	615	Knijff	Hiddema van	1	1	Horatius	0				1703.0	0	1770.0	0	Overig: was grietman van Ferwerderadeel 1729-1770.	9	31.0	3.0	
815	621	Lycklama à Nijeholt		1	1	Augustinus	0				1603.0	1	1670.0	0	Overig: was grietman van Oost-Stellingwerf 1647-1661.	9	1.0	8.0	
816	624	Lycklama à Nijeholt		1	4	Bartholt	0				1672.0	1	1731.0	0	Overig: was grietman van Oost-Stellingwerf 1698-1731.	9	18.0	3.0	
817	631	Lycklama à Nijeholt		1	1	Regnerus	0				1723.0	1	1757.0	0	"Persoonsgegevens: De Haan Hettema geeft overlijden 19 of 20 maart 1756, Baerdt 1757. Het laatstgenoemde jaar moet juist zijn, gezien de sessiename van Lycklama in Gedeputeerde Staten van Friesland op 15 mei 1756.
Overig: was grietman van Lemsterland 1741-1752 en van Utingeradeel 1752-1757."	9	19.0	3.0	
818	632	Lycklama à Nijeholt		1	1	Suffridus	0				1600.0	1	1645.0	0	Overig: was grietman van Oost-Stellingwerf 1639-1645.	9	12.0	4.0	
819	641	Nijsten	van	1	1	Barthold	0				1628.0	1	1696.0	0	Overig: was grietman van Rauwerderhem 1670-1696.	9	12.0	3.0	
820	642	Obbes		1	1	Obbe	0				1562.0	1	1632.0	0	Overig: was grietman van Gaasterland 1604-1632.	9	8.0	4.0	
821	651	Osinga	van	1	1	Syds	1					0		0	"Persoonsgegevens: wordt genoemd in M. de Haan Hettema en A. van Halmael, Stamboek van den Frieschen, vroegeren en lateren, adel (Leeuwarden 1846) I, 284 en II, 194, maar zonder leefjaren.
Overig: was grietman van Doniawerstal 1618-1652."	9			
822	678	Sminia	van	1	1	Hessel	0				1588.0	1	1670.0	0		9	1.0	12.0	
823	684	Sixma	van	1	1	Tjallingh	1				1680.0	1	1714.0	0	"Persoonsgegevens: Baerdt geeft afwijkende overlijdensdatum 15 in plaats van 14 oktober, en zegt dat hij dan 32 jaar oud is, waarmee het geboortejaar op 1681 of 1682 gesteld zou moeten worden.
Overig: was grietman van Rauwerderhem 1710-1714."	9	14.0	10.0	
824	688	Vegelin van Claerbergen		1	1	Assuërus	1				1687.0	0	1771.0	0	Overig: was grietman van Haskerland 1739-1749.	9	13.0	3.0	
825	689	Scheltinga	Coehoorn van	1	1	Menno	0				1701.0	0	1777.0	0	"Overig: de lijst van gedeputeerden ter Staten-Generaal voor Friesland door Engels (zie institutionele toelichting bij dat college) geeft in 1743 de benoeming van Coehoorn van Scheltinga voor Zevenwolden. De lijst geeft voor hetzelfde jaar de benoeming van Johan Vegelin van Claerbergen (1690-1773, elders in deze database). De zitting van twee ordinaris-gedeputeerden in deze periode voor Zevenwolden is niet mogelijk (de vijfde ordinaris plaats voor Friesland werd op dat moment bezet door het kwartier der Steden); omdat Vegelin van Claerbergen, in tegenstelling tot Coehoorn, in de genoemde lijst ook in 1744 en later als gedeputeerde wordt opgevoerd, én omdat Coehoorn van 1743-1745 in de Admiraliteit te Amsterdam was gecommitteerd, is aangenomen dat Coehoorn het ambt op Vegelin van Claerbergen heeft getransporteerd. 
Was grietman van Schoterland 1715-1777."	9	28.0	4.0	
826	691	Scheltinga	de Blocq van	1	1	Daniel	0				1704.0	0	1781.0	0		9	8.0	10.0	
827	692	Visser	Canter	1	4	Adrianus	0				1707.0	0	1782.0	0	Overig: was grietman van Dantumadeel 1753-1782.	9	19.0	7.0	
828	694	Haersma	van	1	1	Cornelis Martinus	0				1729.0	0	1795.0	0	Overig: was volgens Vries eveneens secretaris van de Provinciale Rekenkamer van Friesland. Blijkens De Jong was dit echter Cornelis van Haersma, benoemd in 1744. Gezien het geboortejaar van Cornelis Martinus kan dit nauwelijks dezelfde persoon zijn.	9			
829	703	Sloterdijck	van	1	4	Willem Augustijn	0				1714.0	0	1763.0	0	Overig: had volgens Nederland's Patriciaat zitting in de Provinciale Rekenkamer van Friesland (geen zittingstermijn vermeld). Dit vindt echter geen bevestiging in het voor deze periode beschikbare (niet lacuneuze) bronnenmateriaal (zie de institutionele toelichting van het college). Vermoedelijk heeft verwarring plaatsgevonden met de zitting in de Generaliteits-Rekenkamer.	9	14.0	2.0	
830	707	Sminia	Baerdt van	1	1	Hobbe	0				1730.0	0	1813.0	0	Overig: was grietman van Engwirden 1757-1772 en van Tietjerksteradeel 1772-1795.	9	25.0	3.0	
831	711	Burmania	van	1	1	Sjuck	1				1597.0	0	1650.0	0	Overig: was grietman van Wymbritseradeel 1626-1647.	9	20.0	6.0	
832	718	Gerroltsma		1	1	Idsert	0				1631.0	1	1676.0	0		9	26.0	10.0	
833	719	Burmania		1	1	Bocke	1				1637.0	0	1702.0	0		9	8.0	7.0	
834	724	Sminia	van	1	1	Idzart	0				1689.0	0	1754.0	0	Overig: was grietman van Hennaarderadeel 1706-1754.	9	22.0	6.0	
835	727	Nauta	Rinia van	1	4	Franciscus	0				1751.0	0	1817.0	0		9			
836	731	Aysma	van	1	1	Hothje	1				1550.0	0	1603.0	0		9	7.0	2.0	
837	732	Tatmans		1	1	Feycke	0				1538.0	0	1601.0	0	Overig: was grietman van Utingeradeel vanaf 1578.	9	2.0	4.0	
838	747	Wijckel	van	1	1	Pijcke	0					0		0	Persoonsgegevens: wordt genoemd in M. de Haan Hettema en A. van Halmael, Stamboek van den Frieschen, vroegeren en lateren, adel (Leeuwarden 1846) I, 409 en II, 284, maar zonder leefjaren.	9			
839	766	Scheltinga	van	1	1	Johannes	0				1632.0	0	1669.0	0	Overig: was grietman van Gaasterland 1659-1669.	9	17.0	4.0	
840	768	Scheltinga	van	1	4	Martinus	0				1736.0	0	1799.0	0	Overig: was grietman van Schoterland 1777-1795.	9	5.0	3.0	
841	770	Schepper	de	1	4	Isaäck	0					0	1688.0	0	Overig: was grietman van Achtkarspelen 1677-1688.	9	9.0	5.0	
842	771	Schepper	de	1	1	Imilius Josinus	0				1736.0	0	1790.0	0	Overig: was grietman van Ferwerderadeel 1770-1790.	9	10.0	8.0	
843	789	Sixma		1	1	Douwe	1					0		0		9			
844	791	Sixma	Roorda van	1	1	Tjalling Edo Hessel	1				1707.0	0	1775.0	0		9			
845	795	Sminia	van	1	1	Hessel	0				1666.0	0	1738.0	0		9	18.0	11.0	
846	798	Sminia	van	1	1	Tjalling Edo	0				1716.0	0	1767.0	0	"Overig: de lijst van Engels van de Staten-Generaal (zie institutionele toelichting bij dat college) vermeldt nog, op basis van Bruinsma, zitting als gedeputeerde in 1752. Als dit juist is, was Van Sminia extraordinaris gedeputeerde, want in genoemd jaar was hij gecommitteerde in de Admiraliteit in Friesland.
Was grietman van Hennaarderadeel 1754-1767."	9	5.0	7.0	
847	807	Sijtzama	van	1	1	Douwe	0				1548.0	0	1607.0	0	Overig: was grietman van Idaarderadeel 1578-1599.	9	5.0	7.0	
848	818	Unia	van	1	1	Douwe Carel	1				1649.0	1	1708.0	0	Overig: was grietman van Tietjerksteradeel 1669-1686.	9	5.0	12.0	
849	820	Unia	van	1	1	Willem Emilius	1				1692.0	0	1754.0	0	Overig: was grietman van Kollumerland 1730-1743.	9	6.0	11.0	
850	822	Vegelin van Claerbergen		1	1	Hessel	1				1655.0	0	1715.0	0	Overig: was grietman van Utingeradeel 1683-1689 en van Haskerland 1689-1707.	9	28.0	11.0	
851	826	Vierssen	van	1	1	Aernout	0				1636.0	0		0	Overig: was grietman van Haskerland 1669-1681.	9			
852	831	Wendt	de	1	1	Eizo	0				1630.0	0	1686.0	0		9			
853	832	Wendt	de	1	1	Eizo	0				1718.0	0	1780.0	0	Overig: was grietman van Westdongeradeel 1772-1780.	9	1.0	3.0	
854	834	Wiarda		1	1	Kempo Sjoerdsz.	0				1543.0	1	1625.0	0	Persoonsgegevens: het geboortejaar is mogelijk 1544.	9			
855	836	Wielinga		1	1	Epeus	0				1639.0	0	1718.0	0		9	6.0	10.0	
856	842	Wijckel	van	1	1	Hendrick	0				1649.0	0	1719.0	0	Overig: was grietman van Gaasterland 1706-1710.	9	31.0	10.0	
857	845	Wijckel	Lycklama van	1	1	Regnerus Annaeus	0				1689.0	0	1756.0	0	Overig: was grietman van Gaasterland 1710-1756.	9	10.0	4.0	
858	848	Vierssen	van	1	1	Matthias	0				1660.0	1	1689.0	0	Overig: was grietman van Haskerland 1681-1689.	9	27.0	2.0	
859	849	Vierssen	van	1	1	Willem	0				1563.0	1	1641.0	0	Overig: was Muntmeester van Friesland in 1599.	9	20.0	10.0	
860	850	Burmania	van	1	1	Edzert	1	jonkheer			1594.0	0	1632.0	0	Overig: was grietman van 't Bildt vanaf 1620 ( volgens Vries) of 1622 (volgens De Haan Hettema).	9			
861	852	Saeckma		1	4	Sjoert	0				1607.0	0	1655.0	0	Overig: was grietman van Dantumadeel 1631-1655.	9	8.0	12.0	
862	853	Haren	van	1	1	Duco	1				1747.0	0	1801.0	0	Overig: was grietman van 't Bildt 1788-1795.	9			
863	856	Hoekstra	ten Broecke	1	4	Albert	0				1765.0	0	1828.0	0	Overig: was grietman van Westdongeradeel 1794-1795.	9	27.0	8.0	
864	875	Burmania	van	1	1	Sjuck Tjaert	1				1658.0	0	1723.0	0	"Persoonsgegevens: Baerdt geeft afwijkende overlijdensdatum 23 in plaats van 13 oktober.
Overig: was grietman van Menaldumadeel 1682-1723."	9	13.0	10.0	
865	877	Burmania	Welvelde van	1	1	Zeino Joachim	1				1682.0	1	1710.0	0	"Overig: Baerdt van Sminia meldt dat Burmania 'in het laatst van zijn leven' zitting had in de Raad van State, maar daarvoor is elders geen bewijs gevonden.
Was grietman van Rauwerderhem 1701-1710."	9	4.0	12.0	
866	879	Glinstra	van	1	1	Eelco	0				1668.0	0	1706.0	0	"Persoonsgegevens: Baerdt geeft afwijkende overlijdensdatum 16 in plaats van 14 oktober. 
Overig: was grietman van Gaasterland 1693-1706."	9	14.0	10.0	
867	882	Burmania	van	1	1	Duco	1				1687.0	0	1746.0	0		9	4.0	9.0	
868	887	Vierssen	van	1	1	Frederik	0				1678.0	0	1715.0	0		9	10.0	8.0	
869	888	Tadema		1	1	Keympe	0				1584.0	0	1622.0	0		9	28.0	3.0	
870	889	Vierssen	van	1	1	Assueris	0				1604.0	0	1662.0	0	"Persoonsgegevens: overleden begin 1662. 
Overig: was pensionaris van Leeuwarden 1653."	9			
871	890	Scheltinga	van	1	3	Livius	0				1589.0	1	1650.0	0		9	17.0	12.0	
872	891	Aylva van Loo	van	1	1	Douwe	1				1639.0	1	1669.0	0	Overig: was grietman van Baarderadeel 1660-1669.	9			
873	897	Wendt	de	1	1	Eizo	0				1761.0	0	1803.0	0		9			
874	898	Nijsten	van	1	1	Bartholt Pieter	0				1692.0	0	1732.0	0		9	1.0	3.0	
875	900	Galama	van	1	1	Sijds Anthony	1				1673.0	0	1737.0	0		9	24.0	6.0	Persoonsgegevens: overlijden mogelijk 28 juni.
876	905	Vegelin van Claerbergen		1	1	Hessel	1				1723.0	0	1750.0	0	Overig: was grietman van Haskerland 1749-1750.	9	12.0	7.0	
877	911	Burmania	van	1	4	Frederik Hessel	1				1740.0	0	1794.0	0		9	26.0	9.0	
878	915	Lycklama		1	1		0					0		0		9			
879	917	Knock		1	4	Nicolaus Arnoldi	0				1759.0	0	1794.0	0	Overig: was grietman van Oost-Stellingwerf 1780-1788.	9			
880	926	Idsinga		1	1	Alef	0				1602.0	0	1676.0	0		9	29.0	6.0	
881	940	Solcama		1	1		0					0		0		9			
882	945	Wijngaerden		1	1	A.	0					0		0		9			
883	946	Beyma	van	1	4	Lambertus	0				1590.0	0	1659.0	0		9			Persoonsgegevens: begraven op 9 september.
884	952	Bruijnga		1	1	P.	0					0		0		9			
885	953	Burmania	Martena van	1	1	Duco	1				1656.0	0	1684.0	0		9	21.0	10.0	
886	955	Lycklama à Nijeholt		1	1	Aucke	0				1643.0	0	1715.0	0	Persoonsgegevens: wordt genoemd in M. de Haan Hettema en A. van Halmael, Stamboek van den Frieschen, vroegeren en lateren, adel (Leeuwarden 1846) I, 251 en II, 172, maar zonder leefjaren.	9			
887	956	Ockinga	van	1	1		1					0		0	Persoonsgegevens: de voorletter is L. of S.	9			
888	970	Scheltema	van	1	1	Sibe	1					0		0	Persoonsgegevens: waarschijnlijk de Sippe van Scheltema in M. de Haan Hettema en A. van Halmael, Stamboek van den Frieschen, vroegeren en lateren, adel (Leeuwarden 1846) I, 318 (derde generatie, zonder leefjaren).	9			
889	971	Adema		1	1	D.	0					0		0		9			
890	975	Waltijngha	van	1	1	Hobbe	1				1550.0	1	1614.0	0	Overig: was grietman van Franekeradeel 1586-1614.	9	11.0	1.0	
891	982	Crans		1	1		0					0		0		9			
892	985	Aebinga van Humalda	van	1	1	Frans Binnert	0				1678.0	0	1755.0	0		9	23.0	4.0	
893	986	Nijsten	van	1	1	Petrus Florentius	0				1661.0	0	1721.0	0		9	3.0	3.0	
894	990	Sirtema van Grovestins	Heringa	1	1	Binnert	1				1673.0	1	1721.0	0	"Persoonsgegevens: volgens De Haan Hettema overleed hij op 31 oktober, maar blijkens de resoluties van de Provinciale Rekenkamer van Friesland was hij voor de laatste maal op 5 december 1721 aanwezig ter vergadering.
Overig: was grietman van Ferwerderadeel 1709-1721."	9			
895	992	Hixenius		1	1		0					0		0		9			
896	994	Cornelisz.		1	1	Claes	0					0	1620.0	0	Persoonsgegevens: overleden kort vóór 17 juli.	9			
897	997	Haersma	van	1	1	Cornelis	0				1703.0	0	1783.0	0		9	30.0	3.0	
898	998	Eysinga		1	1		1					0		0		9			
899	1004	Sminia	van	1	1	Jetze	0				1759.0	0	1814.0	0	Overig: was secretaris van Tietjerksteradeel.	9	17.0	1.0	
900	1005	Harinxma thoe Slooten	van	1	4	Pieter Edzard	1				1758.0	0	1793.0	0	Overig: was grietman van Westdongeradeel 1789-1793.	9	14.0	10.0	
901	1020	Aylva	van	1	1	Frans Ernst	1				1731.0	0	1768.0	0	Overig: was grietman van Westdongeradeel 1763-1768.	9	7.0	8.0	
902	1025	Roorda		1	1	Karel	1					0		0	Persoonsgegevens: Was blijkens Resolutiën der Staten-Generaal 6 (1588-1589), bewerkt door N. Japikse ('s-Gravenhage 1922) 3, grietman van Idaarderadeel; dit wordt echter door andere bronnen niet bevestigd.	9			
903	1026	Eysinga	van	1	4	Tjallingh	1				1562.0	1	1603.0	0	Overig: was grietman van Menaldumadeel 1601-1603.	9	31.0	8.0	
904	281	Amama		1	1	Johan	0					0		0	Persoonsgegevens: in M. De Haan Hettema en A. van Halmael, Stamboek van den Frieschen, vroegeren en lateren, adel (Leeuwarden 1846) I, 21-22, worden twee personen met deze naam vermeld, zonder dat echter duidelijk is welke van de twee de hier genoemde is.	9			
905	1029	Heermans		1	1	Cornelis	0					0		0		9			
906	1030	Aernsma	van	1	1	Gijsbertus	0					0	1631.0	0	Overig: was grietman van Dantumadeel 1620-1631.	9			
907	1032	Bungha	van	1	1	Sibrant	0					0		0		9			
908	1033	Evertsz.		1	1	Reijn	0					0		0		9			
909	1036	Radbodus		1	1	N.	0					0		0		9			
910	1037	Heringa		1	1		0					0		0		9			
911	1039	Tijmens		1	1	Anne	0					0		0		9			
912	1040	Heemstra		1	1		1					0		0		9			
913	1044	Heeres		1	1	Broer	0					0		0		9			
914	1045	Mercks		1	1	Rintie	0					0		0		9			
915	1049	Lanting		1	1	Bartel	0					0		0		9			
916	1054	Glinstra	van	1	1	Valerius	0					0	1727.0	0	Overig: was grietman van Gaasterland 1679-1693.	9	2.0	3.0	
917	1056	Heiringen	van	1	1	Philip	0					0		0		9			
918	1059	Wijckel	van	1	1	Hans Hendrik	0					0		0		9			
919	1065	Jongestal	van	1	1	Wibrand	0					0		0		9			
920	1066	Wijckel	van	1	1	Martinus	0				1652.0	1	1694.0	0	Overig: was grietman van Idaarderadeel 1692-1694.	9	14.0	3.0	
921	1067	Sirtema van Grovestins		1	1	Frederik	1				1668.0	1	1730.0	0	Overig: was grietman van Ferwerderadeel 1697-1701 (waarschijnlijk; het is niet geheel zeker dat de grietman identiek is aan de gedeputeerde ter Staten-Generaal).	9	30.0	11.0	
922	1068	Kempenaar	de	1	1	Daniel Livius	0					0		0		9			
923	1069	Sminia		1	1	F.	0					0		0	De identificatie van deze persoon met Frederick van Sminia (1664-1751, elders in deze database) is aanlokkelijk, maar deze had in de periode 1692-1694 zitting in de Generaliteits-Rekenkamer.	9			
924	1071	Nauta		1	1		0					0		0		9			
925	1072	Osinga		1	1		1					0		0		9			
926	1073	Grovestins	van	1	1	Oene	1					0		0		9			
927	1075	Scheltinga	van	1	1	C.	0					0		0		9			
928	1076	Kempenaer	de	1	1	Daniël	0					0		0		9			
929	1077	Beaufort	de	1	1	J.M.	0					0		0		9			
930	1078	Kutsch		1	1	Gabriël	0					0		0		9			
931	1079	Wijckel	Saaksma van	1	1	Johannes	0					0		0		9			
932	1081	Marssum		1	3	Theodorus	0					0		0		9			
933	1083	Sminia	van	1	4	Jetze	0				1703.0	0	1771.0	0		9	7.0	8.0	
934	1087	Boelens	van	1	3	Tjerk	0					0	1673.0	0	Overig: was grietman van Achtkarspelen 1670-1673.	9	29.0	4.0	
935	1089	Coehoorn		1	1	Johannes	0					0		0		9			
936	1091	Sloterdijk	van	1	1	Daniel	0				1717.0	0	1779.0	0		9	8.0	2.0	
937	1092	Scheltinga	van	1	1	Pierius	0				1741.0	0	1809.0	0		9	3.0	7.0	
938	1096	Aitsma	Scheltens van	1	4	Meynart	0				1567.0	0	1649.0	0		9	2.0	9.0	
939	1107	Canter		1	4	Franciscus	1				1624.0	0	1679.0	0		9	17.0	2.0	
940	1111	Idsinga	van	1	1	Alef Mathijsz.	0				1663.0	0	1738.0	0		9	4.0	12.0	
941	1113	Beyma	van	1	1	Coert Juliusz.	0				1681.0	0	1748.0	0		9	29.0	10.0	
942	1116	Idsinga	van	1	1	Saco Alefsz.	0				1693.0	1	1732.0	0		9	22.0	2.0	
943	1118	Haer	van der	1	4	Bonefacius	0				1725.0	0	1762.0	0		9	19.0	4.0	
944	1123	Kann		1	4	Anthonius	0					0	1678.0	1	Persoonsgegevens: mogelijk overleden begin 1679.	9			
945	1124	Beucker		1	4	Johannes	0				1650.0	0	1723.0	0		9	24.0	1.0	
946	1125	Beucker		1	4	Johannes	0				1680.0	0	1742.0	0		9	1.0	6.0	
947	1128	Wielandt		1	4	Thomas	0				1742.0	0	1823.0	0		9	9.0	5.0	
948	1130	Crabbe		1	1	Gerrit	0					0	1617.0	0	Overig: uit Groningen.	9			
949	1132	Redeker		1	1	Jan	0					0		0		9			
950	1134	Hulten	van	1	1	Lucas	0					0	1699.0	0	Persoonsgegevens: overleden vóór 10 juli 1699 (mogelijk in een eerder jaar).	9			
951	1135	Beucker		1	4	Johannes Arnold	0					0	1781.0	0		9			Persoonsgegevens: overleden vóór 17 september 1781.
952	1136	Bruinsma		1	1		0					0		0		9			
953	1140	Bootsma	van	1	1	Epe	1					0		0	Persoonsgegevens: wordt genoemd in M. de Haan Hettema en A. van Halmael, Stamboek van den Frieschen, vroegeren en lateren, adel (Leeuwarden 1846) I, 43 en II, 38, maar zonder leefjaren.	9			
954	1121	Scheltinga		1	4	Theodorus	0				1560.0	1	1628.0	0	Persoonsgegevens: Vries geeft einddatum als procureur-generaal van het Hof van Friesland 14 maart 1628, maar Nederland's Adelsboek geeft overlijden 2 maart.	9	2.0	3.0	
955	3			1	1	Paulus	0					0	1516.0	1		9			
956	1028	Eysinga	van	1	1	Frans	1				1594.0	0	1661.0	0	Overig: was grietman van Tietjerksteradeel 1622-1656. Nieuw Nederlandsch Biografisch Woordenboek noemt hem lid van Gedeputeerde Staten van Friesland, maar dat wordt door andere bronnen niet bevestigd.	9	3.0	9.0	
957	1142	Eysinga	van	1	1	Julius	1				1563.0	1	1631.0	0	Persoonsgegevens: het is onzeker of de in De Haan Hettema en Nieuw Nederlandsch Biografisch Woordenboek genoemde persoon identiek is aan de gecommitteerde in de Raad van State. De Haan vermeldt in dit tijdvak twee personen met de naam 'Juw/Julius van Eysinga'. De hier genoemde volgde een militaire carrière; zitting in de Raad van State wordt niet vermeld. De tweede echter, overleden in 1649, geboortejaar onbekend, moet te jong zijn geweest om in 1601 zitting te hebben gehad in de Raad van State, daar zijn ouders in 1587 trouwden.	9	4.0	5.0	
958	282	Amama		1	1	Jo(h)annes Hernes	0					0		0		9			
959	669	Andringa	van	1	1	Tinco	0					0	1619.0	0	Overig: was grietman van Utingeradeel 1613-1619.	9	14.0	2.0	
960	950	Andringa		1	1	S? (of F?)	0					0		0		9			
961	285	Andringa	van	1	1	Jelle	0					0	1612.0	0	Overig: was grietman van Utingeradeel 1601-1612.	9	30.0	9.0	
962	290	Arents		1	1	Willem	0					0		0		9			
963	303	Aylva	van	1	1	Johan	1					0	1660.0	0	"Persoonsgegevens: geboren in of vóór 1614.
Overig: was grietman van Hemelumer Oldeferd 1641-1660."	9			
964	1063	Aylva	van	1	1	Tjaerd	1					0		0	Persoonsgegevens: M. de Haan Hettema en A. van Halmael, Stamboek van den Frieschen, vroegeren en lateren, adel (Leeuwarden 1846) noemt meerdere personen met deze naam in deze periode, zonder dat duidelijk is wie de hier bedoelde is.	9			
965	698	Aylva	Meckema van	1	1	Sippe	1		Tammingaborg	Hornhuizen, Kloosterburen		0	1669.0	0	Overig: was grietman van Tietjerksteradeel 1656-1669.	9			
966	304	Aylva	van	1	1	Sjoerd	1					0	1641.0	1	"Persoonsgegevens: het jaar van overlijden is mogelijk 1640, zoals in De Nederlandsche Leeuw (maar gezien de benoeming in Gedeputeerde Staten van Friesland is begin 1641 waarschijnlijker).
Overig: was grietman van Hemelumer Oldeferd 1626-1641. De Nederlandsche Leeuw geeft nog zitting in Gedeputeerde Staten 1632 en 1639, maar daarvoor is elders geen bewijs aangetroffen."	9			
967	527	Aysma	van	1	1	Hessel	1					0		0	Persoonsgegevens: M. de Haan Hettema en A. van Halmael, Stamboek van den Frieschen, vroegeren en lateren, adel (Leeuwarden 1846) I, 243-245 vermeldt verschillende personen met deze naam, zonder dat duidelijk is wie de hier bedoelde is, en of alle hier vermelde bovenlokale functies bij één en dezelfde persoon horen.	9			
968	314	Aysma		1	1	Hessel Lywesz.	1					0		0	Overig: wordt genoemd in M. de Haan Hettema en A. van Halmael, Stamboek van den Frieschen, vroegeren en lateren, adel (Leeuwarden 1846) II, 165, maar zonder leefjaren.	9			
969	249	Baerdt		1	4	Hobbe Sjoerdsz.	0					0	1591.0	0		9	9.0	6.0	
970	932	Banga		1	1	J.	0					0		0		9			
971	961	Beyma	van	1	1	Jacob	0					0		0	Persoonsgegevens: wordt genoemd in M. de Haan Hettema en A. van Halmael, Stamboek van den Frieschen, vroegeren en lateren, adel (Leeuwarden 1846) I, 35 en II, 34, maar zonder leefjaren.	9			
972	325	Beyma	van	1	4	Johan	0					0	1647.0	0		9			
973	328	Bloemendaell		1	1	Jan Willemsz.	0					0		0		9			
974	138	Boner		1	4	Everardus	0					0	1639.0	0		9			Persoonsgegevens: overleden vóór 4 april.
975	502	Boner		1	1	Eco Evertsz.	0					0		0	Persoonsgegevens: wordt genoemd in M. de Haan Hettema en A. van Halmael, Stamboek van den Frieschen, vroegeren en lateren, adel (Leeuwarden 1846) I, 369 en II, 257, maar zonder leefjaren.	9			
976	923	Brongersma		1	1	Hillebrant	0					0	1668.0	0	Overig: was burgemeester van Leeuwarden 1664-1668, maar had geen zitting in de vroedschap.	9			
977	509	Burmania	van	1	1	Taecke	1				1560.0	0		0	Persoonsgegevens: wordt genoemd in M. de Haan Hettema en A. van Halmael, Stamboek van den Frieschen, vroegeren en lateren, adel (Leeuwarden 1846) I, 59 en 42, maar zonder leefjaren.	9			
978	359	Burmania	van	1	1	Upcke	1					0		0	Persoonsgegevens: wordt genoemd in M. de Haan Hettema en A. van Halmael, Stamboek van den Frieschen, vroegeren en lateren, adel (Leeuwarden 1846) I, 59 en II, 42, maar zonder leefjaren. Waarschijnlijk identiek met de in Nieuw Nederlandsch Biografisch Woordenboek 7, 250 genoemde, overleden in 1615.	9			
979	360	Burmania	van	1	1	Upcke	1					0	1673.0	0	Overig: was grietman van Wonseradeel 1664-1673.	9	18.0	6.0	
980	76	Burmania	van	1	4	Upcke	1					0	1557.0	0		9			
981	498	Cammingha	van	1	1	Wijtze	1					0	1606.0	0		9			
982	364	Cammingha	van	1	1	Watze	1					0		0	Persoonsgegevens: M. de Haan Hettema en A. van Halmael, Stamboek van den Frieschen, vroegeren en lateren, adel (Leeuwarden 1846) I, 76 en 77 geeft twee personen met deze naam, waarbij onduidelijk is welke van hen de hier genoemde is.	9			
983	65	Cammingha	van	1	1	Wytze	1					0	1533.0	0		9			
984	584	Canter	van	1	1	Jan Poppe Andreae	1	jonkheer				0		0		9			
985	368	Cathius		1	1	Jan Hubertsz.	0					0	1593.0	0	Persoonsgegevens: wordt genoemd in M. de Haan Hettema en A. van Halmael, Stamboek van den Frieschen, vroegeren en lateren, adel (Leeuwarden 1846) I, 276 en II, 186, maar zonder leefjaren. Zijn nakomelingen noemden zich Cathuis of Catzius.	9			
986	1137	Clant	van	1	1	Johannes	0					0	1615.0	0	"Persoonsgegevens: de identificatie van de grietman in Baerdt van Sminia met de gecommitteerde in de Admiraliteit van Friesland is onzeker.
Overig: was grietman van Doniawerstal 1610-1615."	9		8.0	
987	1048	Coppens		1	1	Johan	0					0		0		9			
988	373	Crack		1	1	Hippolytus Roelofsz.	0					0	1626.0	0	Overig: was grietman van Engwirden 1605-1626.	9	17.0	10.0	
989	96	Dekema	van	1	1	Julius	0					0	1580.0	0		9			
990	379	Dompselaar		1	1	Henricus	0					0		0		9			
991	381	Donia	(Harinxma) van	1	1	Keympe	0				1593.0	0		0	Persoonsgegevens: heette eerst Syds van Donia.	9			
992	32	Drachsdorf	von	1	1	Veit	0					0	1526.0	0		9			
993	1103	Faber		1	1	Wopke Teunisz.	0					0	1652.0	0	Persoonsgegevens: overleden vóór 22 april 1652 (mogelijk dus eerder dan 1652).	9			
994	1105	Faber		1	1	Teunis	0					0		0		9			
995	402	Feytsma	van	1	1	Jelger	0					0	1620.0	0	"Persoonsgegevens: de identificatie van het lid van Gedeputeerde Staten van Friesland 1581-1586 en de gedeputeerde ter Staten-Generaal met deze persoon niet geheel zeker; De Haan Hettema I, 115 en II, 74 noemt nog een Jelger Feytsma, die in 1621 overleden zou zijn.
Overig: was grietman van 't Bildt 1609-1620."	9	13.0	9.0	
996	1088	Fockens		1	1	Sako	0				1634.0	0	1665.0	0	Overig: was grietman van Lemsterland in 1665.	9	13.0	12.0	
997	406	Fockesz.		1	1	Sjoerd	0					0		0		9			
998	980	Gerryts		1	1	Piter	0					0		0		9			
999	968	Goorle	van	1	1	David	0					0		0		9			
1000	159	Grovestins	van	1	1	Sicco	1					0	1665.0	0	Overig: was grietman van Hennaarderadeel 1639-1647.	9	16.0	9.0	
1001	37	Grumbach	von	1	1	Fritz	0					0	1541.0	0		9		1.0	
1002	34	Grumbach	von	1	1	Hans	0					0	1515.0	1		9			
1003	894	Haersma	van	1	1	Arent	0					0		0	Persoonsgegevens: niet duidelijk welke Arent van Haersma gecommitteerde in de Admiraliteit op de Maze is geweest. Arent Aulus (1702-1737, elders in deze database) was in deze periode raadsheer in het Hof van Friesland, Arent (1695-1740, elders in deze database) lid van Gedeputeerde Staten van Friesland. M. de Haan Hettema, en A. van Halmael, Stamboek van den Frieschen, vroegeren en lateren, adel (Leeuwarden 1846) geeft geen alternatief voor deze twee.	9			
1004	919	Haersma	van	1	1	Arent Eerckes	0					0		0	Overig: was grietman van Smallingerland 1625-1637.	9			
1005	670	Hannema		1	1	Jacob Binckes	0					0		0	Persoonsgegevens: wordt genoemd in Nederland's Patriciaat 18 (1928) 314, maar zonder leefjaren.	9			
1006	1084	Harderwijk	van	1	1	Arent	0					0		0		9			
1007	460	Harinxma	van	1	1	Juw	1				1607.0	0		0		9			
1008	121	Harinxma	van	1	1	Ernst	1					0	1631.0	0		9			Persoonsgegevens: overleden vóór 4 juni.
1009	503	Hottinga	van	1	1	Hero	1					0		0	"Persoonsgegevens: wordt genoemd in M. de Haan Hettema en A. van Halmael, Stamboek van den Frieschen, vroegeren en lateren, adel (Leeuwarden 1846) I, 224 (waarschijnlijk achtste generatie), maar zonder leefjaren.
Het is niet geheel zeker dat de advocaat-fiscaal van de Admiraliteit in Friesland identiek is aan de ordinaris gedeputeerde ter Staten-Generaal en de gecommitteerde in de Raad van State."	9			
1010	1070	Huber		1	1	Hermanus Ulricus	0					0		0		9			
1011	491	Inthiema	van	1	1	Frederick	0					0		0		9			
1012	494	Itsma		1	1	Wibrandus	0					0		0		9			
1013	495	Jacobi		1	1	Gerardus	0					0		0		9			
1014	133	Jongema	van	1	1	Frans	1					0	1640.0	0		9			
1015	753	Jurryens		1	1	Agge	0					0		0		9			
1016	42	Kamstra		1	1	Renick	0					0	1522.0	0		9	9.0	4.0	
1017	931	Kiestra		1	1	J.	0					0		0		9			
1018	613	Kingma		1	1	Pytter	0					0		0		9			
1019	612	Kingma		1	1	Jan	0					0		0		9			
1020	1095	Leij	van der	1	1	Jan Hendrick Jarichsz.	0				1566.0	1		0	"Persoonsgegevens: overleden na 1630.
Overig: auteur van 'Tghesicht des grooten zeevaerts. Met de wonderbaerlijcke aert ende natuyre der coursen. Tsampt de platte pas-caerten met hare spherische lopers, dienstich om soo wel der werelts lenghde als breete te meten (voor desen ondoenlijck) in de groote zee' (Franeker 1619)."	9			
1021	12	Liauckama		1	1	Schelte	0					0	1503.0	0	Overig: was grietman van Wymbritseradeel 1500-1503.	9			
1022	31	Metsch		1	1	Bernhard	0					0	1513.0	0		9			
1023	1052	Nauta		1	1	Herman Sinnesz.	0					0		0		9			
1024	1062	Nauta		1	1	Bavius	0					0		0		9			
1025	855	Nauta		1	1	Bavius	0					0		0		9			
1026	44	Rataller		1	1	Johan	0					0	1540.0	1		9			
1027	36	Reischach	von	1	4	Simon	0					0		0		9			
1028	999	Scheltinga	van	1	1	Martinus	0					0		0	Persoonsgegevens: de handtekening in het eedboek van de Provinciale Rekenkamer van Friesland (Tresoar, archief Staten van Friesland 1580-1795, inv. nr. 2614) wijkt af van die van zijn naamgenoten in hetzelfde tijdvak (1744-1820 en 1736-1799, beiden elders in deze database). In M. de Haan Hettema en A. van Halmael, Stamboek van den Frieschen, vroegeren en lateren, adel (Leeuwarden 1846) komt hij echter niet voor.	9			
1029	1090	Scheltinga	van	1	1	Dirk	0					0		0		9			
1030	779	Schwartzenberg en Hohenlansberg	thoe	3	1	Georg Wilco	1					0		0		9			
1031	941	Siersma		1	1		0					0		0		9			
1032	427	Sirtema van Grovestins		1	1	Edzard	1					0		0	"Persoonsgegevens: wordt genoemd in M. de Haan Hettema en A. van Halmael, Stamboek van den Frieschen, vroegeren en lateren, adel (Leeuwarden 1846) I, 135 en II, 84, maar zonder leefjaren.
Overig: was grietman van Hennaarderadeel 1671-1706."	9			
1033	428	Sirtema van Grovestins		1	1	Idzart	1					0	1613.0	0	Overig: was grietman van Menaldumadeel 1603-1613.	9			
1034	529	Sirtema van Grovestins		1	1	Frederik	1					0	1669.0	0	"Persoonsgegevens: mogelijk identiek aan de elders in deze database (zonder leefjaren) voorkomende Frederik van Grovestins, gecommitteerde in de Admiraliteit in Friesland vanaf 1631.
Overig: was ontvanger-generaal van Friesland."	9	30.0	7.0	
1035	27	Taubenheim	von	1	1	Christof	0					0	1536.0	0		9			
1036	839	Winter		1	3	Feijo Johan	0					0		0	Persoonsgegevens: mogelijk promotie in de rechten, dus 'mr.'.	9			
1037	24	Ziegler		1	1	Caspar	0					0	1518.0	0		9			
1038	336	Bouricius	van	1	4	Jacobus	0					0	1672.0	0	Overig: was grietman van Engwirden 1657-1672.	9	29.0	12.0	
1039	338	Bouricius	Crack van	1	1	Johannes	0					0	1700.0	0	Overig: was grietman van Engwirden 1677-1697.	9	27.0	3.0	
