	IDRegent	Geslachtsnaam	Tussenvoegsel	IDAdellijkeTitel	IDAcademischeTitel	Voornaam	Adel	Adelspredikaat	Heerlijkheid	Heerlijkheid2	Geboortejaar	OnbepaaldGeboortedatum	Overlijdensjaar	OnbepaaldOverlijdensdatum	Opmerkingen	Opmerkingen2	Periode	overlijdensdag	overlijdensmaand
0	23	Fremery	de	1.0		Nicolaas	0				1719.0	0	1784.0	0			1		
1	24	Thilenius		1.0	4.0	Jan Abraham	0				1698.0	0	1754.0	0			1	4.0	4.0
2	25	Meer	van der	1.0	4.0	Jacob	0		Hoogeveen		1696.0	0	1755.0	0			1	8.0	5.0
3	26	Josselet		1.0		Coenraad Hendriksz.	0				1710.0	1	1783.0	0			1	17.0	9.0
4	27	Bas	de	1.0		Lodewijk	0		Horstermeer		1691.0	0	1756.0	0			1	16.0	6.0
5	29	Lijn	van der	1.0	4.0	Anthony Pieter	0				1724.0	0	1763.0	0			1	4.0	2.0
6	33	Does	Doys van der	3.0	4.0	Gerlach Jan	1		Langeveld		1732.0	0	1810.0	0			1		
7	34	Beelaerts		1.0	4.0	Gerard	0		Blokland	Wieldrecht en Dortsmonde	1710.0	0	1790.0	0	Heerlijkheden/adellijke huizen: verwerving Blokland 1769.		1		
8	35	Beelaerts van Blokland		1.0	4.0	Pieter	0		Blokland		1744.0	0	1812.0	0			1		
9	36	Brandeler	van den	1.0	4.0	Johan	0				1756.0	0	1820.0	0			1		
10	37	Snellen		1.0	4.0	Willem	0				1727.0	0	1791.0	0			1		
11	38	Honert	van den	1.0	4.0	Cornelis	0				1680.0	1	1762.0	0			1	1.0	4.0
12	39	Beelaerts		1.0	4.0	Pieter Matthijs	0		Emmikhoven	Ganswijk en Waardhuizen	1725.0	0	1796.0	0			1	28.0	7.0
13	40	Roo	de	1.0	4.0	Jan Henrick	0		Westmaas	Groep, Wulverhorst, Kromwijk en Linschoter Har	1712.0	0	1766.0	0			1	28.0	10.0
14	41	Bout		1.0	4.0	Adriaan	0		Lieshout		1726.0	0	1786.0	0			1	30.0	11.0
15	42	Repelaer		1.0	4.0	Hugo	0				1730.0	0	1804.0	0			1	13.0	6.0
16	43	Berkhout	Teding van	1.0	4.0	Coenraad	0				1714.0	0	1770.0	0			1		
17	44	Drolenvaux		1.0	4.0	Simon	0				1722.0	0	1792.0	0			1		
18	45	Gronovius		1.0	4.0	Laurens Theodorus	0				1730.0	0	1777.0	0			1		
19	46	Cunaeus		1.0	4.0	Joan Andreas	0				1743.0	0	1797.0	0			1		
20	47	Hogeveen	van	1.0	4.0	Gerard	0				1738.0	0		0	Vroedschap: beëindiging 1787 wegens vertrek naar Heemstede.		1		
21	48	Meerman van Dalem		9.0	4.0	Johan	0		Dalem	Vuren	1753.0	0	1815.0	0	Adelstitel: Comte (1812).		1		
22	49	Changuion		1.0	4.0	Pieter	0				1731.0	0	1804.0	0			1		
23	51	Gallas		1.0		Johannes Arnoldus	0				1688.0	0	1777.0	0			1		
24	52	Bosch	van den	1.0		Gerardus Jacobus	0				1737.0	0	1810.0	0			1		
25	53	Goes	van der	1.0	4.0	Philip Jacob	0				1752.0	0	1831.0	0	Persoonsgegevens: senior.		1	12.0	9.0
26	54	Crab	van der	1.0		Augustinus	0				1715.0	0	1806.0	0			1		
27	55	Vaillant		1.0	4.0	Christiaan Jan	0				1719.0	0	1781.0	0			1	9.0	3.0
28	56	Slicher		1.0	4.0	Anthony	0				1721.0	0	1794.0	0			1		
29	57	Alderwerelt	van	1.0	4.0	Adriaan Louis	0		Oude en  Nieuwe Struyt	Heenvliet	1739.0	0	1781.0	0	Buitenlandse adelstitels: baron des Heiligen Roomse Rijk.		1	28.0	7.0
30	58	Valkenburg	van	1.0	4.0	Mattheus Willem	0		Callantsoog		1718.0	0	1784.0	0			1	2.0	1.0
31	59	Twent	van Gelé	1.0		Abraham Catharinus	0		Kortenbosch		1746.0	0	1821.0	0			1		
32	60	Doom		1.0		Adriaen	0				1693.0	0	1762.0	0			1	28.0	2.0
33	61	Bleyswijk	van	1.0	4.0	Hugo	0				1677.0	0	1755.0	0			1	5.0	11.0
34	62	Vapour	van der Graeff de	1.0	4.0	Hendrik	0		Wulven		1709.0	0	1778.0	0	Persoonsgegevens: Van der Lely geeft overlijdensdatum 8 mei, Algemeen Nederlandsch Familieblad 8 december 1778.		1	8.0	12.0
35	63	Lelij	van der	1.0	4.0	Jacob Adriaensz.	0				1698.0	0	1795.0	0			1		
36	64	Echten	van	1.0	4.0	Salomon	0				1694.0	0	1776.0	0			1	3.0	2.0
37	66	Speelman		1.0	4.0	Jacob	0		Nuland		1724.0	0	1781.0	0			1		
38	67	Locquet		1.0	4.0	Pieter	0		Burg		1719.0	1	1789.0	0	Persoonsgegevens: begraven 5 mei 1789.		1		
39	68	Mauregnault	Boreel de	1.0	4.0	Jan	1				1741.0	0	1813.0	0			1	27.0	4.0
40	69	Melvill		1.0	4.0	Jan	0				1740.0	0	1788.0	0			1		
41	70	Bouwens		1.0	4.0	Jan Jansz.	0		Horsen		1725.0	0	1788.0	0			1	21.0	12.0
42	71	Griffioen		1.0	3.0	Willem	0				1722.0	0	1796.0	0			1		
43	72	Pichot		1.0		Daniel	0				1722.0	0	1803.0	0			1		
44	73	Ravens		1.0	4.0	Caspar Jacob	0				1703.0	1	1787.0	0			1	5.0	3.0
45	74	Carnier		1.0	3.0	Carolus	0				1738.0	0	1817.0	0			1		
46	75	Gijselaar	de	1.0	4.0	Nicolaas	0				1712.0	0	1780.0	0			1		
47	76	Leyden	van	1.0	4.0	Pieter	1	Jonkheer	Nieuwland		1726.0	0	1786.0	0	Buitenlandse adelstitels: baron des Heiligen Roomse Rijk.		1	12.0	10.0
48	77	Vooren	van der	1.0		Jacobus jr.	0					0		0			1		
49	78	Jager		1.0		Jan	0				1743.0	0	1801.0	0			1	27.0	11.0
50	79	Hart	de	1.0	4.0	Hermanus	0				1753.0	0	1819.0	0			1		
51	80	Reeps		1.0	3.0	Jan	0				1710.0	0	1769.0	0			1	17.0	2.0
52	81	Tromp	Abbekerk	1.0		Floris	0				1721.0	0	1783.0	0			1	26.0	12.0
53	82	Strijen	van	1.0	4.0	Quirijn	0				1718.0	0	1790.0	0			1		
54	83	Burch	van der	1.0	4.0	Cornelis	0				1730.0	0	1769.0	0			1		
55	84	Meerten	van	1.0	4.0	Lambertus Huibertsz.	0				1733.0	0	1798.0	0			1		
56	85	Collot d'Escury		1.0		Simeon Petrus	1	Jonkheer	Naaldwijk	Sliedrecht	1719.0	0	1800.0	0	Heerlijkheden/adellijke huizen: verwerving Naaldwijk 1742, Sliedrecht 1759.		1		
57	86	Berkhout	Teding van	1.0	4.0	Jan Pietersz.	0				1713.0	0	1766.0	0			1	2.0	10.0
58	87	Boogert		1.0	3.0	"François Françoisz.


François"	0				1733.0	0	1797.0	0			1		
59	88	Vlaerdingerwout		1.0	4.0	Willem Robbertsz.	0				1702.0	0	1782.0	0			1	20.0	7.0
60	89	Goes	van der	1.0		Adriaen Mattheusz.	0				1695.0	0	1758.0	0			1	1.0	12.0
61	90	Hoogeveen	van	1.0	4.0	Gerard Adriaensz.	0				1729.0	0	1797.0	0			1		
62	92	Pomeren	van	1.0		Cornelis	0				1693.0	0	1762.0	0			1	20.0	11.0
63	93	Nahuijs		1.0	4.0	Hubert Gerard	0				1725.0	0	1771.0	0	Persoonsgegevens: begraven 8 juni 1771.		1		
64	94	Foreest	van	1.0	4.0	Jacob	1		Petten	Nolmerban	1731.0	0	1783.0	0	Heerlijkheden/adellijke huizen: verwerving 1745.		1		
65	95	Wallendal	van	1.0		Jan	0				1707.0	0	1789.0	0			1		
66	96	Neelen		1.0		Cornelis	0				1717.0	0		0			1		
67	97	Pont		1.0	4.0	Pieter	0				1722.0	0	1783.0	0			1		
68	98	Sanen	van	1.0	4.0	Arend	0				1721.0	0	1787.0	0	Persoonsgegevens: begraven 28 juni 1787.		1		6.0
69	99	Uijlenberg		1.0		Pieter	0				1704.0	0	1781.0	0			1		
70	101	Staal	van der	1.0	4.0	Dirk Cornelis	0		Kethel	Spaland	1705.0	0	1772.0	0			1	6.0	10.0
71	102	Honert	van den	1.0	4.0	Johannes	0				1704.0	0	1768.0	0			1		
72	103	Hoeven	van der	1.0	4.0	Johan Adriaan	0				1732.0	0	1800.0	0			1		
73	104	Berckel	van	1.0	4.0	Pieter Johan	0		Uitwijk	Nederveen	1725.0	0	1800.0	0			1		
74	105	Boogaert		1.0	4.0	Jacob Philippus	0		Alblasserdam		1735.0	0	1796.0	0			1		
75	106	Groeninx van Zoelen		1.0	4.0	Cornelis	0		Ridderkerk		1740.0	0	1791.0	0			1		
76	107	Mossel		1.0	4.0	Jacob	0				1739.0	0	1797.0	0			1		
77	108	Mieden	van der	1.0	4.0	Gualtherus George Gideon	0				1736.0	0	1798.0	0	Persoonsgegevens: De Nederlandsche Leeuw schrijft hem, blijkens het Alkmaars Jaarboekje, ten onrechte het bezit van de heerlijkheid Opmeer toe.		1	19.0	11.0
78	109	Dijl		1.0	4.0	Lukas	0				1747.0	0	1822.0	0	Vroedschap: ontslagen 1788		1	7.0	10.0
79	110	Oosten	van	1.0		Gabriël Leonard	0				1745.0	0	1819.0	0			1		
80	111	Blankert		1.0	3.0	Jan	0					0		0			1		
81	112	Kempen	van	1.0		Johannes	0				1739.0	0	1814.0	0	"Persoonsgegevens: Gens Nostra geeft patroniem 'Tzn.'; Nederland's Patriciaat geeft 'Johannes' als naam van de vader. Omdat Nederland's Patriciaat vermeldt dat Van Kempen vroedschap was, en er in deze periode daarin geen gelijknamige persoon zitting had, is aangenomen dat het toch om dezelfde persoon gaat.
Vroedschap: ontslagen 1787."		1		
82	113	Bosschaert		1.0	4.0	Carel Jan	0				1734.0	0	1809.0	0			1		
83	114	Morgan		1.0		Jacob	0					0		0			1		
84	115	Wit	de	1.0	4.0	Adriaan Mattheus	0					0	1805.0	0			1		
85	116	Steenis	de Swart	1.0	4.0	Jeronimus	0					0	1758.0	0			1	2.0	1.0
86	117	Alsem van Lingen	van	1.0	3.0	Carel	0					0	1797.0	0			1		
87	118	Bruijn		1.0		Gerrit	0				1740.0	0		0			1		
88	119	Boon		1.0		Philippus Reinier	0				1731.0	0	1798.0	0			1		
89	120	Peereboom	Copius	1.0	4.0	Martin	0				1751.0	0	1824.0	0			1	25.0	6.0
90	121	Peereboom		1.0	4.0	Lourens	0				1723.0	0	1788.0	0			1		
91	122	Nispen	van	1.0		Samuel Rudolphus	0				1733.0	0	1775.0	0			1		
92	123	Pont		1.0		Frans	0				1753.0	0	1808.0	0			1		
93	124	Pan		1.0	4.0	Jan	0				1735.0	0		0			1		
94	125	Lange	de	1.0	3.0	Huijbert Geldolph	0				1741.0	0	1800.0	0			1	24.0	3.0
95	126	Waert	van	1.0	3.0	Jacob Hendriksz.	0				1744.0	0	1804.0	0	Persoonsgegevens: Gens Nostra geeft geboortejaar 1742, Bossaers 1744.		1		
96	128	Boot		1.0	4.0	Roelof	0				1735.0	0	1794.0	0	Persoonsgegevens: Nederlandsche Leeuw geeft afwijkend geboortejaar 1736.		1		
97	129	Duyvensz.		1.0	4.0	Anthony Pieter	0				1745.0	0	1819.0	0			1	22.0	6.0
98	130	Appelman		1.0	4.0	Jan Lambertus	0				1730.0	0	1787.0	0			1	9.0	7.0
99	132	Druyvesteyn		1.0	4.0	Francois David Constantijn	0				1758.0	0	1803.0	0			1		
100	133	Hanswijk	van	1.0	4.0	Johannes Willem	0					0	1808.0	0			1		
101	134	Willigen	van de	1.0	4.0	Abel	0				1726.0	0	1799.0	0			1	18.0	7.0
102	135	Honert	van den	1.0	4.0	Rochus	0				1572.0	0	1638.0	0	"Buitenlandse adelstitels: Zweedse riddertitel 1635
Overig: was volgens Nederlandsche Leeuw gedeputeerde ter Staten-Generaal 1598, maar dat wordt door andere bronnen niet bevestigd."		1	30.0	1.0
103	136	Honert	van den	1.0	4.0	Johan Rochusz.	0				1603.0	1	1667.0	0			1	14.0	4.0
104	137	Honert	van den	1.0	4.0	Herman	0				1645.0	0	1730.0	0	Persoonsgegevens: Nederlandsche Leeuw geeft afwijkend geboortejaar 1646.		1		
105	138	Brandeler	van den	1.0	4.0	Johan Françoisz.	0				1667.0	0	1755.0	0			1		
106	140	Hallincg		1.0	4.0	Adriaan	0				1681.0	0	1741.0	0			1		
107	141	Witt	de	1.0	4.0	Cornelis Jacobsz.	0				1623.0	0	1672.0	0			1		
108	142	Witt	de	1.0		Jacob Fransz.	0				1548.0	0	1621.0	0			1		
109	143	Witt	de	1.0		Cornelis Fransz.	0				1545.0	0	1622.0	0			1		
110	144	Witt	de	1.0		Thomas Wilemsz.	0				1548.0	0	1601.0	0			1	1.0	12.0
111	145	Witt	de	1.0	4.0	Jacob Cornelisz.	0		Manizee	Melissant, Cromstrijen	1589.0	0	1674.0	0			1		
112	146	Hoeufft		1.0	4.0	Jacob	0				1660.0	0	1717.0	0			1		
113	147	Witt	de	1.0	4.0	Johan Johansz.	0				1618.0	0	1676.0	0			1		
114	148	Witt	de	1.0	4.0	Johan Johansz.	0				1668.0	0	1724.0	0			1	29.0	4.0
115	150	Blijenburg	van	1.0	4.0	Adriaen Adriaensz.	0		Naaldwijk		1616.0	0	1682.0	0	Buitenlandse adelstitels: ridder in de orde van St. Michiel (Frankrijk).		1	10.0	9.0
116	151	Teresteijn	van	1.0		Cornelis	0				1579.0	0	1643.0	0			1	22.0	3.0
117	152	Ruysch		1.0	4.0	Coenraad	0				1583.0	0	1656.0	0	Buitenlandse adelstitels: ridder des Heiligen Roomse Rijk 1649.		1		
118	153	Burch	van der	1.0	4.0	Johan Françoisz.	1		Niemandsvriend		1613.0	0	1688.0	0			1		
119	154	Burch	van der	1.0	4.0	François Jansz.	1				1574.0	0	1624.0	0			1		
120	155	Beaumont	van	1.0	4.0	Simon	0				1588.0	0	1637.0	0			1		
121	156	Wassenaer	van	3.0		Willem	1		Starrenburg	Ruiven, Maasland, Maassluis	1649.0	0	1723.0	0	Overig: H.G.A. Obreen, Geschiedenis van het geslacht van Wassenaer (Leiden 1903), meent dat Van Wassenaer in 1706 gecommitteerd werd in de Admiraliteit op de Maze, maar dit was hoogstwaarschijnlijk zijn zoon Willem Lodewijk (1676-1720, eveneens in deze database).		1	6.0	8.0
122	157	Wassenaer	van	3.0		Jacob	1		Duvenvoorde	Voorschoten, Veur	1649.0	0	1707.0	0	Heerlijkheden/adellijke huizen: verwerving Voorschoten 1668, Veur 1681.		1	11.0	6.0
123	158	Wassenaer van Obdam	van	4.0		Johan Hendrik	1		Obdam	Hensbroek, Spierdijk, Zuidwijk	1683.0	0	1745.0	0			1	5.0	2.0
124	159	Boetzelaer van Nieuwveen	van den	1.0		Jacob Godefroi	1		Nieuwveen		1680.0	0	1736.0	0	"Buitenlandse adelstitels: baron des Heiligen Roomse Rijk.
Heerlijkheden/adellijke huizen: verwerving 1708."		1	4.0	12.0
125	160	Boetzelaer	van den	1.0		Philip Jacob	1	Jonkheer	Asperen	Hoogwoud en Aartswoud, Raaphorst (nomine uxoris)	1634.0	0	1688.0	0	"Buitenlandse adelstitels: vrijheer des Heiligen Roomse Rijk. 
Heerlijkheden/adellijke huizen: verwerving Asperen 1652, Hoogwoud en Aartswoud 1642."		1	24.0	3.0
126	161	Bouchorst	van den	1.0		Amelis	1	Jonkheer	Wimmenum			0	1669.0	0			1	21.0	9.0
127	162	Poelgeest van Homade	van	5.0		Gerrit	1		Hoogmade		1545.0	0	1614.0	1			1		
128	163	Does van Noordwijk	van der	1.0		Wigbold	1	Jonkheer	beide Noordwijken	Offem, Langeveld, St. Anthoniepolder	1676.0	0	1725.0	0	Heerlijkheden/adellijke huizen: verwerving St. Anthoniepolder 1699.		1	24.0	4.0
129	164	Does van Noordwijk	van der	1.0		Steven	1	Jonkheer	Noordwijk	Offem	1644.0	0	1694.0	0			1	3.0	10.0
130	165	Crayesteyn	van	1.0		Wouter Bouwensz.	0		Wulven	Kraaienstein		0	1624.0	0	Vroedschap: Balen geeft afwijkend aanvangsjaar 1580.		1		
131	166	Matenesse	van	1.0		Johan	1	Jonkheer	Matenesse	Riviere, Opmeer	1596.0	0	1653.0	0			1	30.0	6.0
132	167	Beveren	van	1.0	4.0	Abraham	0		Oost- en West-Barendrecht		1604.0	0	1663.0	0			1	25.0	8.0
133	168	Beveren	van	1.0	4.0	Cornelis Willemsz.	0		Strevelshoek	West-IJsselmonde, de Lindt	1591.0	0	1663.0	0	Buitenlandse adelstitels: Franse riddertitel 1635.		1	17.0	7.0
134	170	Beveren	van	1.0		Jacob Cornelisz.	0		Zwijndrecht		1612.0	0	1676.0	0			1		
135	171	Briel		1.0	4.0	Herbert Paulusz.	0				1670.0	0	1737.0	0	Persoonsgegevens: Kronieken geeft onjuist jaar van overlijden 1734.		1	13.0	3.0
136	172	Kinschot	van	1.0	4.0	Gaspar Gasparsz.	0				1676.0	0	1759.0	0			1		
137	173	Born	van den	1.0	4.0	François Nicolaes Nicolaesz.	0				1674.0	0	1748.0	0			1	23.0	6.0
138	174	Pauw		1.0	4.0	Maerten Engelbertsz.	0				1616.0	0	1680.0	0	Vroedschap: ontslag in 1662 wegens benoeming tot ontvanger-generaal van Holland.		1		
139	176	Goes	van der	1.0	4.0	Franco Adriaensz.	0				1621.0	0	1700.0	0	Persoonsgegevens: was volgens Boitet in 1679 70 jaar oud, waarmee het jaar van geboorte niet 1621, maar 1608 of 1609 zou zijn.		1	18.0	7.0
140	177	Hoeff	van der	1.0		Adriaen Willemsz.	0				1631.0	0	1704.0	0			1	10.0	11.0
141	178	Meerman		1.0		Dirck Gerritsz.	0		Molenaarsgraaf	Voorburg	1610.0	0	1680.0	0	"Vroedschap: ontslagen 1672.
Buitenlandse adelstitels: ridder (land onbekend).
Heerlijkheden/adellijke huizen: verwerving Voorburg 1661."		1		
142	179	Hoogenhouck	van	1.0	4.0	Maerten Pietersz.	0				1651.0	0	1720.0	0	"Persoonsgegevens: Kronieken, Boitet en Valentyn geven afwijkende overlijdensdatum 25 in plaats van 27 december.
Veertigraad: Boitet geeft afwijkend aanvangsjaar 1687."		1	27.0	12.0
143	180	Graswinckel		1.0		Engelbrecht Maertensz.	0				1653.0	0	1738.0	0			1	10.0	6.0
144	181	Spiering		1.0	4.0	Cornelis Willemsz.	0		Spieringshoek		1663.0	0	1745.0	0			1	29.0	4.0
145	182	Hooft		1.0	4.0	Willem Hendriksz.	0				1661.0	0	1740.0	0			1	15.0	1.0
146	183	Berkel	van	1.0	4.0	Willem Gerardsz.	0				1679.0	0	1759.0	0	Persoonsgegevens: Kronieken geeft afwijkende overlijdensdatum 20 december in plaats van 20 november.		1	20.0	11.0
147	184	Dussen	van der	1.0	4.0	Arent Bruinsz.	0				1683.0	0	1742.0	0	Persoonsgegevens: Van der Lely geeft onjuist jaar van overlijden 1730.		1	20.0	6.0
148	185	Vredenburch	van	1.0	4.0	Adriaen Jacobsz.	0				1680.0	0	1759.0	0			1	5.0	11.0
149	186	Ingilby		1.0		Dirk Willemsz.	0				1690.0	0	1748.0	0			1		
150	187	Matenesse	van	1.0		Johan	1	Jonkheer	Matenesse	Riviere	1533.0	0	1602.0	0	"Persoonsgegevens: d'Ablaing van Giessenburg geeft afwijkend geboortejaar 1538; Wapenheraut geeft afwijkend jaar van overlijden tussen 1598 en 1600.
Ridderschap: Wapenheraut geeft afwijkend aanvangsjaar 1568.
Overig: Volgens Resolutiën der Staten-Generaal (zie institutionele toelichting Staten-Generaal) aanwezig bij vergaderingen 1593, 1595-1598, maar niet duidelijk of dat als ordinaris of extraordinaris gedeputeerde was. Geen benoeming door Staten van Holland aangetroffen."		1		
151	188	Wassenaer van Duvenvoirde	van	1.0		Johan	1	Jonkheer	Duvenvoorde	Woud, Starrenburg, Veur, Voorschoten	1577.0	0	1645.0	0	Heerlijkheden/adellijke huizen: verwerving Starrenburg, Veur 1600, Voorschoten 1615.		1	27.0	4.0
152	190	Dussen	van der	1.0		Ewout Jacobsz.	0				1574.0	0	1653.0	0	Buitenlandse adelstitels: ridder (land onbekend).		1	16.0	5.0
153	191	Goes	van der	1.0	4.0	Andries Adriaansz.	0		Naters		1619.0	0	1669.0	0			1	4.0	12.0
154	192	Goes	van der	1.0	4.0	Adriaan Andriesz.	0		Naters	Pancrasgors, Natendoele	1649.0	0	1721.0	0	Persoonsgegevens: Kronieken noemt hem Andries Adriaensz.		1	25.0	3.0
155	193	Santen	van	1.0		Gerrit Beuckelsz.	0					0	1634.0	0	"Persoonsgegevens: overlijdensdatum volgens Boitet, Nederlandsche Leeuw en Kronieken 16 juli 1635, volgens De Vries 16 juli 1634.
Overig: volgens Kronieken gecommitteerde in de Admiraliteit van Zeeland 1618-1631, maar dit wordt door andere bronnen niet bevestigd."		1	16.0	7.0
156	194	Duyst van Voorhout		1.0		Johan Hendriksz.	0				1581.0	0	1666.0	0			1	12.0	5.0
157	195	Vredenburch van Adrichem	van	1.0	4.0	Jacob Adriaensz.	0		Adrichem		1643.0	0	1714.0	0			1	5.0	10.0
158	196	Admiraal		1.0	4.0	Simon	0				1641.0	1	1724.0	0			1	2.0	3.0
159	197	Alewijn		1.0	4.0	Abraham	0				1707.0	0	1755.0	0			1	9.0	7.0
160	198	Bichon Visch		1.0	4.0	Jacob Bastiaan	0				1752.0	0	1834.0	0			1		
161	199	Bleyswijk	van	1.0	4.0	Johan	0				1684.0	0	1748.0	0	Persoonsgegevens: Algemeen Nederlandsch Familieblad en De Riemer geven afwijkende overlijdensdatum 13 in plaats van 14 april.		1	14.0	4.0
162	200	Broeck	van den	1.0	4.0	Willem	0		Vrijhoven		1647.0	0	1726.0	0			1	22.0	9.0
163	201	Buys		1.0	4.0	Berent Willem	0				1716.0	0	1763.0	0			1	5.0	5.0
164	202	Dierkens		1.0	4.0	Willem Hendrik	0				1711.0	0	1776.0	0			1	4.0	4.0
165	203	Does	van der	1.0	4.0	Johan	1				1694.0	0	1749.0	0			1	1.0	12.0
166	204	Fremeaux		1.0	4.0	Abraham Pieter	0				1755.0	0	1798.0	0			1		
167	205	Graafland		1.0	4.0	Gillis	0				1730.0	0	1796.0	0			1		
168	206	Graafland		1.0	4.0	Johan Philip	0				1756.0	0	1828.0	0			1		
169	207	Grande	de	1.0	4.0	Adriaan	0				1682.0	0	1763.0	0			1	9.0	8.0
170	208	Hees	van	1.0	4.0	Hendrik	0		de Tempel	Berkel en Rodenrijs	1684.0	0	1754.0	0	Heerlijkheden/adellijke huizen: verwerving Berkel en Rodenrijs 1744.		1	4.0	8.0
171	209	Hees	van	1.0	4.0	Anthony Hendrik	0		de Tempel	Berkel en Rodenrijs	1724.0	0	1768.0	0			1	17.0	9.0
172	210	Hoeufft		1.0	4.0	Pompejus	0				1702.0	0	1787.0	0			1	21.0	11.0
173	211	Hoog		1.0	4.0	Thomas	0				1716.0	0	1781.0	0			1	27.0	2.0
174	212	Hoop	van der	1.0	4.0	Cornelis	0				1716.0	0	1781.0	0			1	10.0	3.0
175	213	Hop		1.0	4.0	Cornelis	0				1620.0	0	1704.0	0			1	5.0	11.0
176	214	Hop		1.0	4.0	Johannes	0				1709.0	0	1772.0	0			1		
177	215	Nispen	van	1.0	4.0	Johan	0				1700.0	0	1776.0	0			1	7.0	1.0
178	216	Persijn	van	1.0	4.0	Govert Jan	0				1724.0	0	1809.0	0			1		
179	217	Rooseboom		1.0	4.0	Hubertus	0		Schrevelsrecht		1634.0	0	1722.0	0			1	4.0	10.0
180	218	Roovere	de	1.0	4.0	Pompejus	0				1664.0	0	1742.0	0			1	24.0	8.0
181	219	Ruster	van	1.0	4.0	Abraham	0				1704.0	0	1754.0	0	Persoonsgegevens: De Riemer geeft afwijkende overlijdensdatum 10 in plaats van 18 maart 1754.		1	18.0	3.0
182	220	Santheuvel	van den	1.0	4.0	Diederik	0				1665.0	0	1718.0	0			1	8.0	9.0
183	221	Santheuvel	van den	1.0	4.0	Adriaan	0				1701.0	0	1778.0	0			1	16.0	2.0
184	222	Schaep		1.0	4.0	Reinier	0				1656.0	0	1734.0	0			1	2.0	7.0
185	223	Scholten van Oud-Haarlem		1.0	4.0	Willem	0		Oud-Haarlem		1751.0	0	1816.0	0			1		
186	224	Spaan	van	1.0	4.0	Pieter	0				1748.0	0		0			1		
187	225	Sluysken		1.0	4.0	Willem	0		ter Horst		1673.0	0	1725.0	0			1	13.0	4.0
188	226	Visscher		1.0	4.0	Adolf	0				1686.0	0	1746.0	0			1	3.0	3.0
189	227	Vries	de	1.0	4.0	Feltrum	0				1659.0	0	1723.0	0	Persoonsgegevens: De Riemer geeft afwijkende overlijdensdatum 11 in plaats van 13 augustus 1723.		1	13.0	8.0
190	228	Bisdom	Wijckerheld	1.0	4.0	Dirk Rudolph	0				1740.0	0	1814.0	0			1	3.0	4.0
191	229	Gerlings		1.0	4.0	Cornelis	0				1699.0	0	1756.0	0			1	20.0	3.0
192	230	Haer	van der		4.0	Johan	0				1655.0	0	1726.0	0			1	2.0	1.0
193	231	Haer	van der	1.0	4.0	Nicolaas	0				1688.0	0	1742.0	0			1	22.0	11.0
194	232	Hartman		1.0	4.0	Charles Antonie	0				1747.0	0	1821.0	0			1		
195	233	Hees	van	1.0	4.0	Herman	0		Berkel en Rodenrijs		1728.0	0	1786.0	0			1	13.0	7.0
196	234	Pauw		1.0	4.0	Iman Maartensz.	0				1715.0	0	1779.0	0	Persoonsgegevens: De Nederlandsche Leeuw geeft afwijkend geboortejaar 1716.		1	1.0	8.0
197	235	Mol		1.0	4.0	Johan	0				1692.0	0	1750.0	0	Persoonsgegevens: De Riemer geeft afwijkende overlijdensdatum 3 in plaats van 2 april.		1	2.0	4.0
198	236	Mollerus		1.0	4.0	Adriaan	0		Westkerke	Wulpendaal	1740.0	0	1809.0	0			1		
199	237	Vallensis		1.0	4.0	Gerard	0				1685.0	0	1715.0	0	Persoonsgegevens: De Riemer geeft afwijkende overlijdensdatum 21 in plaats van 25 januari.		1	25.0	1.0
200	238	Velde	van der	1.0	4.0	Pieter	0					0	1710.0	0			1	1.0	4.0
201	239	Bisdom		1.0	4.0	Jacob	0				1696.0	0	1762.0	0	Persoonsgegevens: Algemeen Nederlandsch Familieblad geeft afwijkende overlijdensdatum 12 april in plaats van 12 mei.		1	12.0	5.0
202	240	Hoen	't	1.0	4.0	Ysbrant	0				1717.0	1	1788.0	0	Persoonsgegevens: begraven 4 juli 1788.		1		
203	241	Hofland		1.0	4.0	Andries	0					0	1730.0	0			1		
204	243	Vosmaer		1.0	4.0	Willem Carel	0				1749.0	0	1818.0	0			1	22.0	10.0
205	244	Wesele	van	1.0	4.0	Anthony	0		Oud-Haarlem	Kortenbossche	1701.0	0		0			1		
206	245	Wybo		1.0	4.0	Jan	0				1705.0	0	1761.0	0			1	29.0	11.0
207	246	Duyn van 's-Gravenmoer	van der	3.0		Adam Adriaan	1		's Gravenmoer	Benthorn	1683.0	0	1753.0	0			1	22.0	11.0
208	247	Bentinck van Rhoon		1.0		Willem	1		Rhoon en Pendrecht	Terrington	1704.0	0	1774.0	0	"Buitenlandse adelstitels: door keizer Karel VI op 29 december 1732 verheven tot graaf des Heiligen Roomse Rijk.
Heerlijkheden/adellijke huizen: verwerving Rhoon en Pendrecht 1713."		1	13.0	10.0
209	248	Boetzelaer	van den	1.0		Jacob Philip	1		Nieuwveen	Cranenbrouck	1711.0	0	1781.0	0	"Heerlijkheden/adellijke huizen: verwerving Nieuwveen 1737, Cranenbrouck 1730-1754.
Overig: in de lijst Fagel (zie institutionele toelichting Staten-Generaal) wordt Van den Boetzelaer als gedeputeerde ter Staten-Generaal in 1748 genoemd. Dit wordt echter door andere bronnen niet bevestigd."		1	26.0	4.0
210	249	Does van Noordwijk	van der	3.0		Wigbold Johan Theodoor	1		Noordwijk	Offem, Langeveld	1726.0	0	1787.0	0	Persoonsgegevens: Jaarboek van den Nederlandschen Adel geeft afwijkende overlijdensdatum 21 in plaats van 31 maart.		1	31.0	3.0
211	250	Wassenaer	van	4.0		Willem Lodewijk	1		Starrenburg	Ruiven, Maasland, Maassluis	1744.0	0	1833.0	0	"Binnenlandse adelstitel: 1815.
Buitenlandse adelstitels: graaf des Heiligen Roomse Rijk."		1	25.0	3.0
212	251	Slingelandt	van	1.0	4.0	Govert Barthoutsz.	0		Slingeland			0	1776.0	0	Buitenlandse adelstitels: baron des Heiligen Roomse Rijk.		1		
213	253	Burch	van der	1.0	4.0	Johan	0		Niemandsvriend			0	1771.0	0			1		
214	254	Egmond van Kenenburg	van	1.0		Jacob	1	Jonkheer	Kenenburg		1548.0	1	1618.0	0			1		
215	255	Muys van Holy		1.0		Hugo	0		Woud	Kethel en Spaland		0	1626.0	0	"Buitenlandse adelstitels: tot ridder verheven door Gustaaf-Adolf van Zweden 1617.
Heerlijkheden/adellijke huizen: verwerving Woud 1592, Kethel en Spaland 1624."		1	28.0	5.0
216	256	Slingelandt	van	1.0	4.0	Damas	0					0	1771.0	0			1		
217	257	Ourijck	Doll van	1.0	4.0	Caspar Balthazar	0					0	1777.0	0			1	20.0	5.0
218	258	Dussen	van der	1.0	4.0	Nicolaas	0		Oost-Barendrecht		1718.0	0	1770.0	0			1	13.0	1.0
219	259	Santheuvel	van den	1.0	4.0	Bartholomeus	0				1730.0	0	1784.0	0			1	27.0	6.0
220	260	Wall	van de	1.0	4.0	Pieter Hendrik	0				1737.0	0	1808.0	0	Persoonsgegevens: Nederland's Adelsboek geeft afwijkende overlijdensdatum 5 juli in plaats van 28 mei 1808.		1	28.0	5.0
221	261	Jonge	de	1.0		Willem Willemsz.	0					0	1604.0	0	Overig: het is onzeker of de functies van gecommitteerde raad (1596-1598) en gedeputeerde ter Staten-Generaal (1601-1604) bij één en dezelfde persoon horen. Volgens de indices op de resoluties van de Staten van Holland overleed de gecommitteerde raad vóór 15 december 1598, waarna hij vrijwel direct werd opgevolgd door T. Willemsz. de Witt. Zitting in Staten-Generaal van een Willem de Jong voor Dordrecht is echter blijkens de Resolutiën der Staten-Generaal (zie de institutionele toelichting Staten-Generaal) correct.		1		
222	263	Slingelandt	van	1.0	4.0	Barthout	0		Slingeland	Goidschalxoord	1731.0	0	1798.0	0	Buitenlandse adelstitels: baron des Heiligen Roomse Rijk.		1		
223	264	Bleyswijk	van	1.0	4.0	Ewout Evertsz.	0				1651.0	0	1723.0	0			1	9.0	5.0
224	265	Steyn		1.0	4.0	Pieter	0				1706.0	0	1772.0	0			1	11.0	11.0
225	266	Roo	de	1.0	4.0	Johan	0		Westmaas	Group		0	1792.0	0			1		
226	267	Bleyswijk	van	1.0	4.0	Franco Evertsz.	0				1644.0	0	1723.0	0	Vroedschap: ontslagen op eigen verzoek 1717.		1	12.0	3.0
227	268	Backus		1.0	4.0	Nicolaas	0		Nieuw-Beijerland		1741.0	0		0			1		
228	269	Tets	van	1.0	4.0	Arnoldus Adrianus	0		Oud- en Nieuw-Goudriaan	Langerak	1738.0	0	1792.0	0			1	28.0	12.0
229	270	Bleyswijk	van	1.0	4.0	Hendrik Ewoutsz.	0				1628.0	0	1703.0	0			1	20.0	8.0
230	271	Bleyswijk	van	1.0		Dirk Evertsz.	0					0	1631.0	0	Overig: Boitet en Kronieken vermelden ten onrechte dat Dirk Evertsz. gecommitteerde in de Rekenkamer ter Auditie van Holland in het Zuiderkwartier was vanaf 1605; dit was Adriaan Dirksz. Fyck van Bleyswijk.		1	18.0	7.0
231	272	Druyvesteyn		1.0	4.0	François Aernout	0				1703.0	0	1748.0	0			1	25.0	11.0
232	273	Bruijn	de	1.0	4.0	Gijsbert Jan	0		Rijnsaterwoude			0	1758.0	0			1	3.0	6.0
233	274	Dijk	van	1.0	4.0	Carel	0				1712.0	0	1780.0	0			1		
234	276	Parvé		1.0	4.0	Jan Frederik	0				1719.0	0	1787.0	0			1		
235	277	Camerling		1.0	4.0	Daniel Jan	0				1715.0	0	1767.0	0			1	11.0	9.0
236	278	Stoop		1.0	4.0	Nicolaas Jacobsz.	0					0	1694.0	0			1		
237	280	Huyghens		1.0	4.0	Joost	0				1723.0	0	1800.0	0			1	24.0	3.0
238	281	Hogendorp	van	1.0		Willem	0					0		0			1		
239	284	Patijn		1.0	4.0	Gijsbert Adriaan	0				1721.0	0	1790.0	0	Persoonsgegevens: Nederland's Patriciaat geeft afwijkend jaar van overlijden 1799.		1		
240	285	Clotterbooke		1.0	4.0	Casparus	0				1741.0	0	1817.0	0	Persoonsgegevens: Nieuw Nederlandsch Biografisch Woordenboek geeft afwijkend (vermoedelijk) geboortejaar 1720.		1		
241	286	Tromp		1.0	4.0	Harper Maartensz.	0				1627.0	0	1691.0	0			1	2.0	5.0
242	287	Riemsdijk	Faber van	1.0	4.0	Isebrandus Johannes	0				1746.0	0	1819.0	0			1		
243	288	Eckhart		1.0		Josias	0				1750.0	0	1798.0	0			1		
244	289	Bleyswijk	van	1.0	3.0	Abraham Cornelisz.	0				1686.0	0	1761.0	0			1	22.0	1.0
245	290	Dussen	van der	1.0	4.0	Arent Hendriksz.	0				1681.0	0	1760.0	0			1	7.0	12.0
246	291	Schuylenburch	van	1.0	4.0	Willem Jansz.	0				1698.0	0	1755.0	0			1	10.0	1.0
247	292	Acquet	d'	1.0	4.0	Hendrik Georgesz.	0				1692.0	0	1769.0	0	Persoonsgegevens: Algemeen Nederlandsch Familieblad geeft afwijkende overlijdensdatum 28 in plaats van 22 december.		1	22.0	12.0
248	293	Bleyswijk	van	1.0	4.0	Guilliaam Abrahamsz.	0				1701.0	0	1762.0	0			1	20.0	11.0
249	295	Lelij	van der	1.0	4.0	Willem Sybrandsz.	0				1698.0	0	1772.0	0			1	27.0	3.0
250	296	Pauw		1.0	4.0	Franco Maertensz.	0				1714.0	0	1776.0	0			1	15.0	7.0
251	297	Gael		1.0	4.0	Jacob Johansz.	0				1720.0	0	1780.0	0	Persoonsgegevens: De Nederlandsche Leeuw van 1915 geeft een afwijkende overlijdensdatum 30 april. 30 augustus uit De Nederlandsche Leeuw van 1906 en Kronieken is aannemelijker, gezien de begraafdatum van 4 september in daar genoemd, en het feit dat Gael in oktober 1780 wordt opgevolgd als gecommitteerde in de Admiraliteit op de Maze.		1	30.0	8.0
252	298	Heemskerck	van	1.0	3.0	Dirk Jansz.	0				1711.0	0	1782.0	0			1	29.0	12.0
253	299	Alderwerelt	van	1.0	4.0	Joan Carel Rugiersz.	0				1726.0	0	1791.0	0			1	20.0	6.0
254	300	Graswinckel		1.0	4.0	David Harmensz.	0				1732.0	0	1803.0	0			1		
255	301	Roo	de	1.0	4.0	Gaspar Joan Carelsz.	0				1731.0	0	1788.0	0	Persoonsgegevens: 'Joan Carelsz.' geheel als patroniem op te vatten.		1	8.0	9.0
256	302	Lidt de Jeude	van	1.0	4.0	Thomas Hendriksz.	0				1725.0	0	1811.0	0			1		
257	303	Verbrugge		1.0	3.0	Willem Bartholomeusz.	0				1728.0	0	1817.0	0			1		
258	304	Royen	van	1.0	4.0	Herman Johan	0				1742.0	0	1812.0	0			1		
259	305	Cunaeus		1.0	4.0	Petrus	0				1706.0	0	1763.0	0			1		
260	306	Raet	de	1.0	4.0	Dirk	0				1691.0	0	1759.0	0			1		
261	307	Leyden	van	1.0	4.0	Diderik	1		Vlaardingen	Vlaardingeramb., Babbersp., Nieuwenh. en Nieuwe Goote, West-Barendr. en Jacob Dammasamb., Hardinxv., Carnisse, Roxenisse en Onwaard, Oud- en N.-Craijerpolder, Oostvoorne, Rugge, Gr. en Kl. Oosterl., Rockanje en St. Annapolder en Schapengors, Craijenesse	1695.0	0	1764.0	0	Buitenlandse adelstitels: baron des Heiligen Roomse Rijk.		1	7.0	11.0
262	308	Buren	van	1.0	4.0	Hendrik	0				1711.0	0	1789.0	0			1		
263	309	Crucius		1.0	4.0	Adriaan	0				1718.0	0	1785.0	0			1		
264	310	Hubrecht		1.0	4.0	Jan	0				1718.0	0	1794.0	0			1		
265	311	Schrevelius		1.0	4.0	Theodorus	0				1719.0	0	1785.0	0			1		
266	312	Steen	van den	1.0	4.0	Jacob Bartram	0		Colverschoten		1726.0	0	1793.0	0			1	4.0	1.0
267	313	Leeuwen	van	1.0	4.0	Nicolaas	0				1735.0	0	1809.0	0	Vroedschap: ontslagen 1787.		1		
268	314	Burch	van der	1.0	4.0	Jan Louis	0				1753.0	0	1819.0	0			1		
269	315	Berkhout	Teding van	1.0	4.0	Pieter Jacob	0				1752.0	0	1790.0	0			1	30.0	3.0
270	316	Heusden	van	1.0	4.0	Adriaan	0				1739.0	0		0	Persoonsgegevens: overleden tussen 1795 en 1807.		1		
271	322	Strijen	van	1.0		Jacob	0				1706.0	0	1756.0	0			1	18.0	5.0
272	327	Geelvinck		1.0		Nicolaas	0		Stabroek		1732.0	0	1787.0	0			1	4.0	12.0
273	331	Groenendijk	van	1.0	4.0	Adriaan	0				1691.0	0	1768.0	0			1		
274	332	Zeebergh	van	1.0	4.0	Tieleman	0				1690.0	0	1754.0	0			1		
275	333	Quarles		1.0	4.0	Lodewijk	0				1719.0	0	1781.0	0			1	19.0	3.0
276	334	Burch	van der	1.0	4.0	Aelbrecht	0				1718.0	0	1783.0	0			1		
277	336	Twent van Raephorst		9.0	4.0	Adriaan Pieter	0		Raaphorst	Rozenburg	1745.0	0	1816.0	0	"Binnelandse adelstitels: Graaf van Rozenburg (1810)
Buitenlandse adelstitels: Comte (1811).
Overig: Twent werd op 6 juli 1806 benoemd tot Honorair Kamerheer van Lodewijk Napoleon."		1		
278	337	Noortberg		1.0	4.0	Johannes	0		Bleskensgraaf		1732.0	0	1792.0	0			1	16.0	10.0
279	338	Schepers		1.0		Willem	0				1684.0	0	1750.0	0			1	13.0	3.0
280	339	Baelde		1.0	4.0	Pieter	0				1711.0	0	1763.0	0	Persoonsgegevens: Algemeen Nederlandsch Familieblad geeft een van Engelbrecht (1 november) afwijkende overlijdensdatum 27 oktober, Jaarboek van het Centraal Bureau voor Genealogie 28 oktober.		1	1.0	11.0
281	340	Cordelois		1.0	4.0	Jan	0		Wiltenburg		1722.0	0	1780.0	0			1		
282	341	Hogendorp	van	1.0	4.0	Willem	0				1735.0	0	1784.0	0			1		
283	342	Staal	van der	1.0	4.0	Claudius	0				1737.0	0	1796.0	0			1		
284	344	Cattenburch	van	1.0	4.0	Dirk Lodewijk	0				1737.0	0	1800.0	0			1		
285	345	Weveringh		1.0	4.0	Anthonij Adriaensz.	0		Holy		1649.0	0	1720.0	0			1	31.0	8.0
286	346	Beresteyn van Hofdijck	van	1.0	4.0	Zacharias Cornelisz.	0		Middelharnis	Oostmoer	1623.0	0	1679.0	0			1	23.0	7.0
287	347	Bleyswijk	van	1.0	4.0	Diderik	0		Eeten	Meeuwen, Babyloniënbroek	1711.0	0	1763.0	0			1	19.0	6.0
288	348	Hemert	van	1.0	4.0	Johan Maurits	0		Eeten	Meeuwen, Babyloniënbroek	1692.0	0	1753.0	0	Vroedschap: Van Zomeren geeft afwijkend aanvangsjaar 1724.		1		
289	349	Schuijlenburch	van	1.0	4.0	Hendrik Dionisiusz.	0				1695.0	0	1768.0	0	Vroedschap: De Nederlandsche Leeuw geeft afwijkend aanvangsjaar 1724. Van der Lely merkt op dat hij pas in 1733 bij afstand van zijn vader formeel in de vroedschap kwam, maar 'hij neemt sessie in de vroedschap alsof 1726 daarinne al was gekoomen'.		1	29.0	5.0
290	350	Daeij		1.0	4.0	Adriaan Maerten	0				1724.0	0	1798.0	0			1	25.0	11.0
291	351	Bleyswijk	van	1.0	4.0	Abraham Dideriksz.	0		Eeten	Meeuwen, Babyloniënbroek	1735.0	0	1795.0	0			1		
292	352	Schuijlenburch	van	1.0	4.0	Dionys Hendrik	0				1736.0	0	1805.0	0			1		
293	353	Toulon	van	1.0	4.0	Lodewijk	0				1745.0	0		0			1		
294	354	Hannes	van Thije	1.0	4.0	Johan Abraham	0				1743.0	0	1829.0	0			1	16.0	6.0
295	355	Verboom		1.0		Thomas Dolegius Adriaan	0				1747.0	0		0			1		
296	356	Gennep	van	1.0		Johannes	0				1745.0	0	1805.0	0			1		
297	357	Mispelblom Beyer		1.0	4.0	Jacobus	0		Zuid-Scharwoude		1696.0	0	1757.0	0	"Vroedschap: op eigen verzoek ontslagen 1756.
Heerlijkheden/adellijke huizen: verwerving 1731."		1		
298	358	Vink		1.0	4.0	Arent	0					0		0	Vroedschap: op eigen verzoek ontslagen 1787.		1		
299	359	Schagen	van	1.0	4.0	Pieter	0					0	1766.0	0			1	2.0	4.0
300	360	Tromer		1.0		Isaac	0					0		0	Persoonsgegevens: geslachtsnaam in Kronieken onjuist 'Fromer'.		1		
301	361	Elias		1.0		Gerbrand	0				1699.0	0	1757.0	0			1		
302	362	Nooten	van	1.0	4.0	Jan	0				1715.0	0	1760.0	0			1		
303	363	Peursum	van	1.0	3.0	Gijsbert	0				1686.0	0	1760.0	0			1		
304	364	Warry		1.0	4.0	George Marcus	0				1710.0	0	1765.0	0			1		
305	365	Sandra		1.0		Albertus Johannes	0				1727.0	0	1783.0	0			1	27.0	5.0
306	366	Preuijt		1.0		Jan	0		Oudenhoorn		1729.0	1	1800.0	0			1		
307	367	Gevaerts		1.0	4.0	Ocker Johansz.	0				1731.0	0	1799.0	0			1		
308	368	Verwer		1.0		Cornelis Heyndricksz.	0				1631.0	0	1691.0	0			1	15.0	5.0
309	369	Benningbroek		1.0		Johannes	0				1694.0	0	1752.0	0			1	9.0	5.0
310	370	Sijms		1.0		Adriaan	0				1621.0	0	1686.0	0			1	6.0	9.0
311	371	Baert		1.0		Willem Jacobsz.	0				1636.0	0	1684.0	0			1	28.0	1.0
312	372	Does	van der	1.0		Dirck	0				1642.0	0	1693.0	0	Vroedschap: ontslag 1674 wegens benoeming tot schout.		1	4.0	6.0
313	373	Schagen		1.0	4.0	Adriaen	0				1633.0	0	1699.0	0			1	8.0	4.0
314	374	Egmond van de Nijenburgh	van	1.0		Gerard	1	Jonkheer	Petten	Nolmerban, den Engh	1646.0	0	1712.0	0	"Persoonsgegevens: de adeldom van de familie Van Egmond van de Nijenburg was omstreden, zie J. Belonje, 'De afkomst van het geslacht Van Egmond van de Nyenburg', in: Jaarboek van het Centraal Bureau voor Genealogie deel 9 (1955) 39-76.
Heerlijkheden/adellijke huizen: verwerving Petten 1691, Nolmerban 1691."		1		
315	377	Baert		1.0	4.0	Johan Jacobsz.	0				1651.0	0	1721.0	0			1		
316	378	Assendelft		1.0	3.0	Sijmon	0				1645.0	0	1722.0	0			1	21.0	4.0
317	379	Oudensteyn	van	1.0	4.0	Jacob	0				1660.0	1	1735.0	0	Vroedschap: ontslag op eigen verzoek 1727.		1	27.0	3.0
318	380	Schagen		1.0		Jan Jansz.	0				1666.0	1	1725.0	0			1	13.0	12.0
319	381	Daey		1.0	4.0	Hendrik Jr.	0				1679.0	0	1735.0	0	Persoonsgegevens: Wapenheraut en Bruinvis geven afwijkende overlijdensdatum 30 april 1736.		1		
320	382	Mieden	van der	1.0	4.0	Aris	0				1665.0	0	1739.0	0			1	15.0	5.0
321	383	Saskerus		1.0	4.0	Theodorus	0				1688.0	1	1762.0	0	Persoonsgegevens: overlijden mogelijk op 12 juli 1762.		1	11.0	7.0
322	384	Eijck	van	1.0		Cornelis	0				1680.0	0	1751.0	0	Vroedschap: Bossaers geeft 1751 als eindjaar, maar blijkens Bruinvis is van Eijck in 1749 uit het college verwijderd.		1		
323	385	Ras		1.0	4.0	Emanuel	0				1694.0	0	1761.0	0			1	16.0	10.0
324	386	Kloek		1.0	4.0	Gerrit	0				1703.0	0	1760.0	0			1	29.0	2.0
325	387	Hooghcamer	Lycochthon	1.0	4.0	Jacob	0				1697.0	0	1763.0	0			1	7.0	1.0
326	388	Menssingh		1.0	3.0	Johannes	0				1700.0	0	1775.0	0			1	18.0	6.0
327	389	Elias		1.0		Cornelis	0				1696.0	0	1765.0	0			1	21.0	8.0
328	390	Carpentier	de	1.0	4.0	Johan Hendrik	0				1709.0	0	1777.0	0	Persoonsgegevens: begraven 3 juni 1777.		1		
329	391	Ouwens		1.0	4.0	Pieter	0				1720.0	0	1786.0	0			1	10.0	12.0
330	392	Foreest	van	1.0	4.0	Dirk	1		Schoorl	Camp	1729.0	0	1782.0	0			1		
331	393	Kloek		1.0	4.0	Willem Jacob	0				1733.0	0	1811.0	0	Vroedschap: ontslagen 1788.		1	3.0	12.0
332	394	Binkhorst		1.0	4.0	Pieter	0				1740.0	0	1810.0	0			1		
333	395	Homrigh	van	1.0	4.0	Isaac	0				1753.0	0		0			1		
334	396	Rooleeuw l'Epie		1.0	4.0	Dirk	0				1734.0	0		0			1		
335	398	Fabricius		1.0	4.0	Willem	0		Santhorst	Almkerk, Sandwijk, Uppel en Doorn	1709.0	0	1749.0	0	Heerlijkheden/adellijke huizen: verwerving Santhorst 1729, Uppel en Doorn 1734.		1		
336	401	Fabricius		1.0		Arent Meyndertz.	0				1547.0	1	1624.0	0			1	19.0	12.0
337	402	Fabricius		1.0		Arent	0				1609.0	0	1645.0	0			1	3.0	6.0
338	403	Pauw		1.0		Franco	0				1661.0	0	1724.0	0			1	3.0	5.0
339	404	Thierens		1.0	4.0	Nicolaes	0				1686.0	0	1721.0	0	Persoonsgegevens: De Nederlandsche Leeuw geeft overlijdensdatum 3 januari 1722, maar dat is waarschijnlijk de begraafdatum. De index op de resoluties van de Raad van Brabant (zie Bronnen) geeft overlijden eind december 1721.		1		12.0
340	405	Thierens		1.0	4.0	Gerard	0				1676.0	0	1738.0	0			1	1.0	5.0
341	406	Heym	van der	1.0	4.0	Anthony Gerritsz.	0				1653.0	0	1714.0	0			1	12.0	12.0
342	407	Kinschot	van	1.0	4.0	Gasper Zegersz.	0				1522.0	0	1603.0	0	Overig: was tresorier van stadhouder Maurits.		1	11.0	12.0
343	408	Dedel		1.0	4.0	Johan	0				1588.0	0	1665.0	0			1	22.0	3.0
344	409	Vallensis		1.0	4.0	Jacob	0		Middelharnis		1646.0	0	1725.0	0	Persoonsgegevens: De Riemer geeft afwijkende overlijdensdatum 17 in plaats van 15 februari.		1	15.0	2.0
345	410	Kinschot		1.0	4.0	Gaspar	0				1592.0	0	1654.0	0			1	5.0	7.0
346	411	Meerman		1.0		Dirk Gerritz.	0					0	1631.0	0			1	16.0	8.0
347	412	Graaff	van der	1.0		Albert Arentsz.	0				1606.0	0	1684.0	0			1	31.0	3.0
348	414	Beaumont	van	1.0	4.0	Simon	0				1640.0	0	1726.0	0			1	8.0	2.0
349	415	Jonge van Ellemeet	de	1.0	4.0	Cornelis	0		Ellemeet	Elkerzee, Poortvliet, Kloetinge, Schipluiden, Hodenpijl, St. Maartensrecht, Dalen  etc.	1646.0	0	1721.0	0			1	12.0	5.0
350	416	Veer	de	1.0	4.0	Johan	0		Callantsoog		1640.0	0	1717.0	0	Persoonsgegevens: Graswinckel geeft onjuist jaar van overlijden 1716, zoals blijkt uit een resolutie van de Generaliteits-Rekenkamer van 2 april 1717 (zie Bronnen).		1	1.0	4.0
351	417	Bije	de	1.0	4.0	Nicolaes	0				1610.0	0	1675.0	0	"Persoonsgegevens: de index op de resoluties van de Staten van Holland geeft overlijdensdatum 19 februari 1675, De Nederlandsche Leeuw 1928 in 1676, en De Riemer 16 februari 1675. De laatste datum sluit het beste aan bij de aanvangsdatum van opvolger in de Hoge Raad Hop.
Overig: was ten tijde van zijn verkiezing tot raadsheer in de Hoge Raad pensionaris van Monnickendam."		1	16.0	2.0
352	418	Dierkens		1.0	4.0	Salomon	0				1641.0	0	1703.0	0			1	11.0	9.0
353	419	Gael		1.0	4.0	Johan	0				1672.0	0	1731.0	0			1	16.0	3.0
354	420	Kinschot	van	1.0	4.0	Anthonij Gunther	0				1638.0	0	1700.0	0			1	9.0	2.0
355	421	Boeij		1.0	4.0	Cornelis	0				1686.0	0	1759.0	0			1	22.0	3.0
356	422	Strijen	van	1.0	4.0	Quirijn	0				1648.0	0	1719.0	0			1	24.0	10.0
357	423	Goes	van der	1.0	4.0	Franc	0				1687.0	0	1767.0	0			1		
358	425	Wilhem	le Leu de	1.0	4.0	Daniël Adriaan	0		Waalwijk	Besoijen, Berlicum, Middelrode, Kaathoven	1737.0	0	1766.0	0	Persoonsgegevens: Algemeen Nederlandsch Familieblad geeft een leeftijd van 26 jaar bij bij overlijden, wat een geboortejaar van 1739 of 1740 zou betekenen.		1	23.0	11.0
359	427	Wilhem	le Leu de	1.0	4.0	David	0				1588.0	0	1658.0	0	Overig: was voorafgaand aan benoeming tot raadsheer in de Raad van Brabant raad van de prins van Oranje (Frederik Hendrik).		1	27.0	1.0
360	428	Kinschot	van	1.0	4.0	Roeland	0		Kinschot	Nieuwerkerk	1624.0	0	1701.0	0	Heerlijkheden/adellijke huizen: verwerving Kinschot 1670.		1	4.0	2.0
361	429	Persijn	van	1.0	4.0	Willem	0				1655.0	0	1733.0	0			1	2.0	1.0
362	430	Perponcher Sedlnitsky	de	3.0	4.0	Jacobus Arnoldus	1		Ellewoutsdijk	Wolfaartsdijk, Everinge	1692.0	0	1771.0	0	"Persoonsgegevens: Nederland's Adelsboek geeft onjuist jaar van overlijden 1761.
Heerlijkheden/adellijke huizen: verwerving 1733."		1	14.0	11.0
363	431	Scott		1.0	4.0	Joan	0				1674.0	0	1740.0	0			1	11.0	10.0
364	432	Hoeufft		1.0	4.0	Henrik	0				1747.0	0	1823.0	0			1		
365	433	Parvé	Steyn	1.0	4.0	Daniël Jan	0				1757.0	0	1831.0	0			1	13.0	10.0
366	434	Lodensteyn	van	1.0	4.0	Evert Jansz.	0				1599.0	0	1668.0	0			1	29.0	1.0
367	435	Schilperoort		1.0		Robrecht Ewoutsz.	0					0	1614.0	0	"Persoonsgegevens: geboren vóór 1561. Boitet geeft overlijden 19 december, De Vries 19 september.
Vroedschap: Boitet geeft aanvang 1590, De Vries 1589."		1	19.0	9.0
368	436	Groenewegen	van	1.0	4.0	Arlewijn Simonsz.	0				1591.0	0	1648.0	0	Persoonsgegevens: Kronieken geeft overlijden 1648, maar mogelijk 1658. Het gegeven echter dat Groenewegen in 1648 vóór het einde van zijn zittingstermijn werd opgevolgd in Gecommitteerde Raden van Holland in het Zuiderkwartier, maakt dat jaar het meest waarschijnlijk.		1	18.0	6.0
369	437	Burch	van der	1.0		Hendrik Aemsz.	0					0	1591.0	0			1	2.0	2.0
370	438	Meerman		1.0		Frans Dirksz.	0				1590.0	0	1657.0	0			1	20.0	9.0
371	439	Santen	Duyst van	1.0	4.0	Willem Fransz.	0					0	1610.0	0			1	13.0	12.0
372	440	Steelant	van	1.0	4.0	Johan Frederik	0				1730.0	0	1785.0	0			1	29.0	11.0
373	441	Rijgersbos		1.0	4.0	Anthony Jan	0				1748.0	0	1789.0	0			1	24.0	10.0
374	442	Teffelen	van	1.0		Hendrick Vechtersz.	0				1555.0	0	1621.0	0			1		
375	443	Fabricius		1.0		Willem	0				1613.0	0	1661.0	0			1	24.0	2.0
376	444	Schatter		1.0		Ysbrant	0				1622.0	0	1683.0	0			1		
377	445	Schatter		1.0		Pieter	0				1650.0	0	1718.0	0	Persoonsgegevens: Naam-register geeft afwijkende overlijdensdatum 24 in plaats van 21 februari 1718.		1	21.0	2.0
378	446	Hoogtwoud		1.0	4.0	Joan	0					0	1684.0	0			1	20.0	2.0
379	447	Merens		1.0	4.0	Meijndert	0				1622.0	0	1681.0	0			1	10.0	1.0
380	448	Luyts		1.0		Pieter Jansz.	0					0		0			1		
381	449	Suchtelen	van	1.0		Dirck	0				1617.0	0	1691.0	0			1	31.0	10.0
382	450	Coninck		1.0	4.0	Nicolaas	0				1638.0	0	1696.0	0			1	22.0	1.0
383	451	Bredehoff	van	1.0	4.0	François	0		Pijlsweert	Oosthuizen, Etershem, Hobrede, Schardam, Kwadijk	1648.0	0	1721.0	0	Heerlijkheden/adellijke huizen: verwerving Pijlsweert 1682, Kwadijk 1686.		1	14.0	5.0
384	452	Graaff	van der	1.0	4.0	Pieter	0				1648.0	0	1708.0	0			1	26.0	9.0
385	453	Merens		1.0	4.0	Allard	0				1663.0	0	1716.0	0			1	12.0	6.0
386	454	Wybo		1.0	4.0	Jacob Josias	0				1652.0	0	1719.0	0			1		
387	455	Velius		1.0		Cornelis	0				1651.0	0	1717.0	0			1	16.0	5.0
388	456	Hoogtwoud		1.0		Joan	0					0	1712.0	0			1	23.0	7.0
389	457	Vicq	de	1.0	4.0	Gerbrant	0				1674.0	0	1712.0	0			1	21.0	11.0
390	459	Velius		1.0		Cornelis Dirksz.	0				1675.0	0	1739.0	0			1	16.0	4.0
391	460	Boterpot		1.0		Joan	0					0	1720.0	0			1	29.0	9.0
392	461	Opperdoes		1.0	3.0	Pieter	0					0	1730.0	0			1	30.0	10.0
393	462	Abbekerk		1.0	4.0	Floris	0				1674.0	0	1748.0	0	Persoonsgegevens: Algemeen Nederlandsch Familieblad geeft onjuist jaar van overlijden 1746.		1	25.0	1.0
394	463	Akerlaken	van	1.0	4.0	Cornelis Christoffel	0				1694.0	0	1769.0	0	Persoonsgegevens: Algemeen Nederlandsch Familieblad geeft afwijkende overlijdensdatum 27 in plaats van 28 maart.		1	28.0	3.0
395	464	Vrij	de	1.0		Nicolaas	0				1670.0	0	1751.0	0			1	19.0	11.0
396	465	Foreest	van	1.0	4.0	Cornelis	1		Schoorl	Camp	1704.0	0	1761.0	0	Heerlijkheden/adellijke huizen: verwerving Camp 1743.		1	11.0	8.0
397	466	Gerlings		1.0		Willem	0				1696.0	0	1766.0	0	Vroedschap: ontslagen 1748.		1		
398	467	Six		1.0	4.0	Willem	0				1692.0	0	1757.0	0			1		
399	468	Honert	van den	1.0	4.0	Johan	0				1682.0	0	1743.0	0	"Persoonsgegevens: De Nederlandsche Leeuw geeft overlijdensdatum 22, de resoluties van de Raad van Brabant 23 mei.
Buitenlandse adelstitels: baron des Heiligen Roomse Rijk."		1	23.0	5.0
400	469	Gerlacius van Guiva		1.0	4.0	Johan Herman	0		Stedum	Nittersum	1717.0	0	1774.0	0	Heerlijkheden/adellijke huizen: verwerving 1762.		1	3.0	5.0
401	470	Eck	van	1.0	4.0	Lambert Engelbert	0				1754.0	0	1803.0	0	Overig: op 19 maart 1799 werd Van Eck benoemd in het Departementaal Gerechtshof van de Delf, dat echter nooit heeft gefunctioneerd.		1		
402	471	Stralen	van	1.0	4.0	Hendrik	0				1751.0	0	1822.0	0	Overig: het is niet geheel zeker dat de functies van advocaat-fiscaal van de Admiraliteit in het Noorderkwartier en secretaris van gecommitteeerde raden bij dezelfde persoon horen.		1	6.0	11.0
403	472	Buteux		1.0	4.0	Nicolaas Jacob	0				1735.0	0	1797.0	0			1		
404	473	Swellengrebel		1.0	4.0	Johan Hendrik	0				1757.0	0	1842.0	0			1	26.0	12.0
405	474	Haer	van der	1.0	4.0	Bonifacius	0				1663.0	0	1734.0	0			1	25.0	12.0
406	475	Berkhout		1.0	4.0	Herman	0				1702.0	0	1761.0	0			1	23.0	7.0
407	476	Verschuer		1.0	4.0	Francois Adriaan	0				1700.0	0	1771.0	0			1	4.0	7.0
408	477	Binkhorst		1.0		Pieter	0				1700.0	0	1777.0	0			1	31.0	5.0
409	478	Hellingman		1.0		Lambertus	0				1732.0	0	1781.0	0			1	3.0	9.0
410	479	Foreest	van	1.0		Nanning	1				1740.0	0	1794.0	0			1		
411	480	Bredehoff	van	1.0	4.0	Joan	0		Pijlsweert	Oosthuizen	1729.0	0	1795.0	0	Heerlijkheden/adellijke huizen: verwerving Pijlsweert 1749-1762, Oosthuizen 1762.		1	1.0	11.0
412	481	Opperdoes		1.0	4.0	Pieter	0				1735.0	0	1803.0	0			1	9.0	7.0
413	482	Gent	van	1.0	4.0	Joan	0				1630.0	0	1706.0	0			1	20.0	11.0
414	483	Ham		1.0		Johan	0				1621.0	0	1677.0	0			1	27.0	9.0
415	484	Admiraal		1.0		Dirck	0					0	1691.0	0			1	26.0	11.0
416	485	Vries	de	1.0		Joan	0				1634.0	0	1689.0	0			1	28.0	11.0
417	486	Proost		1.0	4.0	Walich	0				1625.0	0	1709.0	0			1	5.0	7.0
418	487	Compostel		1.0	4.0	Jacob	0				1643.0	0	1693.0	0			1	18.0	5.0
419	488	Mossel		1.0		Meynard	0				1627.0	0	1712.0	0			1	27.0	7.0
420	489	Hagha		1.0	4.0	Joan	0				1653.0	0	1714.0	0			1	24.0	12.0
421	490	Haak		1.0		Simon	0				1632.0	0	1705.0	0			1	28.0	4.0
422	491	Moeskoker		1.0	4.0	Gerard	0				1646.0	0	1713.0	0			1		
423	492	Verbruggen		1.0		Joan	0				1655.0	0	1728.0	0			1	23.0	6.0
424	493	Loosen	van	1.0		Joan Pietersz.	0				1660.0	0	1724.0	0			1		
425	494	Ris		1.0		Nicolaas	0				1663.0	0	1730.0	0			1	17.0	3.0
426	495	Buyskes		1.0		Pieter	0				1666.0	0	1743.0	0			1	29.0	11.0
427	496	Duyvensz.		1.0	4.0	Augustinus	0				1664.0	0	1730.0	0			1	1.0	5.0
428	497	Vossen	van	1.0	4.0	Pieter	0				1670.0	0	1727.0	0			1		
429	498	Baanman		1.0		Heero	0				1660.0	0	1744.0	0			1		
430	499	Kluppel		1.0	4.0	Andries	0				1695.0	0	1773.0	0			1		
431	500	Semeijns van Loosen		1.0		Dirk	0				1696.0	0	1757.0	0			1	10.0	7.0
432	501	Appelman		1.0		Engel	0				1691.0	0		0			1		
433	502	Minne		1.0		Jan	0				1683.0	0	1764.0	0			1	21.0	10.0
434	503	Vossen	van	1.0	4.0	Andries	0				1694.0	0	1774.0	0			1	8.0	7.0
435	504	Jong	de	1.0		Willem	0				1693.0	0	1767.0	0			1		
436	505	Hagha		1.0		Frederik	0				1684.0	0	1762.0	0			1	23.0	2.0
437	506	Schaak	van	1.0		Andries	0				1700.0	0	1764.0	0	Persoonsgegevens: overleden tussen 30 juni en 1 september 1764.		1		
438	507	Verbruggen		1.0	4.0	Frederik	0				1696.0	0	1776.0	0			1	20.0	5.0
439	508	Bleyswijk	van	1.0	4.0	Adriaan	0				1709.0	0	1779.0	0	Persoonsgegevens: Algemeen Nederlandsch Familieblad geeft afwijkende overlijdensdatum 23 in plaats van 21 september.		1	21.0	9.0
440	509	Pan		1.0	4.0	Everhard	0				1716.0	0	1794.0	0			1	14.0	3.0
441	510	Som		1.0		Pieter	0				1703.0	0	1778.0	0			1		
442	511	Raarda		1.0		Hendrik	0				1719.0	0	1799.0	0			1	11.0	1.0
443	513	Jongh van Persijn	de	1.0		Anthony Jacob	0				1734.0	0	1790.0	0			1	25.0	1.0
444	514	Vries	de	1.0		Nicolaas Hendrik	0				1729.0	0	1809.0	0			1		
445	515	Oossaanen		1.0		Dirck Outgersz.	0					0	1685.0	0			1		
446	516	Pronk		1.0		Claes Hillebrandsz.	0					0	1681.0	0			1		
447	517	Groot		1.0		Pieter Cornelisz.	0					0	1682.0	0			1		
448	518	Baan		1.0		Claas	0					0	1700.0	0			1		
449	519	Pont		1.0		Frederik	0				1641.0	0	1703.0	0			1	23.0	5.0
450	520	Wappers		1.0		Pouwels Jacobsz.	0					0	1705.0	0			1		
451	521	Putoor		1.0		Heijn Jansz.	0					0	1702.0	0			1	8.0	6.0
452	522	Brasker		1.0		Theunis Jansz.	0				1646.0	0	1701.0	0			1		
453	523	Buijsman		1.0		Reijer Claasz.	0					0	1695.0	0			1		
454	524	Veen		1.0		Pieter Jansz.	0				1629.0	0	1715.0	0			1	1.0	4.0
455	525	Beets		1.0		Jurriaan	0				1658.0	0	1710.0	0			1		
456	526	Houttuijn		1.0	4.0	Anthonij Jansz.	0				1660.0	0	1720.0	0			1		
457	527	Wit		1.0		Thijs Bastiaansz.	0				1655.0	0	1728.0	0			1		
458	528	Maasbergen		1.0		Daniel Cornelisz.	0				1663.0	0	1723.0	0			1		
459	529	Blok		1.0	4.0	Volkert	0				1653.0	0	1714.0	0			1	10.0	12.0
460	530	Dekker		1.0		Claas Pietersz.	0				1656.0	0	1729.0	0			1		
461	531	Trom		1.0		Jacob Simonsz.	0				1658.0	0	1723.0	0			1		
462	532	Boot		1.0		Roelof Harmensz.	0				1684.0	0	1761.0	0			1	5.0	3.0
463	533	Reijntjes		1.0		Frans Jansz.	0				1698.0	0	1751.0	0			1		
464	534	Houttuijn		1.0	4.0	Nicolaas	0				1695.0	0	1767.0	0			1		
465	535	Pont		1.0		Boudewijn	0				1685.0	0	1753.0	0			1		
466	536	Leoninus		1.0	4.0	Johannes	0				1711.0	0		0			1		
467	537	Kaatjes		1.0		Jan	0				1699.0	0	1760.0	0			1		
468	538	Bost		1.0		Nicolaas Jansz.	0				1706.0	0	1766.0	0			1	7.0	8.0
469	539	Teengs		1.0		Anthonij	0				1713.0	0	1796.0	0			1	6.0	3.0
470	540	Horn		1.0		Jacob Thijsz.	0				1712.0	0	1782.0	0			1		
471	541	Leij	van der	1.0		Vincent	0				1732.0	0	1802.0	0			1		
472	542	Lakeman		1.0	4.0	Gerrit Jacob	0				1733.0	0	1805.0	0			1		
473	543	Ketel		1.0		Jan Pietersz.	0					0	1697.0	0	Persoonsgegevens: begaven op 8 oktober 1697.		1		
474	544	Baen		1.0		Jacob Adriaensz.	0				1610.0	0	1701.0	0			1	24.0	3.0
475	545	Sanen	van	1.0	4.0	Pieter Claasz.	0					0	1682.0	0			1		
476	546	Thamis		1.0		Jan Fransz.	0				1626.0	0	1692.0	0	Persoonsgegevens: begraven 29 januari 1692.		1		1.0
477	547	Rijser		1.0	3.0	Reijnier	0					0	1688.0	0	Persoonsgegevens: begraven 28 mei 1688.		1		5.0
478	548	Houtingh		1.0	4.0	Nicolaas	0					0	1689.0	0	"Persoonsgegevens: begraven 8 oktober 1689. 
Vroedschap: Bossaers geeft ten onrechte aaneensluitende zittingstermijn 1670-1689."		1		
479	549	Sluijs		1.0		Jacob Pietersz.	0					0	1691.0	0	Persoonsgegevens: begraven 16 mei 1691.		1		5.0
480	550	Berkhout	Teding van	1.0	4.0	Joan	0		Sliedrecht		1648.0	0	1720.0	0			1		
481	551	Houtingh		1.0	4.0	Pieter Willemsz.	0					0	1699.0	0			1		
482	552	Houtingh		1.0	4.0	Pieter Pietersz.	0					0	1695.0	0	Persoonsgegevens: begraven 19 juli 1695.		1		7.0
483	553	Poel	van der	1.0		Jan	0					0	1717.0	0	"Persoonsgegevens: overlijdens- of begraafdatum kan niet definitief worden vastgesteld wegens een hiaat in de begraafregisters (Jaarverslag Oud Monnickendam; verificatie bij auteur L. Appel).
Vroedschap: Jaarverslag Oud Monnickendam geeft 1718 als eindjaar (wegens overlijden). 
Vroedschap: zie persoonsgegevens."		1		
484	554	Ketel		1.0		Jacob Jansz.	0					0	1732.0	0	Persoonsgegevens: begraven 19 februari 1732.		1		2.0
485	555	Sanen	van	1.0		Arent	0				1660.0	0	1716.0	0	Persoonsgegevens: begraven 24 augustus 1716.		1		8.0
486	556	Baen		1.0	4.0	Pieter	0					0	1705.0	0	Persoonsgegevens: begraven 14 november.		1		11.0
487	557	Pereboom		1.0		Arent	0				1661.0	1		0			1		
488	558	Sijes		1.0		Jan	0				1655.0	1	1707.0	0	Persoonsgegevens: begraven 4 juli 1707.		1		
489	559	Sluijs		1.0		Jan	0					0	1711.0	0	Persoonsgegevens: begraven 19 februari 1711.		1		2.0
490	560	Bloem		1.0		Claes Cornelisz.	0					0	1716.0	0	Persoonsgegevens: begraven 20 februari.		1		2.0
491	561	Maclaine		1.0	4.0	Charles Anthony	0				1760.0	0		0	Persoonsgegevens: leefde nog in 1816.		1		
492	562	Kempenaer	de	1.0	4.0	Johan	0				1707.0	0	1771.0	0			1	30.0	4.0
493	563	Snels		1.0	4.0	Mattheus	0					0	1672.0	0			1	30.0	7.0
494	564	Does	van der	1.0	4.0	Pieter	0				1646.0	0	1713.0	0			1	26.0	5.0
495	565	Doudijns		1.0	4.0	Huybert	0				1628.0	0	1680.0	0			1		
496	566	Olycan		1.0		Pieter	0				1572.0	0	1658.0	0			1		
497	568	Slingelandt	van	1.0	4.0	Johan Diederik	0		Crabbenhof		1703.0	0	1757.0	0	Buitenlandse adelstitels: baron des Heiligen Roomse Rijk vanaf geboorte, via zijn vader.		1	19.0	12.0
498	569	Roos		1.0		Jan	0					0	1718.0	0	Persoonsgegevens: Bossaers geeft 1717 als het jaar van overlijden en daarmee van het einde vroedschapsperiode. Het juiste jaar geeft het Jaarverslag Oud Monnickendam (verificatie bij auteur L. Appel). begraven 15 februari 1718.		1		
499	570	Berkhout	Teding van	1.0	4.0	Jacob	0				1687.0	0	1729.0	0	Persoonsgegevens: begraven 18 augustus 1729.		1		8.0
500	571	Teengs		1.0		Nicolaas	0				1688.0	0	1752.0	0	"Persoonsgegevens: begraven 28 november 1752. 
Vroedschap: op eigen verzoek ontslagen 1751."		1		11.0
501	572	Drebbel		1.0		Albert Jansz.	0				1683.0	1	1748.0	0			1		
502	573	Tijssen		1.0		Claas	0				1690.0	1		0	Vroedschap: op eigen verzoek ontslagen 1751.		1		
503	574	Houtingh		1.0	4.0	Willem	0				1698.0	0	1763.0	0	Persoonsgegevens: begraven 7 juli 1763.		1		
504	575	Braer		1.0		Cornelis	0				1699.0	0	1767.0	0	Persoonsgegevens: begraven 16 oktober 1767.		1		10.0
505	576	Houtingh		1.0		Nicolaas	0				1706.0	0		0	Vroedschap: op eigen verzoek ontslagen 1761.		1		
506	577	Boon		1.0		Dirk	0				1695.0	0	1759.0	0	Persoonsgegevens: begraven 29 augustus.		1		8.0
507	578	Bruijn		1.0		Nicolaas	0				1729.0	0	1790.0	0	Persoonsgegevens: begraven 25 december 1790.		1		12.0
508	579	Dalen	van	1.0		Frans Adriaansz.	0				1737.0	0	1776.0	0	Persoonsgegevens: begraven 27 juli 1776.		1		7.0
509	580	Mostert		1.0		Willem	0				1723.0	0	1790.0	0	Persoonsgegevens: begraven 12 augustus 1790.		1		
510	581	Leeuw	de	1.0	4.0	Dirk	0				1739.0	0		0			1		
511	582	Claus		1.0		Dirk	0				1734.0	0		0	Vroedschap: ontslagen 1788.		1		
512	583	Houtingh		1.0		Pieter Willemsz.	0				1736.0	0		0	Vroedschap: ontslagen 1788.		1		
513	584	Hoogtwoud		1.0		Jacob	0					0	1681.0	0			1		
514	585	Doncker		1.0		Evert	0					0		0			1		
515	586	Wolff	van der	1.0		Ewoud Maertensz.	0					1		0			1		
516	587	Kaswijck		1.0		Adriaan Mieusz.	0					1		0			1		
517	588	Brouwer		1.0	4.0	Nicolaas	0					0		0			1		
518	589	Brouwer		1.0		Albert Reijniersz.	0					0		0			1		
519	590	Lantman		1.0		Jacob Pietersz.	0					0		0			1		
520	591	Wallendal	van	1.0	4.0	Gaspar	0				1660.0	0	1713.0	0			1	21.0	6.0
521	592	Verwer (Hooghlant)		1.0	4.0	Cornelis	0				1656.0	0	1702.0	0			1		
522	593	Cos		1.0		Josias	0				1664.0	0	1710.0	0			1		
523	594	Houttuijn		1.0		Dirk Dirksz.	0				1659.0	0	1744.0	0	Vroedschap: Gens Nostra geeft 1694 als aanvangsjaar.		1		
524	595	Oostwouder		1.0		Nicolaas	0				1673.0	0	1738.0	0			1		
525	596	Kuijper		1.0		Jan	0					0	1719.0	0			1		
526	597	Zee	de	1.0		Dirk	0				1667.0	0	1716.0	0			1		
527	598	Amelenbergh		1.0		Nicolaas	0				1664.0	0	1717.0	0			1		
528	599	Zee	de	1.0		Jan Jansz.	0				1667.0	0	1733.0	0			1		
529	600	Vaal		1.0		Jacob	0				1661.0	0	1725.0	0			1		
530	601	Backer		1.0		Claas Jacobsz.	0					0	1725.0	0			1		
531	602	Spanjaard		1.0		Dirk	0				1671.0	0	1731.0	0			1		
532	603	Spiegelmaker		1.0		Jacob	0				1693.0	0	1759.0	0			1		
533	604	Moorenvliet		1.0		Cornelis Willemsz.	0				1680.0	0	1749.0	0			1		
534	605	Maars		1.0	4.0	Simon	0				1695.0	0	1746.0	0			1		
535	606	Nobelingh		1.0	4.0	Jan Joseph	0				1710.0	0	1770.0	0			1		
536	607	Willigen	van	1.0		Carel Heijnsius	0				1708.0	1	1770.0	0			1		
537	608	Spaander		1.0		Pieter	0				1718.0	0	1800.0	0			1		
538	609	Rootjes		1.0		Cornelis	0				1718.0	0	1778.0	0			1		
539	610	Haasman		1.0		Nicolaas	0				1730.0	1		0			1		
540	611	Moorenvliet		1.0	4.0	Cornelis	0				1726.0	0	1776.0	0			1		
541	612	Oldenbarneveld genaamd Witte Tullingh	van	1.0	4.0	Hendrik Justus	0				1745.0	0	1795.0	0			1	16.0	9.0
542	613	Erpecum	van	1.0	4.0	Willem	0				1677.0	0	1755.0	0			1	19.0	2.0
543	614	Fagel		1.0	4.0	Cornelis Gerrit	0				1663.0	0	1746.0	0	Persoonsgegevens: volgens De Riemer leeftijd bij overlijden 83 jaar, 9 maanden en 23 dagen. Als dit juist is, is Fagel in 1662 geboren.		1	21.0	7.0
544	615	Fagel		1.0	4.0	Hendrik	0				1617.0	0	1690.0	0			1	11.0	2.0
545	616	Beaumont	van	1.0	4.0	Herbert	0				1607.0	0	1679.0	0			1	5.0	3.0
546	617	Minninghen	van	1.0	4.0	Gerard	0				1733.0	0	1805.0	0			1	21.0	8.0
547	618	Repelaer		1.0		Anthony Hugosz.	0				1649.0	0	1725.0	0			1		
548	619	Repelaer		1.0		Anthony Hugosz.	0				1689.0	0	1746.0	0	Overig: was mogelijk ook nog gecommitteerde in de Generaliteits-Rekenkamer 1719-1722. Deze functie ondergebracht bij Anthony Hugosz. Repelaer (1649-1725), eveneens oudraad van Dordrecht.		1	28.0	6.0
549	620	Roovere	de	1.0	4.0	Cornelis Pietersz.	0		West-Barendrecht		1648.0	0	1706.0	0			1		
550	622	Druyvesteyn		1.0	4.0	Aernout	0				1641.0	0	1698.0	0			1	14.0	8.0
551	623	Wormer		1.0		Garbrant Jacobsz.	0				1618.0	0	1684.0	0			1	20.0	11.0
552	624	Laeckeman		1.0		Thijs Gerritsz.	0					0		0			1		
553	625	Melcknap		1.0		Claes Jansz.	0					0		0			1		
554	626	Ruytenburgh	van	1.0		Gerard Constantijn	0				1640.0	0	1701.0	0			1	16.0	5.0
555	627	Brouwer		1.0		Gerrit Claesz.	0					0	1699.0	0			1		
556	628	Del		1.0		Jan Claasz.	0					0	1694.0	0			1		
557	629	Cocq		1.0		Jacob	0					0	1713.0	0			1		
558	630	Wormer		1.0		Jacob	0				1642.0	0	1708.0	0			1		
559	631	Peereboom		1.0		Pieter	0				1651.0	0	1735.0	0			1		
560	632	Del		1.0		Claes Claesz.	0				1655.0	0	1728.0	0			1		
561	633	Munnick		1.0		Hendrick	0				1677.0	0	1740.0	0			1		
562	634	Ruytenburgh	van	1.0	4.0	Reinier Gerard	0				1668.0	0	1718.0	0			1	5.0	12.0
563	635	Spoors		1.0		Ysbrand Pietersz.	0					0	1716.0	0			1		
564	636	Bel		1.0		Aris	0				1684.0	0	1737.0	0			1		
565	637	Louwen		1.0		Claas	0				1703.0	0	1779.0	0			1		
566	638	Wormer		1.0		Claas	0				1673.0	0	1740.0	0			1		
567	639	Pet		1.0		Olphert Pietersz.	0				1687.0	0	1766.0	0	Persoonsgegevens: Bossaers geeft geboortejaar 1707, wat onwaarschijnlijk is, omdat Pet in dat geval al als 20-jarige zitting in de vroedschap zou hebben gekregen.		1		
568	640	Backer		1.0		Hendrik Pietersz.	0				1685.0	0	1760.0	0	Vroedschap: tijdschrift Holland geeft afwijkend aanvangsjaar vroedschap 1749, dat waarschijnlijk onjuist is, gezien de zitting in de rekenkamer ter auditie van Holland in het noorderkwartier en gecommitteerde raden in het noorderkwartier vóór dat jaar.		1		
569	641	Neck	van	1.0	4.0	Willem	0				1713.0	0	1777.0	0			1		
570	642	Blijdenbergh		1.0		Willem	0				1708.0	1	1775.0	0			1	23.0	12.0
571	643	Molenaar		1.0		Pieter	0				1706.0	0	1764.0	0			1		
572	644	Koel		1.0		Cornelis	0				1727.0	0	1787.0	0			1		
573	645	Appel		1.0		Simon	0				1739.0	0		0			1		
574	646	Tamboer		1.0		Hermanus	0				1729.0	0		0			1		
575	647	Wormer		1.0		Jacob	0				1760.0	0	1831.0	0			1		
576	648	Wilhem	le Leu de	1.0	4.0	David	0		Waalwijk	Berlicum, Middenrode en Kaathoven	1689.0	0	1762.0	0	Heerlijkheden/adellijke huizen: verwerving Middenrode en Kaathove 1717.		1		
577	649	Hartman		1.0	4.0	Nicolaas Willem	0				1746.0	0	1809.0	0			1		
578	650	Drijfhout		1.0	4.0	Antoni Gerard	0				1747.0	0	1821.0	0			1		
579	651	Banchem	van	1.0	4.0	Cornelis	0				1685.0	0	1751.0	0			1	30.0	3.0
580	652	Goutvelt		1.0		Jan Jaspersz.	0				1551.0	1	1616.0	0			1		
581	653	Muylwijck	van	1.0		Boudewyn Willemsz.	0				1550.0	1	1625.0	0			1		
582	654	Vroesen		1.0		Cornelis Pietersz.	0				1550.0	1	1620.0	0	Persoonsgegevens: Nieuw Nederlandsch Biografisch Woordenboek geeft afwijkend jaar van overlijden 1626.		1		
583	655	Vlooswijck	van	1.0		Barthout Gerritsz.	0					0	1626.0	0			1		
584	656	Busch		1.0		Pieter Lenertsz.	0					0	1606.0	0			1		
585	657	Musch		1.0		Jan Jacobsz.	0					0	1610.0	0			1		
586	659	Nobel		1.0		Hendrick Willemsz.	0				1568.0	0	1649.0	0			1		
587	660	Driel	van	1.0	4.0	Cornelis Claesz.	0				1572.0	1	1636.0	0			1	17.0	8.0
588	661	Groot	de	1.0	4.0	Hugo Jansz.	0				1583.0	0	1645.0	0			1		
589	662	Dullaert		1.0		Abraham Pietersz.	0				1577.0	0	1653.0	0			1		
590	663	Goutswaert		1.0		Pieter Henricksz.	0					0	1645.0	0			1	29.0	4.0
591	664	Wielick	van	1.0		Harmen Mathysz.	0					0	1646.0	0			1	23.0	8.0
592	665	Reus	de	1.0		Abraham Jansz.	0				1570.0	0	1637.0	0			1		
593	666	Hogendorp	van	1.0	4.0	Daniel	0		Moerkapelle en Wildevenen		1604.0	0	1673.0	0			1	30.0	3.0
594	668	Meyden	van der	1.0	4.0	Johan	0		Sleewijk		1609.0	0	1677.0	0			1		
595	669	Navander		1.0	4.0	Jacob	0				1606.0	0	1661.0	0			1	17.0	1.0
596	671	Goeree	van	1.0		Willem	0				1620.0	0	1672.0	0	Persoonsgegevens: voorzaten stonden bekend als 'Goedereede' (zo ook vermeld in Engelbrecht).		1	3.0	5.0
597	672	Boon		1.0	4.0	Adriaen	0				1623.0	0	1667.0	0			1	3.0	6.0
598	673	Horst	van der	1.0		Ewout	0				1627.0	0		0	Vroedschap: ontslagen 1666.		1		
599	674	Kievit		1.0	4.0	Johan	0				1627.0	0	1692.0	0			1		
600	675	Aa	van der	1.0	4.0	Willem	0				1620.0	0	1678.0	0	Vroedschap: ontslagen 1672.		1		
601	676	Pesser		1.0	4.0	Johan	0				1627.0	0	1678.0	0	Vroedschap: ontslagen 1672.		1		
602	677	Voorburgh		1.0		Jacob	0				1633.0	0	1675.0	0	Vroedschap: ontslagen 1672.		1		
603	678	Punt		1.0		Thomas	0				1634.0	0	1673.0	0			1		
604	679	Naerssen	van	1.0		Revixit Thomasz.	0				1643.0	0	1690.0	0			1		
605	681	Roosmale		1.0		Dominicus	0				1635.0	0	1689.0	0			1	31.0	8.0
606	682	Massis		1.0		Johan	0					0	1701.0	0			1		
607	683	Bois	du	1.0	4.0	Franco	0				1636.0	0	1707.0	0			1		
608	684	Velthuysen		1.0	4.0	Isaack	0				1642.0	0	1703.0	0			1		
609	687	Beyer		1.0		Jean	0				1632.0	0	1713.0	0			1		
610	688	Groeninx		1.0	4.0	Marinus	0				1655.0	0	1730.0	0			1		
611	689	Noordhey		1.0	4.0	Daniël	0				1670.0	0	1721.0	0			1	5.0	7.0
612	690	Roosmale		1.0		Adriaen	0				1662.0	0	1740.0	0			1		
613	691	Neyn	de	1.0		Johan	0				1669.0	0	1732.0	0			1	21.0	1.0
614	692	Ysbrands		1.0	4.0	Jacob	0				1665.0	0	1749.0	0			1		
615	693	Berckel	van	1.0	4.0	Johan	0				1668.0	0	1740.0	0			1		
616	694	Boon		1.0	4.0	Adriaan	0		Molenaarsgraaf	Giessen en Steenhuysen	1683.0	0	1728.0	0			1		
617	695	Raedt	de	1.0	4.0	Gualterus	0		Dubbeldam	Kijfhoek	1683.0	0	1740.0	0			1	29.0	4.0
618	696	Teylingen	van	1.0		Theodorus	0				1689.0	0	1768.0	0	"Vroedschap: ontslagen 1748.
Binnelandse adelstitels: de verwantschap van de Rotterdamse familie met de adellijke familie te Alkmaar, Amsterdam en Haarlem werd betwist, zie de inleiding bij inventaris 37-01 Collectie Van Teylingen (Rotterdamse regentencollecties) in het Stadsarchief Rotterdam."		1		
619	697	Hogendorp	van	1.0	4.0	Diederik Johan	0		Hofwegen	Tilburg, Goirle	1697.0	0	1744.0	0	Buitenlandse adelstitels: graaf des Heiligen Roomse Rijk.		1	7.0	9.0
620	698	Styrum	van	1.0	4.0	Anthony	0				1679.0	0	1756.0	0	Vroedschap: ontslag op eigen verzoek 1748.		1		
621	699	Steyn		1.0		Adriaan	0				1681.0	0	1734.0	0			1	18.0	11.0
622	701	Thilt	van	1.0	4.0	Johan	0					0	1679.0	0			1		
623	702	Duyst van Voorhout		1.0		Joost	0					0	1659.0	0			1	2.0	1.0
624	703	Glarges	de	1.0	4.0	Anthonie	0				1654.0	0	1723.0	0			1	13.0	8.0
625	704	Broek	van den	1.0	4.0	Pieter	0				1701.0	1	1761.0	0			1	3.0	1.0
626	705	Hoorn	van	1.0	4.0	Nicolaas Hendrik	0				1716.0	0	1783.0	0			1		10.0
627	706	Blomvliet		1.0		Rutger Huygensz.	0					0		0			1		
628	707	Bleyswijk	van	1.0	4.0	Adriaan	0				1643.0	0	1708.0	0			1		
629	708	Haer	van der	1.0	4.0	Jan	0				1609.0	0	1665.0	0	Persoonsgegevens: begraven 21 september 1665.		1		9.0
630	709	Fagel		1.0	4.0	Benjamin	0		ter Meer		1642.0	0	1705.0	0			1	14.0	6.0
631	710	Pauw		1.0	4.0	Engelbert	0				1656.0	0	1687.0	0			1	22.0	4.0
632	715	Bichon		1.0	4.0	Jean	0		Oost- en West-IJsselmonde		1716.0	0	1801.0	0			1		
633	716	Crap	Abbekerk	1.0		Joan	0				1706.0	0	1778.0	0			1	15.0	8.0
634	717	Wassenaer van Spanbroek	van	3.0	4.0	Willem Frederik Hendrik	1		Spanbroek	beide Katwijken, 't Zand en Valkenburg, Echteld, Ameide	1752.0	0	1799.0	0			1		
635	718	Veen	van	1.0	4.0	Jacob	0				1701.0	0	1752.0	0	Vroedschap: ontslagen 1749.		1	9.0	1.0
636	720	Cluyt		1.0		Dirck Jansz.	0					0		0			1		
637	721	Vredenrijk	van	1.0		Adriaen Jansz.	0					0		0			1		
638	722	Botter		1.0		Gijsbrecht Cornelisz.	0				1603.0	1		0			1		
639	723	Croeff	van de	1.0		Johan Foppen	0					0	1673.0	0			1		
640	724	Arkel	van	1.0		Hugo	0		Kraaienstein		1630.0	1	1706.0	0			1		
641	725	Hoola		1.0		Dirck	0					0	1701.0	0			1		
642	726	Woel		1.0		Cornelis	0					0	1720.0	0			1		
643	727	Putten	van der	1.0		Johan	0					0	1715.0	0			1		
644	728	Huysman		1.0	4.0	Gerard	0					0	1727.0	0			1		
645	729	Wijkerhelt		1.0	3.0	Maximiliaan	0					0	1724.0	0			1		
646	730	Bosch	van den	1.0	3.0	Gerard jr.	0				1691.0	0	1751.0	0			1		
647	731	Liere van Catwijck	van	3.0		Willem	1		beide Katwijken en 't Zand		1690.0	0	1735.0	0	Overig: was pensionaris van Schoonhoven.		1		
648	732	Scheltus		1.0	4.0	Otto	0				1700.0	0	1758.0	0			1		
649	733	Onderwater		1.0	4.0	Mattheus	0				1726.0	0	1809.0	0			1		
650	734	Onderwater		1.0		Abraham Hendrik	0				1729.0	0	1817.0	0			1		
651	735	Santheuvel	van den	1.0	4.0	Pieter	0		Driel		1732.0	0	1799.0	0			1		
652	736	Steenis		1.0	4.0	Zacharias	0		't Huis te Cleef			0		0			1		
653	737	Vermeulen		1.0	4.0	Pieter	0		Herwijnen		1732.0	0	1810.0	0			1	12.0	6.0
654	738	Lestevenon		1.0		Willem Anne	0		Hazerswoude		1750.0	0	1816.0	1	Persoonsgegevens: overleden te Parijs na 1816.		1		
655	739	Boesses		1.0		Adriaan	0		Leeuwen	Puiselijk	1742.0	0	1808.0	0			1		
656	740	Weveringh		1.0	4.0	Adriaen Adriaensz.	0				1700.0	0	1768.0	0			1	17.0	12.0
657	741	Schuijl		1.0	3.0	Nicolaes Hermansz.	0				1707.0	0	1776.0	0			1	24.0	4.0
658	742	Schuylenburch	van	1.0	4.0	Abraham Adriaensz.	0				1738.0	0	1814.0	0			1		
659	743	Velde	van de	1.0	4.0	Nicolaas	0				1697.0	0	1773.0	0			1		
660	745	Boetzelaer	van den	1.0		Nicolaas	1	Jonkheer	Dubbeldam	Kijfhoek	1718.0	0	1796.0	0	"Vroedschap: op eigen verzoek in 1767 ontslagen wegens benoeming tot ontvanger-generaal van Holland.
Heerlijkheden/adellijke huizen: verwerving Dubbeldam 1761, Kijfhoek 1759."		1		
661	746	Marcus		1.0	4.0	Pieter	0				1729.0	0	1808.0	0			1		
662	747	Romswinckel		1.0	4.0	Joost	0				1745.0	0	1824.0	0			1		
663	748	Reepmaker		1.0	4.0	Adriaan	0		Strevelshoek	Noord-Waddinxveen en Sleewijk	1719.0	0	1780.0	0			1		
664	749	Lormier		1.0	4.0	Johan Wilhem	0		Kethel	Spaland	1716.0	0	1785.0	0	Vroedschap: ontslagen 1777 wegens hoge leeftijd.		1		
665	752	Heemskerck	van	1.0		Willem	0				1718.0	0	1784.0	0			1	28.0	8.0
666	756	Pui	de	1.0	3.0	Pieter	0				1710.0	0	1766.0	0			1	26.0	12.0
667	757	Bleyswijk	van	1.0	4.0	Hugo Adriaan	0				1740.0	0	1821.0	0			1	18.0	9.0
668	758	Blok		1.0	4.0	Anthony	0				1737.0	0	1821.0	0			1	16.0	12.0
669	759	Baert		1.0	4.0	Adriaan	0		Cranenbrouck		1707.0	0	1763.0	0			1	15.0	2.0
670	760	Steen	van den	1.0	4.0	Arent Jan	0				1712.0	0	1779.0	0			1	31.0	10.0
671	761	Baert		1.0	4.0	Jacob	0		Cranenbrouck		1744.0	0	1796.0	0			1	13.0	1.0
672	762	Carpentier	de	1.0	4.0	Pieter	0				1746.0	0	1794.0	0	Vroedschap: ontslagen 1788.		1		
673	763	Kock	de	1.0	4.0	Ysbrand	0				1739.0	0	1805.0	0			1		
674	764	Buys		1.0	4.0	Paulus	0		Zevenhoven	Capelle ter Vliet	1531.0	0	1594.0	0	Heerlijkheden/adellijke huizen: verwerving Capelle ter Vliet 1592.		1		
675	765	Oldenbarnevelt	van	1.0	4.0	Johan	0		Groeneveld	Zuidwind, Hoogland, de Tempel, Stoutenburg, Luttekeweede, Berkel en Rodenrijs, Gunterstein, Bakkum	1547.0	0	1619.0	0	"Buitenlandse adelstitels: Engelse riddertitel 17 mei 1611.
Heerlijkheden/adellijke huizen: verwerving Groeneveld en Zuidwind 1583, Hoogland 1590, de Tempel 1592, Stoutenburg 1593, Luttekeweede 1596, Berkel en Rodenrijs 1600, Gunterstein en Bakkum 1613."		1	13.0	5.0
676	766	Duyck		1.0	4.0	Anthony	0		Oudkarspel		1560.0	1	1629.0	0			1	13.0	9.0
677	768	Cats		1.0	4.0	Jacob	0		Wulpen	Finningly	1577.0	0	1660.0	0	Buitenlandse adelstitels: Engelse riddertitel 26 januari 1627.		1		
678	769	Witt	de	1.0	4.0	Johan	0		Linschoten	Snelrewaard, Hekendorp, Yselveer	1625.0	0	1672.0	0	Heerlijkheden/adellijke huizen: verwerving Linschoten 1661.		1		
679	770	Fagel		1.0	4.0	Gaspar	0				1634.0	0	1688.0	0			1		
680	771	Heinsius		1.0	4.0	Anthonie	0				1641.0	0	1720.0	0			1	3.0	8.0
681	772	Hoornbeek	van	1.0	4.0	Isaac	0				1655.0	0	1727.0	0			1	17.0	6.0
682	773	Slingelandt	van	1.0	4.0	Simon	0				1664.0	0	1736.0	0			1	1.0	12.0
683	774	Heim	van der	1.0	4.0	Anthonie	0				1693.0	0	1746.0	0			1	16.0	7.0
684	775	Gilles		1.0	4.0	Jacob	0				1691.0	1	1765.0	0			1		
685	776	Bleyswijk	van	1.0	6.0	Pieter	0				1724.0	0	1790.0	0			1		
686	777	Spiegel	van de	1.0	4.0	Laurens Pieter	0				1737.0	0	1800.0	0			1		
687	779	Heemskerck	van	1.0		Claes Simonsz.	0				1536.0	0	1616.0	0			1		
688	781	Boom		1.0		Pieter Cornelisz.	0					0	1609.0	0			1	19.0	1.0
689	792	Witsen		1.0		Jonas Cornelisz.	0				1566.0	0	1626.0	0			1	13.0	10.0
690	796	Oetgens van Waveren		1.0		Anthony	0		Waveren	Botshol, Ruige Wilnis	1585.0	0	1658.0	0	Buitenlandse adelstitels: ridder des Heiligen Roomse Rijk door keizer Ferdinand II 1 maart 1635.		1	25.0	8.0
691	798	Burgh		1.0	3.0	Albert Coenraetsz.	0				1593.0	0	1647.0	0			1	24.0	12.0
692	2712	Sixti		1.0	4.0	Dirck	0				1591.0	1	1670.0	0	Persoonsgegevens: geboortejaar mogelijk 1592.		1		1.0
693	2713	Raed	de	1.0	4.0	Gualter	0				1611.0	1	1663.0	0	Persoonsgegevens: geboortejaar mogelijk 1612.		1	10.0	1.0
694	2714	Huybert	de	1.0	4.0	Herman	0				1593.0	0	1650.0	0			1	3.0	7.0
695	2715	Nierop	van	1.0	4.0	Albert	0					0	1676.0	0			1	27.0	1.0
696	2716	Veth		1.0	4.0	Martinus	0				1615.0	0		0			1		
697	2717	Ockersse		1.0	4.0	Cornelis	0				1627.0	0	1691.0	0			1	6.0	4.0
698	2718	Keetlaer		1.0	4.0	François	0				1640.0	0	1718.0	0			1	22.0	12.0
699	2719	Meulen	van der	1.0	4.0	Paulus Andreas	0		Nierop			0	1704.0	0	Overig: was pensionaris van Veere.		1	3.0	6.0
700	2720	Cobmoyer		1.0	4.0	Adriaen	0					0	1682.0	0			1	18.0	6.0
701	2721	Cau		1.0	4.0	Iman	0				1652.0	0	1708.0	0	Persoonsgegevens: Kok geeft afwijkend geboortejaar 1652. De Blécourt geeft afwijkende datum van overlijden 25 juni.		1	26.0	6.0
702	2722	Kinschot	van	1.0	4.0	Gaspar	0					0	1709.0	0			1	13.0	8.0
703	2723	Vos	de	1.0	4.0	Pieter	0					0	1720.0	0			1	22.0	10.0
704	2724	Clement		1.0	4.0	Gillis	0				1652.0	0	1720.0	0			1	4.0	11.0
705	2725	Beaumont	van	1.0	4.0	Herbert	0				1672.0	0	1730.0	0			1		
706	2726	Hoey	van	1.0	4.0	Abraham	0				1684.0	0	1766.0	0			1	10.0	10.0
707	2727	Aekersloot		1.0	4.0	Jacob	0				1659.0	0	1727.0	0	"Persoonsgegevens: begraven 25 december. 
Overig: was pensionaris en secretaris van Haarlem."		1		12.0
708	2728	Ghijs		1.0	4.0	Nicolaes	0					0	1722.0	0	Overig: was pensionaris van Den Briel.		1	1.0	11.0
709	2729	Moris		1.0	4.0	Petrus	0				1687.0	1	1767.0	0			1	2.0	7.0
710	2730	Ockersse		1.0	4.0	Jan Danielsz.	0		Dreischor		1668.0	0	1742.0	0	"Heerlijkheden/adellijke huizen: verwerving 1704.
Overig: was in 1697 schepen te Hoorn."		1	1.0	11.0
711	2732	Graafland		1.0	4.0	Pieter	0				1695.0	1	1760.0	0			1	14.0	1.0
712	2733	Schaep		1.0	4.0	Simon	0					0	1745.0	0			1	31.0	10.0
713	2734	Bockhoven	van	1.0	4.0	François	0				1674.0	1	1742.0	0			1	27.0	11.0
714	2735	Cau		1.0	4.0	Johan Iman	0		Dussen	Ginhoven, Muilkerk	1703.0	0	1771.0	0	Persoonsgegevens: De Blécourt geeft afwijkende overlijdensdatum 22 in plaats van 21 juni.		1	21.0	6.0
715	2736	Vitriarius		1.0	4.0	Carel	0					0	1755.0	0	Persoonsgegevens: Algemeen Nederlandsch Familieblad geeft afwijkende overlijdensdatum 5 in plaats van 6 februari 1755.		1	6.0	2.0
716	2737	Beukelaer		1.0	4.0	Daniël	0				1715.0	1	1754.0	0			1	29.0	3.0
717	2738	Meerman		1.0	4.0	Pieter	0				1716.0	0	1762.0	0	Persoonsgegevens: begraven 3 juli 1762.		1		
718	2739	Wassenaer	van	3.0		Jacob Arent	1				1721.0	0	1767.0	0			1	5.0	8.0
719	2740	Gillis		1.0	4.0	Samuel	0				1730.0	1	1767.0	0	Persoonsgegevens: Algemeen Nederlandsch Familieblad geeft afwijkende overlijdensdatum 17 in plaats van 27 februari.		1	27.0	2.0
720	2741	Nolst		1.0	4.0	Pieter Jan	0					0	1790.0	0	Persoonsgegevens: begraven 7 augustus 1790.		1		
721	2742	Villates	des	1.0	4.0	Alexander Augustus	0					0	1765.0	0			1		10.0
722	2745	Merens		1.0	4.0	Dirck	0					0		0			1		
723	2746	Bassecour	de la	1.0	4.0	Jacob Willem	0				1735.0	0	1767.0	0			1	23.0	5.0
724	2747	Rijgerbosch		1.0	4.0	François	0				1716.0	1		0	Persoonsgegevens: geboortejaar mogelijk 1717.		1		
725	2748	Collot d'Escury		3.0	4.0	Hendrik	1		Naaldwijk	Sliedrecht, Niemandsvriend	1740.0	0	1819.0	0	Heerlijkheden/adellijke huizen: Nederland's Adelsboek geeft heerlijkheid Niemandsverdriet, maar dat moet waarschijnlijk Niemandsvriend zijn.		1	2.0	6.0
726	2749	Beem	van	1.0	4.0	Rutger Anthony	0					0	1771.0	0			1	15.0	1.0
727	2750	Nispen	van	1.0	4.0	Johan	0				1728.0	0	1804.0	0			1	16.0	10.0
728	2751	Wybo		1.0	4.0	Anthony Pieter	0				1753.0	1	1775.0	0			1	7.0	11.0
729	2752	Milet		1.0	4.0	Johan Hendrik	0					0		0	Persoonsgegevens: genoemd in F. Nagtglas, Levensberichten van Zeeuwen 2 (Middelburg 1893) 183, maar zonder leefjaren.		1		
730	2753	Mollerus		3.0	4.0	Johan Hendrik	1		Westkerke	Wulpendaal	1750.0	0	1834.0	0	"Adelspredicaat: 1816/adelstitel: 1820.
Overig: Mollerus werd op 27 mei 1809 met de rang en het traktement van Minister belast met de uitvoering van de Wet omtrent de Constitutionele Adel."		1	22.0	6.0
731	2754	Crane	de	1.0	4.0	Jan Daniël	0				1744.0	1	1778.0	0	Overig: was schepen en tweede pensionaris van Veere.		1	12.0	10.0
732	2755	Citters	Verheye van	1.0	4.0	Jacob	0		St. Laurens	Popkensburg	1753.0	0	1823.0	0			1	17.0	7.0
733	2756	Reigersman		1.0	4.0	Jacob	0				1754.0	0	1785.0	0			1		
734	2757	Boetzelaer	van	3.0	4.0	Pieter Alexander	1				1759.0	0	1826.0	0	Adelstitels: predicaat 1814, titel: 1819.		1	18.0	10.0
735	2758	Baelde		1.0	4.0	Rudolf	0				1743.0	0	1816.0	0	Overig: op 19 maart 1799 werd Baelde benoemd tot president van het Departementaal Gerechtshof van de Delf, dat echter nooit heeft gefunctioneerd. Een benoeming in het Keizerlijk Gerechtshof heeft hij niet aangenomen.		1		
736	2759	Meerten	van	1.0	4.0	Huybert Eliza	0				1758.0	0	1827.0	0	Overig: was pensionaris van Gorinchem en raad-fiscaal en president van het Hof van Justitie van Suriname.		1	2.0	6.0
737	2761	Graafland		1.0	4.0	Joan	1	Jonkheer			1763.0	0	1827.0	0			1	31.0	5.0
738	2762	Groeneveld		1.0	4.0	Abraham	0				1757.0	0	1812.0	0			1		
739	2763	Noortbergh van Brandwijk		1.0	4.0	Gerard Jacob	0				1763.0	1	1791.0	0	Persoonsgegevens: geboortejaar mogelijk 1764.		1	13.0	5.0
740	2764	Loeff	Verniers van der	1.0	4.0	Stephanus Adrianus	0				1769.0	0	1818.0	0	Overig: op 12 april 1799 werd Van der Loeff benoemd tot raadsheer in het Departementaal Gerechtshof van de Dommel, dat echter nooit heeft gefunctioneerd.		1	17.0	5.0
741	2765	Onderwater		1.0	4.0	Boudewijn	0		Brandwijk en Gijbeland	Puttershoek	1764.0	0	1842.0	0			1	18.0	11.0
742	2766	Boy		1.0	4.0	Cornelis	0				1612.0	0	1665.0	0	Persoonsgegevens: Kok geeft afwijkend geboortejaar 1611.		1	2.0	2.0
743	2767	Strijen	van	1.0	4.0	Willem	0				1619.0	0	1670.0	0			1	18.0	5.0
744	2768	Limborch	van	1.0	4.0	Rem	0				1625.0	0	1685.0	0			1	31.0	3.0
745	2769	Hertoge	de	1.0	4.0	Mattheus	0				1642.0	1	1723.0	0	Persoonsgegevens: geboortejaar mogelijk 1643.		1	3.0	8.0
746	2770	Limborch	van	1.0	4.0	Frans	0				1679.0	1	1765.0	0			1	21.0	9.0
747	2771	Cracht	van der	1.0	4.0	Martinus	0					0		0			1		
748	2772	Criep		1.0		Franchois	0					0	1639.0	0	Persoonsgegevens: De Nederlandsche Leeuw geeft afwijkende overlijdensdatum 9 september 1638 in plaats van juni 1639.		1		
749	2773	Heerman		1.0		Jacob	0					0	1629.0	0	Persoonsgegevens: geboren vóór 3 mei 1561.		1	3.0	4.0
750	2774	Witte	de	1.0		Franchois	0					0	1638.0	0			1	1.0	9.0
751	2775	Campen	van	1.0	4.0	Johan	0				1618.0	1	1658.0	0	Persoonsgegevens: het geboortejaar is mogelijk 1619. De Riemer geeft afwijkende overlijdensdatum 16 in plaats van 26 januari.		1	26.0	1.0
752	2776	Rosenboom		1.0	4.0	Simon	0					0	1710.0	0			1	12.0	7.0
753	2777	Thierry		1.0	4.0	Johan	0					0	1735.0	0	"Persoonsgegevens: De Riemer geeft afwijkende overlijdensdatum 27 in plaats van 28 mei.
Overig: was griffier van de Staten van Zeeland."		1	28.0	5.0
754	2778	Slicher		1.0	4.0	Hieronimus	0				1689.0	1	1755.0	0	Persoonsgegevens: Algemeen Nederlandsch Familieblad geeft afwijkende overlijdensdatum 11 in plaats van 12 april.		1	12.0	4.0
755	2779	Parker		1.0	4.0	Jan	0				1683.0	1	1741.0	0	Persooonsgegevens: geboortejaar mogelijk 1684.		1	9.0	10.0
756	2780	Bleyswijck	van	1.0	4.0	Reyer	0				1689.0	0	1769.0	0			1	2.0	9.0
757	2781	Boey		1.0	4.0	Timon	0				1713.0	0	1777.0	0	Persoonsgegevens: begraven 27 februari.		1		2.0
758	2782	Bodt		1.0	4.0	Adriaan	0				1730.0	0	1816.0	0			1	29.0	10.0
759	2783	Royer		1.0	4.0	Jean Theodore	0				1737.0	0	1807.0	0			1		
760	2784	Geniets		1.0		Thomas	0					0		0	Overig: afkomstig uit Mechelen, zie J.W. Koopmans, De Staten van Holland en de Opstand. De ontwikkeling van hun functies en organisatie in de periode 1544-1588 ('s-Gravenhage 1990) 152.		1		
761	2785	Coninck	de	1.0	4.0	Franchois	0					0	1613.0	0			1	3.0	12.0
762	2786	Purtijck		1.0		Johan Jansz.	0					0	1632.0	0			1		
763	2787	Woerden	van	1.0		Dirk Jansz.	0					0	1591.0	0			1		
764	2788	Suyrendael	van	1.0		Johan	0					0		0			1		
765	2789	Meister		1.0	4.0	Hendrik	0					0		0			1		
766	2790	Soutelande	van	1.0		Gillis Boudewijnsz.	0					0		0			1		
767	2791	Surendael	van	1.0		Johan	0					0	1647.0	0			1		
768	2792	Huybert	de	1.0	4.0	Andries	0				1588.0	0	1647.0	0	Persoonsgegevens: De Riemer geeft afwijkend jaar van overlijden 1646.		1		
769	2793	Hoogenhouck	van	1.0		Joost	0					0	1661.0	0			1		
770	2794	Graft	van der	1.0	4.0	Willem	0					0	1669.0	0			1		
771	4712	Roy	de	1.0	4.0	Adriaen	0					0		0			1		
772	4713	Reede	van	1.0	7.0	Godard	1	Jonkheer	Amerongen	Ginkel, Zuylestein	1593.0	0	1641.0	0	"Persoonsgegevens: in Groot Placaatboek ten onrechte 'Gerard' genoemd.
Heerlijkheden/adellijke huizen: verwerving Amerongen 1612, Ginkel 1619 en Zuilenstein 1619-1630."		1	3.0	10.0
773	4714	Nijvelt	van	1.0	4.0	Johan Florisz	0					0	1625.0	0	Persoonsgegevens: overleden vóór 10 februari, aangezien Jacob Zas, met wie hij tegelijk op halve gage benoemd was tot ordinaris raadsheer in het Hof van Utrecht als opvolger van Daniël van Weede, op die datum de volle gage kreeg toegewezen na het overlijden van Nijvelt.		1		
774	4718	Cuijpere	de	1.0	7.0	Christiaen	0					0		0			1		
775	4719	Panhuys	van	1.0	7.0	Bartholomeus	1	Jonkheer	Voorn			0	1676.0	0			1	19.0	1.0
776	4721	Benthem	van	1.0	7.0	Johan	0					0		0			1		
777	4722	Berck	van	1.0	7.0	Jacob	0					0		0			1		
778	4723	Panhuys	van	1.0	7.0	Johan Lodewijk	1	Jonkheer	Voorn			0		0			1		
779	4726	Lockhorst	van	1.0	7.0	Vincent Maximiliaan	1	Jonkheer	ter Meer		1668.0	0	1740.0	0	Heerlijkheden/adellijke huizen: verwerving Ter Meer 1702.		1	12.0	1.0
780	4727	Clercq		1.0	4.0	Frederik	0					0		0			1		
781	4728	Cupius		1.0	4.0	Johan	0					0		0			1		
782	4729	Rossem	van	1.0	7.0	Carel Christiaan	1	Jonkheer	Vuilkoop		1673.0	0	1747.0	0			1	21.0	12.0
783	4731	Beeck	van	1.0	7.0	Johan Frederick	0					0	1727.0	0			1	13.0	11.0
784	4732	Leeuw	de	1.0	7.0	Theodorus	0		Abcoude		1680.0	1	1744.0	0			1	7.0	4.0
785	4735	Lockhorst	van	1.0	7.0	Diderik	1	Jonkheer	ter Meer	Maarssen en Voorn	1708.0	0	1755.0	0			1	9.0	3.0
786	4736	Roëll		1.0	4.0	Johannes Alexander	0				1688.0	0	1761.0	0	Persoonsgegevens: de Navorscher geeft overlijdensdatum 24 maart 1761, Nederland's Adelsboek 24 maart 1751.		1	24.0	3.0
787	4738	Bochoven	van	1.0	4.0	Thadeus Jacob	0					0		0			1		
788	4739	Capellen	van der	3.0	7.0	Geerlach Theodorus	1		Schonauwen	Houten en 't Gooi	1734.0	0	1805.0	0	Heerlijkheden/adellijke huizen: verwerving Schonauwen 25 november 1758.		1	12.0	10.0
789	4740	Boetzelaar	van den	1.0	7.0	Benjamin	1	Jonkheer	Asperen	Langerak	1742.0	0	1807.0	0			1	3.0	11.0
790	4742	Heijden	van	1.0	7.0	Sigismund Pieter Alexander	0		Rijnestein	Laerwold, Entingen	1740.0	0	1806.0	0	Buitenlandse adelstitels: graaf des Heiligen Roomse Rijk.		1	9.0	3.0
791	4743	Pesters		1.0	4.0	Nicolaas	0					0		0			1		
792	4745	Nassau la Lecq	van	4.0	7.0	Jan Floris	1		Ouwerkerk a/d IJssel		1751.0	0	1814.0	0			1	14.0	4.0
793	4746	Westrenen	van	1.0	4.0	Jan Jacob	0		Hardenbroek	Sterkenburg en Driebergen	1741.0	0	1817.0	0	Heerlijkheden/adellijke huizen: verwerving Hardenbroek 1816 (door koop), Sterkenburg 1793 (erfenis).		1	9.0	9.0
794	4748	Gobius		1.0	7.0	Jacob Frederik	0				1749.0	0	1821.0	0			1	27.0	9.0
795	4749	Wuytiers, Barchman		1.0	7.0	Simon Jan Baptist	0				1758.0	0	1795.0	0			1	1.0	12.0
796	4750	Reede en Agrim	van	1.0	7.0	Frederik Willem	1	Jonkheer	Amerongen			0		0			1		
797	4751	Hardenbroek	van	3.0	7.0	Gijsbert Carel Duco	1		Hardenbroek	Lockhorst, 's-Heeraartsberg, Bergambacht, Ammerstol, de Kleine Lindt en Bergestein	1769.0	0	1851.0	0			1	23.0	11.0
798	4752	Foec		1.0	7.0	Albert	0					0		0			1		
799	5696	Coenders van Helpen		1.0	7.0	Fredrick	1		Beyum		1631.0	0		0	Heerlijkheden/adellijke huizen: verwerving Beyum (Zuidwolde) 1663 door koop; publiekelijk verkocht in 1691.		1		
800	5698	Trip		1.0	7.0	Adrianus Josephus	0		Vredenburg		1686.0	0	1748.0	0			1	18.0	3.0
801	5700	Emmen		1.0	7.0	Hendrik	0					0	1718.0	0			1		
802	5701	Hola	ten	1.0	7.0	Anthonius	0					0	1718.0	0			1	13.0	1.0
803	5702	Chesnoij	du	1.0	7.0	Daniel Henrij	0		Bierum	Godlinze		0	1756.0	0	Heerlijkheden/adellijke huizen: verwerving Luinga (Bierum) 1733 tot 1756 (verkoop), Godlinze 1730 (door koop) en kort daarna gesloopt.		1	24.0	8.0
804	5703	Entrup		1.0	3.0	Johan Hendrik	0					0	1739.0	0			1	10.0	2.0
805	5704	Alberda		1.0	7.0	Egbert	1		Rensuma			0		0	"Persoonsgegevens: overleden in of voor 1774. 
Heerlijkheden/adellijke huizen: verwerving 1751 (door koop)."		1		
806	5705	Muntinghe		1.0	7.0	Schato	0					0		0			1		
807	5706	Sijsen	van	1.0	7.0	Johan	0				1701.0	0	1729.0	0	Persoonsgegevens: de identificatie van het lid van de Hoofdmannenkamer met de in Wapenheraut genoemde Johan van Sijsen is niet geheel zeker.		1	6.0	2.0
808	5707	Venhuisen		1.0	3.0	Pompejus	0				1703.0	0	1751.0	0			1	4.0	3.0
809	5708	Quintus		1.0	7.0	Johan Hendrik	0				1700.0	1	1781.0	0			1	22.0	12.0
810	5709	Alberthoma		1.0	7.0	Petrus	0					0	1761.0	0			1	10.0	8.0
811	5710	Idsinga	van	1.0	7.0	Saco Herman	0					0	1779.0	0			1	2.0	12.0
812	5711	Wolbers		1.0	7.0	Johannes	0				1701.0	0	1767.0	0	Persoonsgegevens: blijkens de resoluties van de hoofdmannenkamer van 15 oktober 1767 is Wolbers kort daarvoor overleden.		1		10.0
813	5712	Guichart		1.0	7.0	Frans Izaäk	0				1714.0	1	1800.0	0			1	22.0	9.0
814	5713	Borch	ter	1.0	7.0	Harm	0					0	1775.0	1	Persoonsgegevens: blijkens de resoluties van de hoofdmannenkamer van 2 januari 1776 is Ter Borgh overleden.		1		
815	5714	Knock		1.0	7.0	Bernhard Herman	0					0	1779.0	0	Persoonsgegevens: Kuiken geeft ten onrechte overlijden in 1789.		1		
816	5715	Wichers		1.0	4.0	Johan	0				1720.0	0	1785.0	0	Persoonsgegevens: het Nederland's Adelsboek geeft overlijdensdatum 26 oktober 1785, Kuiken november 1785.		1	26.0	10.0
817	5716	Sitter	de	1.0	4.0	Willem	0				1750.0	0	1827.0	0	Overig: volgens de resoluties van de hoofdmannenkamer was zijn academische titel 'dr.', volgens de literatuur 'mr.'.		1	7.0	6.0
818	5717	Beckeringh		1.0	4.0	Wilhelmus	0				1706.0	0	1788.0	0			1	15.0	7.0
819	5718	Swinderen	van	1.0	4.0	Abraham Quevellerius	0				1736.0	0	1808.0	0			1		
820	5719	Sickinghe		1.0	4.0	Pieter Rembt	1	Jonkheer			1743.0	0	1821.0	0			1	19.0	6.0
821	5720	Keiser		1.0	4.0	Jacob Warmolt	0				1737.0	0	1821.0	0			1	17.0	8.0
822	5721	Raad	de	1.0	4.0	Melchior Willem	0				1744.0	0	1800.0	0			1		
823	5722	Upmeijer		1.0	4.0	H.J.	0					0	1790.0	0			1	6.0	11.0
824	5723	Wichers		1.0	4.0	Cornelis	0				1750.0	0	1812.0	0			1	8.0	9.0
825	5724	Menninga	van	1.0	4.0	Johannes Wolbers	0					0	1780.0	0			1	4.0	2.0
826	5725	Engelhard		1.0	4.0	Jan Arnold	0					0		0			1		
827	5726	Trip		1.0	4.0	Jan Sibenius	0				1740.0	0	1797.0	0			1	9.0	1.0
828	5727	Hoeth		1.0	4.0	Albert Willem	0				1758.0	0	1827.0	0			1	27.0	7.0
829	5728	Entrup		1.0	7.0	Hermannus Theodorus	0					0		0			1		
830	5729	Tjassens		1.0	4.0	Samuel Wolther	0				1739.0	0	1814.0	0			1	21.0	2.0
831	5730	Guichart		1.0	3.0	Nicolaas	0				1743.0	0	1805.0	0			1	19.0	3.0
832	5732	Keiser		1.0	4.0	Gerhard Jacob	0				1701.0	0	1785.0	0			1	5.0	7.0
833	5733	Alberda		1.0	7.0	Reint	1		Feerwerd			0	1696.0	0	Heerlijkheden/adellijke huizen: verwerving omstreeks 1657.		1		
834	5734	Alberda		1.0	7.0	Reint	1					0		0	Persoonsgegevens: het gaat hier hoogstwaarschijnlijk om een van de gelijknamige personen elders in deze database.		1		
835	5736	Julsingha	van	1.0	7.0	Johan	0					0	1664.0	0			1		11.0
836	811	Pancras		1.0		Nicolaes	0				1622.0	0	1678.0	0			1	2.0	11.0
837	815	Opmeer		1.0	4.0	Nicolaes	0				1631.0	0	1696.0	0			1	20.0	2.0
838	817	Bors van Waveren		1.0	4.0	Gerard	0				1630.0	0	1693.0	0			1	8.0	11.0
839	818	Haze de Georgio	de	1.0	4.0	Jeronimus	0		Mijnden	beide Loosdrechten en Stabroek	1651.0	0	1725.0	0			1	19.0	7.0
840	828	Bempden	van den	1.0	4.0	Gilles	0				1697.0	0	1748.0	0			1	20.0	1.0
841	833	Leyden van Leeuwen	van	1.0	4.0	Diderik	1	Jonkheer			1628.0	0	1682.0	0	Buitenlandse adelstitels: baron des Heiligen Roomse Rijk.		1	23.0	5.0
842	834	Ruijsch		1.0	4.0	Coenraad	0				1650.0	0	1731.0	0			1		
843	835	Banchem	van	1.0	4.0	Nicolaas	0				1658.0	0	1729.0	0			1	28.0	11.0
844	836	Groeneveld	van	1.0	3.0	Cornelis	0				1644.0	0	1695.0	0	Persoonsgegevens: begraven tussen 20 en 29 oktober 1695.		1		
845	837	Eleman		1.0	4.0	Johan	0				1653.0	0	1727.0	0			1		
846	838	Kerchem	van	1.0	4.0	Frans	0				1645.0	0	1734.0	0			1		
847	839	Dorp	van	1.0		Pieter	0				1644.0	0	1713.0	0			1		
848	840	Heemskerk	van	1.0	4.0	Joost	0				1649.0	0	1717.0	0			1		
849	841	Bergh	van den	1.0	4.0	Johan	0				1664.0	0	1755.0	0			1		
850	842	Hoogenhouk		1.0	4.0	Abraham	0				1683.0	0	1756.0	0			1		
851	843	Heemskerk	van	1.0	4.0	Willem	0				1688.0	0	1729.0	0			1	28.0	7.0
852	844	Berkhout	Teding van	1.0	4.0	Nicolaas	0				1681.0	0	1743.0	0			1		
853	845	Hogeveen	van	1.0	4.0	Gerard Amelis	0				1691.0	0	1746.0	0	Persoonsgegevens: Nederland's Patriciaat geeft geboortejaar 1689.		1		
854	846	Tol	van	1.0	4.0	Nicolaas Pietersz.	0				1685.0	0	1740.0	0	Persoonsgegevens: begraven 18 april 1740.		1		4.0
855	847	Lanschot	van	1.0		Philips	0				1539.0	0	1620.0	0	Vroedschap: Lanschot geeft 1585 als aanvang.		1		
856	848	Lanschot	van	1.0	4.0	Wouter	0				1632.0	0	1717.0	0			1		
857	850	Baersdorp	van	1.0		Jan Jansz.	0				1565.0	0	1614.0	0			1	19.0	6.0
858	851	Duyck de Jode		1.0	4.0	Franck Jansz.	0				1556.0	1	1628.0	0	Overig: in Resolutiën der Staten-Generaal 10 (1598-1599), bewerkt door N. Japikse (Den Haag 1930) 2, ook genoemd als gedeputeerde ter Staten-Generaal vanaf begin 1598; hij lijkt daar echter verwisseld met Arnout Duyck de Jode.		1		
859	852	Duyck de Jode		1.0		Arnout	0					0		0			1		
860	853	Brouchoven	van	1.0	4.0	Jacob	0				1577.0	0	1642.0	0			1	16.0	6.0
861	854	Brouchoven	van	1.0		Foy	0				1542.0	0	1610.0	0			1		
862	855	Thorenvliet	van	1.0		Vranc Cornelisz.	0					0	1619.0	0			1		
863	856	Goes		1.0	4.0	Johan Willemsz.	0		Absmade		1581.0	0	1616.0	0			1	25.0	10.0
864	857	Weesp	van	1.0	3.0	Cornelis	0				1580.0	0	1650.0	0	Vroedschap: ontslagen 1618.		1	25.0	8.0
865	858	Verboom		1.0		Jacob Willemsz.	0				1573.0	1	1634.0	0			1		
866	862	Groenendijck	van	1.0	4.0	Rippert Johansz.	0				1604.0	0	1683.0	0			1		
867	863	Swanenburgh	van	1.0	4.0	Paulus	0				1607.0	1	1674.0	0			1		
868	864	Baersdorp	van	1.0	4.0	Clement	0				1573.0	0	1655.0	0			1		
869	865	Baersdorp	van	1.0	4.0	Simon Jansz.	0				1593.0	0	1658.0	0			1		
870	866	Gael		1.0		Laurens Huygensz.	0				1549.0	1	1618.0	0			1		
871	867	Deyman		1.0		Pieter Arendsz.	0				1566.0	0	1626.0	0			1	8.0	5.0
872	869	Meerman		1.0	4.0	Johan	0				1624.0	0	1675.0	0			1		
873	870	Aa	van der	1.0		Mauringh Cornelisz.	0					0	1662.0	0			1		
874	871	Meer	van der	1.0		Claas Dircksz.	0				1594.0	0	1654.0	0			1		
875	872	Meer	van der	1.0	4.0	Herman	0		Hoogeveen		1633.0	0	1679.0	0			1		
876	873	Eleman		1.0	3.0	Johan	0				1613.0	0	1669.0	0			1	21.0	10.0
877	874	Paedts		1.0	4.0	Willem	0				1595.0	1	1669.0	0			1		
878	876	Burch	van der	1.0	4.0	Arent	0				1676.0	0	1735.0	0			1	30.0	5.0
879	877	Burch	van der	1.0		Aalbrecht	0				1632.0	0	1681.0	0			1	29.0	9.0
880	878	Kerckhoven	van den	1.0	4.0	Willem	0				1678.0	0	1758.0	0			1		
881	879	Dussen	van der	1.0	4.0	Bruno	0				1660.0	0	1741.0	0			1		
882	881	Lestevenon		1.0	4.0	Daniel	0				1660.0	0	1736.0	0			1		
883	883	Lange	de	1.0	4.0	Cornelis	0				1656.0	0	1712.0	0			1		
884	885	Does	van der	1.0	4.0	Johan	0				1644.0	0	1704.0	0	Persoonsgegevens: De Jong geeft foutief 1664 als geboortejaar.		1		
885	886	Does	van der	1.0	4.0	Bruno	0				1715.0	0	1791.0	0			1		
886	888	Groenendijk	van	1.0		Donatus	0				1623.0	0	1698.0	0			1		
887	889	Vrije	de	1.0	4.0	Franco	0				1672.0	0	1712.0	0			1		
888	890	Someren van Vrijenes	van	1.0		Pieter	0				1635.0	0	1714.0	0			1		
889	892	Strijen	van	1.0	4.0	Hugo	0				1646.0	0	1710.0	0			1		
890	893	Suijs		1.0	4.0	Govert	0				1694.0	0	1756.0	0			1		
891	894	Teijsen		1.0	4.0	Nicolaas	0				1733.0	0		0	Vroedschap: ontslagen 1787.		1		
892	895	Togt	van der	1.0	4.0	Jacob	0				1684.0	0	1744.0	0			1		
893	896	Hoogwerff		1.0	4.0	Pieter	0				1717.0	0	1762.0	0			1		
894	897	Jongkint		1.0		Boudewijn	0				1655.0	0	1713.0	0			1	14.0	8.0
895	899	Crabeth		1.0		Reijnier	0				1685.0	1	1768.0	0	Vroedschap: ontslagen 1748.		1	21.0	7.0
896	900	Abbesteegh	van	1.0	4.0	Damianus	0				1664.0	0	1728.0	0			1		
897	901	Blijdenberg	van	1.0		Gerard Willem	0					0	1820.0	0			1		
898	903	Crucius		1.0	4.0	Karel	0				1648.0	0	1728.0	0			1		
899	904	Kegelingh		1.0		Gerrit Fransz.	0				1540.0	0		0			1		
900	905	Loncq		1.0		Dirk Jacobsz.	0				1536.0	0	1615.0	0			1		
901	906	Schoonhoven		1.0		Dirk Jacobsz.	0					0	1640.0	0	Vroedschap: ontslagen 1618.		1		
902	908	Vlack		1.0		Johan	0				1545.0	1	1625.0	0			1		
903	909	Houtman		1.0		Cornelis Adriaansz.	0					0	1624.0	0			1		
904	910	Hart	't	1.0		Gijsbert Hendricksz.	0					0	1637.0	0			1		
905	911	Lange	de	1.0		Gerrit Cornelisz.	0				1551.0	0	1636.0	0	Vroedschap: ontslagen 1618.		1		
906	912	Lange	de	1.0		Cornelis Cornelisz.	0					0	1653.0	0			1		
907	913	Vesanevelt	van	1.0	4.0	Johan Dircksz.	0				1637.0	0	1693.0	0	Persoonsgegevens: mogelijk overleden op 7 december 1693.		1	6.0	12.0
908	914	Banchem	van	1.0		Johan Boudewijnsz.	0				1637.0	0	1699.0	0			1		
909	915	Maas	van der	1.0		Jacob	0				1631.0	1	1696.0	0			1		
910	916	Assendelft	van	1.0		Pieter Claasz.	0				1649.0	0		0			1		
911	917	Grootveld	van	1.0	4.0	Gerrit Leendertsz.	0				1626.0	0	1677.0	0			1	6.0	9.0
912	918	Moeringh		1.0	4.0	Cornelis	0				1634.0	0	1696.0	0			1		
913	919	Westerhout		1.0		Dirk Maartensz.	0					0	1638.0	0			1	22.0	10.0
914	920	Bonser		1.0	4.0	Jacob	0				1623.0	0	1698.0	0			1		
915	921	Abbesteegh	van	1.0		Daam Willemsz.	0					0	1663.0	0			1		
916	922	Graeff	van der	1.0	4.0	Nicolaas	0					0	1668.0	0			1		
917	923	Cincq		1.0		Florens	0					0	1680.0	0			1	24.0	12.0
918	924	Verboom		1.0		Jacob Jacobsz.	0					0	1671.0	0			1		
919	925	Herberts		1.0		Frans Hendricksz.	0					0	1661.0	0			1		
920	926	Vossenburch		1.0	4.0	Anthonie	0				1603.0	1	1661.0	0			1		
921	927	Cant		1.0	4.0	Floris	0				1610.0	1	1678.0	0	Vroedschap: ontslagen 1672.		1		
922	928	Crabeth		1.0		Pieter Woutersz.	0				1568.0	1	1638.0	0			1		
923	929	Cool		1.0	4.0	Adriaan	0				1577.0	1	1651.0	0			1		
924	930	Vrije	de	1.0		Jacob Jacobsz.	0					0	1630.0	0			1		
925	931	Cool		1.0		Gerard Adriaensz.	0					0	1641.0	0			1		
926	932	Steenwijck		1.0		Dirck Jansz.	0					0	1633.0	0	Persoonsgegevens: begraven 27 november 1633.		1		11.0
927	933	Antwerpen		1.0		Gijsbert Hendriksz.	0					0	1635.0	0			1		
928	934	Ophemert	(van)	1.0		Joost Jansz.	0				1578.0	1	1636.0	0			1	9.0	6.0
929	935	Hart	't	1.0		Jan Hendriksz.	0					0	1625.0	0	Persoonsgegevens: begraven 6 april 1625.		1		
930	936	Trist		1.0		Pieter Pietersz.	0					0	1623.0	0	Vroedschap: aanvangsjaar onzeker.		1		
931	937	Vroesen		1.0		Gerrit Jansz.	0				1555.0	1	1630.0	0			1		
932	939	Hogenberch		1.0	4.0	Govert Aertsz.	0					0	1655.0	0			1		
933	940	Rosendael	van	1.0	4.0	Amel Jansz.	0				1557.0	0	1620.0	0	Persoonsgegevens: De Blécourt geeft afwijkende overlijdensdatum 1 in plaats van 14 juni 1620.		1	14.0	6.0
934	941	Rietveld	van	1.0	4.0	Melchior Gerard	0				1655.0	0	1700.0	0			1	21.0	4.0
935	943	Beverningh	van	1.0	4.0	Hieronymus	0				1614.0	0	1690.0	0			1	30.0	10.0
936	944	Teylingen	van	1.0		Jacob	0				1583.0	0	1640.0	0			1	3.0	4.0
937	945	Tocht	van der	1.0		Cornelis Bouwensz.	0					0	1648.0	0			1		
938	946	Swaenswijck	van	1.0		Andries Lourisz.	0					0	1643.0	0			1		
939	948	Vereyck		1.0		Adriaan Cornelisz.	0					0	1682.0	0			1		
940	949	Sas		1.0		Jan Gijsbertsz.	0					0	1640.0	0			1		
941	950	Marcellus		1.0	4.0	Gerard	0				1604.0	1	1649.0	0			1		
942	951	Minne		1.0		Daem Aelbrechtsz.	0					0	1643.0	0			1		
943	952	Crabeth		1.0	4.0	Johan Pietersz.	0					0	1652.0	0			1		
944	953	Houtman		1.0		Aelbert Maartensz.	0				1585.0	1	1662.0	0			1	3.0	3.0
945	954	Dam	van	1.0		Johan	0					0	1691.0	0			1		
946	955	Cincq		1.0	4.0	Gerrit	0					1		0			1		
947	956	Cool		1.0		Aemilius	0				1618.0	0	1688.0	0			1	16.0	11.0
948	957	Hoogh	de	1.0		Anthonij Adriaensz.	0					0	1645.0	0			1		
949	958	Versteegh		1.0		Imbert Imbertsz.	0					0	1646.0	0			1	2.0	7.0
950	959	Lange	de	1.0		Adriaen Andreasz.	0				1566.0	0	1646.0	0			1	2.0	7.0
951	960	Kemp		1.0		Nicolaes Reijersz.	0					0	1624.0	0			1	4.0	5.0
952	961	Deijm		1.0	4.0	Simon Martinusz.	0				1654.0	0	1713.0	0			1		8.0
953	962	Grootvelt	van	1.0		Johan Willemsz.	0					0	1694.0	0			1		
954	963	Grootvelt	van	1.0		Willem Jansz.	0					0		0			1		
955	964	Ameijde	van der	1.0		Jan Jacobsz.	0					0		0			1		
956	965	Drept	van der	1.0	4.0	Pieter Johansz.	0				1613.0	1	1674.0	0			1	3.0	11.0
957	966	Crom van Asperen		1.0		Folpert Cornelisz.	0					0	1616.0	0	Persoonsgegevens: Van der Lely geeft 'trout 20 januari 1616: trout' etc. Het eerste 'trout'moet ongetwijfeld gelezen worden als 'sterft'.		1	20.0	1.0
958	967	Erkelens	van	1.0	3.0	Jacobus Johansz.	0					0	1705.0	0			1	6.0	12.0
959	968	Vervoorn		1.0		Jacob Jacobsz.	0					0	1653.0	0			1		
960	969	Boelissen		1.0	4.0	Johan Alarsz.	0					0		0	Vroedschap: Van Zomeren geeft 1645 als aanvang. Einde tussen 1655 en 1672.		1		
961	970	Manson		1.0		Brienen	0				1620.0	0	1683.0	0			1		
962	971	Snoek		1.0		Hendrik Jansz.	0				1543.0	1	1603.0	0			1		
963	972	Boxel		1.0		Adriaen Danielsz.	0					0	1691.0	0			1	24.0	11.0
964	973	Does	van der	1.0	4.0	Hendrik	0				1615.0	0	1708.0	0			1	2.0	5.0
965	974	Hoey	van	1.0		Gerard Abrahamsz.	0				1656.0	0	1708.0	0	Vroedschap: Van Zomeren geeft aanvang 1681, Van der Lely 1682.		1	16.0	1.0
966	975	Sprang	van	1.0		Adriaen Aardsz.	0					0	1691.0	0			1		
967	976	Schilthouwer		1.0		Johan	0				1619.0	0	1711.0	0			1	7.0	6.0
968	977	Praem		1.0	4.0	Hendrik	0				1629.0	0	1695.0	0			1		
969	978	Leeuwen van Wusthuijsen		1.0		Gerard	0					0	1748.0	0	Vroedschap: Van Zomeren geeft afwijkend aanvangsjaar 1729.		1		2.0
970	979	Erp	van	1.0	4.0	Pieter	0				1667.0	0	1750.0	0			1	5.0	5.0
971	981	Assendelft	van	1.0	4.0	Jacob	0				1692.0	0	1752.0	0	Vroedschap: Van Zomeren geeft afwijkend aanvangjaar 1723. Ontslag wegens benoeming tot schepen Den Haag.		1	13.0	2.0
972	982	Dierhout		1.0		Johan Claasz.	0					0	1626.0	0			1	7.0	7.0
973	983	Neercassel	van	1.0		Wouter Matthijsz.	0					0	1623.0	0			1	5.0	8.0
974	984	Heusden	van	1.0		Pieter Jansz.	0					0		0			1		
975	985	Colck	van der	1.0		Arent	0					0	1662.0	0			1	29.0	5.0
976	986	Loosen	van	1.0		Aelbert Matthijsz.	0					0	1593.0	0			1		
977	987	Vechoven	van	1.0		Hieronimus	0				1660.0	1	1734.0	0	Persoonsgegevens: Jorissen geeft afwijkend jaar van overlijden 1735.		1	4.0	12.0
978	988	Hurck	van	1.0	4.0	Francois	0					0	1742.0	0	Vroedschap: Van Zomeren geeft afwijkend aanvangsjaar 1718.		1		
979	989	Couwenhoven	van	1.0		Willem Allertsz.	0				1592.0	0	1659.0	0			1	19.0	7.0
980	990	Gans		1.0	4.0	Johan	0					0		0	Persoonsgegevens: overleden na 1665.		1		
981	991	Gellinchuysen	van	1.0		François	0					0	1646.0	0			1	29.0	11.0
982	992	Commersteyn		1.0		Abraham Jansze	0				1571.0	1	1644.0	0			1		
983	993	Ormea		1.0	4.0	Bernardijn	0				1595.0	0	1652.0	0			1		
984	994	Gerbode	de	1.0	4.0	Gilles	0				1605.0	1	1658.0	0			1		
985	995	Commersteyn		1.0	4.0	Jacob	0				1620.0	1	1708.0	0	"Persoonsgegevens: De Jager geeft overlijden 1707, Elias begraven 25 december 1708.
Vroedschap: ontslagen 1672."		1		12.0
986	996	Sem		1.0		Balthasar	0					0	1683.0	0	Vroedschap: ontslagen 1672.		1		
987	997	Poth	van der	1.0		Simon Gijsbrechtsz.	0					0	1680.0	0			1		
988	998	Berkhout	Teding van	1.0		Johan	0				1623.0	1	1696.0	0			1		
989	999	Dijk	van	1.0		Barent	0					0	1707.0	0			1		
990	1000	Deym		1.0		Johan	0				1693.0	0	1749.0	0	"Persoonsgegevens: De Nederlandsche Leeuw geeft begraafdatum 3 februari, Van der Lely overlijdensdatum 8 februari.
Vroedschap: Van der Lely geeft aanvangsjaar 1723."		1		
991	1001	Byemont	van	1.0	4.0	Jacob	0				1708.0	0	1773.0	0			1	8.0	5.0
992	1002	Wilhem	le Leu de	1.0	4.0	Coenraad	0				1732.0	0	1801.0	0			1		
993	1003	Almonde	van	1.0	4.0	Adriaan	0					0	1727.0	0			1		
994	1004	Poel	van der	1.0		Jacob	0				1657.0	0	1714.0	0	Persoonsgegevens: begraven 8 februari 1714.		1		
995	1005	Leenmans		1.0	3.0	Anthony	0				1642.0	1	1725.0	0			1		
996	1006	Tael		1.0	3.0	Anthony	0					0	1725.0	0			1		
997	1007	Deym		1.0	4.0	Johan	0					0	1732.0	0	Persoonsgegevens: is mogelijk identiek met de Johannes Deijm uit Hellevoetsluis in Album studiosorum academiae Lugduno Batavae MDLXXV-MDCCCLXXV ('s-Gravenhage 1875) 798, inschrijving als 21-jarige op 14 juni 1707.		1		
998	1008	Helsdingen	van	1.0		Anthony	0				1682.0	0	1737.0	0			1		
999	1009	Leeuwen	van	1.0	4.0	Cornelis Hendrik	0				1696.0	0	1763.0	0			1	26.0	2.0
1000	1010	Nieustadt	van der	1.0		Paulus	0					0	1637.0	0			1		
1001	1011	Helsdingen	van	1.0	4.0	Abraham	0				1710.0	0	1758.0	0			1		
1002	1012	Almonde	van	1.0	4.0	Adriaan	0					0	1659.0	0			1		
1003	1013	Leyden van Leeuwen	van	1.0	4.0	François Adriaan	1				1671.0	0	1726.0	0	Buitenlandse adelstitels: baron des Heiligen Roomse Rijk.		1	12.0	8.0
1004	1014	Bramen	van	1.0		Abraham	0					0	1656.0	0			1		
1005	1015	Heim	van der	1.0	4.0	Johan	0		Goudswaard		1680.0	0	1753.0	0	Vroedschap: Roelants geeft afwijkend aanvangsjaar 1722.		1	27.0	8.0
1006	1016	Verdam		1.0		Jan Willemsz.	0					0		0			1		
1007	1017	Brasser		1.0		Willem Jacobsz.	0				1574.0	1	1653.0	0	"Persoonsgegevens: Van der Lely geeft onjuist 1654 jaar van overlijden.
Vroedschap: ontslagen 1618."		1	9.0	11.0
1008	1018	Bouman		1.0		Simon Cornelisz.	0					0	1638.0	0	Persoonsgegevens: patroniem in Wapenheraut 1897 foutief 'Jansz.'. Van der Lely geeft overlijden 1639, Wapenheraut 1900 22 mei 1638 in plaats van 22 maart volgens Kronieken.		1	22.0	3.0
1009	1019	Bolleman		1.0		Sebastiaen Hendriksz.	0					0	1649.0	0			1		
1010	1020	Jonas		1.0		Pieter Claesz.	0				1596.0	0	1635.0	0	Persoonsgegevens: Wapenheraut 1900 geeft afwijkend jaar van overlijden 1636 (28 september). Kronieken geeft naam 'Pieter Claas Jonasz.', Van der Minne 'Pieter Claesz. Jonas'. Aan de variant van Van der Minne wordt de voorkeur gegeven; waarschijnlijk is 'Claas Jonasz.' als geheel op te vatten als patroniem, dat wil zeggen Pieter de zoon van Claas Jonasz. Het patroniem 'Jonasz.' wordt zo tot een familienaam (gezien kolom 205 van genoemde jaargang van De Nederlandsche Leeuw).		1		
1011	1021	Nieupoort		1.0	4.0	Willem	0				1607.0	0	1678.0	0	Vroedschap: ontslagen 1672.		1		
1012	1022	Dussen	van der	1.0		Bruno Arentsz.	0				1588.0	0	1655.0	0			1	27.0	4.0
1013	1023	Cleeff	van	1.0		Abraham	0					0	1670.0	0			1	19.0	6.0
1014	1024	Bois	du	1.0		Govert Jansz.	0				1600.0	0	1657.0	0	Persoonsgegevens: Wapenheraut 1900 geeft afwijkende overlijdensdatum 19 juli in plaats van september.		1		9.0
1015	1025	Jonasz.		1.0		Pieter	0				1596.0	0	1668.0	0			1	1.0	7.0
1016	1026	Beijs		1.0		Pieter Arijensz.	0					0	1680.0	0	"Persoonsgegevens: in Kronieken twee gelijknamige personen, waarvan de eerste in de vroedschap van 1654 tot overlijden in 1668, en de tweede van 1672 tot overlijden in 1680. De Nederlandsche Leeuw meent dat het hier één en dezelfde persoon betreft. Een sterke aanwijzing dat dit inderdaad het geval is, geeft S. van Leeuwen, Batavia illustrata ofte Hollandsche chronyck ('s-Gravenhage 1685) 1458, die vermeldt dat Pieter Beijs in 1667 uit Gecommitteerde Raden gaat vanwege zijn benoeming tot secretaris van de Rekenkamer en in 1670 van die functie afstand doet ten behoeve van zijn neef Adriaan van Bleiswijk. Beijs is dus niet overleden in 1668 en kwam in 1672 weer in de vroedschap.
Vroedschap: beëindiging 1668 wegens benoeming tot secretaris van de Rekenkamer ter Auditie van Holland in het Zuiderkwartier."		1		
1017	1027	Dussen	van der	1.0	3.0	Adriaan	0				1629.0	0	1682.0	0			1		
1018	1028	Pesser van Velsen		1.0		Sebastiaen Anthonisz.	0					0	1680.0	0			1		
1019	1029	Driel	van	1.0	4.0	Nicolaas	0				1627.0	0	1686.0	0	Persoonsgegevens: Kronieken geeft afwijkend jaar van overlijden 1687. Begraven 27 juni 1686.		1		6.0
1020	1030	Bleyswijk	van	1.0	4.0	Theodorus	0				1655.0	0	1700.0	0	"Persoonsgegevens: Wapenheraut 1900 geeft afwijkende overlijdensdatum 17 juni in plaats van 17 januari. De laatste datum is echter het meest waarschijnlijk, omdat Van Bleyswijk al in januari 1700 wordt opgevolgd in de Rekenkamer ter auditie.
Vroedschap: Wapenheraut geeft afwijkend aanvangsjaar 1681."		1	17.0	1.0
1021	1031	Dussen	van der	1.0		Gerard	0				1636.0	0	1711.0	0	"Vroedschap: Wapenheraut 1897 geeft afwijkend eindjaar 1712 (en daarmee overlijden).
Overig: Jaarboek van het Centraal Bureau voor Genealogie plaatst Van der Dussen ten onrechte ook in Gecommitteerde Raden van Holland in 1703."		1	17.0	7.0
1022	1032	Niesen		1.0		Cornelis	0					0	1700.0	0			1	24.0	12.0
1023	1033	Hulshout		1.0	4.0	Simon	0				1679.0	0	1717.0	0			1	29.0	4.0
1024	1034	Pesser van Velsen		1.0		Jan	0				1658.0	0	1719.0	0	Persoonsgegevens: Wapenheraut 1900 geeft afwijkende overlijdensdatum 4 in plaats van 10 mei.		1	10.0	5.0
1025	1035	Gordon		1.0		Robbert	0		Nieuwland	Kortland, 's-Grevenland	1664.0	0	1724.0	0	Heerlijkheden/adellijke huizen: verwerving 1698.		1	1.0	5.0
1026	1036	Heuvel	van den	1.0		Pieter	0				1674.0	0	1739.0	0			1	9.0	4.0
1027	1038	Brasser		1.0		Adriaen	0					0	1695.0	0			1		
1028	1039	Hulshout		1.0		Andreas	0				1680.0	0	1738.0	0			1	29.0	8.0
1029	1040	Schuijlenburch	van	1.0	4.0	Dionisius	0				1653.0	0	1734.0	0			1		1.0
1030	1041	Grootvelt	van	1.0		Johan Johansz.	0					0	1722.0	0	Persoonsgegevens: Van der Lely geeft jaar van overlijden 1720, wat echter niet juist kan zijn, gezien de bekleding van de functie van Gecommitteerde raad van 1721 tot 1722.		1	1.0	2.0
1031	1042	Staal	van der	1.0	4.0	Johan	0					0		0			1		
1032	1043	Boelens		1.0	3.0	Claes	0				1550.0	0	1615.0	0			1	26.0	2.0
1033	1044	Boelisz.		1.0	4.0	Pieter	0				1582.0	0	1628.0	0			1	13.0	12.0
1034	1045	Goijer	de	1.0		Anselmus Gijsbertsz.	0					0	1667.0	0	Persoonsgegevens: begraven 26 september 1667.		1		9.0
1035	1046	Beecke	van der	1.0	4.0	Willem	0				1642.0	0	1681.0	0			1	15.0	2.0
1036	1048	Westwoude		1.0		Cornelis	0				1612.0	0	1673.0	0			1	3.0	9.0
1037	1050	Wit		1.0		Pieter Willemsz.	0					0	1601.0	0			1	13.0	1.0
1038	1054	Hinlopen		1.0		Otto	0					0	1681.0	0			1	31.0	7.0
1039	1055	Sijms		1.0		Claes Jacobsz.	0				1556.0	0	1613.0	0	Persoonsgegevens: 'Genealogie van de Familie Boelisz en aanverwante geslachten' geeft 1615 als jaar van overlijden, wat blijkens de vroedschapsresoluties (zie Bronnen) van Hoorn onjuist is.		1	28.0	11.0
1040	1056	Sijms		1.0		Jacob Claesz.	0				1630.0	0	1673.0	0			1	30.0	9.0
1041	1057	Abbekerk		1.0	4.0	Joan	0				1653.0	0	1702.0	0			1	26.0	7.0
1042	1058	Blocquery	van de	1.0	4.0	Jan Christiaan	0				1725.0	0	1805.0	0	Vroedschap: ontslagen 1788.		1	5.0	11.0
1043	1060	Verboom		1.0		Johan Hendrik Adriaensz.	0				1708.0	0	1790.0	0			1		
1044	1061	Herwaerden	van	1.0		Aert Jansz.	0					0	1671.0	0			1	3.0	9.0
1045	1064	Aerssen	van	1.0		Cornelis	0		Hoogerheide	Half Ossendrecht, Meteren, Triangel, Voshol	1646.0	0	1728.0	0	Heerlijkheden/adellijke huizen: verwerving Meteren 1694, Triangel, Voshol 1710.		1	8.0	9.0
1046	1065	Muys van Holy		1.0		Jacob Pietersz.	0				1540.0	1	1592.0	0			1	7.0	9.0
1047	1066	Mierop	van	1.0	4.0	Cornelis	0		Hoogwoud			0	1608.0	0			1		
1048	1067	Mierop	van	1.0		Joachim	0		Schrevelsrecht	Alblasserdam		0	1643.0	0			1		
1049	1068	Slingelandt	van	1.0	4.0	Govert	0		Kleine-Lindt	West-IJsselmonde en Patijnenburg	1694.0	0	1767.0	0	Heerlijkheden/adellijke huizen: verwerving Kleine-Lindt 1719.		1		
1050	1069	Duyck		1.0		Adriaan	0		Oudkarspel	Koedijk		0	1620.0	0	Heerlijkheden/adellijke huizen: verwerving Oudkarspel 1619.		1	5.0	12.0
1051	1070	Wolff	van der	1.0		Cornelis Anthonisz.	0					0	1640.0	0			1		
1052	1071	Rechtere	de	1.0		Coenraet Dircksz.	0				1538.0	1	1601.0	0			1		
1053	1072	Clevesteyn	van	1.0	4.0	Aart Dirksz.	0					0	1655.0	0	Persoonsgegevens: begraven 31 mei 1655.		1		5.0
1054	1073	Buys		1.0	4.0	Willem	0				1661.0	0	1749.0	0	Overig: was pensionaris van Amsterdam 1693-1696, vervangend raadpensionaris van Holland 1745-1746.		1	10.0	12.0
1055	1074	Clotterbooke		1.0	4.0	Caspar	0					0		0			1		
1056	1076	Roijer		1.0	4.0	Alexander Hieronymus	0					0		0			1		
1057	1077	Straten	van der	1.0	4.0	Adriaan	0				1699.0	0	1757.0	0			1		
1058	1078	Halewijn		1.0	4.0	François	0		Werve			0		0			1		
1059	1079	Graef	van der	1.0		Jacob	0				1635.0	1	1684.0	0			1	4.0	3.0
1060	1080	Emants		1.0	4.0	Guilliam Balthasar	0				1737.0	0	1805.0	0			1		
1061	1081	Akersloot		1.0		Auwel Arisz.	0				1583.0	0	1649.0	0			1	4.0	12.0
1062	1082	Berkenrode	van	1.0		Adriaan	0				1543.0	0	1605.0	0	Persoonsgegevens: begraven begin september 1605.		1		
1063	1083	Backer		1.0		Cornelis Adriaensz.	0					0	1655.0	0			1	29.0	11.0
1064	1084	Boll		1.0		Pieter	0					0	1668.0	0			1		
1065	1085	Bosvelt	van	1.0	4.0	Adriaan	0				1633.0	0	1698.0	0			1		
1066	1086	Backer		5.0	4.0	Cornelis	0				1668.0	0	1707.0	0			1	26.0	5.0
1067	1087	Brakel	van	1.0	4.0	Cornelis Pieter	0					0	1740.0	0			1	25.0	9.0
1068	1088	Camer	van der	1.0		Johan	0					0	1657.0	0			1		
1069	1089	Colterman		1.0	4.0	Cornelis	0				1658.0	0	1703.0	0	"Persoonsgegevens: begraven 25 april. 
Overig: benoemd tot gedeputeerde ter Staten-Generaal door de Staten van Holland op 19 december 1702, maar overleden vóór sessiename."		1		4.0
1070	1090	Deyman		1.0		Dirk Cornelisz.	0					0	1678.0	0			1	5.0	10.0
1071	1093	Fabricius		1.0	4.0	Arent	0		Santhorst			0	1729.0	0			1		
1072	1094	Gravesteijn		1.0	4.0	Cornelis	0				1634.0	0	1679.0	0	"Persoonsgegevens: begraven 25 september 1679. 
Vroedschap: Jaarboek van het Centraal Bureau voor Genealogie geeft eindjaar 1670."		1		9.0
1073	1095	Guldewagen		1.0	4.0	Abraham	0				1667.0	0	1728.0	0			1		
1074	1096	Laen	van der	1.0		Gerard Cornelisz.	0				1552.0	0	1635.0	0	Vroedschap: ontslagen 1618.		1		
1075	1097	Meer	van der	1.0		Nicolaes Woutersz.	0				1574.0	1	1637.0	0			1		
1076	1098	Nieuwenhuysen	van	1.0	3.0	Willem	0					0	1694.0	0			1	30.0	8.0
1077	1099	Raet	de	1.0	4.0	Arent	0				1651.0	0	1730.0	0			1	6.0	2.0
1078	1100	Ruychaver		1.0		Maarten	0				1545.0	0	1626.0	0	Vroedschap: ontslagen 1618.		1		
1079	1101	Schoterbosch	(van)	1.0		Gerrit Willemsz.	0					0	1611.0	0			1		
1080	1102	Berkenrode	van	1.0		Hendrik	0				1565.0	1	1634.0	0	Persoonsgegevens: Naam-register geeft overlijden 1635.		1	1.0	6.0
1081	1103	Valkenburg	van	1.0	4.0	Cornelis	0				1682.0	0	1728.0	0			1		
1082	1104	Teylingen	van	1.0		Gerrit Willemsz.	1					0	1637.0	0	Persoonsgegevens: Naam-register en Genealogische en heraldische bladen geven jaar van overlijden 1636, De Nederlandsche Leeuw 1637.		1	14.0	2.0
1083	1106	Sont	de	1.0		Anthony Dircksz.	0					0	1708.0	0			1		
1084	1107	Reus	de	1.0		Johan Abrahamsz.	0				1598.0	1	1685.0	0	Persoonsgegevens: geboortejaar mogelijk 1599.		1	1.0	7.0
1085	1108	Hoogeveen	van	1.0	4.0	Johan Adriaansz.	0					0	1730.0	0			1		
1086	1109	Graeff	van de	1.0		Jacob Sebastiaansz.	0					0	1745.0	0	Overig: het is niet duidelijk of de genoemde functies bekleed werden door Jacob Sebastiaansz. van de Graeff, oudraad van Dordrecht 1717-1745, of Mr. Jacob Adriaansz. van de Graeff, oudraad 1719-1753.		1	4.0	4.0
1087	1110	Burch	van der	1.0	4.0	Willem Frankensz.	0					0	1655.0	0	Persoonsgegevens: Boitet en Kronieken geven 3 augustus als overlijdensdatum, De Vries 3 februari. Mogelijk identiek met Guilhelmus van der Burch in Album studiosorum academiae Lugduno Batavae MDLXXV-MDCCCLXXV ('s-Gravenhage 1875) 76, inschrijving op 13 september 1604, 16 jaar.		1	3.0	8.0
1088	1112	Moel		1.0		Maarten Jansz.	0					0	1604.0	0	Vroedschap: aanvangsjaar 1575 onzeker.		1		
1089	1114	Moerkerken		1.0		Jacob Cornelisz.	0					0	1595.0	0			1		
1090	1115	Wel	van der	1.0		Cornelis Lambrechtsz.	0					0	1622.0	0	Persoonsgegevens: Boitet geeft overlijden 8 augustus of 19 november 1621, Kronieken 20 november 1621, De Vries 1 augustus 1622.		1	1.0	8.0
1091	1116	Santen	van	1.0		Heyndrik Dirksz.	0					0	1608.0	0	Persoonsgegevens: Boitet en Algemeen Nederlandsch Familieblad geven 30 maart 1606 als overlijdensdatum, De Vries 31 maart 1608.		1	31.0	3.0
1092	1117	Valckesteyn	van	1.0		François	0					0	1574.0	0			1		
1093	1118	Blok		1.0	4.0	Bernardus	0				1756.0	0	1818.0	0			1		
1094	1119	Foreest	van	1.0	4.0	Dirk	1				1614.0	0	1679.0	0			1	3.0	8.0
1095	1120	Foreest	van	1.0	4.0	Jacob	1				1640.0	0	1708.0	0			1	3.0	1.0
1096	1121	Foreest	van	1.0	4.0	Dirk	1				1676.0	0	1717.0	0			1	7.0	12.0
1097	1122	Foreest	van	5.0	4.0	Jan	1				1586.0	0	1651.0	0			1	27.0	10.0
1098	1123	Foreest	van	1.0		Jacob	1				1556.0	0	1624.0	0			1		
1099	1124	Stralen	Mossel van	1.0	4.0	Jan	0				1713.0	0	1772.0	0			1	21.0	11.0
1100	1125	Coninck		1.0	4.0	Albert	0				1684.0	0	1735.0	0	Persoonsgegevens: in Velius lijkt het jaar van aanvang in de vroedschap 1708 en drukfout te zijn voor 1709; 1708 waarschijnlijk door Bossaers, Kooijmans en Bonke overgenomen van Velius.		1	5.0	3.0
1101	1126	Carbasius		1.0	4.0	Hendrik	0				1688.0	0	1748.0	0			1	10.0	3.0
1102	1127	Groot		1.0	4.0	Nicolaas	0				1725.0	0	1785.0	0			1	4.0	10.0
1103	1128	Maelson		1.0	3.0	Francois Pietersz.	0				1538.0	0	1601.0	1	Overig: van 1587 tot april 1591 syndicus van West-Friesland. Was ook pensionaris van Enkhuizen.		1		
1104	1129	Engelsman		1.0		Jan Jansz.	0					0	1619.0	1	Vroedschap: ontslagen 1618.		1		
1105	1130	Soop		1.0		Cornelis Cornelisz.	0					0	1622.0	1			1		
1106	1131	Molenwerff		1.0		Jan Jansz.	0					0	1606.0	0			1		
1107	1132	Crap		1.0		Willem Pietersz.	0					0	1610.0	0			1		
1108	1133	Sonck		1.0		Albert Fransz.	0				1571.0	0	1658.0	0			1	28.0	11.0
1109	1134	Binneblijf		1.0	4.0	Jan Woutersz.	0					0	1612.0	0			1		
1110	1135	Veen		1.0	4.0	Cornelis Cornelisz.	0				1564.0	1		0			1		
1111	1136	Merens		1.0		Jan Maertsz.	0				1574.0	0	1642.0	0	Vroedschap: ontslagen 1618.		1	22.0	1.0
1112	1137	Kuyper		1.0		Dirk Dirksz.	0					0	1623.0	0			1		3.0
1113	1138	Burritsz.		1.0		Albert	0					0	1624.0	0			1		
1114	1139	Veen		1.0		Claes Cornelisz.	0				1568.0	1		0	Overig: Jaarboek van het Centraal Bureau voor Genealogie noemt hem ten onrechte gecommitteerde in de Admiraliteit in het Noorderkwartier 1621. Het betreft hier Cornelis Cornelisz. Veen.		1		
1115	1140	Jacobsz.		1.0		Outger	0					0		0			1		
1116	1141	Crap		1.0		Claes Willemsz.	0				1596.0	0	1639.0	0			1	15.0	7.0
1117	1142	Lammertschagen		1.0		Jan Allertsz.	0				1590.0	0	1661.0	0			1	17.0	4.0
1118	1143	Jager		1.0		Willem Claesz.	0					0	1653.0	0			1		
1119	1144	Wybo		1.0		Jacob Josiasz.	0				1599.0	0	1648.0	1	Persoonsgegevens: overlijden (en daarmee einde lidmaatschap vroedschap) mogelijk begin 1649. Het overlijden blijkt uit de resoluties van de vroedschap van Hoorn (zie onder 'Bronnen'). De overlijdensdatum die Bonke geeft (1 februari 1662) is onjuist en heeft betrekking op zijn zoon Josias (blijkens DTB Hoorn 82, f. 31v. begraven 3 februari 1662), die in 1655 lid van de vroedschap werd.		1		
1120	1145	Hoogtwoud		1.0		Claes Cornelisz.	0					0	1652.0	0	Vroedschap: Bonke geeft 1618 als aanvang in de vroedschap, maar lijkt hem te hebben verward met vader Cornelisz. Claesz. (zie Jaarboek van het Centraal Bureau voor Genealogie).		1	5.0	10.0
1121	1146	Keyser		1.0		Cornelis Cornelisz.	0					0	1641.0	0			1	28.0	10.0
1122	1147	Ben		1.0		Pieter Dirksz.	0					0		0			1		
1123	1148	Groot		1.0		Maerten Jansz.	0					0	1652.0	0			1	24.0	8.0
1124	1149	Twisk		1.0		Gerard Pietersz.	0					0	1660.0	0	Vroedschap: Velius geeft onjuist aanvang 1650.		1	21.0	11.0
1125	1150	Hovius		1.0	3.0	Gerard	0					0		0			1		
1126	1151	Langewagen		1.0		Elbert Dirksz.	0					0	1664.0	0			1	12.0	7.0
1127	1152	Sonck		1.0	4.0	Meyndert	0				1626.0	0	1675.0	0			1	6.0	10.0
1128	1153	Veen		1.0		Dirk Claesz.	0				1604.0	0	1670.0	0			1	11.0	1.0
1129	1154	Neck	van	1.0	4.0	Lucas	0				1623.0	0	1673.0	0			1	18.0	3.0
1130	1155	Roosekrans		1.0		Jacob	0					0		0			1		
1131	1156	Munnick		1.0		Jacob	0					0	1684.0	0			1		
1132	1157	Jongh(e)	de	1.0		Jelle Maertsz.	0					0		0	Vroedschap: ontslagen 1672.		1		
1133	1158	Lobs		1.0		Jacob Jansz.	0					1		1			1		
1134	1159	Sanen	van	1.0		Cornelis Jansz.	0					0		0	Vroedschap: ontslagen 1672.		1		
1135	1160	Beets		1.0		Huybert IJsbrandsz.	0					0	1671.0	0			1		
1136	1161	Broeder		1.0		Jan Jacobsz.	0					0	1678.0	0			1		
1137	1162	Huyg		1.0		Hendrik	0				1628.0	0	1679.0	0			1	29.0	10.0
1138	1163	Sieuwsz.		1.0		Jacob	0					0		0			1		
1139	1164	Huyg		1.0		Claas Dircksz.	0					0		0			1		
1140	1165	Rengers		1.0		Simon Jansz.	0					0		0			1		
1141	1166	Jacobsz.		1.0		Albert	0					0		0	Vroedschap: aanvangsjaar niet geheel zeker.		1		
1142	1167	Gerbrandsz.		1.0		Simon	0					0		0	Vroedschap: aanvangsjaar niet geheel zeker.		1		
1143	1168	Rengers		1.0		Lambert Jansz.	0					0		0			1		
1144	1169	Pont		1.0		Frans Dirksz.	0					0	1613.0	0			1		
1145	1170	Houttuijn		1.0		Jan Anthonisz.	0					0		0			1		
1146	1171	Hoek		1.0		Jan Taamsz.	0					0	1624.0	0			1		
1147	1172	Groot		1.0		Simon Jacobsz.	0					0		0			1		
1148	1173	Janknegt		1.0		Jan Heijnsz.	0					0		0	Vroedschap: aanvang tussen 1585 en 1590.		1		
1149	1174	Houtcooper		1.0		Teunis Jansz.	0					0	1635.0	0	Persoonsgegevens: in Van Meghelen als Teunis Jansz., in de resoluties van de vroedschap van Edam met toevoeging 'Houtcooper'.		1		
1150	1175	Heijndricxz		1.0		Bouwen	0					0		0			1		
1151	1176	Pieterbaas		1.0		Jacob Claesz.	0					0		0			1		
1152	1177	Hens		1.0		Simon Jacobsz.	0					0		0	Vroedschap: aanvang na 1590.		1		
1153	1178	Outclaas		1.0		Pieter Claasz.	0					0	1638.0	0	Vroedschap: aanvang na 1590.		1	5.0	9.0
1154	1179	Cornelisz.		1.0		Frans	0					0	1642.0	0			1		
1155	1180	Houttuijn		1.0		Claas Claasz.	0					0	1662.0	0			1		
1156	1181	Bouwensz.		1.0		Maerten	0					0	1641.0	0			1	3.0	6.0
1157	1182	Keetman		1.0		Pieter Claasz.	0					0	1647.0	0			1	6.0	10.0
1158	1183	Pols		1.0		Pieter Jacobsz.	0					0	1647.0	0			1	26.0	10.0
1159	1184	Broeck	van	1.0		Claas Jacobsz.	0					0	1644.0	0	Persoonsgegevens: Van Meghelen geeft onjuist jaar van overlijden 1650.		1	13.0	5.0
1160	1185	Brasker		1.0		Jacob	0					0	1704.0	0	Persoonsgegevens: Van Meghelen geeft overlijden (en daarmee einde lidmaatschap vroedschap) 1681, Jaarboek van het Centraal Bureau voor Genealogie 6 oktober 1704 ('ongewoon oud').		1		
1161	1186	Outclaas		1.0		Pieter Pietersz.	0					0		0	Vroedschap: ontslagen 1672.		1		
1162	1187	Taamses		1.0		Thijs Heijnsz.	0					0	1679.0	0			1		
1163	1188	Pieteijs		1.0		Jacob Jansz.	0					0		0	Vroedschap: ontslagen 1672.		1		
1164	1189	Jacobsz.		1.0		Wigger	0					0	1672.0	0			1		
1165	1190	Visscher		1.0		Jan Maertsz.	0					0		0			1		
1166	1191	Kort		1.0		Jacob Claesz.	0					0	1615.0	0			1	1.0	3.0
1167	1192	Hoogerbeets		1.0	4.0	Dirck	0					0		0	Persoonsgegevens: mogelijk identiek met Mr. Dirk Doctor, vroedschap vanaf 1562 en 1574, Theodorus Velius en Sebastiaan Centen, Chronyk van Hoorn (Hoorn 1740) lijst van Burgemeesters en Schepenen achterin, 65-66.		1		
1168	1193	Meynertsz.		1.0		Symon	0					0	1613.0	0			1	25.0	12.0
1169	1194	Swart		1.0		Doed Maertsz.	0					0		0			1		
1170	1195	Fransz.		1.0		Reyner	0					0		0			1		
1171	1196	Vaal	de	1.0		Jan Pietersz.	0					0		0			1		
1172	1197	Coster		1.0		Symon  Allardtsz.	0					0	1620.0	0			1		
1173	1198	Fortuijn		1.0		Cornelis Jansz.	0					0		0			1		
1174	1199	Schagen		1.0		Cornelis Mathijsz.	0					0	1650.0	0	Vroedschap: Gens Nostra geeft aanvang 1618, in gebruikt exemplaar handmatig gewijzigd naar 1608.		1		
1175	1200	Lieves		1.0		Symon Maertsz.	0					0	1651.0	0			1		
1176	1201	Verwer		1.0		Heyndrick Claesz.	0					0	1668.0	0			1		
1177	1202	Lynslager		1.0		Jan Outgersz.	0					0	1637.0	0			1		
1178	1203	Busier		1.0		Bartholomeus Maertsz.	0					0	1652.0	0			1		9.0
1179	1204	Nanningsz.		1.0		Pieter	0					0		0			1		
1180	1205	Aker		1.0		Pieter Pietersz.	0					0		0			1		
1181	1206	Werff	van der	1.0	4.0	Evert Jacobsz.	0					0	1669.0	0			1		
1182	1207	Coen		1.0		Adam Dircksz.	0					0		0			1		
1183	1208	Zee	de	1.0		Jan Jan Outgersz.	0					0		0			1		
1184	1209	Aker		1.0		Jacob Pietersz.	0					0		0			1		
1185	1210	Roocker		1.0		Aryaen Dircksz.	0					0		0			1		
1186	1211	Schellinger		1.0		Cornelis Jacobsz.	0					0		0			1		
1187	1212	Puyner		1.0		Dirck Thomasz.	0					0	1658.0	0			1		
1188	1213	Brouwer		1.0		Reyner Dircksz.	0					0	1669.0	0			1		
1189	1214	Zee	de	1.0		Jan Jansz.	0					0		0			1		
1190	1215	Boos	de	1.0		Cornelis Jansz.	0					0		0			1		
1191	1216	Hauwert		1.0		Jan Cornelisz.	0					0	1668.0	0			1		
1192	1217	Zyp	van der	1.0		Cornelis Heertjes	0					0		0			1		
1193	1218	Snoeck		1.0		Reynder Claesz.	0					0		0			1		
1194	1219	Pietersz.		1.0		Albert	0					0		0			1		
1195	1220	Hoffmunter		1.0		Johannes	0					0		0			1		
1196	1221	Maelson		1.0		Pieter Jacobsz.	0					0		0			1		
1197	1222	Kopges		1.0		Harko Melisz.	0					0		0			1		
1198	1223	Gerritsz.		1.0		Lucas	0					0	1622.0	0			1		
1199	1224	Brouwer		1.0		Gerrit Jacobsz.	0					0		0			1		
1200	1225	Scharlaeken		1.0		Seger Dirksz.	0					0	1636.0	0			1	24.0	3.0
1201	1226	Grota		1.0		Wijbrandt Gerbrandtsz.	0					0		0			1		
1202	1227	Krijtman		1.0		Jan Nantsz.	0					0		0			1		
1203	1228	Homan		1.0	4.0	Jan Fransz.	0					0		0			1		
1204	1229	Schipper		1.0		Jacob Sieuwertsz.	0					0	1625.0	0			1		
1205	1230	Palenstein		1.0		Pieter Leendertsz.	0					0	1627.0	0			1		
1206	1231	Botercoper		1.0		Cornelis Cornelisz.	0					0		0			1		
1207	1232	Brouwer		1.0		Lucas Albertsz.	0					0		0			1		
1208	1233	Lucasz.		1.0		Gerrit	0				1590.0	0	1650.0	0			1	13.0	6.0
1209	1234	Druif		1.0		Hendrik Fredriksz.	0					0	1641.0	0			1		
1210	1235	Ossekooper		1.0		Quirijn Taekesz.	0					0		0			1		
1211	1236	Moeskoker		1.0		Hendrik Gerritsz.	0					0	1653.0	0			1	31.0	3.0
1212	1237	Noordtlandt		1.0		Harko Jansz.	0					0	1654.0	0			1	9.0	11.0
1213	1238	Kamerlingh		1.0		Jan Jansz.	0					0	1649.0	0	Persoonsgegevens: begraven 25 oktober 1649.		1		10.0
1214	1239	Guldenarm		1.0		Jacob Hendriksz.	0					0	1654.0	0	Persoonsgegevens: Jaarboek van het Centraal Bureau voor Genealogie geeft 14, Bonke 19 oktober als overlijdensdatum.		1	19.0	10.0
1215	1240	Timmerman		1.0		Simon Jansz.	0					0		0			1		
1216	1241	Hardenbol		1.0		Pieter Pietersz.	0				1582.0	0	1655.0	0			1		
1217	1242	Compostel		1.0		Johan	0					0	1654.0	0			1		
1218	1243	Lakenman		1.0	3.0	Frederick Cornelisz.	0				1622.0	0	1655.0	0	Overig: secretaris van Enkhuizen 1650-1655.		1	28.0	11.0
1219	1244	Semeyn		1.0		Pieter Allertsz.	0				1610.0	0	1666.0	0			1	2.0	9.0
1220	1245	Hagha		1.0	4.0	Dirck	0				1620.0	0	1666.0	0			1	21.0	6.0
1221	1246	Florisz.		1.0		Pieter	0				1607.0	0	1666.0	0			1	18.0	10.0
1222	1247	Blaeu		1.0		Willem Wiggersz.	0				1589.0	0	1663.0	0			1	23.0	4.0
1223	1248	Vis		1.0		Pieter Hilbrantsz.	0					0	1675.0	0			1	9.0	5.0
1224	1249	Jonghknecht		1.0	4.0	Adriaen Cornelisz.	0					0	1679.0	0			1		
1225	1250	Wijnkooper		1.0		Jacob Dircxsz.	0					0	1608.0	0			1		
1226	1251	Foreest	van	1.0		Jan	1				1540.0	0	1580.0	0			1	25.0	5.0
1227	1252	Torenburgh	van	1.0	4.0	Jacob	0					0	1583.0	0			1		
1228	1253	Rabbi		1.0	4.0	Adriaen Heynricxz.	0					0	1620.0	0	Persoonsgegevens: begraven 4 maart 1620.		1		
1229	1254	Cromhout		1.0		Reijnier Adriaensz.	0					0	1591.0	0			1		
1230	1255	Calf		1.0		Gerrit Heindricxsz.	0					0	1592.0	0			1		
1231	1256	Steenhuysen		1.0		Jacob Willemsz.	0					0	1612.0	0			1		
1232	1257	Cooren		1.0		Gerrit Jacobsz.	0					0	1625.0	0	Vroedschap: ontslagen 1610.		1		
1233	1258	Berch	van den	1.0		Hendrik Dirksz.	0					0		0			1		
1234	1259	Teylingen	van	1.0		Pieter Florisz.	1					0	1609.0	0			1		
1235	1260	Medemblick		1.0		Doede Jansz.	0					0	1612.0	0	Vroedschap: ontslagen 1610.		1		
1236	1261	Schagen		1.0		Cornelis Matthijsz.	0					0	1628.0	0			1		
1237	1262	Wittendel	van	1.0	3.0	Jan	1	Jonkheer			1562.0	0	1625.0	0	Vroedschap: 1618 ontslagen.		1		
1238	1263	Teylingen	van	1.0	4.0	Floris	1	Jonkheer			1577.0	0	1624.0	0	Persoonsgegevens: De Nederlandsche Leeuw geeft afwijkende overlijdensdatum 26 in plaats van 14 oktober.		1	14.0	10.0
1239	1264	Vrijburch		1.0		Pieter Claesz.	0					0	1620.0	0	Vroedschap: ontslagen 1618.		1		
1240	1265	Teylingen	van	1.0	4.0	Jakob	1				1569.0	0	1643.0	0	Vroedschap: ontslagen 1618.		1	5.0	9.0
1241	1266	Egmond van de Nijenburg	van	1.0		Gerard Jansz.	1				1576.0	0	1636.0	0	"Persoonsgegevens: begraven 22 mei 1636.
De adeldom van de familie Van Egmond van de Nijenburg was omstreden, zie J. Belonje, 'De afkomst van het geslacht Van Egmond van de Nyenburg', in: Jaarboek van het Centraal Bureau voor Genealogie deel 9 (1955) 39-76."		1		5.0
1242	1267	Rijp		1.0		Cornelis Jansz.	0					0	1630.0	0			1	23.0	8.0
1243	1269	Kessel		1.0		Pieter Willemsz.	0					0	1644.0	0			1	25.0	11.0
1244	1270	Oudensteyn	van	1.0	4.0	Matthijs	0				1584.0	0	1647.0	0			1	18.0	1.0
1245	1271	Sonnevelt	van	1.0	4.0	Cornelis	0					0	1654.0	0			1	15.0	1.0
1246	1272	Zeylemaker		1.0		Cornelis Thomasz.	0					0	1649.0	0			1		
1247	1273	Clock		1.0		Jan Lourensz.	0					0	1653.0	0			1	10.0	8.0
1248	1274	Teylingen	van	1.0	4.0	Cornelis	1	Jonkheer			1612.0	0	1661.0	0	"Persoonsgegevens: Genealogische en heraldische bladen 1906 en 1912 geven 1613 als geboortejaar, De Nederlandsche Leeuw 1612.
Vroedschap: Genealogische en heraldische bladen geeft afwijkend aanvangsjaar 1639."		1	20.0	10.0
1249	1276	Baert		1.0		Jacob Cornelisz.	0				1612.0	0	1668.0	0			1		
1250	1277	Sevenhuijsen		1.0		Adriaan Cornelisz.	0					0	1669.0	0	Persoonsgegevens: begraven 12 maart 1669.		1		
1251	1278	Steenhuysen		1.0	4.0	Bartholdus Jansz.	0				1618.0	1	1670.0	0			1	20.0	9.0
1252	1279	Aris		1.0		Jacob Jansz.	0					0		0			1		
1253	1280	Lourisz.		1.0		IJsbrant	0					0		0	Persoonsgegevens: patroniem in tijdschrift Holland foutief 'Couriss.'. Ook het daarin vermelde eindjaar van de zitting in de vroedschap 1639 is onjuist, want Lourisz. wordt nog tot 3 november 1640 in de resoluties van de vroedschap van Purmerend als lid van dat college genoemd.		1		
1254	1281	Brouwer		1.0		Gerrit Claesz.	0					0		0			1		
1255	1283	Heering		1.0		Pouwels Claesz.	0					0		0			1		
1256	1284	Grebber		1.0		Pieter Claesz.	0					0		0			1		
1257	1285	Out		1.0		Jan Cornelisz.	0					0		0			1		
1258	1286	Ruyter		1.0		Dirck Albertsz.	0					0	1639.0	0	Vroedschap: het eindjaar 1636 zoals in Holland is onjuist, want Ruyter wordt in 1639 in de vroedschapsresoluties van Purmerend nog als lid van dat college genoemd. Vrijwel zeker overleden in december 1639, want toen vervangen als gecommitteerde in de rekenkamer van het Noorderkwartier, terwijl hij daarin op 12 november van dat jaar nog gecontinueerd was. Bovendien na dat jaar niet meer in de vroedschap.		1		
1259	1287	Backer		1.0		Dirck Pouwelsz.	0					0		0			1		
1260	1288	Cassatier		1.0		Gerrit Dirckz.	0					0		0	Vroedschap: tijdschrift Holland geeft 1635 als eindjaar van zitting in de vroedschap, maar gezien de datum van aantreden van opvolger moet dit 1644 zijn.		1		
1261	1289	Beets		1.0		Huybert Huybertsz.	0					0		0			1		
1262	1290	Melisz.		1.0		Matthijs	0					0	1647.0	0			1		
1263	1291	Heijns		1.0		Jan Cornelisz.	0					0		0			1		
1264	1292	Roothooft		1.0		Dirck Pietersz.	0					1		0			1		
1265	1293	Melis		1.0		Pieter Matthijsz.	0					0		0			1		
1266	1294	Houttuyn		1.0		Claes Jacobsz.	0					0	1667.0	0			1		
1267	1295	Pouwelsz.		1.0		Thijs	0					0	1632.0	0	Persoonsgegevens: begraven 29 september 1632.		1		9.0
1268	1296	Raadt		1.0		Claes Jansz.	0					0		0	Vroedschap: ontslagen 1631.		1		
1269	1297	Sem		1.0		Jacob Sijmonsz.	0					0	1647.0	0	Persoonsgegevens: begraven 17 juli 1647.		1		7.0
1270	1299	Baen		1.0		Ariaen Jacobsz.	0					0	1636.0	0	Persoonsgegevens: begraven 7 februari.		1		
1271	1300	Hagen		1.0		Dirk Jacobsz.	0					0	1653.0	0	Persoonsgegevens: begraven 11 november 1653.		1		
1272	1301	Reijnsz.		1.0		Sijmon	0					0	1644.0	0	Persoonsgegevens: begraven 22 mei 1644.		1		5.0
1273	1302	Buijes		1.0	3.0	Jan Gerritsz.	0					0	1667.0	0	Persoonsgegevens: begraven 22 augustus 1667.		1		8.0
1274	1303	Ketel		1.0		Pieter Jacobsz.	0					0	1664.0	0	Persoonsgegevens: begraven 2 januari 1665.		1		12.0
1275	1304	Admirael		1.0		Claes Dircksz.	0					0		0	Vroedschap: ontslagen 1672.		1		
1276	1305	Leijtsen		1.0		Hendrik Samuelsz.	0					0	1670.0	0	Persoonsgegevens: begraven 18 juni 1670.		1		6.0
1277	1306	Gracht		1.0		Jan Mieusz.	0					0		0			1		
1278	1307	Marts		1.0		Jacob Jansz.	0					0	1662.0	0	Persoonsgegevens: begraven 4 mei. 1662.		1		
1279	1309	Kuyper		1.0		Pieter	0					0		0			1		
1280	1316	Blyenburg	van	1.0		Gerard	0				1562.0	0	1605.0	0			1		
1281	1317	Blankenoort	van	1.0	4.0	Pieter	0					0		0	"Persoonsgegevens: waarschijnlijk identiek met de in Algemeen Nederlandsch Familieblad (1884) 95, p. 1 genoemde Peter van Blanckeroort, geboren 1539.
Vroedschap: al aanwezig 1583."		1		
1282	1320	Zuylen van Nyevelt	van	1.0		Willem	1	Jonkheer	Aartsbergen	Bergambacht, Berkoude	1538.0	0	1608.0	0	"Persoonsgegevens: archief ridderschap geeft afwijkende overlijdensdatum 28 in plaats van 23 oktober 1608.
Ridderschap: archief ridderschap geeft afwijkend aanvangsjaar 1575."		1	23.0	10.0
1283	1321	Loncq		1.0		Dirk Jansz.	0				1539.0	0	1605.0	0			1		
1284	1322	Jonckman		1.0		Jacob Claesz.	0				1531.0	0	1601.0	0			1		
1285	1323	Paets		1.0		Jacob Cornelisz.	0				1560.0	0	1622.0	0			1		
1286	1324	Muijlwijck	van	1.0		Mathijs Willemsz.	0					0	1623.0	0			1	29.0	3.0
1287	1325	Walenburch	van	1.0		Pieter Adriaensz.	0				1557.0	0	1620.0	0			1		
1288	1326	Bleyswijk	Fyck van	1.0		Adriaan Dirksz.	0				1555.0	0	1612.0	0			1		
1289	1327	Roos		1.0		Jacob Jansz.	0					0	1610.0	0			1	8.0	10.0
1290	1328	Druijt		1.0		Cornelis Alewijsz.	0					0	1620.0	0	Persoonsgegevens: Kronieken geeft afwijkend jaar van overlijden 1621 (waarschijnlijk op basis aanvang opvolger in de vroedschap). Begraven 19 november 1620.		1		11.0
1291	1330	Hoeff	van der	1.0		Michiel Willemsz.	0				1565.0	1	1646.0	0			1	30.0	3.0
1292	1331	Schaelckens		1.0		Guiljaume	0					0	1615.0	0			1		
1293	1332	Riele	van	1.0		Jacob Aertsz.	0					0	1621.0	0			1		
1294	1333	Nieuland		1.0		Bruijn Adriaensz.	0					0	1626.0	0			1		
1295	1334	Lange	de	1.0		Laurens Adriaensz.	0					0	1621.0	0	Vroedschap: electeur vanaf 1581.		1	5.0	10.0
1296	1335	Boetzelaer	van den	1.0		Wessel	1		Asperen	Merwede	1562.0	1	1632.0	0	"Buitenlandse adelstitels: baron des Heiligen Roomse Rijk.
Heerlijkheden/adellijke huizen: verwerving Asperen 1604, bezit Merwede 1598-1604."		1	10.0	10.0
1297	1336	Verwerf		1.0		Maarten Pietersz.	0					0	1638.0	0			1		
1298	1337	Oem van Wijngaerden		1.0		Jacob	1		Benthuizen			0	1650.0	0	Persoonsgegevens: d'Ablaing en archief ridderschap geven afwijkend jaar van overlijden 1656.		1	8.0	12.0
1299	1338	Dussen	van der	1.0		Frans Adriaansz.	0					0	1630.0	0			1	27.0	8.0
1300	1339	Uythoeck		1.0		Pieter Henricksz.	0					0	1637.0	0	Persoonsgegevens: voorzaten stonden bekend als 'Huytgenshoeck' (zo ook vermeld in Engelbrecht).		1	21.0	4.0
1301	1340	Hallincg		1.0	4.0	Herman Jansz.	0					0		0			1		
1302	1341	Wevelinchoven	van	1.0		Baltus Jansz.	0					0	1635.0	0			1	1.0	11.0
1303	1342	Goes	van der	1.0		Aernout	0					0		0	Vroedschap: einde wegens vertrek naar Dordrecht.		1		
1304	1344	Pijnaker		1.0		Christiaen	0					0	1660.0	0			1		
1305	1345	Laeckervelt		1.0		Steven Stevensz.	0					0		0			1		
1306	1346	Damius		1.0	4.0	Johan	0					0	1648.0	0			1	15.0	12.0
1307	1347	Vesanevelt		1.0		Pieter Andriesz.	0					0	1647.0	0			1		
1308	1349	Riele	van	1.0		Aert	0				1600.0	0	1678.0	0			1		
1309	1350	Hoogmoet		1.0		Adriaen Dirksz.	0					0	1681.0	0	Vroedschap: niet genoemd in Wapenheraut, tenzij identiek met Ary Dirkse Bakker, die eveneens in 1622 in de vroedschap van Schiedam komt. De aanwijzingen daarvoor zijn sterk, aangezien deze Ary Dirkse Bakker niet, en Adriaen Dirksz. Hoogmoet wel voorkomt als vroedschap in Kronieken.		1	18.0	5.0
1310	1351	Schagen	van Beyeren	1.0		Willem	1		Schagen	Schakerkogge, Burghorn		0	1660.0	0	"Persoonsgegevens: Nederlandsche Leeuw geeft afwijkend jaar van overlijden 1658 (waarschijnlijk omdat toen de heerlijkheid Schagen werd verkocht aan George van Cats, eveneens in deze database)
Heerlijkheden/adellijke huizen: bezit Schagen tot 1658."		1	15.0	9.0
1311	1352	Heeraertsberge	van 's	1.0		Cornelis Dircxz.	0					0		0			1		
1312	1353	Fabricius		1.0		Gaaf Meyndertsz.	0					0	1666.0	0			1		
1313	1354	Brouwer		1.0		Adriaen Cornelisz.	0					0	1657.0	0			1		
1314	1355	Cats	van	1.0		Theophilus	1	Jonkheer	Kats	Maalstede, Simonspolder, Gunterstein, Heiloo, Coulster, Ruiven	1593.0	1	1655.0	0	Heerlijkheden/adellijke huizen: verwerving Gunterstein 1624, Coulster 1622, Ruiven 1638.		1	1.0	7.0
1315	1356	Graswinckel		1.0		Jan Francosz.	0				1599.0	0	1668.0	0			1	30.0	5.0
1316	1357	Cats	van	1.0		George	1		Kats	Coulster, Schagen	1632.0	0	1697.0	0	"Ridderschap: Belonje vermeldt Cats als lid van de Ridderschap van Holland. Dit wordt echter niet ondersteund door W.J. d'Ablaing van Giessenburg De ridderschap van Holland (manuscript Centraal Bureau voor Genealogie Den Haag 1850) en de lijst van de Ridderschap van Holland in Nationaal Archief, archief van de Ridderschap van Holland, inv. nr. 80.
Heerlijkheden/adellijke huizen: verwerving Coulster 1656, bezit Schagen 1658-1676."		1		
1317	1358	Meurs	van	1.0		Govert	0					0	1666.0	0			1		
1318	1360	Fockendijk		1.0		Jacob Jansz.	0					0	1694.0	0			1		
1319	1361	Akersloot		1.0		Andries	0					0	1670.0	0	Overig: was secretaris van Haarlem.		1		
1320	1362	Geraards		1.0		Stephanus	0					0	1671.0	0			1		
1321	1363	Vianen		1.0	4.0	Meynard	0				1642.0	0	1685.0	0			1		
1322	1364	Lee	van der	1.0		Dirk Jansz.	0				1600.0	1	1676.0	0			1	29.0	3.0
1323	1365	Dieningen	van	1.0		Johannes	0				1635.0	0	1673.0	0			1	12.0	10.0
1324	1366	Alphen	van	1.0	4.0	Daniël Simonsz.	0				1638.0	0	1711.0	0			1		
1325	1367	Does	van der	1.0	4.0	Jacob	1				1618.0	0	1676.0	0			1	20.0	7.0
1326	1368	Brauw	de	1.0	4.0	Jacob	0		Kethel		1604.0	0	1680.0	0	Buitenlandse adelstitels: Engelse riddertitel.		1	22.0	12.0
1327	1369	Vries	de	1.0		Cornelis Dingemansz.	0				1624.0	0	1681.0	0			1		
1328	1370	Kevelaer		1.0		Dirk	0					0	1679.0	0			1		
1329	1371	Taal		1.0		Cornelis	0					0	1705.0	0			1		
1330	1373	Nederveen	van	1.0		Willebort	0		Rijswijk	Rodebouwe		0	1684.0	0			1		
1331	1374	Cromvliet	van	1.0	4.0	Bernard	0					0	1627.0	0	Persoonsgegevens: begraven 27 maart 1627.		1		3.0
1332	1375	Kinschot	van	1.0	4.0	Louis	0				1595.0	0	1647.0	0			1		7.0
1333	1376	Cassiopin	van	1.0		Hugo	0					0		0			1		
1334	1377	Wolf	van der	1.0		Anthonis	0					0		0			1		
1335	1379	Kinschot	van	1.0		Gasper	0				1633.0	0	1678.0	0			1	8.0	10.0
1336	1380	Pauw de By		1.0	4.0	Frederik	0					0		0			1		
1337	1381	Campen	van	1.0		Everard	0					0		0	Persoonsgegevens: overleden tussen 1673 en 1679.		1		
1338	1382	Wassenaer	van	1.0		Arent	1		Duvenvoorde	Voorschoten, Veur	1669.0	0	1721.0	0			1		
1339	1384	Raedt	de	1.0	4.0	Dirck	0		Kijfhoek		1649.0	0	1706.0	0	Buitenlandse adelstitels: Engelse titel 2e baronet.		1	18.0	1.0
1340	1385	Voorburgh		1.0	4.0	Johan	0				1657.0	0	1711.0	0			1		
1341	1386	Lormier		1.0		Claudius	0				1686.0	0	1762.0	0			1		
1342	1388	Habett		1.0		Nicolaas	0					0	1722.0	0			1	22.0	1.0
1343	1389	Bergen	van den	1.0	4.0	Nicolaas	0					0	1727.0	0			1		
1344	1390	Crommelin		1.0		Hendrik	0				1694.0	0	1754.0	0	Vroedschap: ontslagen 1748.		1		
1345	1391	Teffelen	van	1.0	3.0	Willem	0				1618.0	0	1689.0	0			1	26.0	12.0
1346	1392	Santheuvel	van den	1.0	4.0	Hendrik Bartholomeusz.	0				1687.0	0	1747.0	0			1	28.0	8.0
1347	1394	Cobmoijer		1.0	4.0	Johan	0					0	1740.0	0	Persoonsgegevens: mogelijk identiek met Johannes Copmojer uit Den Haag, inschrijving op 7 mei 1685, 17 jaar, en Johannes Kopmojer uit Den Haag, inschrijving 21 maart 1692, 22 jaar, in Album studiosorum academiae Lugduno Batavae MDLXXV-MDCCCLXXV ('s-Gravenhage 1875) 675 en 720.		1		
1348	1395	Snellen		1.0	3.0	Paulus	0				1682.0	0	1751.0	0			1		
1349	1396	Boreel		1.0		Willem	0				1675.0	0	1727.0	0			1	12.0	6.0
1350	1398	Moor van Immerzeel	de	1.0	3.0	Gualterus	0				1684.0	0	1753.0	0			1		
1351	1399	Vromans		1.0		Jacob	0				1637.0	0	1708.0	0			1		
1352	1400	Meerman		1.0	4.0	Gerard Jansz.	0				1650.0	0	1710.0	0			1	10.0	2.0
1353	1401	Repelaer		1.0		Hugo Hugosz.	0				1655.0	0	1713.0	0	Overig: was mogelijk ook nog gecommitteerde in de Admiraliteit op de Maze 1706-1709. Deze functie is ondergebracht bij Hugo Anthonisz. Repelaer (1676-1727), eveneens oudraad van Dordrecht.		1	2.0	2.0
1354	1402	Coolbrand		1.0		Govert	0				1660.0	0	1721.0	0			1		
1355	1403	Keijsers		1.0		Willem	0					0	1722.0	0			1		8.0
1356	1404	Coen		1.0		Cornelis	0					0	1715.0	0			1		
1357	1405	Hage		1.0		Jacob	0				1682.0	0	1716.0	0			1		
1358	1406	Warbol		1.0		Cornelis	0				1656.0	0	1706.0	0			1		
1359	1407	Walen		1.0		Balthazar Arendsz.	0					0	1694.0	0			1	9.0	12.0
1360	1408	Eelbo		1.0	4.0	Roelof Danielsz.	0				1645.0	0	1705.0	0			1	6.0	2.0
1361	1409	Bosschaert		1.0		Carel	0					0	1723.0	0			1	29.0	11.0
1362	1410	Verhaer		1.0		Anthony	0					0	1732.0	0			1		
1363	1411	Hoogeveen	van	1.0		Adriaen Aelbertsz.	0				1648.0	0	1712.0	0	Persoonsgegevens: begraven 9 mei 1712.		1		
1364	1412	Walhoven	van	1.0		Jacob Sybrantsz.	0					0		0			1		
1365	1413	Beelaerts		1.0	4.0	Gerard	0		Wieldrecht		1746.0	0	1809.0	0			1		
1366	1414	Berkhout	Teding van	1.0		Jan	0				1756.0	0	1806.0	0			1		
1367	1415	Teylingen	van	1.0	4.0	Jan	1	Jonkheer				0	1677.0	0			1	5.0	6.0
1368	1416	Schagen Hoogland		1.0		Jacob	0					0	1672.0	0	Persoonsgegevens: begraven 16 maart.		1		3.0
1369	1417	Bijwaert		1.0		Michiel Harcksz.	0					0	1678.0	0			1		
1370	1418	Schagen Winckel		1.0		Pieter Adriaensz.	0					0	1692.0	0			1		
1371	1419	Sevenhuysen		1.0		Cornelis Cornelisz.	0				1636.0	1	1681.0	0			1	31.0	12.0
1372	1420	Egmond van de Nijenburg	van	1.0	4.0	Johan Johansz.	1	Jonkheer			1646.0	0	1690.0	0	"Persoonsgegevens: de adeldom van de familie Van Egmond van de Nijenburg was omstreden, zie J. Belonje, 'De afkomst van het geslacht Van Egmond van de Nyenburg', in: Jaarboek van het Centraal Bureau voor Genealogie deel 9 (1955) 39-76.
Overig: bekleedde mogelijk ook nog de functies van gecommitteerde in de Raad van State 1676-1679 en in de Generaliteits-Rekenkamer 1679-1682, in deze database bij naamgenoot Johan Gerritsz. (1618-1712) ondergebracht."		1	3.0	4.0
1373	1421	Vrijburgh		1.0	3.0	Jacob	0					0	1692.0	0			1		
1374	1422	Brant		1.0		Hendrick	0					0	1713.0	0			1		
1375	1423	Kessel		1.0		Cornelis	0					0	1699.0	0			1		
1376	1424	Sevenhuysen		1.0		Sijmon Adriaensz.	0				1624.0	0	1694.0	0			1	5.0	10.0
1377	1425	Bijwaert		1.0		Pieter	0				1631.0	0	1704.0	0			1	24.0	1.0
1378	1426	Vrijburgh		1.0	4.0	Nicolaas	0				1661.0	0	1737.0	0			1		
1379	1427	Daey		1.0	4.0	Hendrick	0				1651.0	0	1712.0	0			1	11.0	1.0
1380	1428	Sijms		1.0		Pieter Adriaensz.	0				1645.0	0	1713.0	0			1	24.0	2.0
1381	1429	Kinschot	van	1.0	4.0	Johan Lodewijk	0				1664.0	0	1725.0	0			1	28.0	2.0
1382	1430	Bosch		1.0	4.0	Jacob Willemsz.	0				1678.0	0	1714.0	0			1	14.0	4.0
1383	1431	Sevenhuysen		1.0	4.0	Adriaan Sijmonsz.	0				1665.0	0	1719.0	0			1	19.0	11.0
1384	1432	Winder		1.0		Gerrit	0				1664.0	0	1719.0	0			1	8.0	11.0
1385	1433	Winder		1.0		Willem	0				1674.0	0	1748.0	0			1	18.0	11.0
1386	1434	Vos	de	1.0		Abraham	0				1665.0	0	1727.0	0			1	20.0	8.0
1387	1435	Schooff		1.0		Jan Matthijsz.	0				1682.0	0	1754.0	0			1		
1388	1436	Stuylingh Sijms		1.0		Gerrit	0				1687.0	0	1748.0	0			1		
1389	1437	Baert		1.0	4.0	Daniël	0				1682.0	0	1757.0	0	Vroedschap: ontslagen 1749.		1	25.0	5.0
1390	1438	Hoeven	van der	1.0		Adriaan	0				1666.0	1	1736.0	0			1	20.0	12.0
1391	1440	Carpentier	de	1.0		Pieter	0				1675.0	0	1742.0	0			1	10.0	4.0
1392	1441	Vrijburgh		1.0	4.0	Jacob Josias	0				1693.0	0	1755.0	0			1		
1393	1442	Schuijt		1.0		Adriaan	0				1698.0	0	1751.0	0			1		
1394	1444	Bijl		1.0		Adriaan	0				1715.0	0	1765.0	0	Vroedschap: ontslagen 1749.		1		
1395	1445	Schooff		1.0		Lucas	0				1697.0	1		0	Vroedschap: ontslagen op eigen verzoek 1754.		1		
1396	1446	Olphertsz.		1.0	4.0	Cornelis	0					0		0			1		
1397	1447	Molenwerf		1.0		Nicolaas	0				1619.0	0	1675.0	0			1	17.0	7.0
1398	1448	Roosterman		1.0		Joan	0					0		0			1		
1399	1449	Goethals		1.0	3.0	Georgius	0				1667.0	1	1719.0	0			1	20.0	8.0
1400	1450	Blocker		1.0		Jan	0					0		0			1		
1401	1451	Sonck		1.0	4.0	Albert	0				1659.0	0	1694.0	0			1	16.0	5.0
1402	1452	Ment		1.0		Cornelis	0					0	1714.0	0	Persoonsgegevens: begraven 15 september 1714.		1		9.0
1403	1453	Verschuer		1.0	4.0	Joan	0				1661.0	0	1721.0	0			1		
1404	1454	Benningbroek		1.0		Jacob	0					0	1701.0	0			1		
1405	1455	Gent	van	1.0	4.0	Pieter	0				1659.0	0	1696.0	0	Overig: volgens Raad van State 450 jaar. Repertorium ('s-Gravenhage 1983) was van 2 oktober 1690 tot 1 januari 1691 ook een Pieter van Gent lid van dat college. Het is onwaarschijnlijk dat dat de hier genoemde persoon is, gezien zijn vroedschapsjaren, en het feit dat voor Hoorn Bredehoff in de Raad van State  zit van 1691-1694. Mogelijk zat deze andere Pieter van Gent voor Enkhuizen (hoewel geen vroedschap met die naam in die stad bekend). Mogelijk is echter ook dat het wel om de hier genoemde gaat, maar dat na de commissie van 2 oktober 1690 geen sessiename gevolgd is.		1		
1406	1456	Vries	de	1.0	4.0	Hercules	0				1667.0	0	1717.0	0			1	3.0	5.0
1407	1457	Minnes		1.0	4.0	Nicolaas	0				1675.0	0	1711.0	0			1	25.0	2.0
1408	1458	Avenhorn		1.0	4.0	Pieter	0				1670.0	0	1712.0	0			1	19.0	7.0
1409	1459	Besem		1.0	3.0	Herman	0				1643.0	1	1713.0	0			1	29.0	7.0
1410	1460	Nieuwstad	van	1.0	4.0	Wijnand	0				1669.0	0	1740.0	0			1	20.0	2.0
1411	1461	Hinlopen		1.0	4.0	Reynier	0				1648.0	0	1723.0	0			1	1.0	2.0
1412	1462	Avenhorn		1.0	4.0	Cornelis	0				1695.0	0	1727.0	0			1	8.0	11.0
1413	1463	Jongemaats	Opperdoes	1.0	3.0	Reinier	0				1692.0	0	1736.0	0			1	1.0	12.0
1414	1464	Groot		1.0		Arent	0				1678.0	0	1750.0	0	Vroedschap: ontslagen 1749.		1	16.0	4.0
1415	1465	Groot		1.0		Matthijs	0				1692.0	0	1753.0	0			1	26.0	3.0
1416	1466	Vries	de	1.0		Joan	0				1695.0	0	1765.0	0			1	30.0	10.0
1417	1467	Beecke	van der	1.0	4.0	Reynier	0				1668.0	0	1740.0	0			1	6.0	8.0
1418	1468	Merens		1.0		Lucas	0				1698.0	0	1776.0	0			1	16.0	10.0
1419	1469	Nieuwstad	van	1.0	4.0	Simon	0				1713.0	0	1764.0	0			1	12.0	1.0
1420	1470	Segersz.		1.0		Gerrit	0					0	1675.0	0	Persoonsgegevens: begraven 18 november 1675.		1		11.0
1421	1471	Blaeuhulk		1.0		Gerbrandt	0				1628.0	0	1699.0	0			1	31.0	1.0
1422	1472	Florisz.		1.0	4.0	Florentius	0					0		0			1		
1423	1473	Sluis	van der	1.0	3.0	Hilbrand	0				1642.0	0	1703.0	0			1		
1424	1474	Waterman		1.0		Nicolaas	0					0	1703.0	0			1	2.0	12.0
1425	1475	Blaeue		1.0	4.0	Wigger	0				1639.0	0	1706.0	0			1		
1426	1476	Wit	de	1.0		Frederik	0				1652.0	0	1723.0	0			1		
1427	1477	Schagen		1.0		Willem	0				1645.0	0	1711.0	0			1		
1428	1478	Timmerman		1.0		Lucas	0				1664.0	0	1719.0	0			1		
1429	1479	Poen Oudewagen		1.0		Willem	0				1646.0	0	1725.0	0			1		
1430	1480	Pan		1.0		Jan	0				1681.0	0	1719.0	0			1		
1431	1481	Schagen		1.0		Pieter	0				1675.0	0	1729.0	0			1		
1432	1482	Haak		1.0		Dirk	0				1685.0	0	1747.0	0			1	30.0	11.0
1433	1483	Brouwer		1.0		Theodorus	0				1685.0	0	1733.0	0			1		
1434	1484	Druyff		1.0	4.0	Joan	0				1694.0	0	1751.0	0			1	11.0	2.0
1435	1485	Codde van de Burgh		1.0		Jan	0				1676.0	0	1739.0	0			1		
1436	1486	Vries	de	1.0	4.0	Arnoldus	0				1702.0	0	1745.0	0			1		
1437	1487	Romond	van	1.0		Gerrit	0				1704.0	0	1776.0	0			1		
1438	1488	Stralen	van	1.0		Frans	0				1686.0	0	1752.0	0			1	4.0	3.0
1439	1489	Schouten		1.0		Gerbrand Tijsz.	0					0		0			1		
1440	1490	Del		1.0		Volkert Claasz.	0				1659.0	0	1694.0	0			1		
1441	1491	Taamses		1.0		Jacob	0				1651.0	0	1716.0	0			1		
1442	1492	Maasbergen		1.0		Cornelis Danielsz.	0				1638.0	0	1693.0	0			1		
1443	1493	Pietermaat		1.0		Pieter	0				1659.0	0	1707.0	0			1		
1444	1494	Beets		1.0		Huybert	0					0		0			1		
1445	1495	Roos		1.0		Gerrit Pietersz.	0				1656.0	0	1708.0	0			1		
1446	1496	Schaap		1.0		Hillebrant	0					0	1715.0	0			1		
1447	1497	Dobber		1.0		Harmanus Cornelisz.	0				1664.0	0	1723.0	0			1		
1448	1498	Kieft		1.0		Juriaan	0				1661.0	0	1713.0	0			1		
1449	1499	Breed		1.0		Jan Jacobsz.	0				1662.0	0	1711.0	0			1		
1450	1500	Druijst		1.0		Jan Pietersz.	0					0	1715.0	0			1		
1451	1501	Baan		1.0		Heijn Jansz.	0				1645.0	0	1714.0	0			1		
1452	1502	Swedenrijk		1.0		Albertus	0				1675.0	0	1719.0	0			1		
1453	1503	Horn		1.0		Thijs Jacobsz.	0				1681.0	0	1719.0	0			1		
1454	1504	Schouten		1.0		Matthijs	0				1679.0	0	1719.0	0			1		
1455	1505	Kroon		1.0		Claas	0				1696.0	0		0	Vroedschap: ontslagen 1749.		1		
1456	1506	Mooker		1.0		Jan	0				1695.0	0	1736.0	0			1		
1457	1507	Brommer		1.0		Jan	0				1666.0	0	1731.0	0			1		
1458	1508	Leij	van der	1.0		Pieter	0				1698.0	0	1753.0	0			1		
1459	1510	Heerman		1.0		Barent	0				1696.0	0		0			1		
1460	1511	Reijntjes		1.0		Jan Florisz.	0				1690.0	0		0	Vroedschap: ontslagen 1749.		1		
1461	1512	Putoor		1.0		Jan	0				1704.0	0	1736.0	0			1		
1462	1513	Dekker		1.0		Jan	0				1707.0	0		0			1		
1463	1514	Thee		1.0		Claas	0					0	1762.0	0			1		
1464	1515	Rigter		1.0		Abraham	0				1705.0	0	1764.0	0			1		
1465	1516	Brasker		1.0	4.0	Anthonij	0				1711.0	0	1783.0	0			1		
1466	1517	Admirael		1.0		Cornelis Claesz.	0					0		0	Vroedschap: ontslagen 1672.		1		
1467	1519	Pereboom		1.0		Jan Tijmonsz.	0					0	1681.0	0	Persoonsgegevens: begraven 15 maart 1681.		1		3.0
1468	1520	Lakeman		1.0		Pieter Claesz.	0					0	1711.0	0	Persoonsgegevens: begraven 17 juni 1711.		1		6.0
1469	1521	Grebber		1.0		Gerbrant	0					0	1699.0	0	Persoonsgegevens: begraven 16 april 1699.		1		4.0
1470	1522	Lantman		1.0		Pieter Jansz.	0					0	1706.0	0	Persoonsgegevens: begraven 21 oktober 1706.		1		10.0
1471	1523	Teerhuijs		1.0		Jacob Dircxz.	0					0	1696.0	0	Persoonsgegevens: begraven 6 oktober 1696.		1		
1472	1524	Sanen	van	1.0		Claas Jansz.	0				1646.0	1	1699.0	0			1		
1473	1525	Koeslager		1.0		Jacob	0					0	1713.0	0	Persoonsgegevens: begraven 25 maart 1713.		1		3.0
1474	1526	Passchasius		1.0		Antonius	0					0	1710.0	0	Vroedschap: Bossaers geeft 1700 als aanvangsjaar vroedschap. Jaarverslag Oud Monnickendam geeft juiste jaar 1701 (verificatie bij auteur L. Appel).		1		
1475	1527	Gort		1.0		Claes Ysbrantsz.	0					0	1717.0	0	Persoonsgegevens: begraven 30 augustus 1717.		1		8.0
1476	1529	Neck	van	1.0		Jan	0				1673.0	0	1716.0	0	Persoonsgegevens: begraven 9 mei 1716.		1		
1477	1530	Oossaanen		1.0		Pieter	0					0	1725.0	0	Persoonsgegevens: begraven 31 maart 1725.		1		3.0
1478	1531	Pranger		1.0		Jan	0					0	1730.0	0	Persoonsgegevens: begraven 20 mei 1730.		1		5.0
1479	1533	Minne		1.0		Dirk	0				1696.0	0	1766.0	0	Persoonsgegevens: begraven 17 mei 1766.		1		5.0
1480	1534	Butenius		1.0		Pieter	0				1691.0	0		0	Vroedschap: Bossaers geeft 1747 als eindjaar. Jaarverslag Oud Monnickendam geeft het juiste jaartal (verificatie bij auteur L. Appel). Op eigen verzoek ontslagen.		1		
1481	1536	Baen		1.0		Pieter	0				1686.0	0	1751.0	0	"Persoonsgegevens: begraven 29 december. 
Vroedschap: einde niet op eigen verzoek, zoals in Bossaers, maar overlijden, zoals in Jaarverslag Oud Monnickendam (verificatie bij auteur L. Appel)."		1		12.0
1482	1537	Landman		1.0		Thadeus	0				1693.0	0	1747.0	0	Persoonsgegevens: begraven 7 november 1747.		1		
1483	1538	Roos		1.0		Cornelis	0				1693.0	0		0	Vroedschap: op eigen verzoek ontslagen 1758.		1		
1484	1539	Schagen		1.0		Symon Saskersz.	0					0		0	Vroedschap: ontslagen 1672.		1		
1485	1540	Sluym		1.0		Symon Pietersz.	0					0		0			1		
1486	1541	Flodrop		1.0		Jan Jansz.	0					0		0	Vroedschap: ontslagen 1672.		1		
1487	1542	Dyck	van	1.0		Gerryt Cornelisz.	0					0		0			1		
1488	1543	Wolff	van der	1.0		Cornelis Jansz.	0					0		0			1		
1489	1544	Spiegelmaker		1.0		Dirck Jansz.	0					0		0			1		
1490	1545	Meyen		1.0		Cornelis	0				1664.0	0	1702.0	0			1		
1491	1546	Back		1.0		Pieter Pietersz.	0					0	1708.0	0			1		
1492	1547	Brouwer		1.0		Dirk	0					0	1713.0	0			1		
1493	1548	Keijser		1.0		Vegter	0				1640.0	0	1706.0	0			1		
1494	1550	Keeskes	de	1.0		Floris	0				1669.0	0	1721.0	0			1		
1495	1551	Rootjes		1.0		Jan	0				1662.0	0	1724.0	0			1		
1496	1552	Rootjes		1.0		Adriaan	0				1683.0	0	1740.0	0			1		
1497	1553	Spanjaard		1.0		Jan	0				1692.0	0		0			1		
1498	1554	Veen		1.0		Cornelis	0				1710.0	0	1745.0	0			1		
1499	1555	Bourgonjen		1.0		Jan	0				1698.0	0		0	Vroedschap: ontslagen 1749. Op eigen verzoek ontslagen 1779.		1		
1500	1556	Holland		1.0		Adolf	0				1699.0	0	1751.0	0			1		
1501	1557	Back de Zee		1.0		Pieter	0				1708.0	0	1765.0	0			1		
1502	1558	Bourgonjen		1.0		Hendrik Pietersz.	0				1631.0	0	1695.0	0			1		
1503	1559	Vijver	van der	1.0		Johannes	0					0		0			1		
1504	1560	Overtwater		1.0		Jan Pietersz.	0					0		0			1		
1505	1561	Recx		1.0		Pieter	0					0		0			1		
1506	1562	Baerts		1.0		Cornelis Jansz.	0					0		0			1		
1507	1563	Moutmaecker		1.0	4.0	Hendrick	0				1650.0	0	1687.0	0			1		
1508	1564	Mijsen		1.0		Jan	0					0	1702.0	0			1		
1509	1565	Rol		1.0		Dirk	0					0	1709.0	0			1		
1510	1566	Woestijne	van de	1.0		Abraham	0				1653.0	0	1733.0	0	Persoonsgegevens: voornaam In tijdschrift Holland ten onrechte 'Adriaan'.		1		
1511	1567	Welcom		1.0		Jan Jacobsz.	0					0	1728.0	0			1		
1512	1568	Baars		1.0		Abram	0				1660.0	0	1727.0	0			1		
1513	1569	Brouwer		1.0		Dirck	0				1657.0	0	1734.0	0			1		
1514	1570	Leij	van der	1.0		Pieter Adriaansz.	0				1676.0	0	1726.0	0			1		
1515	1571	Visser		1.0		Claas	0				1678.0	0	1740.0	0			1		
1516	1572	Tonningh		1.0		Marten	0					0		0			1		
1517	1573	Vermees		1.0		Jan	0				1697.0	0		0			1		
1518	1574	Peereboom		1.0		Jan	0				1709.0	0	1740.0	0			1		
1519	1575	Appel		1.0		Jacob	0				1711.0	0	1751.0	0			1	14.0	6.0
1520	1576	Tonningh		1.0		Sem	0				1696.0	0	1763.0	0			1	11.0	10.0
1521	1577	Tegel		1.0		Pieter Albertsz.	0				1698.0	0	1748.0	0			1		
1522	1578	Wormer		1.0	4.0	Jacob	0				1710.0	0	1764.0	0			1		
1523	1579	Beets		1.0		Huijbert	0				1692.0	0	1760.0	0			1		
1524	1580	Lakencoper		1.0		Jacob Dirksz.	0					0		0	Vroedschap: niet genoemd als vroedschap van Edam in Van Meghelen, Rijksarchief in Noord-Holland, Losse aanwinsten, inv. nr. 104. Wel als schepen, voor de eerste maal in 1599.		1		
1525	1581	Brasker		1.0		Jacob Jacobsz.	0					0		0	Overig: in de lijst van vroedschappen van Edam van Van Meghelen, Rijksarchief in Noord-Holland, Losse aanwinsten, inv. nr. 104, ten onrechte ook genoemd als gecommitteerde in de Rekenkamer ter Auditie van Holland in het Noorderkwartier 1610-1611.		1		
1526	1582	Doets		1.0		Cornelis	0					0		0	Vroedschap: niet als vroedschap in de lijst van de vroedschap van Edam van Van Meghelen, Rijksarchief in Noord-Holland, Losse aanwinsten, inv. nr. 104, wel als schepen, voor de eerste maal in 1605.		1		
1527	1583	Sloot		1.0		Claas Claasz.	0					0	1647.0	0	Vroedschap: aanvang na 1590.		1		
1528	1584	Broek	van	1.0		Jacob Claasz.	0					0		0			1		
1529	1585	Pols		1.0		Claas Claasz.	0					0		0	Vroedschap: niet genoemd in de lijst van de vroedschap van Edam van Van Meghelen, Rijksarchief in Noord-Holland, Losse aanwinsten, inv. nr. 104 . Mogelijk is er sprake van verrwarring met Jacob Claasz. Pols (overleden 1626, elders in deze database).		1		
1530	1586	Teengs		1.0		Claas Jacobsz.	0					0	1625.0	0	Vroedschap: aanvang na 1590.		1	30.0	11.0
1531	1587	Pols		1.0		Jacob Claasz.	0					0	1626.0	0	Vroedschap: aanvang na 1590.		1		
1532	1588	Baan		1.0		Jacob Jansz.	0					0		0	Vroedschap: niet genoemd in de lijst van de vroedschap van Edam van Van Meghelen, Rijksarchief in Noord-Holland, Losse aanwinsten, inv. nr. 104, wel als vroedschap genoemd in de vroedschapsresoluties van Edam.		1		
1533	1589	Brouwer		1.0		Willem Cornelisz.	0					0	1636.0	0	Vroedschap: aanvang na 1590.		1		
1534	1590	Jonge	de	1.0		Pieter Pietersz.	0					0		0	Vroedschap: aanvang na 1590.		1		
1535	1591	Moens		1.0		Lenard Pietersz.	0					0	1650.0	0	Vroedschap: aanvang na 1590.		1	6.0	11.0
1536	1592	Sijverts		1.0		Frederik Jansz.	0					0	1647.0	0			1	19.0	4.0
1537	1593	Loen		1.0		Cornelis Reijndersz.	0					0	1649.0	0			1	21.0	2.0
1538	1594	Bost		1.0		Jan Harmensz.	0					0	1658.0	0			1		
1539	1595	Thoen		1.0		Claas Jansz.	0					0	1668.0	0			1		
1540	1596	Wappers		1.0		Jacob Jacobsz.	0					0	1672.0	0			1		
1541	1597	Stevensz.		1.0		Floris	0					0		0	Vroedschap: ontslagen 1672.		1		
1542	1598	Westerbaan		1.0		Jacob Jacobsz.	0					0		0	Vroedschap: niet genoemd in de lijst van de vroedschap van Edam van Van Meghelen, Rijksarchief in Noord-Holland, Losse aanwinsten, inv. nr. 104.		1		
1543	1601	Muyden		1.0		Borrit Heynricxz.	0					0		0			1		
1544	1602	Dijck	van	1.0		Pieter Jacobsz.	0					0		0			1		
1545	1603	Pauw		1.0		Jan Gijsbertsz.	0					0	1638.0	0			1	28.0	7.0
1546	1604	Lakencoper		1.0		Adriaen Dircxz.	0					0	1636.0	0			1		
1547	1605	Cooren		1.0	4.0	Jacob	0					0	1644.0	0			1		
1548	1606	Brasker		1.0		Jacob	0					0	1645.0	0			1	6.0	6.0
1549	1608	Steenhuysen	van	1.0		Johan Baertsz.	0					0	1662.0	0			1		
1550	1609	Nieustadt	van de	1.0		Jacob	0					0	1664.0	0			1		
1551	1610	Somer		1.0		Hendrick	0					0		0	Vroedschap: ontslagen wegens faillissement 1666.		1		
1552	1611	Egmond van de Nijenburg	van	1.0		Johan Adriaan	1	Jonkheer	Petten	Nolmerban, Schoorl en Camp, den Engh	1675.0	0	1728.0	0	"Persoonsgegevens: de adeldom van de familie Van Egmond van de Nijenburg was omstreden, zie J. Belonje, 'De afkomst van het geslacht Van Egmond van de Nyenburg', in: Jaarboek van het Centraal Bureau voor Genealogie deel 9 (1955) 39-76.
Heerlijkheden/adellijke huizen: verwerving Schoorl en Camp 1722."		1		
1553	1613	Leyden van Leeuwen	van	1.0	4.0	Dirc Adriaensz.	1				1548.0	0	1596.0	0	"Persoonsgegevens: De Riemer en Vreede geven afwijkende overlijdensdatum 20 april.
Buitenlandse adelstitels: baron des Heiligen Roomse Rijk."		1	21.0	4.0
1554	1614	Nicolai		1.0	4.0	Adriaan	0				1550.0	1	1632.0	0	Persoonsgegevens: geboortejaar mogelijk 1551. De identificatie van de Adrianus Nicolai in het Jaarboek van het Centraal Bureau voor Genealogie (waaruit overlijden en mr. titel) is niet geheel zeker. Wel zeker is dat Nicolai in 1630 nog in leven was, omdat hij in dat jaar nog voorkomt in de resoluties van de Staten-Generaal.		1		
1555	1616	Doedesz.		1.0	4.0	Gerardt	0					0	1595.0	0			1		
1556	1621	Hallincg		1.0	4.0	Jan Pouwelsz.	0				1540.0	0	1605.0	0			1	10.0	1.0
1557	1623	Foreest	van	1.0	4.0	Nanning	1				1529.0	0	1592.0	0	"Persoonsgegevens: Nieuw Nederlandsch Biografisch Woordenboek geeft geboortejaar 1519.
Overig: schrijver van Belegering der stad Alkmaar. Pensionaris van Alkmaar 1572-1582."		1		
1558	1625	Egmond van de Nijenburg	van	1.0	4.0	Dirk	1				1537.0	0	1596.0	0	"Persoonsgegevens: ging zich rond 1580 Van Egmond van de Nijenburg noemen.
De adeldom van de familie Van Egmond van de Nijenburg was omstreden, zie J. Belonje, 'De afkomst van het geslacht Van Egmond van de Nyenburg', in: Jaarboek van het Centraal Bureau voor Genealogie deel 9 (1955) 39-76."		1	7.0	1.0
1559	1628	Treslong	van	1.0		Johan	0					0	1583.0	1	Persoonsgegevens: Van Leeuwen geeft twee verschillende overlijdensdata, namelijk 5 juni 1582 (blz. 1483) en 5 juni 1583 (1482). Verhas geeft begin juni 1582, vermoedelijk in navolging van Van Leeuwen blz. 1483. Blijkens de index op de Resoluties van de Staten van Holland moet het overlijden gedateerd worden tussen 12 november 1582 en 6 juni; 5 juni 1583 lijkt derhalve de meest aannemelijke datum. Ook De Riemer geeft deze datum.		1		
1560	1629	Hogendorp	van	1.0	4.0	Gijsbert	0					0	1584.0	0	Persoonsgegevens: De Riemer en Verhas geven afwijkend jaar van overlijden 1583.		1		1.0
1561	1630	Banchem	van	1.0	4.0	Johan	0				1540.0	0	1601.0	0			1	29.0	11.0
1562	1631	Beets		1.0	4.0	Johan	0					0		0	Overig: waarschijnlijk uit Dordrecht, want hij was een zoon van Joost Beets, pensionaris van die stad (S. van Leeuwen, Batavia illustrata ofte Hollandsche chronyck ('s-Gravenhage 1685) 1482).		1		
1563	1632	Wensen		1.0	4.0	Adriaan	0					0		0	Overig: pensionaris van Dordrecht 1576-1578, schoonvader van Rombout Hogerbeets (G.W. Vreede, 'Hooge Raad van Holland, Zeeland en West-Friesland, Jaarboekje van de regterlijke magt in het Koningrijk der Nederlanden 1 (1839) 3-56 (achterin gebonden, met nieuwe nummering), aldaar 34.)		1		
1564	1634	Hermansz.		1.0	4.0	Frederik	0					0	1615.0	0	Overig: pensionaris van Vlissingen.		1	6.0	10.0
1565	1635	Mortagne	van	1.0	4.0	Geraart	0					0		0			1		
1566	1636	Mijle	van der	1.0	4.0	Adriaan Arentsz.	0		Bleskensgraaf	Dubbeldam	1538.0	0	1590.0	0			1	16.0	7.0
1567	1637	Loosen	van	1.0	4.0	Sebastiaan	0					0	1597.0	0	"Persoonsgegevens: hoewel de functies van gecommitteerde in de Raad van State en raadsheer in de Hoge Raad later onverenigbare ambten zijn, blijkt uit een resolutie van de Staten van Holland van 14 april 1588, waarin Van Loosen als gecommitteerde in de Raad van State met 'raadsheer' wordt aangeduid, alsmede uit het Jaarboekje van de regterlijke magt (1839) 33, dat het hier één en dezelfde persoon betreft.
Overig: was pensionaris van Gorinchem."		1	24.0	4.0
1568	1641	Meer	van der	1.0	4.0	Adriaen	0					0	1600.0	0	Persoonsgegevens: De Blécourt geeft overlijdensdatum 22 maart, De Riemer 22 november. Het is waarschijnlijk dat De Blécourt ten onrechte de aanvangsdatum van het raadsheerschap heeft gedupliceerd.		1	22.0	11.0
1569	1642	Rechtere	de	1.0		Johan	0					0	1602.0	0			1	24.0	4.0
1570	1644	Veen	van	1.0	4.0	Simon	0		Drakestein	de Vuursche, Hoogeveen		0	1610.0	0	"Heerlijkheden/adellijke huizen: verwerving Drakestein 1610, Hoogeveen 1600.
Overig: was pensionaris van Leiden 1590-1595."		1	26.0	10.0
1571	1646	Junius		1.0	4.0	Adriaen	0					0	1620.0	0	"Persoonsgegevens: het is niet geheel zeker dat de gedeputeerde ter Staten-Generaal identiek is aan de raadsheer in het Hof van Holland.
Overig: uit Dordrecht."		1	1.0	5.0
1572	1647	Wagewijns		1.0		Johan	0					0	1618.0	0	Persoonsgegevens: De Blécourt geeft overlijden in 1618. De juistheid daarvan moet betwijfeld worden. De Riemer (Nationaal archief, archief De Riemer, inv. nr. 41, blz. 185) meent dat Wagewijns afstand deed van zijn positie als secretaris van het Hof van Holland en Zeeland (ten bate van Cornelis Rosa), en zie Genealogische en Heraldische Bladen 9 (1914) 329, waar over het testament van Wagenwijns wordt gesproken 'in dato 27 januari 1639'.		1		
1573	1648	Glarges	de	1.0		Philips	0					0	1609.0	0	Persoonsgegevens: de reden van beëindiging van de functie van secretaris van het Hof van Holland was volgens De Blécourt overlijden, volgens De Riemer afstand. Het jaar van overlijden is dus onzeker.		1	22.0	10.0
1574	1649	Couwenburch van Beloys		1.0	4.0	Pieter	0					0	1644.0	0	Persoonsgegevens: De Riemer geeft afwijkende overlijdensdatum 28 juli in plaats van 28 juni. Geboren in Zeeland.		1	28.0	6.0
1575	1650	Rosa		1.0	4.0	Hendrik	0				1564.0	0	1629.0	0			1	21.0	1.0
1576	1652	Hogenhouck	van	1.0		Gijsbert Joostensz.	0					0	1620.0	0			1		
1577	1654	Oudewater	van	1.0		Gijsbert	0					0	1604.0	0	Persoonsgegevens: De Riemer geeft voornaam 'Huijbrecht'.		1		
1578	1655	Vranck		1.0	4.0	Franchois	0				1555.0	1	1617.0	0	"Persoonsgegevens: geslachtsnaam ook als 'Vrancq', 'Francq', 'Franckesz.', 'Francken',.
Overig: was pensionaris van Gouda."		1	11.0	10.0
1579	1657	Voogt		1.0	4.0	Leonart	0					0	1613.0	0	"Persoonsgegevens: Van Leeuwen geeft onjuist overlijden 1603. De Riemer wijst erop dat dat jaar niet strookt met de benoeming van opvolger Nicolaas Ruychaver. Ook de index op de resoluties van de Staten van Holland wijst op overlijden in 1613.
Overig: was pensionaris van Delft."		1	9.0	6.0
1580	1658	Hoogerbeets		1.0	4.0	Rombout	0				1561.0	0	1625.0	0			1	7.0	9.0
1581	1659	Brederode	van	1.0		Reinoud	1	Jonkheer	Veenhuizen	Spanbroek, Oosthuizen, Spierdijk	1567.0	0	1633.0	0	Persoonsgegevens: Van Leeuwen en d' Ablaing geven afwijkende overlijdensdatum 8, De Riemer 8 of 12 januari, in plaats van 7 januari.		1	7.0	1.0
1582	1661	Comans		1.0		Albrecht Cornelisz.	0					0		0			1		
1583	1662	Castricum	van	1.0	4.0	Pancratius	0					0	1619.0	0	Overig: was pensionaris van Enkhuizen.		1	16.0	4.0
1584	1667	Schoterbosch		1.0	4.0	Florens	0					0	1618.0	0			1	30.0	10.0
1585	1669	Buijes		1.0	6.0	Jan Klaasz.	0				1561.0	1	1614.0	0	Overig: was pensionaris van Monnickendam vóór zijn benoeming in de vroedschap.		1	12.0	2.0
1586	1671	Zevender	van	1.0	4.0	Willem	1	Jonkheer				0	1605.0	0			1	7.0	8.0
1587	1672	Gool		1.0		Egbert	0				1568.0	1	1619.0	0	"Persoonsgegevens: mogelijk geboren 1567 of 1569.
Overig: was klerk van Johan van Oldenbarnevelt."		1		
1588	1676	Hinojossa	de	1.0	4.0	Pieter	0		Wena			0	1616.0	0	Persoonsgegevens: Nagtglas geeft afwijkende overlijdensdatum 14 in plaats van 4 mei 1616.		1	4.0	5.0
1589	1679	Jessius		1.0	4.0	Jacob	0					0	1602.0	0			1		1.0
1590	1680	Rosa		1.0		Maarten	0					0	1631.0	0			1		
1591	1681	Santen	van	1.0	4.0	Johan	0				1567.0	0	1609.0	0	Overig: de raadsheer in de Hoge Raad en de gecommitteerde in de Raad van State zijn identiek, blijkens een resolutie van de Staten van Holland van 24 februari 1604 en Nationaal archief, archief De Riemer, inv. nr. 23, blz. 460. Was vóór zijn benoeming in de Hoge Raad pensionaris van Middelburg.		1	26.0	10.0
1592	1682	Nieuwstad	van der	1.0	4.0	Cornelis Mathiasz.	0		Zevenhoven	de Koppel	1549.0	1	1606.0	0			1	25.0	6.0
1593	1683	Scotte		1.0	4.0	Apollonius	0					0	1639.0	0	Persoonsgegevens: geboorte waarschijnlijk tussen 1570 en 1575.		1	1.0	11.0
1594	1684	Vosbergen	van	1.0	4.0	Caspar	0		Duivendijke	Poortvliet, Vossemeer, Kats, Isselaar	1575.0	1	1649.0	0	"Buitenlandse adelstitels: ridder in de orde van St. Michiel (Frankrijk).
Heerlijkheden/adellijke huizen: verwerving Duivendijke 1604.
Overig: was pensionaris van Veere."		1	2.0	5.0
1595	1686	Duvenvoorde	van	5.0		Johan	1		Warmond	Woud, Alkemade	1547.0	0	1610.0	0	Overig: opnieuw benoemd in de Raad van State per 1 mei 1610, maar vóór sessiename overleden (resolutie Staten van Holland 21 mei 1610).		1	15.0	4.0
1596	1687	Matenesse	van	1.0		Adriaen	1	Jonkheer			1563.0	0	1621.0	0			1		
1597	1689	Baarts		1.0		Paulus	0					0	1611.0	0	Overig: was pensionaris (waarschijnlijk van Enkhuizen).		1		
1598	1692	Bouchorst	van den	1.0		Nicolaes	1		Wimmenum	Noordwijk	1581.0	1	1640.0	0	Heerlijkheden/adellijke huizen: bezit Wimmenum tot 1620 en weer na 1621, Noordwijk vanaf 1620.		1		10.0
1599	1693	Bruynings		1.0		Aelbert Fransz.	0					0	1648.0	0			1		11.0
1600	1694	Aerssen	van	1.0		François	1	Jonkheer	Sommelsdijk	De Plaat en Spijk	1572.0	0	1641.0	0			1	27.0	12.0
1601	1695	Does	van der	1.0	4.0	Steven	1	Jonkheer	Noordwijk	Kattendijke	1576.0	0	1621.0	0	"Persoonsgegevens: archief Ridderschap geeft 1640 als jaar van overlijden en bijgevolg 1640 als eindjaar in de ridderschap, waarschijnlijk vanwege verwisseling met Nicolaes van den Bouchorst, met wie Van der Does zijn heerlijkheden ruilde in 1620. De Blécourt geeft overlijden op 31 december 1621, Van Leeuwen en De Riemer geven 1622.
Heerlijkheden/adellijke huizen: bezit Noordwijk tot 1620."		1		6.0
1602	1698	Goedereede	van	1.0		Govert Willemsz.	0					0	1625.0	0			1	2.0	9.0
1603	1700	Aleman		1.0	4.0	Geleyn	0					0	1624.0	0			1	26.0	10.0
1604	1701	Kinschot	van	1.0	4.0	Nicolaes	0				1585.0	0	1660.0	0	Persoonsgegevens: over het jaar van overlijden bestaat twijfel. Zowel Heraldieke Bibliotheek, Vos, als Nieuw Nederlandsch Biografisch Woordenboek geven 1660 als jaar van overlijden (begraven 13 oktober). Algemeen Nederlandsch Familieblad meent echter dat het overlijden vóór 1650 gedateerd moet worden. Was pensionaris van Delft.		1		
1605	1703	Baersdorp		1.0	4.0	Willem Jansz.	0					0	1623.0	0			1	10.0	5.0
1606	1704	Rosa		1.0		Cornelis	0					0	1637.0	0	Persoonsgegevens: begraven 6 april 1637.		1		
1607	1705	Cromhout		1.0	4.0	Nicolaes	0		Werkendam	Vrijhoeven	1561.0	0	1641.0	0	Persoonsgegevens: De Riemer geeft afwijkende overlijdensdatum 22 in plaats van 23 maart.		1	23.0	3.0
1608	1706	Pots		1.0		Hendrik	0					0	1622.0	0			1	4.0	7.0
1609	1707	Persijn	van	1.0	4.0	Reijnier	0		Couwenhoven	Berkhey		0	1639.0	0			1	23.0	3.0
1610	1708	Witt	de	1.0	4.0	Andries Cornelisz.	0				1573.0	0	1637.0	0	Overig: was pensionaris van Dordrecht.		1	26.0	11.0
1611	1709	Meer	van der	1.0	4.0	Abraham Pietersz.	0				1584.0	0	1638.0	0	Vroedschap: aanvang volgens Nederland's Adelsboek 1619. Ontslag in 1621 wegens benoeming tot raadsheer in het Hof van Holland en Zeeland. Nederland's Adelsboek geeft afwijkende overlijdensdatum 20 maart in plaats van 20 mei.		1	20.0	5.0
1612	1710	Hoffland		1.0		Cornelis	0					0	1625.0	0	Persoonsgegevens: volgens Nationaal archief, archief De Riemer, inv. nr. 41, blz. 186 was de reden voor beëindiging van zijn functie als secretaris van het Hof van Holland niet overlijden, maar afstand ten behoeve van zoon Pieter. De zienswijze van De Blécourt (overlijden) wordt echter ondersteund door de index op de resoluties van de Staten van Holland.		1		
1613	1711	Hoffland		1.0	4.0	Pieter	0					0	1631.0	0	Persoonsgegevens: volgens Nationaal archief, archief De Riemer, inv. nr. 41, blz. 189 was de reden voor beëindiging van zijn functie als secretaris van het Hof van Holland niet overlijden, maar nam Hoffland zelf ontslag.		1		
1614	1712	Veer	de	1.0	4.0	Albert	0		Callantsoog		1564.0	0	1620.0	0			1	8.0	2.0
1615	1713	Ruychaver		1.0	4.0	Nicolaas	0					0	1620.0	0			1	14.0	7.0
1616	1714	Fagel		1.0	4.0	François	0				1585.0	0	1644.0	0			1	2.0	3.0
1617	1715	Coren		1.0	4.0	Jacob Gerritsz.	0					0	1631.0	0	Overig: was secretaris van Alkmaar.		1	24.0	10.0
1618	1716	Casembroot	de	1.0	4.0	Jan Leonart	0				1579.0	1	1637.0	0	Persoonsgegevens: mogelijk identiek met Leonard de Casembroot (elders in deze database).		1	4.0	11.0
1619	1717	Colterman		1.0		Johan	0					0	1616.0	0			1		
1620	1718	Berkhout	Teding van	1.0	4.0	Adriaan	0				1571.0	0	1620.0	0	"Persoonsgegevens: Van Leeuwen en De Riemer geven 14 augustus als overlijdensdatum, De Blécourt 19 september 1620.
Overig: was pensionaris van Monnikendam 1596-1611."		1	19.0	9.0
1621	1719	Mijle	van der	1.0		Cornelis	1		de Mijl	Bakkum, Dubbeldam, Alblas, Bleskensgraaf, St. Anthoniepolder	1578.0	1	1642.0	0	Persoonsgegevens: overlijden mogelijk 22 november 1642.		1	21.0	11.0
1622	1720	Schagen	van	1.0		Pieter Jansz.	0				1578.0	0	1636.0	0	Vroedschap: ontslagen 1610.		1		
1623	1722	Neck	van	1.0		Jacob Cornelisz.	0				1564.0	0	1638.0	0			1	8.0	3.0
1624	1723	Wael	de	1.0		Jan Michielsz.	0					0	1618.0	0			1	2.0	9.0
1625	1724	Semeyns		1.0	3.0	Maarten Meynaertsz.	0				1580.0	0	1636.0	0	Overig: was secretaris van Enkhuizen 1618-1636.		1	15.0	9.0
1626	1727	Crommon	van	1.0	4.0	Gerard	0				1585.0	1	1670.0	1	Persoonsgegevens: overleden vóór 19 februari 1670 (mogelijk 1669).		1		
1627	1728	Boschvelt	van	1.0	4.0	Johan	0				1596.0	1	1641.0	0	"Persoonsgegevens: geboortejaar mogelijk 1597.
Overig: was secretaris van Haarlem."		1	25.0	5.0
1628	1729	Francken		1.0	4.0	Sebastiaen Roelofsz.	0					0	1651.0	0	Overig: was schepen van Dordrecht.		1	3.0	12.0
1629	1730	Rollandt		1.0	4.0	Cornelis	0				1595.0	0	1652.0	0			1		10.0
1630	1732	Dorp	van	1.0		Frederik	1	Jonkheer	Maasdam		1612.0	0	1679.0	0			1	29.0	8.0
1631	1733	Alphen	van	1.0		Willem	0				1608.0	0	1691.0	0			1		6.0
1632	1735	Brederode	van	1.0	4.0	Lancelot	1	Jonkheer				0		0	Persoonsgegevens: wel genoemd in Jaarboek Centraal Bureau voor Genealogie 13 (1959) 127, maar zonder leefjaren. S. van Leeuwen, Batavia illustrata ofte Hollandsche chronyck ('s-Gravenhage 1685) 1477, vermeldt dat hij een zoon is van Artus van Bederode.		1		
1633	1736	Doublet		1.0	4.0	George	0				1600.0	0	1655.0	0	Persoonsgegevens: Heraldieke bibliotheek geeft foutief overlijden 31 (sic) in plaats van 30 april.		1	30.0	4.0
1634	1740	Barentsz.		1.0		Olphert	0				1577.0	1	1633.0	0	"Persoonsgegevens: Raad van State 450 jaar geeft afwijkend jaar van overlijden 1640, Jaarboek Centraal Bureau voor Genealogie 1631. Gezien zijn zittingstermijn als gedeputeerde ter Staten-Generaal, en de aanvang van zijn opvolger in dat college is 1633 (zoals in De Nederlandsche Leeuw) het meest aannemelijke jaar van overlijden.
Vroedschap: het eindjaar is gebaseerd op het jaar van overlijden, zie echter hierboven."		1		
1635	1741	Febure	le	1.0	3.0	Nicolaas	0					0	1641.0	1	"Persoonsgegevens: overlijden mogelijk 1642.
Vroedschap: eindjaar mogelijk 1642."		1		
1636	1742	Boetzelaer	van	1.0		Philip Jacob	1		Asperen		1601.0	0	1652.0	0	"Persoonsgegevens: Nieuw Nederlandsch Biografisch Woordenboek en archief van de Ridderschap van Holland geven afwijkend jaar van overlijden 1663.
Heerlijkheden/adellijke huizen: verwerving 1632."		1	3.0	5.0
1637	1743	Tromp		1.0		Jacob Pietersz.	0					0		0	Persoonsgegevens: Van Leeuwen geeft geslachtsnaam 'Cron'.		1		
1638	1745	Loo		1.0		Jan Claasz.	0					0	1660.0	0			1	8.0	10.0
1639	1746	Glas		1.0		Gerrit Jacobsz.	0					0	1670.0	0			1		
1640	1748	Dedel		1.0	4.0	Willem	0				1599.0	0	1650.0	0			1	18.0	4.0
1641	1749	Cau		1.0	4.0	Yman	0				1601.0	0	1683.0	0	Overig: was tot 1633 stadsadvocaat van Middelburg.		1	13.0	7.0
1642	1751	Oem van Wijngaerden		1.0	4.0	Johan	1	Jonkheer	Werkendam		1583.0	1		0	Persoonsgegevens: geboortejaar mogelijk 1584.		1		
1643	1752	Haga		1.0	4.0	Cornelis	0				1578.0	0	1654.0	0			1	12.0	8.0
1644	1753	Schotte		1.0	4.0	Jacob	0				1607.0	0	1670.0	0			1	27.0	2.0
1645	1757	Wassenaer	van	1.0		Willem	1	Jonkheer	Veur		1619.0	0		0			1		
1646	1758	Pauw		1.0	4.0	Adriaen	0		Bennebroek	Schalkwijk	1622.0	0	1697.0	0	Buitenlandse adelstitels: ridder (details niet bekend).		1	12.0	1.0
1647	1759	Riccen		1.0	4.0	Frederik	0					0	1652.0	0	"Persoonsgegevens: De Nederlandsche Leeuw geeft als enige bron overlijden 30 september 1662, oud 63 jaar, in plaats van 29 september 1652.
Overig: uit Purmerend."		1	29.0	9.0
1648	1760	Born	van den	1.0	4.0	François	0					0	1670.0	0			1	8.0	1.0
1649	1761	Slingelandt	van	1.0	4.0	Govert Johan	0				1665.0	0	1703.0	0	Buitenlandse adelstitels: baron des Heiligen Roomse Rijk.		1	2.0	10.0
1650	1762	Groenendijk	van	1.0		Jan Rippertsz.	0				1581.0	0	1650.0	0			1	26.0	1.0
1651	1763	Graeff	de	1.0	4.0	Andries	0				1611.0	0	1678.0	0	"Vroedschap: ontslagen 1672.
Buitenlandse adelstitels: ridder des Heiligen Roomse Rijk, door keizer Leopold I op 19 juli 1677."		1	30.0	11.0
1652	1764	Pauw		1.0	3.0	Isaac	0		Achttienhoven en den Bosch		1618.0	0	1690.0	0	"Buitenlandse adelstitels: ridder (details niet bekend).
Overig: was pensionaris van Enkhuizen 1653-1659."		1	14.0	9.0
1653	1765	Merode	van	1.0		Johan	1		Oudelandsambacht	Rummen		0	1666.0	0			1	25.0	8.0
1654	1766	Westerhem		1.0	4.0	Cornelis Rippertsz.	0				1606.0	0	1667.0	0	"Persoonsgegevens: geslachtsnaam niet genoemd in Velius.
Overig: door de Staten van Holland op 22 december 1666 benoemd in de Generaliteits-Rekenkamer (voor de termijn die op 1 mei 1667 zou beginnen), maar overleden vóór sessiename."		1	23.0	4.0
1655	1767	Guldewagen		1.0		Cornelis Dirksz.	0				1599.0	0	1663.0	0	Persoonsgegevens: in Algemeen Nederlandsch Familieblad 4 (1887) nr. 1, 18 een gelijknamige persoon genoemd, geboren in 1599, maar overleden 1680.		1	17.0	11.0
1656	1768	Dussen	van der	1.0		Dirk Bruynsz.	0				1612.0	0	1668.0	0			1	12.0	1.0
1657	1770	Colterman		1.0		Gerard	0				1632.0	0	1670.0	0	Persoonsgegevens: begraven 8 november 1670.		1		
1658	1772	Goes		1.0	4.0	Willem	0		Boekhorstenburg	Absmade	1610.0	0	1686.0	0	Overig: het is niet geheel zeker dat het Leidse vroedschapslid/gecommitteerde in de Admiraliteit te Amsterdam identiek is met de raadsheer in het Hof van Holland. Gezien het eindjaar van het lidmaatschap van vroedschap van Leiden is het wel zeer waarschijnlijk. Een tweede aanwijzing is dat de zoon van de raadsheer in de Leidse vroedschap zitting had.		1	3.0	10.0
1659	1773	Graaff	van der	1.0	4.0	Jacob	0				1614.0	0	1674.0	0			1		
1660	1774	Ockers		1.0	4.0	Pieter	0				1628.0	0	1678.0	0			1	23.0	9.0
1661	1775	Haese	de	1.0	4.0	Theodorus	0					0	1668.0	0	"Persoonsgegevens: Van Leeuwen geeft afwijkende overlijdensdatum 15 november 1668.
Overig: was pensionaris van Veere."		1	12.0	11.0
1662	1777	Pauw		1.0	4.0	Reynier	0		ter Horst	Rijnenburg, Teylingerbosch	1591.0	0	1676.0	0	Buitenlandse adelstitels: verheffing tot ridder in de orde van St. Michiel door de Franse Koning in augustus 1634.		1	20.0	1.0
1663	1778	Moons		1.0	4.0	Johan	0					0	1669.0	0			1	6.0	3.0
1664	1779	Riccen		1.0	4.0	Franco	0					0	1673.0	0	"Persoonsgegevens: Van Leeuwen geeft afwijkende overlijdensdatum 10 februari in plaats van 16 januari.
Overig: was pensionaris van Purmerend."		1	16.0	1.0
1665	1781	Olycan		1.0	4.0	IJsbrand	0				1604.0	0	1660.0	0	Persoonsgegevens: Van Leeuwen en De Riemer geven afwijkende overlijdensdatum 8 in plaats van 9 maart 1660.		1	9.0	3.0
1666	1782	Fannius		1.0	4.0	Cornelis	0		Oud-Haarlem		1625.0	0	1675.0	0	"Persoonsgegevens: Nagtglas geeft afwijkend jaar van overlijden 1673.
Overig: was pensionaris van Den Briel 1656-1660."		1	3.0	11.0
1667	1783	Nideck	Rudolphi van	1.0	4.0	Gijsbert	0					0	1690.0	0	Overig: was pensionaris van Rotterdam 1655-1669.		1	6.0	4.0
1668	1784	Druyff		1.0	4.0	Hendrik	0					0	1690.0	0			1	18.0	11.0
1669	1785	Groenendijck	van	1.0	4.0	Cornelis	0					0	1675.0	0	Persoonsgegevens: Algemeen Nederlandsch Familieblad geeft 1674 als jaar van overlijden, De Blécourt 1675.		1		
1670	1786	Lanst		1.0	4.0	Jacob	0					0		0			1		
1671	1787	Ruysch		1.0	4.0	Johan	0					0	1696.0	0			1	20.0	6.0
1672	1788	Cloeck		1.0	4.0	Hendrick	0				1633.0	0	1670.0	0			1	20.0	10.0
1673	1789	Paffenrode	van	1.0		Roeloff Jacobsz.	1	Jonkheer				0	1673.0	0	Vroedschap: Van Zomeren geeft aanvangsjaar 1645, Van der Lely 1646.		1	13.0	6.0
1674	1793	Boetzelaer	van den	1.0		Carel	1	Jonkheer	Nieuwveen	Waalsdorp	1635.0	0	1708.0	0			1		
1675	1794	Oem van Wijngaarden		1.0		Daniel	1		Werkendam	Moermont, Rubroek, Benthuizen, Zoetermeer, Renesse, Zuidland, Noordwelle	1619.0	0	1688.0	0			1	9.0	12.0
1676	1795	Teengs		1.0	4.0	Claas Jacobsz.	0				1632.0	0	1681.0	0			1	8.0	2.0
1677	1796	Hoeufft		1.0	4.0	Diederik Diederiksz.	0		Fontaine-Peureuse		1610.0	0	1688.0	0			1	14.0	5.0
1678	1797	Groot	de	1.0	4.0	Pieter	0				1615.0	0	1678.0	0	Vroedschap: ontslagen 1672.		1		
1679	1798	Pompe		1.0	4.0	Matthijs Michielsz.	0		Slingeland	Dordsmonde	1622.0	0	1679.0	0			1	7.0	8.0
1680	1799	Beuningen	van	1.0	4.0	Coenraed	0				1622.0	0	1693.0	0			1	26.0	10.0
1681	1800	Onderwater		1.0	4.0	Cornelis Cornelisz.	0				1616.0	0	1680.0	0	Persoonsgegevens: Nederland's Patriciaat, Boitet, Nederlandsche Leeuw en Kronieken geven overlijdensdatum 30, De Vries 29 september 1680.		1	29.0	9.0
1682	1801	Steyn		1.0		Jacob Augustynsz.	0				1606.0	0	1679.0	0			1	13.0	5.0
1683	1803	Boon		1.0		Adriaan	0				1653.0	0	1693.0	0	Vroedschap: ontslagen 1692.		1		
1684	1804	Liere	van	1.0		Frederik	1	Jonkheer	Zoetermeer			0	1692.0	0			1	28.0	5.0
1685	1805	Gool		1.0	4.0	Mattheus	0					0	1702.0	0			1	9.0	9.0
1686	1806	Bronckhorst	van	1.0	4.0	Vincent	0				1635.0	0	1703.0	0	Persoonsgegevens: De Riemer geeft afwijkende overlijdensdatum 2 in plaats van 4 februari.		1	4.0	2.0
1687	1807	Schagen	van	1.0		Aelbrecht	1	Jonkheer	Heenvliet			0	1682.0	0			1	1.0	1.0
1688	1809	Slicher		1.0	4.0	Anthoni	0		Westerbeek		1655.0	0	1745.0	0			1	9.0	11.0
1689	1811	Fagel		1.0	4.0	François	0				1618.0	0	1680.0	0			1	12.0	11.0
1690	1812	Teresteyn van Halewijn		1.0	4.0	Cornelis Alewijnsz.	0				1641.0	0	1701.0	0			1	18.0	5.0
1691	1813	Baen		1.0	4.0	Cornelis Okkersz.	0				1622.0	0	1684.0	0			1	12.0	10.0
1692	1814	Dryewegen	van	1.0	4.0	Boudewijn	0					0	1682.0	0	"Persoonsgegevens: De Riemer geeft jaar van overlijden 1674, De Blécourt 1682.
Overig: was burgemeester van Goes (zie P.D. de Vos, De vroedschap van Zierikzee van de tweede helft der 16e eeuw tot 1795 (2e druk Alphen aan den Rijn 1982) 365.)."		1		
1693	1815	Tocht	van der	1.0	4.0	Isaäc	0					0	1677.0	0			1	21.0	6.0
1694	1816	Munter		1.0	4.0	Johan	0		Zanen	Raaphorst	1634.0	0	1713.0	0	Persoonsgegevens: De Riemer geeft afwijkend jaar van overlijden 1716.		1	26.0	4.0
1695	1817	Pots		1.0	4.0	Adriaen	0					0	1680.0	0			1	5.0	12.0
1696	1818	Deneyn		1.0	4.0	Cornelis	0					0	1679.0	0	"Persoonsgegevens: is mogelijk identiek met de persoon die genoemd wordt in E.A. Engelbrecht, De vroedschap van Rotterdam, 1572-1795 (Rotterdam 1973), 292.
Overig: was pensionaris van Alkmaar."		1	18.0	11.0
1697	1819	Dedel		1.0	4.0	Willem	0				1627.0	0	1683.0	0	Overig: in Genealogische en heraldische bladen worden ten onrechte de functies van de broers Willem en Jan Dedel verwisseld.		1	17.0	10.0
1698	1820	Kerckhoven	van den	1.0	4.0	Willem	0				1607.0	0	1680.0	0	Persoonsgegevens: De Nederlandsche Leeuw geeft 1686 als jaar van overlijden, De Blécourt 1680.		1	5.0	10.0
1699	1821	Fèbre	le	1.0	4.0	Mahu	0					0		0			1		
1700	1822	Assendelft		1.0	4.0	Daniël Pompejus	0					0	1722.0	0			1	16.0	10.0
1701	1823	Citters	van	1.0	4.0	Arnout	0		Gapinge		1633.0	0	1696.0	0	Overig: was secretaris van Middelburg (1671-1674). Kreeg bij resolutie van de Gecommitteerde Raden van Zeeland van 8 augustus 1692 commissie als supernumerair gedeputeerde ter Staten-Generaal (zie Zeeuws Archief, gedrukte resoluties van de Staten van Zeeland, inv. nr. 108, f. 175).		1	12.0	10.0
1702	1825	Deneyn		1.0	4.0	Evert	0					0	1702.0	0			1	15.0	10.0
1703	1826	Spanheim	van	1.0	4.0	Fredrick	0					0	1715.0	0			1	1.0	12.0
1704	1827	Huybert	de	1.0	4.0	Anthony	0		Kruiningen	Hinkelenoord, Den Acker,  Rilland en Burg	1645.0	0	1702.0	0	Heerlijkheden/adellijke huizen: Elias geeft 'Agger' in plaats van 'Den Acker'.		1	2.0	12.0
1705	1828	Burch	van der	1.0		Arent Reyersz.	0				1621.0	0	1691.0	0			1	20.0	9.0
1706	1829	Beijeren van Schagen	van	1.0		Johan François	1		Heenvliet			0	1681.0	0	Persoonsgegevens: archief Ridderschap geeft onjuist jaar van overlijden 1679, Raad van State 450 jaar geeft 1681, wat juist moet zijn, aangezien Van Beijeren nog tot eind 1680 in de presentielijsten van de Raad wordt vermeld.		1		
1707	1830	Velde	van de	1.0	4.0	Bartholomeus	0				1639.0	0	1693.0	0	"Persoonsgegevens: begraven 25 april 1693. 
Vroedschap: ontslagen 1692."		1		4.0
1708	1831	Zoete de Laeke		1.0		Philips	1	Jonkheer	Villers	Zevender, Potshoek	1636.0	0	1689.0	0	Persoonsgegevens: archief Ridderschap geeft afwijkende overlijdensdatum 11 in plaats van 21 maart 1689.		1	21.0	3.0
1709	1832	Brouwer		1.0	4.0	Hendrik	0				1624.0	0	1683.0	0			1	13.0	11.0
1710	1833	Bont	de	1.0		Jeremias	0					0	1687.0	0	Vroedschap: Van Zomeren geeft aanvangsjaar 1674, Van der Lely 1673.		1	30.0	1.0
1711	1834	Swan		1.0		Floris	0					0	1673.0	0			1	30.0	6.0
1712	1835	Rijser		1.0	3.0	Reijnier Simonsz.	0					0	1688.0	0	Persoonsgegevens: De Nederlandsche Leeuw geeft begraafdatum 28 maart, Jaarverslag Vereniging Oud Monnickendam 28 mei.		1		
1713	1836	Bergh	van den	1.0		Johan	0				1626.0	0	1693.0	0	Persoonsgegevens: overleden tussen 10 en 17 januari 1693.		1		1.0
1714	1837	Hovius		1.0	4.0	Johan	0				1639.0	0	1678.0	0	Persoonsgegevens: in weerwil van wat de onder 'bronnen' genoemde auteurs vermelden, overleed Hovius mogelijk niet in 1676, maar in 1678, omdat hij pas in dat jaar zowel werd opgevolgd als secretaris van de Admiraliteit in het Noorderkwartier als in de Generaliteits-Rekenkamer.		1		
1715	1838	Vlaming van Oudtshoorn	de	1.0		Diederick	0		Westerdijkshorn		1620.0	1	1681.0	0			1	10.0	4.0
1716	1839	Sundert	van	1.0		Jacobus	0					0		0			1		
1717	1840	Putmans		1.0	4.0	Gerard Jansz.	0					0	1698.0	0	"Vroedschap: eindjaar volgens Boitet 1680, wat echter niet strookt met de zitting van Putmans in de Staten-Generaal na die datum.
Overig: wordt door Valentyn, behalve als bewindhebber van de VOC ter Kamer Delft, ook als bewindhebber ter Kamer Rotterdam vermeld (p. 313, als voorganger van Abraham Elzevier). Dit zal echter onjuist zijn, aangezien Delft in die kamer geen zetel had."		1	14.0	11.0
1718	1841	Kien		1.0		Johan	0				1638.0	0	1701.0	0	Persoonsgegevens: Raad van State 450 jaar geeft overlijdensdatum 1 juni 1700, Bruinvis 1 juni 1701. De datum van Bruinvis sluit het beste aan bij de aanvangsdatum van Kiens opvolger in de Raad van State Willem van Egmond van de Nijenburgh (nl. 15 juni 1701).		1	1.0	6.0
1719	1842	Schrevelius		1.0	4.0	Theodorus	0				1643.0	0	1704.0	0			1	12.0	1.0
1720	1843	Duyvense		1.0	4.0	Adriaan	0					0		0			1		
1721	1844	Reede tot Renswoude	van	3.0		Frederik	1		Schonauwen	de Lier, Oosterleede	1630.0	1	1715.0	0	Heerlijkheden/adellijke huizen: verwerving Schonauwen 1670 (tot 1674), De Lier 1674 (Nieuw Nederlandsch Biografisch Woordenboek geeft onjuist Schonauwen 1670-1682 en De Lier daarna).		1	23.0	8.0
1722	1846	Slingelandt	van	1.0	4.0	Barthout Govertsz.	0		Slingeland		1654.0	0	1711.0	0	"Persoonsgegevens: Van Dalen geeft afwijkende overlijdensdatum 14 in plaats van 5 januari.
Oudraad: Adelsboek geeft zittingsjaren 1695-1708."		1	5.0	1.0
1723	1847	Ravens		1.0	4.0	Johan	0					0	1722.0	0			1		
1724	1848	Rooseboom		1.0	4.0	Frederik	0				1645.0	0	1716.0	0	Persoonsgegevens: De Riemer geeft afwijkende overlijdensdatum 4 in plaats van 3 augustus 1716.		1	3.0	8.0
1725	1851	Halewijn	van	1.0	4.0	Simon	0				1654.0	0	1733.0	0	Vroedschap: ontslagen 1693.		1		
1726	1852	Voorst	van	3.0		Transisulanus Adolphus	1		Jaarsveld	Hagenvoorde, Bergentheim, Wenerhold, Egede en Wenaert	1651.0	0	1707.0	0	Overig: uit Overijsselse adellijke familie.		1	6.0	6.0
1727	1853	Beelaerts		1.0	4.0	Pieter Gerardsz.	0				1639.0	0	1691.0	0			1	15.0	10.0
1728	1854	Roovere	de	1.0	4.0	Pompejus Pietersz.	0		Hardinxveld		1645.0	0	1723.0	0			1		
1729	1855	Slagtoe		1.0		Arent Pietersz.	0				1625.0	0	1703.0	0			1	26.0	11.0
1730	1856	Vicq	de	1.0		François	0				1646.0	0	1707.0	0			1	22.0	12.0
1731	1857	Pont		1.0		Dirk Fransz.	0				1650.0	0	1722.0	0	Vroedschap: ontslagen op eigen verzoek 1712.		1	23.0	10.0
1732	1858	Bevere	de	1.0	4.0	Ernst Cornelisz.	0		West-IJsselmonde	de Lindt	1660.0	0	1722.0	0	"Persoonsgegevens: begraven 8 augustus. 
Heerlijkheden/adellijke huizen: verwerving de Lindt 1717."		1		
1733	1859	Echten	van	1.0	4.0	Salomon	0				1643.0	0	1728.0	0	Vroedschap: beëindiging 1680 wegens benoeming tot ontvanger van de gemenelandsmiddelen.		1	11.0	5.0
1734	1860	Gravesande	's	1.0		Hugo Adriaensz.	0				1633.0	0	1699.0	0			1	19.0	8.0
1735	1863	Dussen	van der	1.0		Jacob Huygensz.	0		Harenkarspel		1553.0	0	1619.0	0	Persoonsgegevens: Boitet, Nederlandsche Leeuw, Algemeen Nederlandsch Familieblad en Kronieken geven overlijdensdatum 22 december 1622, De Vries 1 september 1619.		1	1.0	9.0
1736	1865	Witsen		1.0	3.0	Cornelis	0				1605.0	0	1669.0	0			1	12.0	3.0
1737	1870	Cromhout		1.0		Adriaen	0				1585.0	0	1625.0	0			1	7.0	10.0
1738	1871	Bleyswijk	van	1.0		Evert Adriaansz.	0					0	1652.0	0	"Vroedschap: Kronieken geeft afwijkend eindjaar 1651.
Overig: 'De algemene rekenkamer in de Nederlanden en de daaraan voorafgegane commissien en Collegien van Toezigt op het beheer van ’s lands geldmiddelen 1428-1873' (handschrift in de bibliotheek van de Algemene Rekenkamer) noemt hem ten onrechte als gecommitteerde in de Generaliteits-Rekenkamer van 1638 tot 1641."		1		
1739	1872	Peereboom		1.0		Thijmon Thijsz.	0					0	1648.0	0	Persoonsgegevens: begraven 1 oktober 1648.		1		9.0
1740	1873	Groenewegen van der Made		1.0	4.0	Dirk Simonsz.	0				1646.0	0	1731.0	0			1	21.0	3.0
1741	1874	Dussen	van der	1.0	4.0	Ewout Nicolaesz.	0		Zouteveen	Oost-Barendrecht	1669.0	0	1729.0	0			1	17.0	10.0
1742	1877	Sylvius		1.0	4.0	Cornelis	0				1687.0	0	1738.0	0			1	1.0	5.0
1743	1879	Fannius		1.0		Cornelis	0		Oud-Haarlem			0		0			1		
1744	1880	Witte		1.0	4.0	Justus	0				1711.0	1	1768.0	0			1	12.0	3.0
1745	1881	Waeyen	van der	1.0	4.0	Willem	0					0	1733.0	0	Persoonsgegevens: begraven 16 november 1733.		1		11.0
1746	1882	Dielen	van	1.0	4.0	Isaac Laurens	0					0	1752.0	0			1	19.0	5.0
1747	1883	Brandwijk	van	1.0	4.0	Gerard	0		Bleskensgraaf	Hoogeveen	1673.0	0	1725.0	0			1	20.0	11.0
1748	1884	Lange	de	1.0	4.0	Daniel	0				1665.0	0	1734.0	0			1	30.0	11.0
1749	1885	Strijen	van	1.0	4.0	Willem	0				1687.0	0	1765.0	0	Persoonsgegevens: Elias geeft ten onrechte jaar van overlijden 1748.		1	11.0	1.0
1750	1886	Hoeve	van der	1.0	4.0	Frederik	0					0	1761.0	0	Persoonsgegevens: Algemeen Nederlandsch Familieblad geeft afwijkende overlijdensdatum 21 in plaats van 27 september 1761.		1	27.0	9.0
1751	1887	Cattenburgh	van	1.0	4.0	Johan Carel	0				1729.0	0	1797.0	0	Vroedschap: ontslagen 1768 wegens insolventie.		1		
1752	1888	Steenlack		1.0		Johan	0				1648.0	0	1718.0	0			1	8.0	11.0
1753	1890	Pelt		1.0	4.0	Hendrick	0		Piershil		1672.0	0	1739.0	0			1	26.0	1.0
1754	1891	Meel	van	1.0	4.0	Thimon	0				1703.0	0	1748.0	0			1	6.0	3.0
1755	1892	Hogendorp	van	1.0	4.0	Diederik	0				1696.0	0	1760.0	0	Vroedschap: ontslagen 1748.		1	27.0	12.0
1756	5339	Eck	van	1.0	7.0	Joachim	1		Barlham			0		0	Heerlijkheden/adellijke huizen: verkoop Barlham 1658.		1		
1757	7674	Gruyter	de	1.0	7.0	Bartholomeus	0					0		0			1		
1758	7681	Bernart		1.0	7.0	Gille	0					0		0	"Persoonsgegevens: geslachtsnaam ook wel Bernardi. 
Overig: Abt van Heylessem."		1		
1759	7684	Linden	van der	1.0	7.0	Jean	0					0		0	Overig: abt van St. Geertruid te Leuven.		1		
1760	7688	Witthem	de	3.0	7.0	Jean	1					0		0	Binnenlandse adelstitels: baron van Boutershem, Berselle of Beersele, Braine-la-leu etc.		1		
1761	7692	Mol	de	1.0	7.0	Jean	1		Oetingen			0		0			1		
1762	7700	Gilles		1.0	7.0	Jean	0					0		0			1		
1763	7704	Gilles		1.0	7.0	Jean	0					0		0	Overig: raad en rekenmeester van Brabant.		1		
1764	7706	Pieck		1.0	7.0	Gillis	0		Enspijk			0		0			1		
1765	7709	Berch	opten	1.0	7.0	Georgien	0					0		0			1		
1766	7710	Westrum	van	1.0	7.0	Dirk	0					0		0			1		
1767	7712	Wees	van	1.0	7.0	Cornelis	0					0		0			1		
1768	7713	Zuylen van Nyevelt	van	1.0	7.0	Willem	0					0		0			1		
1769	7714	Maelen	van der	1.0	7.0	Michiel	0					0		0	"Persoonsgegevens: geslachtsnaam ook als Van Male. 
Overig: Abt van Nienhoven."		1		
1770	7715	Valerius		1.0	7.0	Guillaume	0					0		0	"Overig: Kanunnik van St. Bavo en ""seelleur de la cour spirituelle à Gand""."		1		
1771	7716	Montmorency	de	5.0	7.0	George	1		Croiselles			0		0			1		
1772	7717	Triest		1.0	7.0	Philippe	0		Auweghem			0		0			1		
1773	7719	Baesdorp	de	1.0	7.0	Philippe	0					0		0			1		
1774	7720	Yman		1.0	7.0	Jacques	0					0		0			1		
1775	7721	Ghistelles	de	5.0	7.0	Arthus	0		Rymeersch			0		0			1		
1776	1893	Alphen	van	1.0		Isaack	0				1716.0	0	1788.0	0	"Persoonsgegevens: begraven 13 september. 
Vroedschap: ontslagen 1788."		1		
1777	1894	Staal	van der	1.0	4.0	Hendrick	0				1671.0	0	1746.0	0			1	17.0	11.0
1778	1895	Groeninx		1.0	4.0	Aegidius	0		Capelle aan den IJssel		1703.0	0	1737.0	0			1	29.0	12.0
1779	1896	Cossart		1.0		Jacob Jansz.	0				1713.0	0	1780.0	0	Persoonsgegevens: Unger geeft afwijkende overlijdensdatum 6 juni in plaats van 6 september.		1	6.0	9.0
1780	1897	Groot	Cornets de	1.0	4.0	Jan	0				1745.0	0	1798.0	0			1		
1781	1900	Wassenaer	van	3.0	4.0	Frederik Hendrik	1		beide Katwijken en 't Zand	Valkenburg, Rijnsaterwoude, Raaphorst	1701.0	0	1771.0	0	Ridderschap: Nieuw Nederlandsch Biografisch Woordenboek geeft aanvang 1727, archief Ridderschap 1737.		1	27.0	12.0
1782	1901	Boetzelaer	van den	1.0		Frederik Hendrik	1		Langerak	Schoot	1688.0	0	1733.0	0	"Heerlijkheden/adellijke huizen: bezit Langerak 1711-1721, verwerving Schoot vóór 1724.
Overig: de lijst van leden van de Staten-Generaal uit de Ridderschap van Holland van Fagel (zie de institutionele toelichting bij dat college) geeft het lidmaatschap van Van den Boetzelaer. Aangezien echter deze zetel toen al bezet was door Johan Hendrik van Wassenaer van Obdam, en Boetzelaer zitting had in de Raad van State, zal het hier (indien al juist) een extraordinaris deputatie betroffen hebben."		1	17.0	7.0
1783	1902	Wassenaer	van	3.0		Carel Lodewijk	1		Doeveren		1685.0	0	1751.0	0	Persoonsgegevens: Raad van State 450 jaar geeft afwijkende overlijdensdatum 1 in plaats van 2 november 1751.		1	2.0	11.0
1784	1903	Cats	van	1.0		Willem Maurits	1		ter Coulster	Oosthuizen, Veenhuizen, Maasland, Maassluis, Kats, Heiloo, Oesdom, Hoogwoude en Aertswoude	1665.0	0	1743.0	0	"Persoonsgegevens: De Nederlandsche Leeuw 1968, 391 geeft afwijkend geboortejaar 1655.
Ridderschap: alleen Belonje meent dat Van Cats lid was van de Ridderschap van Holland.
Heerlijkheden/adellijke huizen: verwerving Ter Coulster, Kats, Heiloo, Oesdom 1697, Oosthuizen, Veenhuizen 1693, Hoogwoude, Aertswoude 1727, bezit Maasland, Maassluis 1693-1712."		1	19.0	12.0
1785	1905	Backer		1.0	4.0	Adriaen	0				1641.0	0	1701.0	0			1	10.0	9.0
1786	1906	Heycoop		1.0		Johan Johansz.	0					0	1710.0	0			1	27.0	3.0
1787	1907	Vicq	de	1.0	4.0	Nicolaas	0				1672.0	0	1713.0	0			1	12.0	3.0
1788	1908	Alphen	van	1.0	4.0	Daniel Danielsz.	0				1651.0	0	1733.0	0			1	10.0	7.0
1789	1909	Lakenman		1.0		Frederik	0				1677.0	0	1729.0	0			1	1.0	6.0
1790	1910	Dussen	van der	1.0	4.0	Jacob Nicolaesz.	0					0	1728.0	0			1	1.0	11.0
1791	1911	Valckenier		1.0		Jacob	0				1673.0	0	1740.0	0			1	28.0	12.0
1792	1912	Bije	de	1.0	4.0	Isbrand	0				1650.0	0	1725.0	0			1	2.0	6.0
1793	1913	Schagen		1.0	4.0	Gerard	0				1688.0	0	1727.0	0			1	15.0	10.0
1794	1914	Brandwijk van Blokland		1.0	4.0	Pieter Willemsz.	0		Blokland			0	1731.0	0			1	23.0	8.0
1795	1916	Marck	van der	1.0	4.0	Johan	0				1695.0	0	1770.0	0			1	17.0	12.0
1796	1917	Ramhorst	van de	1.0	4.0	Jacob	0				1689.0	0	1762.0	0			1	9.0	3.0
1797	1918	Lycochthon	Croes	1.0		Frans	0				1692.0	0	1757.0	0			1	10.0	1.0
1798	1919	Hochepied	de	1.0	4.0	Jan Baptista	0				1669.0	0	1709.0	0			1	23.0	5.0
1799	1920	Schagen	van Beyeren	3.0	4.0	Albrecht Nicolaas	1		Goudriaan	Lokhorst	1667.0	0	1727.0	0	Persoonsgegevens: Genealogische en Heraldische Bladen geeft afwijkend geboortejaar 1663. Siegenbeek van Heukelom en Raad van State 450 jaar geven afwijkend jaar van overlijden 1728.		1	23.0	4.0
1800	1921	Lycochthon		1.0		Pieter	0				1664.0	0	1712.0	0			1		
1801	1922	Sanen	van	1.0	4.0	Willem	0				1684.0	0	1746.0	0	Persoonsgegevens: begraven 4 oktober 1746.		1		
1802	1923	Bije	de	1.0	4.0	Nicolaas	0				1695.0	0	1763.0	0			1	2.0	3.0
1803	1924	Hoven	van	1.0		Gilles	0				1683.0	0	1753.0	0	Vroedschap: ontslagen 1748.		1	10.0	9.0
1804	1925	Bassecourt	de la	1.0	4.0	Charles	0					0	1742.0	0	Overig: was pensionaris van Gorinchem 1691-1708.		1		5.0
1805	1926	Ameijde	van der	1.0	4.0	Diderik Jansz.	0					0	1723.0	0			1	12.0	1.0
1806	1927	Slingelandt	van	1.0		Barthout Damasz.	0				1655.0	0	1727.0	0	Overig: was mogelijk ook nog gecommitteerde in de Admiraliteit op de Maze 1697-1700 en gedeputeerde ter Staten-Generaal 1700-1703. Deze functies zijn ondergebracht bij Barthout Govertsz. van Slingelandt (1654-1711), eveneens oudraad van Dordrecht.		1	12.0	4.0
1807	1929	Paedts		1.0	4.0	Willem	0				1665.0	0	1740.0	0			1	2.0	7.0
1808	1930	Zoete de Lake		1.0		Alexander	1		Villers			0		0	Persoonsgegevens: mogelijk identiek met Alexander Soete de Laecke (1667-1712) in F. Nagtglas, Levensberichten van Zeeuwen 2 (Middelburg 1893) 668. (daar kwartierschout van Peel en Kempenland te 's-Hertogenbosch).		1		
1809	1932	Boogaert		1.0	4.0	Nicolaes Frederik Andriesz.	0		Alblasserdam		1670.0	0	1757.0	0			1	30.0	3.0
1810	1933	Rendorp		1.0	4.0	Pieter	0		Marquette		1703.0	0	1760.0	0			1	8.0	12.0
1811	1934	Gevaerts		1.0	4.0	Johan Ockersz.	0				1694.0	0	1777.0	0	Persoonsgegevens: Algemeen Nederlandsch Familieblad geeft afwijkende overlijdensdatum 21 in plaats van 20 september.		1	20.0	9.0
1812	1935	Jongh van Persijn	de	1.0	4.0	Joan	0				1694.0	0	1756.0	0			1	9.0	9.0
1813	1936	Hubrecht		1.0	4.0	Josias	0				1685.0	0	1742.0	0			1	16.0	3.0
1814	1937	Sevenhuysen		1.0	4.0	Dirck	0				1697.0	0	1754.0	0			1		
1815	1938	Temminck	de Vrij	1.0	4.0	Egbert	0				1700.0	0	1785.0	0			1	27.0	6.0
1816	1939	Alensoon		1.0		Abraham	0				1687.0	0	1758.0	0			1	21.0	10.0
1817	1940	Wolf	van der	1.0	4.0	Cornelis	0				1687.0	0	1763.0	0			1		
1818	1941	Thierens		1.0	4.0	Jacob	0				1691.0	0	1760.0	0	Vroedschap: De Nederlandsche Leeuw geeft afwijkend aanvangsjaar 1727.		1	5.0	4.0
1819	1942	Pompe van Meerdervoort		1.0	4.0	Johan Diederik Jacobsz.	0		Meerdervoort			0	1749.0	0	Persoonsgegevens: Algemeen Nederlandsch Familieblad geeft afwijkende overlijdensdatum 14 juni in plaats van 1 juli.		1	1.0	7.0
1820	1943	Goes	van der	1.0	4.0	Cornelis Adriaensz.	0				1688.0	0	1764.0	0			1		
1821	1944	Hoesen	Kuysten van	1.0	4.0	Gerard	0				1713.0	0	1757.0	0			1	24.0	7.0
1822	1946	Brandeler	van den	1.0	4.0	Philip Johansz.	0				1714.0	0	1770.0	0			1	15.0	5.0
1823	1947	Sweers		1.0	4.0	Isaäc	0				1707.0	0	1777.0	0			1	7.0	6.0
1824	1948	Blommesteijn	van	1.0	3.0	Willem Hermansz.	0				1723.0	0	1789.0	0	Vroedschap: ontslagen op eigen verzoek 1786.		1		1.0
1825	1949	Dam	van	1.0	4.0	Christoffel Jan	0				1722.0	0	1798.0	0			1	23.0	8.0
1826	1950	Hompesch	van	1.0		Vincent Gustaaf	1	Jonkheer	Genderen		1728.0	0	1778.0	0	Buitenlandse adelstitels: graaf des Heiligen Roomse Rijk.		1	9.0	9.0
1827	1951	Agricola		1.0		Nicolaas	0				1724.0	1	1775.0	0	Persoonsgegevens: Algemeen Nederlandsch Familieblad geeft geboortejaar 1725, Bossaers 1724.		1	23.0	5.0
1828	1952	Kretschmar	van	1.0		Jan Nicolaes Christiaen Jansz.	0		Noord-Scharwoude		1726.0	0		0	Vroedschap: ontslagen op eigen verzoek 1786.		1		
1829	1953	Aerssen	van	1.0		François Cornelis	1		Spijk	Sommelsdijk, Plaat	1725.0	0	1793.0	0			1	26.0	12.0
1830	1956	Onderwater		1.0	4.0	Samuel	0		Brandwijk en Gijbeland		1748.0	0	1821.0	0			1		
1831	1957	Boetzelaer	van	3.0	4.0	Dirk	1		Kijfhoek	Dubbeldam	1746.0	0	1819.0	0	"Adelstitels: predicaat 1814, titel: 1819.
Heerlijkheden/adellijke huizen: verwerving Kijfhoek 1768."		1	5.0	11.0
1832	1959	Silla	de	1.0	4.0	Nicasius	0				1543.0	0	1600.0	0	Overig: was pensionaris van Namen en Amsterdam.		1	22.0	8.0
1833	1967	Velde	van de	1.0	4.0	Nicolaas Danielsz.	0				1709.0	0	1763.0	0			1	10.0	1.0
1834	1969	Bie	de	1.0		Claes Joostensz.	0					0	1590.0	0	Persoonsgegevens: overleden vóór 21 april 1590, blijkens een resolutie van de Staten-Generaal van die datum.		1		
1835	1970	Ruwen	van	1.0		Job Pietersz.	0					0		0			1		
1836	1972	Verbrugge		1.0		Hendrik Willemsz.	0					0	1604.0	0	"Persoonsgegevens: in een resolutie van de Staten-Generaal 7 juni 1590 als 'Van den Broeck' aangeduid.
Vroedschap: aanvangsjaar onzeker."		1	13.0	8.0
1837	1973	Florisz.		1.0		Heinrick	0					0	1614.0	0	Persoonsgegevens: begraven 17 april 1614.		1		4.0
1838	1975	Goedereede		1.0	4.0	Willem Adriaensz.	0				1537.0	0	1599.0	0			1	3.0	1.0
1839	1977	Kort		1.0		Symon Pietersz.	0					0		0	Persoonsgegevens: overleden vóór 28 april 1598.		1		
1840	1979	Meeusz.		1.0		Pieter	0					0		0	Vroedschap: zat volgens de lijst van Schutte in de verschillende admiraliteitscolleges voor Delft, maar wordt niet genoemd onder de Delftse veertigraden in Reinier Boitet, Beschryving der stadt Delft (Delft 1729) en H. Klunder en H.K. Nagtegaal, ‘Wapens van de veertigraad van Delft’, Kronieken. Tijdschrift van de genealogische vereniging Prometheus 6 (1997) 220-229, 281-291, 7 (1998) 16-25, 121-130, 179189, 217-227, 8 (1999) 5-16.		1		
1841	1980	Nijenburg	van de	1.0		Cornelis Jansz.	0				1530.0	0	1610.0	0	Persoonsgegevens: begraven 14 november 1610.		1		
1842	1981	Santen	van	1.0		Cornelis Sebastiaansz.	0					0	1629.0	0			1	9.0	8.0
1843	1982	Coij		1.0		Joris Maartensz.	0					0		0			1	13.0	3.0
1844	1983	Poelgeest	van	1.0		Jasper	1	Jonkheer				0		0	Persoonsgegevens: Nieuw Nederlandsch Biografisch Woordenboek geeft onjuist jaar van overlijden 1597; de resoluties van de Admiraliteit op de Maze vermelden tot en met 1604 in de presentielijsten. Dat het in het Nieuw Nederlandsch Biografisch Woordenboek om een ander, gelijknamig persoon zou gaan is onwaarschijnlijk, omdat de functie van gecommitteerde in genoemde admiraliteit wordt vermeld.		1		
1845	1984	Brouwer		1.0		Johan Arendsz.	0					0		0			1		
1846	1985	Hasendonck		1.0		Arent Jacobsz.	0				1543.0	0	1601.0	0			1		
1847	1986	Crommendijk		1.0		Sijbert Jansz.	0					0		0			1		
1848	1987	Hooft		1.0		Jan Cornelisz.	0					0	1600.0	0			1	15.0	2.0
1849	1988	Schaap		1.0		Dirk Cornelisz.	0				1545.0	1	1632.0	0	Persoonsgegevens: de weergegeven datum van overlijden is mogelijk een begraafdatum.		1	30.0	5.0
1850	1989	Aartsz.		1.0		Willem Jan	0					0		0			1		
1851	1992	Dirksz.		1.0		Pieter	0					0	1635.0	0			1		
1852	1993	Appelboom		1.0		Jan Dierxsz.	0					0		0	Persoonsgegevens: de lijst Schutte (zie institutionele toelichting bij de Admiraliteit in het Noorderkwartier) duidt hem aan met patroniem Cornelisz.		1		
1853	1994	Rodinck		1.0		Pieter Albertsz.	0					0		0			1		
1854	1996	Pietersz.		1.0		Dirck	0					0		0	"Persoonsgegevens: wellicht identiek met Dirck Piet Jansz. Puyner, genoemd in Gens Nostra 16 (1961) 64.
Overig: Pietersz. ontving op 15 maart 1599 commissie als gecommitteerde in de Admiraliteit in het Noorderkwartier. Omdat Jan Cornelisz. Oly, eveneens uit de vroedschap van Medemblik, op 15 mei 1599 soortgelijke commissie ontving, is het waarschijnlijk dat Pietersz. kort na 15 maart 1599 is overleden, vooraleer hij zitting kon nemen."		1		
1855	2000	Zwaan		1.0		Willem Jansz.	0					0		0			1		
1856	2001	Florisz.		1.0		Jacob	0					0	1598.0	0			1		
1857	2002	Verhee		1.0		Jan Cornelisz.	0				1547.0	0	1599.0	0			1	20.0	10.0
1858	2004	Reael		1.0		Laurens Jacobsz.	0				1536.0	0	1601.0	0			1	7.0	4.0
1859	2006	Steyn		1.0		Mattheus Augustijnsz.	0				1539.0	0	1606.0	0	Vroedschap: aanvang vóór 1583.		1		
1860	2007	Scherp		1.0	4.0	Wouter Jacobsz.	0					0	1618.0	0			1	10.0	6.0
1861	2009	Couwenhoven	van	1.0		Jacob Allertsz.	0				1542.0	1	1616.0	0			1		
1862	2011	Assendelft	van	1.0		Johan	1	Jonkheer	Kralingen	Besoyen, Heinenoord		0		0			1		
1863	2012	Egmont	van	1.0		Johan	1	Jonkheer				0		0			1		
1864	2014	Schagen	van	1.0		Albert	1	Jonkheer	Schagen	Barsingerhorn, Haringhuizen	1577.0	0	1638.0	0			1		
1865	2016	Raephorst	van	1.0		Hendrik	1	Jonkheer	Raaphorst			0	1649.0	0	Persoonsgegevens: Nederlandsche Leeuw geeft 1660 als jaar van overlijden, lijst Ridderschap 1649. Er is gekozen voor 1649, omdat doorgaans het jaar van beëindiging van het lidmaatschap van de Ridderschap van Holland samenviel met het jaar van overlijden.		1		
1866	2017	Raephorst	van	1.0		Albert	1	Jonkheer			1611.0	0	1648.0	0			1		
1867	2018	Liere	van	1.0		Willem	1	Jonkheer	Oisterwijk		1620.0	1	1654.0	0			1	1.0	10.0
1868	2019	Liere	van	1.0		Willem	1	Jonkheer	beide Katwijken en 't Zand	Oisterwijk		0	1706.0	0			1	7.0	2.0
1869	2020	Does	van der	3.0		Steven	1		Noordwijk	Offem, Langeveld, de Lier, St. Anthoniepolder	1700.0	0	1732.0	0			1	10.0	10.0
1870	2021	Wassenaer	van	3.0		Pieter	1		Starrenburg	Maasland, Maassluis	1712.0	0	1761.0	0			1	25.0	5.0
1871	2022	Gronsfeld	van	4.0		Bertram Philip Sigismund Albrecht	1				1715.0	0	1772.0	0			1	14.0	11.0
1872	2023	Wassenaer	van	3.0		Willem Lodewijk	1		beide Katwijken en 't Zand	Valkenburg	1738.0	0	1787.0	0			1	7.0	12.0
1873	2024	Bentinck-Rhoon		4.0		Willem Gustaaf Frederik	1		Rhoon en Pendrecht	Varel, Knyphausen	1762.0	0	1835.0	0	Ridderschap: neemt in 1814 geen zitting in de ridderschap, maar vestigt zich in Duitsland.		1	22.0	10.0
1874	2025	Geltsack		1.0		Nicolaas Cornelisz.	0				1550.0	1	1607.0	0	"Persoonsgegevens: begraven 27 juni 1607. 
Vroedschap: ontslag op eigen verzoek 1607."		1		6.0
1875	2026	Deyman		1.0		Frederik Adriaansz.	0					0	1617.0	0			1		
1876	2027	Schout		1.0		Pieter Jacobsz.	0					0	1645.0	0			1		3.0
1877	2028	Wildt	de	1.0		Gillis Claasz.	0				1576.0	0	1630.0	0	Persoonsgegevens: begraven 26 oktober 1630.		1		10.0
1878	2029	Veer		1.0		Bartholomeus Jansz.	0					0	1642.0	0			1	16.0	8.0
1879	2030	Tin	van der	1.0		Cornelis	0					0	1648.0	1			1		
1880	2031	Hoef	van der	1.0		Floris Pietersz.	0					0	1657.0	0			1	12.0	11.0
1881	2032	Akersloot		1.0	4.0	Johan	0					0	1671.0	0			1	28.0	3.0
1882	2033	Haaswindius		1.0		Matthys	0					0	1679.0	0			1	20.0	9.0
1883	2034	Backer		1.0	4.0	Adriaan	0				1631.0	0	1693.0	0	"Persoonsgegevens: Naam-register geeft overlijden (en daarmee einde lidmaatschap van de vroedschap) 1692, Jaarboek van het Centraal Bureau voor Genealogie 1693.
Vroedschap: Jaarboek van het Centraal Bureau voor Genealogie geeft aanvang 1661, Naam-register 1659."		1	9.0	1.0
1884	2035	Loreyn		1.0		Abraham	0					0	1685.0	0			1	20.0	1.0
1885	2036	Schatter		1.0		Mattheus	0				1624.0	0	1695.0	0			1		9.0
1886	2037	Steyn		1.0	4.0	Johan	0				1649.0	0	1708.0	0			1	25.0	11.0
1887	2038	Boll		1.0	4.0	Pieter	0				1661.0	0	1719.0	0	Persoonsgegevens: Jaarboek van het Centraal Bureau voor Genealogie geeft begraafdatum 9 juni, Naam-register overlijdensdatum 5 april.		1		
1888	2039	Craye		1.0		Joost	0					0	1713.0	0			1		
1889	2040	Sprang	van der	1.0		Jacobus	0					0	1714.0	0			1	15.0	12.0
1890	2041	Laanen	van der	1.0	4.0	Samuel	0				1678.0	0	1719.0	0			1	23.0	1.0
1891	2042	Pauw		1.0	4.0	Gerard	0		Heemstede	Rietwijk en Rietwijkeroord, Buttinge, Zandvoort		0	1729.0	0	Heerlijkheden/adellijke huizen: verwerving 1704.		1	5.0	4.0
1892	2043	Hochepied	de	1.0	4.0	Jacobus	0				1685.0	0	1737.0	0			1		
1893	2044	Deutz		1.0	4.0	Jacob	0				1695.0	1	1761.0	0			1	29.0	3.0
1894	2045	Akersloot		1.0		Paulus	0				1695.0	0	1773.0	0	"Persoonsgegevens: begraven 6 juli. 
Vroedschap: ontslagen 1748."		1		
1895	2046	Dierkens		1.0	4.0	Willem	0				1701.0	0	1743.0	0			1	4.0	11.0
1896	2047	Clifford		1.0		Isaac	0				1705.0	1	1779.0	0			1	3.0	5.0
1897	2048	Koek		1.0	4.0	Jan Theodorus	0				1716.0	0	1800.0	0	Persoonsgegevens: begraven 22 februari 1800.		1		2.0
1898	2049	Laclé		1.0		Jean	0				1738.0	0	1802.0	0			1	4.0	5.0
1899	2050	Paedts		1.0		Cornelis Pietersz.	0					0		0			1		
1900	2051	Warmond	van	1.0		Willem	0					0		0			1		
1901	2052	Coedijck		1.0		Huig Pietersz.	0					0		0			1		
1902	2053	Lanschot	van	1.0	3.0	Gerard	0				1584.0	1	1638.0	0	Persoonsgegevens: geboortejaar mogelijk 1585.		1	2.0	9.0
1903	2054	Nieuwenhoven	van	1.0		Christoffel Dirksz.	0					0	1632.0	0			1	10.0	7.0
1904	2055	Gallus		1.0		Carolus	0					0	1635.0	0			1	14.0	8.0
1905	2056	Warmond	van	1.0		Cornelis Adriaansz.	0					0	1637.0	0			1	29.0	5.0
1906	2057	Staveren	van	1.0		Adriaan Jansz.	0					0		0			1		
1907	2058	Hogeveen	van	1.0	4.0	Gerard	0				1611.0	0	1669.0	0	Persoonsgegevens: begraven 26 augustus.		1		8.0
1908	2060	Leeusveld	van	1.0		Cornelis Jacobsz.	0					0	1655.0	0	Persoonsgegevens: overlijdensdatum onzeker.		1	29.0	7.0
1909	2061	Warmond	van	1.0		Pieter Joostensz.	0					0	1655.0	0			1	25.0	7.0
1910	2062	Willigen	van	1.0	4.0	Hendrik	0				1621.0	0	1670.0	0			1	25.0	1.0
1911	2063	Wittens		1.0	4.0	Arnold	0				1616.0	0	1666.0	0			1	15.0	9.0
1912	2064	Leeuwen	van	1.0		Jan Simonsz.	0					0	1667.0	0			1	26.0	1.0
1913	2065	Kerchem	van	1.0	4.0	Johan	0					0	1670.0	0			1	20.0	12.0
1914	2066	Gool		1.0	4.0	Theodorus	0				1637.0	0	1679.0	0			1	21.0	9.0
1915	2067	Marck	van der	1.0	3.0	Johan	0				1643.0	0	1694.0	0	Persoonsgegevens: begraven tussen 17 en 24 juli 1694.		1		
1916	2068	Gerard		1.0		Isaac	0					0		0			1		
1917	2069	Goes van Absmade		1.0	4.0	Johan	0					0	1690.0	0	Persoonsgegevens: begraven tussen 27 mei en 3 juni 1690.		1		
1918	2070	Wittens		1.0	4.0	Cornelis	0				1646.0	0	1709.0	0			1		
1919	2071	Leyden (van Leeuwen)	van	1.0		Pieter	1		Vlaardingen	Vlaardingerambacht, Babberspolder, Middelburg, Nieuwenhoorn en de Nieuwe Goote, Nieuwland	1666.0	0	1736.0	0	Buitenlandse adelstitels: baron des Heiligen Roomse Rijk.		1	29.0	3.0
1920	2072	Alphen	van	1.0	4.0	Abraham	0				1655.0	0	1721.0	0			1	27.0	10.0
1921	2073	Gerwen	van	1.0	4.0	Abraham	0				1663.0	0	1727.0	0			1	13.0	10.0
1922	2074	Cunaeus		1.0	4.0	Petrus	0				1657.0	0	1729.0	0			1	7.0	6.0
1923	2075	Gijs		1.0	4.0	Pieter	0				1678.0	0	1759.0	0			1	14.0	5.0
1924	2076	Hoogmade	van	1.0		Pieter	0				1686.0	0	1742.0	0			1	14.0	1.0
1925	2077	Teijlingen	van	1.0	4.0	Jan	0				1687.0	0	1744.0	0			1	3.0	5.0
1926	2078	Leeuwen	van	1.0	4.0	Nicolaas Willem	0				1694.0	0	1764.0	0			1	10.0	4.0
1927	2079	Groeneveld	van	1.0	6.0	Jan	0				1688.0	0	1753.0	0	Persoonsgegevens: begraven in januari 1753.		1		
1928	2080	Sautijn		1.0	4.0	Willem	0				1704.0	0	1789.0	0			1	27.0	12.0
1929	2081	Pla		1.0	4.0	Jacob	0				1693.0	0	1770.0	0			1	22.0	12.0
1930	2082	Alphen	van	1.0	4.0	Nicolaas	0				1716.0	0	1784.0	0			1	21.0	1.0
1931	2083	Heijns		1.0	4.0	Jacob	0				1717.0	0	1784.0	0			1	6.0	4.0
1932	2084	Speelman		1.0	4.0	Cornelis	0		Heeswijk	Dinther	1722.0	0	1787.0	0			1	20.0	9.0
1933	2085	Tol	van	1.0	4.0	Cornelis	0				1730.0	0	1780.0	0			1	25.0	10.0
1934	2086	Royen	van	1.0	4.0	Jan	0				1736.0	0	1803.0	0	Vroedschap: Prak geeft eindjaar 1787, Noordam 1788.		1		
1935	2087	Leyden	van	1.0	4.0	Diderik	1		Vlaardingen	Vlaardingerambacht, Babberspolder	1744.0	0	1810.0	0	Buitenlandse adelstitels: baron des Heiligen Roomse Rijk.		1	17.0	3.0
1936	2088	Kuffeler	van	1.0	4.0	Pieter Frederik	0				1760.0	0	1839.0	0			1	31.0	12.0
1937	2089	Vinck		1.0		Egbert Pietersz.	0				1536.0	0	1610.0	0			1		
1938	2090	Valckenier		1.0		Gillis Jansz.	0				1550.0	0	1613.0	0			1	26.0	12.0
1939	2092	Raep		1.0		Adriaen Pietersz.	0				1556.0	0	1647.0	0			1		
1940	2093	Bas		1.0		Pieter Jacobsz.	0				1566.0	0	1633.0	0			1	2.0	3.0
1941	2094	Hasselaer		1.0		Pieter Pietersz.	0				1583.0	0	1651.0	0			1	5.0	2.0
1942	2095	Bas		1.0	3.0	Albert	0				1598.0	0	1650.0	0	Persoonsgegevens: begraven 24 juni.		1		6.0
1943	2096	Huydecoper		1.0		Joan	0		Maarseveen	Neerdijk, Tamen, Blokland	1599.0	0	1661.0	0	"Buitenlandse adelstitels: Zweedse riddertitel 10 augustus 1637.
Heerlijkheden/adellijke huizen: verwerving Maarseveen 1640."		1	26.0	10.0
1944	2097	Spiegel		1.0		Hendrick Dircksz.	0				1598.0	0	1667.0	0			1	18.0	4.0
1945	2098	Vlooswijck	van	1.0		Cornelis	0		Vlooswijk	Wulverhorst, Diemerbroek, Papekop	1601.0	0	1687.0	0	Heerlijkheden/adellijke huizen: verwerving Vlooswijk, Wulverhorst 1649.		1	13.0	12.0
1946	2101	Corver		1.0	4.0	Joan	0				1628.0	0	1716.0	0			1	17.0	5.0
1947	2102	Vries	de	1.0		Joan	0				1633.0	0	1708.0	0			1	6.0	4.0
1948	2103	Munter		1.0	4.0	Cornelis	0				1652.0	0	1708.0	0			1	8.0	11.0
1949	2104	Pancras		1.0	4.0	Gerbrand	0				1658.0	0	1716.0	0			1	30.0	1.0
1950	2105	Strijen	van	1.0	4.0	Quirijn	0				1660.0	0	1724.0	0			1	28.0	7.0
1951	2106	Trip		1.0	4.0	Lucas	0				1666.0	0	1734.0	0			1	15.0	11.0
1952	2107	Munter		1.0	4.0	Willem	0				1682.0	0	1759.0	0	Vroedschap: ontslagen 1748.		1	23.0	10.0
1953	2108	Sautijn		1.0	4.0	Nicolaas	0				1676.0	0	1743.0	0			1	27.0	4.0
1954	2109	Trip		1.0	4.0	Dirk	0		Groet		1691.0	0	1748.0	0			1	2.0	4.0
1955	2110	Geelvinck		1.0	4.0	Nicolaas	0		Castricum	Bakkum, Stabroek, Croonenburg, Velsen, De Santpoort	1706.0	0	1764.0	0	Vroedschap: ontslagen 1748.		1	15.0	6.0
1956	2111	Collen	van	1.0	4.0	Ferdinand Ferdinandsz.	0		Gunterstein	Tienhoven	1708.0	0	1789.0	0	Vroedschap: ontslagen op eigen verzoek 1782.		1	22.0	3.0
1957	2112	Dieu	de	1.0	4.0	Daniel	0				1696.0	0	1765.0	0			1	23.0	6.0
1958	2113	Hooft		1.0	4.0	Gerrit	0				1684.0	0	1767.0	0			1	24.0	11.0
1959	2114	Hooft		1.0	4.0	Gerrit Gerritsz.	0				1708.0	0	1780.0	0			1	8.0	9.0
1960	2115	Deutz		1.0	4.0	Daniel	0				1714.0	0	1775.0	0			1	28.0	6.0
1961	2116	Hooft		1.0		Henrik Danielsz.	0				1716.0	0	1794.0	0			1	31.0	8.0
1962	2117	Clifford		1.0	4.0	Pieter	0				1712.0	0	1788.0	0			1	3.0	2.0
1963	2120	Vlammenburch		1.0		Aert Jacobsz.	0					0	1614.0	0	Persoonsgegevens: begraven 3 augustus 1614.		1		
1964	2121	Immerzeel	van	1.0		Johan	0				1643.0	0	1702.0	0			1	13.0	1.0
1965	2123	Boudens		1.0	3.0	Georgius	0		Westerdijkshorn		1667.0	0	1732.0	0			1	1.0	10.0
1966	2124	Decker		1.0	4.0	Willem	0		Urshem		1709.0	0	1780.0	0			1	16.0	11.0
1967	2125	Lestevenon		1.0	4.0	Daniel Willem	0		Schonauwen		1724.0	0	1798.0	0			1		
1968	2126	Decker	van Harencarspel	1.0	4.0	François	0				1749.0	0	1817.0	0			1	11.0	7.0
1969	2127	Velaar		1.0		Claas Claasz.	0					0	1597.0	0			1		
1970	2128	Pietersz.		1.0		Jan	0					0		0			1		
1971	2129	Breed		1.0		Jacob Jansz.	0					0		0			1		
1972	2130	Trom		1.0		Jacob Pietersz.	0					0		0			1		
1973	2131	Meusses		1.0		Jacob Pietersz.	0					0	1646.0	0			1		
1974	2132	Westerbaan		1.0		Jacob Jansz.	0					0	1645.0	0			1	22.0	5.0
1975	2133	Pieterknecht		1.0		Jan Pietersz.	0					0	1651.0	0	Persoonsgegevens: de lijst Van Meghelen (zie 'Bronnen') geeft achternaam 'Janknegt'; blijkens Waterlands archief, Oud archief Edam, inv. nr. 65d, lijst van vroedschappen voorin (zonder f. nummer) moet het echter zijn 'Pieterknecht'.		1		
1976	2134	Olij		1.0		Pieter Muusz.	0					0	1666.0	0			1		
1977	2135	Houttuijn		1.0		Jan Theunisz.	0					0		0			1		
1978	2136	Brouwer		1.0		Vincent	0					0	1705.0	0	Persoonsgegevens: Van Meghelen geeft overlijdensdatum, en daarmee het einde van het lidmaatschap van de vroedschap 21 december 1706, De Nederlandsche Leeuw begraafdatum 30 januari 1705.		1		1.0
1979	2137	Bost		1.0		Claas Harmensz.	0				1651.0	0	1709.0	0			1		
1980	2138	Teengs		1.0		Jacob Claasz.	0				1679.0	0	1732.0	0	Persoonsgegevens: Nederland's Patriciaat geeft 1669 als geboortejaar, Bossaers 1679.		1	17.0	6.0
1981	2139	Brasker		1.0	4.0	Jan	0				1673.0	0	1735.0	0			1		
1982	2140	Beeldsnijder		1.0	4.0	Gerard	0				1722.0	0	1805.0	0	"Persoonsgegevens: Gens Nostra geeft jaar van overlijden 1805, De Nederlandsche Leeuw 1806.
Vroedschap: Nederlandsche Leeuw geeft aanvang 1763, Bossaers 1753."		1	12.0	1.0
1983	2141	Meer	van der	1.0		Jacob	0		Hoogeveen		1724.0	0	1795.0	0			1		
1984	2142	Storm		1.0	4.0	Hendrik	0					0	1637.0	0	Persoonsgegevens: begraven 6 april 1637.		1		
1985	2143	Storm		1.0	4.0	Gerrit	0				1593.0	1	1650.0	0	Persoonsgegevens: begraven 22 augustus 1650.		1		8.0
1986	2144	Alteren	van	1.0	4.0	Pieter	0		Jaarsveld		1621.0	0	1667.0	0			1		
1987	2145	Hooft		1.0	4.0	Hendrick	0				1641.0	0	1707.0	0			1	28.0	8.0
1988	2146	Bicker		1.0	4.0	Henrick	0				1682.0	0	1738.0	0			1	16.0	2.0
1989	2147	Boreel		1.0	4.0	Jacob Jansz.	0				1711.0	0	1778.0	0			1	4.0	4.0
1990	2149	Hoop	van der	1.0	4.0	Joan Cornelis	0				1742.0	0	1825.0	0			1	13.0	3.0
1991	2150	Oosterman		1.0		Sebastiaan	0					0		0			1		
1992	2151	Reael		1.0		Jacob Laurensz.	0				1566.0	0	1640.0	0	Persoonsgegevens: begraven 23 mei 1640.		1		5.0
1993	2152	Wildt	de	1.0		David	0				1611.0	0	1671.0	0			1	10.0	3.0
1994	2153	Hoeffijser		1.0		Marten Jansz.	0					0	1613.0	0			1		
1995	2154	Hoeffijser		1.0		Pieter Martensz.	0				1581.0	0	1647.0	0	Persoonsgegevens: begraven 21 december 1647.		1		12.0
1996	2155	Spiegel		1.0	4.0	Elbert	0				1600.0	0	1674.0	0			1	22.0	2.0
1997	2156	Slicher		1.0	4.0	Wigbold	0		Westerbeek		1627.0	0	1718.0	0			1	5.0	6.0
1998	2157	Slicher		1.0	4.0	Diderik	0				1665.0	0	1729.0	0			1	25.0	10.0
1999	2158	Wildt	de	1.0	4.0	Job	0				1697.0	0	1755.0	0			1	16.0	1.0
2000	2159	Graafland		1.0	4.0	Jan	0		Schotervlieland		1697.0	0	1767.0	0			1	20.0	5.0
2001	2161	Wildt	de	1.0	4.0	David	0		Drakestein		1662.0	0	1729.0	0			1	11.0	10.0
2002	2162	Backer		1.0		Cornelis Jansz.	0				1692.0	0	1766.0	0	Persoonsgegevens: Elias geeft op blz. 681 overlijdensdatum 24, op blz. 679 29 december.		1		12.0
2003	2164	Waal	de	1.0		Richard	0					0		0			1		
2004	2165	Haen	de	1.0	4.0	Johan	0					0		0			1		
2005	2166	Casembroot		1.0		Leonard	0					0		0	Persoonsgegevens: mogelijk identiek met Jan Leonart de Casembroot (1579-1637, elders in deze database).		1		
2006	2167	Berck		1.0	3.0	Gerard	0					0		0			1		
2007	2169	Splinter		1.0	4.0	Pieter	0				1620.0	0	1660.0	0	Persoonsgegevens: begraven 4 juli 1660.		1		
2008	2170	Lodensteyn	van	1.0		Pieter Joostensz.	0					0	1675.0	0	Veertigraad: beëindiging wegens benoeming tot secretaris van de Admiraliteit op de Maze in 1661.		1	22.0	12.0
2009	2171	Broek	van den	1.0	4.0	Philips	0					0	1661.0	0	Overig: was pensionaris van Gorinchem.		1		
2010	2172	Zas van den Bossche		1.0	4.0	Gerbrand	0					0	1701.0	0			1	9.0	4.0
2011	2173	Hartigsveld	van	1.0	4.0	Cornelis	0					0	1723.0	0			1	5.0	9.0
2012	2174	Baerle	van	1.0		Joan	0				1674.0	0	1743.0	0			1	27.0	12.0
2013	2175	Heim	van der	1.0	4.0	Jacob	0				1727.0	0	1799.0	0			1		
2014	2176	Heim	van der	1.0	4.0	Paulus	1	Jonkheer			1753.0	0	1823.0	0	"Adelstitel: predicaat 1815.
Overig: bij Koninklijk Besluit van 20 juni 1810 no. 27 werd Van der Heim belast met de waarneming van de portefeuille van Buitenlandse Zaken."		1	6.0	4.0
2015	2177	Bisschop		1.0	4.0	Willem Reyersz.	0				1585.0	1	1617.0	0	Persoonsgegevens: zoon van Reyer Arentsz. Kievit, wiens kinderen de geslachtsnaam van hun moeder aannamen.		1	30.0	7.0
2016	2178	Vroesen		1.0	4.0	Adriaen	0				1582.0	1	1636.0	0			1	21.0	3.0
2017	2180	Yck	van	1.0		Johan Arentsz.	0				1590.0	0	1642.0	0			1	1.0	10.0
2018	2181	Berckel	van	1.0		Adriaen Embrechtsz.	0				1597.0	1	1674.0	0	Persoonsgegevens: begraven tussen 24 en 29 september 1674.		1		9.0
2019	2182	Meer	van der	1.0		Johan	0				1634.0	0	1676.0	0			1		
2020	2184	Paets		1.0	4.0	Adriaen	0				1657.0	0	1712.0	0	Persoonsgegevens: begraven 22 september 1712.		1		9.0
2021	2185	Schepers		1.0		Gerard	0				1720.0	0	1757.0	0	Persoonsgegevens: begraven 29 maart 1757.		1		3.0
2022	2186	Wassenaer	van	3.0		Johan Lodewijk Haganus	1		Ruiven		1719.0	0	1798.0	0			1		
2023	2187	Collot d'Escury		3.0		Johan Marthe	1				1742.0	0	1817.0	0	Adelstitel: 1816.		1	1.0	12.0
2024	2189	Broeck	van den	1.0	3.0	Michaël	0				1600.0	0		0			1		
2025	2190	Horst	van der	1.0	4.0	Pieter	0					0	1690.0	0	Persoonsgegevens: Engelbrecht geeft begraafdatum 16, Algemeen Nederlandsch Familieblad 15 januari. Overleed vóór 11 januari 1690.		1		1.0
2026	2191	Dussen	van der	1.0	4.0	Gerard	0		Oud-Teylingen		1662.0	0	1713.0	0			1	22.0	3.0
2027	2192	Dussen van Beverningh	van der	1.0		Hieronymus	0		Oud-Teylingen		1691.0	0	1730.0	0			1	13.0	5.0
2028	2193	Denick		1.0	4.0	Gerard Daniel	0				1724.0	0	1780.0	0			1	12.0	9.0
2029	2194	Paulus		1.0	4.0	Pieter	0				1753.0	0	1796.0	0	Persoonsgegevens: Nieuw Nederlandsch Biografisch Woordenboek geeft geboortejaar 1754.		1	16.0	3.0
2030	2196	Steengracht		1.0	4.0	Johan	0				1593.0	0	1674.0	0			1	11.0	4.0
2031	2197	Steengracht		1.0	4.0	Johan	0				1633.0	0	1705.0	0			1	30.0	1.0
2032	2198	Steengracht		1.0	4.0	Adriaan	0				1664.0	0	1719.0	0	Persoonsgegevens: Heraldieke Bibliotheek en eerdere jaargangen Nederland's Adelsboek geven onjuist jaar van overlijden 1716.		1		
2033	2199	Beaufort	de	1.0		Willem Gijsbert	0				1679.0	0	1741.0	0	Persoonsgegevens: begraven 16 februari.		1		2.0
2034	2200	Nebbens		1.0	4.0	Jacob	0				1716.0	1	1761.0	0			1	6.0	8.0
2035	2201	Boddaert		1.0	4.0	Pieter Cornelisz.	0				1694.0	0	1760.0	0			1	20.0	1.0
2036	2204	Schorer		1.0	4.0	Joachim Assuerus	0				1748.0	0	1823.0	0			1	27.0	11.0
2037	2205	Oilliaerts		1.0		Sebastiaan	0					0	1625.0	0			1	19.0	10.0
2038	2206	Slachmulder	de	1.0	4.0	Daniel	0					0		0			1		
2039	2207	Comans		1.0	4.0	Willem	0					0	1645.0	0	Persoonsgegevens: overleden tussen 14 maart en 9 mei 1645.		1		
2040	2209	Fannius		1.0	4.0	Daniël	0				1618.0	1	1681.0	0	Persoonsgegevens: het is niet zeker dat de advocaat-fiscaal en de raadsheer identiek zijn.		1		
2041	2210	Esse	van	1.0	4.0	Pieter	0					0		0			1		
2042	2211	Parduin		1.0	4.0	Caspar Adriaansz.	0				1685.0	0	1735.0	0			1		
2043	2212	Visvliet	van	1.0	4.0	Omar	0				1708.0	0	1744.0	0	Overig: was kiesheer te Middelburg.		1	25.0	3.0
2044	2213	Vriese	de	1.0	4.0	Jacob	0				1721.0	0	1748.0	0			1		
2045	2214	Tulleken		1.0	4.0	Hendrik	0					0	1752.0	0			1		4.0
2046	2215	Steengracht		1.0	4.0	Johan	0				1727.0	0	1785.0	0			1	26.0	10.0
2047	2216	Steengracht		1.0	4.0	Nicolaas	1	Jonkheer	Oosterland	's Heer-Jansland, Oosterstein, Oostkappele	1754.0	0	1840.0	0	Binnenlandse adelstitels: predicaat 1814.		1	13.0	12.0
2048	2218	Neck	van	1.0		Willem Pietersz.	0					0		0			1		
2049	2219	Neck	van	1.0	4.0	Jan Willemsz.	0				1596.0	0	1652.0	0			1	19.0	10.0
2050	2220	Neck	van	1.0		Willem	0					0		0			1		
2051	2224	Akerlaken	van	1.0	4.0	Joan	0				1672.0	0	1712.0	0			1	17.0	8.0
2052	2226	Haak		1.0		Albert Hendriksz.	0				1648.0	0	1713.0	0			1	25.0	12.0
2053	2228	Bredenhoff	van	1.0	4.0	Jacob Josias	0				1677.0	0	1748.0	0			1	31.0	1.0
2054	2229	Vicq	de	1.0	4.0	François	0				1705.0	0	1780.0	0	Persoonsgegevens: Algemeen Nederlandsch Familieblad geeft foutief lidmaatschap van de vroedschap van Enkhuizen.		1	28.0	3.0
2055	2230	Carbasius		1.0	4.0	Nicolaas	0				1722.0	0	1782.0	0			1	24.0	1.0
2056	2231	Ramhorst	van de	1.0	4.0	Jacob	0				1733.0	0		0			1		
2057	2232	Noordlander		1.0		Jan Claasz.	0					0	1618.0	0			1	4.0	5.0
2058	2233	Lucasz.		1.0		Jacob	0				1593.0	0	1640.0	0	Persoonsgegevens: begraven 15 oktober1640.		1		10.0
2059	2234	Compostel		1.0		Jan Jacobsz.	0					0		0			1		
2060	2236	Compostel		1.0		Jacob	0					0		0			1		
2061	2237	Neck	van	1.0	4.0	Johan	0				1653.0	0	1681.0	0			1		
2062	2238	Duijvensz.		1.0		Cornelis François	0				1697.0	0	1767.0	0			1	19.0	12.0
2063	2239	Vossen	van	1.0		Hilbrand Willem	0				1730.0	0	1789.0	0			1	13.0	2.0
2064	2241	Keyser		1.0	4.0	Nanning	0				1611.0	0	1655.0	0	Overig: was pensionaris van Hoorn.		1	24.0	3.0
2065	2242	Groot	de	1.0	4.0	Herman	0				1625.0	0	1669.0	0			1	22.0	10.0
2066	2243	Sander	van	1.0	4.0	Jacob	0				1646.0	0	1710.0	0			1	4.0	12.0
2067	2244	Haak		1.0	4.0	Simon	0				1676.0	0	1731.0	0			1	15.0	11.0
2068	2246	Stralen	van	1.0	4.0	Hendrik	0				1721.0	0	1798.0	0			1	9.0	11.0
2069	2275	Haer	van der	1.0	4.0	Bonifacius	0				1701.0	0	1741.0	0	Persoonsgegevens: begraven 17 april 1741.		1		4.0
2070	2278	Gouwenaer		1.0		Frederick Cornelisz.	0					0		0			1		
2071	2279	Sluijs		1.0		Maerten Willemsz.	0					0	1635.0	0			1	6.0	12.0
2072	2280	Brasser		1.0		Frans Jacobsz.	0					0	1635.0	0			1		
2073	2281	Heim	van der	1.0		Jan	0				1715.0	1	1768.0	0	Persoonsgegevens: Wapenheraut 1900 en Algemeen Nederlandsch Familieblad geven onjuiste overlijdensdatum 2 maart 1763 in plaats van 27 maart 1768.		1	27.0	3.0
2074	2282	Beijs		1.0		Doen Jorisz.	0					0	1646.0	0			1	26.0	5.0
2075	2283	Mathol		1.0		Leendert Leendertsz.	0				1597.0	1		0	"Persoonsgegevens: overleden tussen 1668 en 1670.
Vroedschap: beëindiging wegens vertrek naar Den Briel."		1		
2076	2284	Vermeulen		1.0		Nicolaes Eeuwitsz.	0					0	1672.0	0			1	7.0	3.0
2077	2285	Burg	van der	1.0		Johan	0					0	1683.0	0			1		
2078	2286	Houten	van	1.0		Jacob	0					0		0	"Persoonsgegevens: volgens Nederland's Patriciaat overleden in 1677, maar volgens Kronieken in 1678 vertrokken naar Oost-Indië.
Vroedschap: Wapenheraut geeft afwijkend aanvangsjaar 1663."		1		
2079	2287	Maan		1.0		Adriaen Willemsz.	0					0	1706.0	0			1		5.0
2080	2288	Hodenpijl		1.0		Johan Allertsz.	0					0	1684.0	0			1		
2081	2289	Heim	van der	1.0	3.0	Adam	0					0		0	Vroedschap: ontslagen op eigen verzoek 1723.		1		
2082	2290	Hodenpijl		1.0		Anthonij	0					0		0	Vroedschap: ontslagen 1748.		1		
2083	2291	Beer	den	1.0		Leendert	0				1669.0	0	1736.0	0			1	11.0	10.0
2084	2292	Cambier		1.0	4.0	Johan	0					0	1735.0	0			1	25.0	11.0
2085	2293	Beer	den	1.0	4.0	Martinus	0				1706.0	1	1778.0	0	Vroedschap: volgens Kronieken zitting tot 1748, blijkens Wapenheraut echter toen meteen herbenoemd. Kronieken vermeldt overigens tweemaal een Martinus den Beer, die beide in 1730 vroedschap zouden zijn geworden. Dit lijkt onwaarschijnlijk.		1	8.0	9.0
2086	2294	Voogd		1.0		Cornelis	0				1694.0	1	1772.0	0			1	28.0	12.0
2087	2295	Elias		1.0		Nicolaas	0				1690.0	0	1752.0	0	Persoonsgegevens: Algemeen Nederlandsch Familieblad geeft afwijkend jaar van overlijden 1753; daartegen pleit dat Elias al eind 1752 werd vervangen als gecommitteerde in de Admiraliteit op de Maze.		1	31.0	10.0
2088	2296	Bosschaert		1.0		Hendrik	0				1684.0	1	1764.0	0	Vroedschap: ontslagen op eigen verzoek 1756.		1		
2089	2297	Walwijk	van	1.0		Willem	0					0	1767.0	0	Persoonsgegevens: Wapenheraut 1897 geeft overlijdensdatum 15, Kronieken 14 januari 1767.		1	15.0	1.0
2090	2298	Bulderen	van	1.0	4.0	Hendrik	0				1718.0	0	1782.0	0	Vroedschap: het eindjaar wordt niet in Wapenheraut en Kronieken vermeld; aangenomen is dat Van Bulderen tot aan zijn dood lid is.		1	16.0	10.0
2091	2299	Berg	van den	1.0		Leendert	0				1720.0	1	1780.0	0			1	14.0	5.0
2092	2300	Schouhamer		1.0		Pieter	0					0	1789.0	0	Vroedschap: Wapenheraut geeft aanvang 1751 of 1752, Kronieken 1753.		1	23.0	5.0
2093	2301	Greve	de	1.0		Nanning	0					0		0	Vroedschap: het eindjaar wordt niet genoemd in Wapenheraut en Kronieken; aangenomen dat De Greve tot 1795 lid was.		1		
2094	2302	Doom		1.0	4.0	Dominicus Jacobsz.	0				1739.0	0	1826.0	0			1		
2095	2306	Schaep		1.0	3.0	Pieter Gerritsz.	0				1570.0	0	1620.0	0			1	4.0	6.0
2096	2307	Cleyburg	van	1.0		Christiaen Willemsz.	0					0	1604.0	1	Persoonsgegevens: begraven tussen 4 en 11 januari. Mogelijk dus overleden eind 1603.		1		
2097	2308	Lodensteyn	van	1.0		Arend Jacobsz.	0				1560.0	0	1637.0	0	Persoonsgegevens: Boitet geeft op blz. 84 onjuist 1627 als jaar van overlijden, op blz. 86 1637. Kronieken noemt beide mogelijkheden (waarschijnlijk op basis van Boitet).		1	8.0	12.0
2098	2309	Berkhout	Tedingh van	1.0		Jan Jansz.	0				1549.0	0	1633.0	0	Persoonsgegevens: Nederland's Adelsboek geeft jaar van overlijden 1632, Jaarverslag Vereniging Oud Monnickendam begraafdatum 21 mei 1633.		1		5.0
2099	2310	Oly		1.0		Jan Cornelisz.	0					0		0			1		
2100	2311	Soutmaet		1.0		Jan Symonsz.	0					0		0	Vroedschap: ontslagen 1618.		1		
2101	2312	Garbrantsz.		1.0		Vrederick	0					0	1615.0	0	"Persoonsgegevens: overlijden mogelijk eind 1614.
Vroedschap: eindjaar mogelijk 1614."		1		
2102	2317	Santen	van	1.0		Claas Jansz.	0					0	1638.0	0			1	10.0	1.0
2103	2320	Trompet		1.0		Gerrit Jacobsz.	0					0	1629.0	0			1	1.0	11.0
2104	2322	Lynden	van	3.0		Anthony	1		Kronenburg	Loenen, Grunsvoort, Teckop		0	1626.0	0			1	7.0	10.0
2105	2324	Mast	van der	1.0		Nicolaes Bartholomeusz.	0				1585.0	0	1669.0	0	Vroedschap: ontslagen 1626.		1	7.0	8.0
2106	2326	Heul	van der	1.0	4.0	David Jacobsz.	0				1580.0	1		0	Vroedschap: ontslagen 1626.		1		
2107	2328	Schuer	van der	1.0		Everaerd	0		Schueren	Haagoord, Eijndonck		0		0			1		
2108	2329	Vries	de	1.0		Jan Gijsbertsz.	0				1570.0	0	1631.0	0			1	28.0	10.0
2109	2330	Opmeer		1.0	4.0	Pieter	0				1596.0	0	1639.0	0			1	22.0	12.0
2110	2331	Houtkooper		1.0		Willem Willemsz.	0					0		0			1		
2111	2332	Wijnkoop		1.0		Pieter Jansz.	0				1571.0	1		0	Vroedschap: Velius geeft aanvang 1613.		1		
2112	2333	Berchout	van	1.0		Zeger Symonsz.	0					0	1641.0	0			1	29.0	4.0
2113	2334	Buys		1.0		Hendrick Willemsz.	0					0	1633.0	0	Persoonsgegevens: begraven 14 januari 1633.		1		
2114	2336	Feltrum		1.0		Michiel Michielsz.	0					0		0			1		
2115	2337	Corput	van den	1.0		Jakob Hendriksz.	0				1574.0	0	1658.0	0			1	7.0	9.0
2116	2338	Coulster	van	1.0		Joost Adriaensz.	0				1581.0	0	1649.0	0			1	23.0	3.0
2117	2339	Hoey	van	1.0		Gerrit Aertsz.	0				1580.0	1	1653.0	0			1	21.0	4.0
2118	2342	Duyn	van (der)	1.0		Johan Allartsz.	0				1581.0	0	1630.0	0			1	6.0	10.0
2119	2343	Groenewegen	van	1.0		Hendrik Anthonisz.	0					0		0	Vroedschap: ontslag (op eigen verzoek?) 1635.		1		
2120	2344	Vink		1.0		Adriaen Hendriksz.	0					0	1653.0	0			1	13.0	8.0
2121	2345	Molshouk		1.0		Vincent Hendriksz.	0					0	1644.0	0	Persoonsgegevens: Boitet geeft overlijdensdatum 29, Kronieken 24 februari, De Vries 31 januari.		1	31.0	1.0
2122	2346	Bonstoe		1.0		Pieter Jacobsz.	0					0	1641.0	0	Vroedschap: Kronieken geeft afwijkend aanvangsjaar 1623.		1	1.0	9.0
2123	2348	Honert	van den	1.0		Thomas Pietersz.	0					0		0			1		
2124	2349	Besemer		1.0		Adriaen Lenertsz.	0				1584.0	1	1657.0	0			1	7.0	9.0
2125	2350	Dorp	van	1.0		Filips	1	Jonkheer			1587.0	0	1652.0	0	Buitenlandse adelstitels: Franse riddertitel (orde van St. Michiel) 1625.		1		
2126	2351	Dussen	van der	1.0		Bruyn Dirksz.	0				1585.0	0	1649.0	0			1	11.0	11.0
2127	2352	Stockum	van	1.0		Adriaen Cornelisz.	0				1587.0	1	1659.0	0	Vroedschap: einde tussen 1655 en 1659; het meest waarschijnlijk is in het jaar van overlijden 1659.		1	1.0	10.0
2128	2353	Versijden		1.0		Jan Dircksz.	0					0	1652.0	0			1	8.0	12.0
2129	2354	Groes		1.0		Willem Sijbrantsz.	0				1581.0	0	1648.0	0			1		
2130	2355	Harencarspel	van	1.0		Claes Jacobsz.	0				1564.0	0	1631.0	0	Persoonsgegevens: begraven 25 oktober 1631.		1		10.0
2131	2356	Haen		1.0		Frans Jansz.	0					0		0			1		
2132	2357	Opperdoes		1.0		Cornelis Tymonsz.	0					0		0			1		
2133	2358	Druyf		1.0		Hendrik	0					0		0	Persoonsgegevens: waarschijnlijk identiek met Hendrik Cornelisz. Druyf in De Nederlandsche Leeuw 60 (1942) 259 (zonder leefjaren).		1		
2134	2359	Nierop		1.0		Cornelis Jansz.	0					0	1650.0	0	Persoonsgegevens: begraven 21 juni 1650.		1		6.0
2135	2361	Huych		1.0		Symon Cornelisz.	0				1561.0	1		0			1		
2136	2364	Pompe van Meerdervoort		1.0	4.0	Michiel Michielsz.	0		Meerdervoort		1613.0	0	1639.0	0	Buitenlandse adelstitels: door Karel I van Engeland tot schildknaap verheven in 1637.		1	9.0	12.0
2137	2365	Noest		1.0		Gerrit	0					0	1655.0	0			1		
2138	2366	Jonge	de	1.0		Pieter Heyndricksz.	0					0		0			1		
2139	2367	Horst	van der	1.0		Pieter Claesz.	0					0	1604.0	0			1	17.0	4.0
2140	2368	Jansz.		1.0		Willem	0				1551.0	0	1613.0	0	Persoonsgegevens: hoewel hij in verschillende naslagwerken (Engelbrecht, Genealogische en Heraldische Bladen) voorkomt onder de naam 'van der Aa', waren het pas zijn nazaten die zich zo noemden, naar zijn moeder.		1	27.0	12.0
2141	2369	Spierinck		1.0		Adriaen Cornelisz.	0					0	1618.0	0			1	12.0	5.0
2142	2370	Kalf		1.0		Jan Jansz.	0					0	1625.0	0	Persoonsgegevens: Algemeen Nederlandsch Familieblad geeft 1626 als jaar van overlijden, Engelbrecht 1625.		1	17.0	10.0
2143	2371	Hartman		1.0		Adriaen	0				1604.0	0	1681.0	0	Vroedschap: ontslag in 1679 wegens vertrek uit de stad.		1		
2144	2372	Vroesen		1.0		Adriaen	0				1609.0	0	1669.0	0			1	17.0	8.0
2145	2373	Zoelen	van	1.0		Herman	0				1636.0	0	1702.0	0	Vroedschap: ontslagen 1692.		1	30.0	9.0
2146	2374	Blanckert		1.0	4.0	Ewout	0		's-Gravenambacht		1627.0	0	1685.0	0			1	6.0	11.0
2147	2375	Mey	de	1.0		Pieter	0				1642.0	0	1722.0	0	"Persoonsgegevens: begraven 22 augustus 1722. 
Vroedschap: ontslagen 1682, op eigen verzoek ontslagen 1718."		1		8.0
2148	2376	Dane		1.0		Jacob	0				1638.0	0	1699.0	0			1	11.0	8.0
2149	2377	Hogendorp	van	1.0	4.0	Willem	0				1656.0	1	1733.0	0	Vroedschap: ontslagen op eigen verzoek 1731.		1	13.0	2.0
2150	2378	Teylingen	van	1.0		Gregorius	0				1653.0	0	1735.0	0	"Persoonsgegevens: begraven 3 mei 1735. 
Vroedschap: ontslagen op eigen verzoek 1731.
Binnenlandse adelstitels: de verwantschap van de Rotterdamse familie met de adellijke familie te Alkmaar, Amsterdam en Haarlem werd betwist, zie de inleiding bij inventaris 37-01 Collectie Van Teylingen (Rotterdamse regentencollecties) in het Stadsarchief Rotterdam."		1		
2151	2379	Gevers		1.0	4.0	Witte	0				1672.0	0	1744.0	0			1	4.0	6.0
2152	2380	Groenhout		1.0	4.0	Dirck	0		Capelle aan den IJssel		1680.0	0	1720.0	0			1	1.0	1.0
2153	2381	Prins		1.0	4.0	Adriaan	0				1692.0	0	1780.0	0	Vroedschap: ontslagen op eigen verzoek 1763.		1	5.0	3.0
2154	2382	Groeninx van Zoelen		1.0	4.0	Otto	0		Ridderkerk		1704.0	0	1758.0	0			1	11.0	9.0
2155	2383	Groot	Cornets de	1.0	4.0	Hugo	0		Noord-Nieuwland		1709.0	0	1777.0	0	Vroedschap: ontslagen op eigen verzoek 1773.		1		
2156	2384	Vingerhoed		1.0	4.0	Herman	0				1697.0	0	1762.0	0			1	19.0	8.0
2157	2385	Gevers		1.0		Abraham	0				1712.0	0	1780.0	0	Vroedschap: ontslagen op eigen verzoek 1773.		1	15.0	10.0
2158	2386	Meyners		1.0	4.0	Gerard François	0				1711.0	0	1790.0	0	Vroedschap: ontslagen op eigen verzoek 1784.		1	19.0	12.0
2159	2387	Beeftingh	van	1.0		Hendrik	0				1711.0	0	1797.0	0			1		
2160	2388	Berckel	van	1.0	4.0	Engelbert	0				1686.0	0	1768.0	0	"Persoonsgegevens: begraven 19 januari 1768.
Vroedschap: ontslagen 1748."		1		1.0
2161	2391	Swinnas		1.0	3.0	Johan	0					0	1649.0	0			1	15.0	4.0
2162	2392	Corput	van den	1.0	4.0	Johan Jakobsz.	0				1609.0	0	1650.0	0			1	29.0	9.0
2163	2393	Couckebakker		1.0		Nicolaas Leendertsz.	0				1597.0	1	1671.0	0			1	2.0	7.0
2164	2394	Jonge van Ellemeet	de	1.0	4.0	Jacob	0		Ellemeet	Elkerzee	1610.0	0	1650.0	0			1	25.0	5.0
2165	2396	Verdoes		1.0		Taems Gerritsz.	0					0	1657.0	0			1	13.0	2.0
2166	2401	Harencarspel	van	1.0		Jacob Claesz.	0				1601.0	0	1649.0	0			1	9.0	5.0
2167	2402	Reynst		1.0	4.0	Lambert	0				1613.0	0	1679.0	0	"Persoonsgegevens: Leupen geeft overlijden 1702.
Vroedschap: ontslagen 1672."		1	8.0	12.0
2168	2403	Timman		1.0		Matthijs Pietersz.	0				1587.0	0	1659.0	0	Persoonsgegevens: Jaarboek van het Centraal Bureau voor Genealogie geeft geboortejaar 1589, Bonke 1587.		1	1.0	4.0
2169	2405	Raat		1.0	4.0	Claas Jansz.	0					0	1679.0	0	Persoonsgegevens: begraven 23 september 1679.		1		9.0
2170	2406	Bas		1.0	3.0	Jacob Dircksz.	0				1609.0	0	1656.0	0			1	23.0	3.0
2171	2407	Someren	van	1.0	3.0	Cornelis Johansz.	0				1593.0	0	1649.0	0			1	11.0	12.0
2172	2408	Beveren	de	1.0	4.0	Willem Cornelisz.	0		Strevelshoek		1624.0	0	1672.0	0			1	31.0	5.0
2173	2409	Waveren	van	1.0	4.0	Frans	0				1619.0	0	1659.0	0			1	22.0	12.0
2174	2412	Graaff	van der	1.0	4.0	Arend Jacobsz.	0				1614.0	0	1676.0	0	Vroedschap: Kronieken geeft afwijkend aanvangsjaar 1656. Ontslagen 1672.		1	29.0	9.0
2175	2413	Gael		1.0		Mattheus Nicolaasz.	0				1621.0	0	1665.0	0	Persoonsgegevens: Boitet en Kronieken geven overlijdensdatum 21, De Vries 22 oktober.		1	22.0	10.0
2176	2414	Beresteyn	van	1.0	4.0	Nicolaas Aarnoutsz.	0				1629.0	0	1678.0	0	Vroedschap: ontslagen 1672.		1	20.0	5.0
2177	2415	Dussen	van der	1.0	4.0	Johan Bruijnsz.	0					0	1683.0	0	"Persoonsgegevens: Boitet en Nederlandsche Leeuw geven afwijkende overlijdensdatum 16 in plaats van 6 juli.
Vroedschap: ontslagen 1672."		1	6.0	7.0
2178	2416	Beresteyn	van	1.0	4.0	Dirk Arnoutsz.	0				1636.0	0	1694.0	0			1	28.0	11.0
2179	2417	Dussen	van der	1.0	4.0	Dirck Dircksz.	0				1648.0	0	1689.0	0			1	5.0	2.0
2180	2418	Halling		1.0	4.0	Pieter Johansz.	0				1648.0	0	1719.0	0			1	20.0	12.0
2181	2419	Doublet		1.0	4.0	Adriaen Gerrit Jansz.	0				1669.0	0	1726.0	0			1	3.0	8.0
2182	2420	Fransz.		1.0		Balthasar	0					0		0			1		
2183	2421	Beaumont	van	1.0		Johan Govaertsz.	0					0		0			1		
2184	2422	Segwaert	van	1.0	4.0	Bartholomeus Meynertsz.	0				1576.0	1		0			1		
2185	2423	Hallincg		1.0	4.0	Willem Hermansz.	0				1619.0	0	1679.0	0			1		
2186	2424	Dorsten	van	1.0		Adriaan Cornelisz.	0				1613.0	0	1668.0	0			1	1.0	2.0
2187	2425	Everwijn		1.0	4.0	Samuel Samuelsz.	0				1631.0	0	1694.0	0			1	1.0	3.0
2188	2426	Berck		1.0	4.0	Pompejus Matthijsz.	0		Goidschalxoord		1626.0	0	1691.0	0			1	25.0	8.0
2189	2427	Bevere	de	1.0	4.0	Gerard Willemsz.	0		Strevelshoek		1649.0	0	1690.0	0	"Vroedschap: beëindiging wegens vertrek naar Oost-Indië.
Heerlijkheden/adellijke huizen: verwerving 1672."		1	13.0	5.0
2190	2428	Waerthuysen	van	1.0	4.0	Bruno Nicolaesz.	0				1623.0	0	1679.0	0			1	12.0	1.0
2191	2429	Mast	van der	1.0	4.0	Bartholomeus Claasz.	0				1613.0	0	1681.0	0	Persoonsgegevens: De Vries geeft overlijden 22 maart 1680, Boitet, Nederlandsche Leeuw en Kronieken 22 maart 1681. Gezien de datum waarop Van der Mast wordt opgevolgd in de Admiraliteit in Zeeland door Dirk Evertsz. van Bleyswijk, namelijk op 2 april 1681, lijkt 1681 het meest waarschijnlijk.		1	22.0	3.0
2192	2430	Bleyswijk	van	1.0	4.0	Dirk Evertsz.	0				1639.0	0	1681.0	0			1	11.0	9.0
2193	2431	Soetens		1.0	4.0	Cornelis Cornelisz.	0				1643.0	0	1686.0	0			1	7.0	2.0
2194	2432	Berkhout	Teding van	1.0	4.0	Pieter Paulusz.	0				1643.0	0	1713.0	0	Overig: benoemd in de Raad van State in 1713, maar overleden vóór sessiename.		1	5.0	2.0
2195	2433	Slicher		1.0	4.0	Joan Wigboltsz.	0				1658.0	0	1738.0	0			1	11.0	7.0
2196	2434	Goch	van	1.0	4.0	Henrick	0				1606.0	0	1644.0	0			1		
2197	2435	Blanckert		1.0	4.0	Dirck	0				1621.0	0	1665.0	0			1	21.0	4.0
2198	2436	Veen	van der	1.0		Dirck	0				1628.0	0	1665.0	0			1	7.0	7.0
2199	2437	Nobel		1.0	4.0	Willem	0				1633.0	0	1667.0	0			1	11.0	3.0
2200	2438	Brauw	Muys de	1.0	4.0	Jacob	0		Kethel	Half Spaland	1638.0	0	1702.0	0	Vroedschap: ontslagen 1692.		1	14.0	4.0
2201	2439	Bisschop		1.0	4.0	Henrick	0				1598.0	0	1651.0	0			1	27.0	12.0
2202	2440	Bidloo		1.0	4.0	Guillaume	0				1653.0	0	1710.0	0	Persoonsgegevens: volgens Unger overleden 25, in plaats van 5 januari (Engelbrecht), maar dat moet gezien de begraafdatum 13 januari onjuist zijn.		1	5.0	1.0
2203	2441	Casteleyn		1.0		Christiaen	0				1670.0	0	1735.0	0			1	18.0	1.0
2204	2442	Hennekyn		1.0		Gualterus	0				1654.0	0	1738.0	0			1	16.0	6.0
2205	2443	Hoeven	van der	1.0	4.0	Elias	0				1698.0	0	1767.0	0	Vroedschap: ontslagen 1748.		1	31.0	12.0
2206	2444	Does	van der	1.0	4.0	Johan Hendrik	0		Goudswaard		1727.0	0	1781.0	0			1	15.0	9.0
2207	2445	Hogendorp	van	4.0		Johan François	1				1746.0	0	1831.0	0	"Binnenlandse adelstitels: 1815
Buitenlandse adelstitels: graaf des Heiligen Roomse Rijk."		1	18.0	10.0
2208	2446	Meer	van der	1.0		Frans Jansz.	0					0		0	Vroedschap: eindjaar tussen 1666 (laatste maal burgemeester) en 1672.		1		
2209	2448	Erp	van	1.0		Johan Pietersz.	0					0		0			1		
2210	2449	Venlo		1.0		Johan Eliasz.	0				1614.0	1	1667.0	0			1	11.0	1.0
2211	2450	Nolthenius		1.0		Abraham	0					0	1683.0	0	Persoonsgegevens: begraven 11 mei 1683.		1		
2212	2451	Bicker		1.0	4.0	Jan	0				1626.0	0	1657.0	0	Persoonsgegevens: begraven 29 december.		1		12.0
2213	2452	Meer	van der	1.0		David	0					0	1666.0	0			1	26.0	6.0
2214	2454	Schrijver		1.0		Willem	0				1608.0	0	1661.0	0			1	17.0	10.0
2215	2455	Fuds		1.0		Adriaen Cornelisz.	0					0	1668.0	0	Persoonsgegevens: begraven 4 december 1668.		1		
2216	2456	Jager		1.0		Claes Willemsz.	0					0		0			1		
2217	2458	Houtingh		1.0		Willem Pietersz.	0					0	1670.0	0	Persoonsgegevens: begraven 15 januari 1670.		1		
2218	2459	Ockersse		1.0	4.0	Daniel	0				1621.0	0	1680.0	0			1	28.0	9.0
2219	2460	Roos		1.0		Maerten Albertsz.	0					0	1676.0	0			1	4.0	7.0
2220	2461	Houten	van	1.0		Jacob	0					0	1678.0	0			1		
2221	2462	Cortleven		1.0		Adam Jacobsz.	0					0	1684.0	0	Persoonsgegevens: Bonke geeft 17 april als overlijdens-, De Nederlandsche Leeuw als begraafdatum.		1		4.0
2222	2463	Vladeracken	van	1.0		Gerard	0					0	1674.0	0			1	3.0	11.0
2223	2465	Hudde		1.0	4.0	Hendrick	0				1619.0	0	1677.0	0			1	31.0	3.0
2224	2466	Backer		1.0	3.0	Willem	0				1608.0	0	1686.0	0	Vroedschap: ontslagen 1672.		1	20.0	0.0
2225	2467	Groot	de	1.0	4.0	Pieter	0					0		0	Persoonsgegevens: mogelijk identiek met de pensionaris van Amsterdam (zie De Nederlandsche Leeuw 43 (1925) 170, J.E. Elias, De vroedschap van Amsterdam, 1578-1795 I (Haarlem 1905) 79).		1		
2226	2468	Overtwater		1.0		Pieter Jansz.	0					0		0			1		
2227	2469	Linde	van der	1.0		Gerrit Joosten	0					0	1658.0	0			1		
2228	2471	Block		1.0		Adriaen Jansz.	0					0		0			1		
2229	2472	Recx		1.0		Pouwels Jacobsz.	0					0		0			1		
2230	2473	Juynbol		1.0		Nicolaes	0					0	1684.0	0			1	13.0	10.0
2231	2475	Cleijburgh		1.0		Adriaen	0					0	1690.0	0			1		
2232	2476	Cools		1.0		Lodewijk	0					0	1691.0	0			1	24.0	12.0
2233	2477	Graeff	van der	1.0		Adriaen Sebastiaensz.	0					0	1681.0	0			1	24.0	10.0
2234	2478	Jongh	de	1.0		Francois	0					0		0			1		
2235	2479	Mewen	van	1.0	4.0	Jacob Johansz.	0				1643.0	0	1702.0	0			1	27.0	11.0
2236	2480	Carpentier	de	1.0		Pieter Roelandsz.	0				1651.0	0	1687.0	0			1	12.0	6.0
2237	2481	Buys		1.0		Hendrik	0					0	1686.0	0			1		
2238	2482	Neurenburg	van	1.0		Jacob Johansz.	0					0	1688.0	0			1	22.0	11.0
2239	2483	Huygens		1.0		Lodewijk	0				1631.0	0	1699.0	0			1	30.0	6.0
2240	2484	Steenhuysen	van	1.0		Johan Dircksz.	0				1619.0	1	1692.0	0	Vroedschap: ontslagen 1672 wegens vertrek naar Beverwijk.		1		
2241	2486	Sijes		1.0		Dirck Jacobsz.	0					0	1683.0	0	Persoonsgegevens: begraven 29 januari 1683.		1		1.0
2242	2487	Roos		1.0		Cornelis Jansz.	0					0		0	Vroedschap: ontslagen 1679 wegens verhuizing naar Hoorn.		1		
2243	2489	Cock		1.0		Hendrick	0				1627.0	0	1704.0	0			1	25.0	4.0
2244	2490	Buyskes		1.0		Gerrit	0				1636.0	0	1696.0	0			1	29.0	11.0
2245	2491	Steenhuysen	van	1.0		Pieter Jansz.	0				1621.0	1	1692.0	0			1	14.0	4.0
2246	2492	Schonen	van	1.0		Nicolaes	0					0	1682.0	0			1	22.0	3.0
2247	2493	Verwer		1.0		Dirck Heyndricksz.	0					0		0			1		
2248	2494	Bloem		1.0		Cornelis Florisz.	0					0	1683.0	0	Persoonsgegevens: begraven 24 december.		1		12.0
2249	2495	Vrijburgh		1.0	4.0	Pieter	0					0	1681.0	0			1	27.0	4.0
2250	2496	Moor	de	1.0		Johan	0					0		0			1		
2251	2498	Homan		1.0	4.0	Joan	0				1638.0	0	1705.0	0			1		
2252	2500	Veen	van	1.0		Simon	0					0	1690.0	0	Vroedschap: ontslagen 1682 wegens benoeming tot schout.		1		
2253	2501	Schagen		1.0		Gerard	0				1628.0	0	1690.0	0			1	6.0	2.0
2254	2504	Neck	van	1.0	4.0	Jacob Jacobsz.	0				1629.0	0	1687.0	0			1	13.0	1.0
2255	2505	Kaiser		1.0	4.0	Jacob	0				1642.0	0	1691.0	0	Persoonsgegevens: Bossaers geeft afwijkend geboortejaar 1642.		1	24.0	12.0
2256	2506	Mars van Hoorn		1.0	4.0	Joannes Jacobsz.	0					0		0	Vroedschap: ontslagen 1672.		1		
2257	2507	Velius		1.0		Thymon	0				1644.0	0	1692.0	0			1	17.0	8.0
2258	2509	Ericksz.		1.0		Barent	0					0	1627.0	0			1		
2259	2510	Roosterman		1.0		Jan Dircksz.	0					0	1629.0	0			1		
2260	2511	Maertsz.		1.0		Cornelis	0					0		0			1		
2261	2513	Vervoorn		1.0		Jacob Reijersz.	0					0	1620.0	0			1	24.0	6.0
2262	2514	Berch	van den	1.0		Dirk Dirksz.	0					0		0			1		
2263	2515	Heijckes		1.0		Claes Sijmen	0					0	1625.0	0	Persoonsgegevens: begraven 26 januari 1625.		1		1.0
2264	2516	Slingeland	van	1.0		Govert Corstiaensz.	0					0		0			1		
2265	2518	Teylingen Bas	van	1.0		Pieter Jacobsz.	1				1563.0	0	1617.0	0	Persoonsgegevens: begraven 1 augustus 1617.		1		7.0
2266	2519	Stoop		1.0		Jan Pietersz.	0					0	1634.0	0	Vroedschap: ontslagen 1618.		1		
2267	2520	Stoop		1.0		Jan Jacobsz.	0					0	1633.0	0			1		
2268	2521	Houtcooper	de Jonge	1.0		Willem Cornelisz.	0				1555.0	0	1618.0	0			1		
2269	2522	Jansz.		1.0		Gerbrant	0					0	1617.0	0	Persoonsgegevens: overleden vóór 3 juli 1617.		1		
2270	2523	Philipsz.		1.0		Jan	0					0		0			1		
2271	2524	Hases		1.0		Willem Pietersz.	0					0	1622.0	1	Vroedschap: ontslagen 1618.		1		
2272	2525	Schram		1.0		Wijbrandt Jansz.	0				1583.0	0	1626.0	0	Vroedschap: 'Namen van de etc.' geeft zitting 1613-1626, Bonke 1615-1625.		1		
2273	2526	Baenman		1.0		Jan Dircxz.	0					0		0	Vroedschap: ontslagen 1618.		1		
2274	2527	Gracht		1.0		Jacob Jansz.	0					0		0	Vroedschap: ontslagen 1618.		1		
2275	2528	Hasselt	van	1.0		Pieter	0					0		0			1		
2276	2529	Verdoes		1.0		Abraham Jaspersz.	0					0	1634.0	0			1		
2277	2530	Aems		1.0		Pieter Cornelisz.	0					0	1625.0	0	Persoonsgegevens: overlijden (en daarmee einde vroedschap) mogelijk eind 1624.		1		
2278	2531	Verwen	van der	1.0		Johan Cornelisz.	0					0	1634.0	0			1	22.0	6.0
2279	2532	Viscroon		1.0		Cornelis Claesz.	0					0	1624.0	0	Persoonsgegevens: begraven 12 februari 1624.		1		
2280	2533	Keerssemaker		1.0		Jan Claesz.	0					0	1623.0	0	Persoonsgegevens: Jaarverslag Oud Monnickendam geeft overlijden tussen 9 augustus 1622 en 8 augustus 1623. Gezien de aanvangsdatum 28 januari van Keerssemakers opvolger in de Admiraliteit in het Noorderkwartier, Claes Sijmen Heijckes, is overlijden begin januari 1623 aannemelijk.		1		1.0
2281	2534	Spiegel		1.0		Hendrick Laurensz.	0				1549.0	0	1612.0	0			1		
2282	2535	Bie	de	1.0		Nicolaes	0					0		0			1		
2283	2536	Crom van Asperen		1.0		Cornelis Folpertsz.	0					0		0			1		
2284	2537	Moutmaker		1.0		Hendrick Willemsz.	0					0	1630.0	0			1		
2285	2538	Brouwer		1.0		Cornelis Claesz.	0					0	1636.0	0	Persoonsgegevens: begraven 22 oktober 1636.		1		10.0
2286	2539	Berkhout	Teding van	1.0	4.0	Gerbrant	0				1630.0	1	1698.0	0	Vroedschap: ontslagen 1672. Bossaers geeft 1680 als aanvangsjaar voor tweede vroedschapsperiode. 1681 uit Jaarverslag Oud Monnickendam is echter juist (verificatie bij auteur L. Appel).		1		
2287	2541	Cloeck		1.0	4.0	Nanningh	0				1643.0	0	1702.0	0			1	26.0	7.0
2288	2542	Graeff	van der	1.0		Pieter Ponsz.	0					0		0			1		
2289	2543	Hoots		1.0		Claes Adriaensz.	0					0		0			1		
2290	2544	Bosschaert		1.0		Willem Lodewijcksz.	0					0	1698.0	0			1	13.0	12.0
2291	2545	Segwaert		1.0		Bartholomeus Meynertsz.	0					0		0			1		
2292	2546	Hage		1.0		Johan	0					0		0	Vroedschap: ontslagen 1705.		1		
2293	2547	Valckenier		1.0		Wouter	0				1650.0	0	1707.0	0			1	24.0	10.0
2294	2548	Crap		1.0	4.0	Willem	0				1635.0	0	1702.0	0			1	2.0	10.0
2295	2549	Beverwijk		1.0		Ewoud	0					0	1689.0	0			1		
2296	2550	Jong	de	1.0		Frederik	0				1651.0	0	1694.0	0			1		
2297	2551	Roos		1.0		Albert	0				1654.0	0	1701.0	0			1		
2298	2552	Butenius		1.0	3.0	Nicolaas	0				1651.0	1	1725.0	0	Vroedschap: Bossaers geeft 1686 als aanvangsjaar. 1688 uit Jaarverslag Oud Monnickendam is echter juist (verificatie bij auteur L. Appel).		1		
2299	2553	Vis		1.0	4.0	Hilbrand	0				1655.0	0	1704.0	0			1	27.0	1.0
2300	2554	Spiegelmaker		1.0		Jan Dircksz.	0				1651.0	0	1710.0	0			1		
2301	2555	Buyskes		1.0		Sybrant	0				1629.0	0	1679.0	0			1	26.0	10.0
2302	2556	Briel		1.0	4.0	Jacob	0				1666.0	0	1737.0	0			1		6.0
2303	2557	Steenis		1.0		Richard Johansz.	0					0	1710.0	0			1		
2304	2558	Cletcher		1.0		Johan Thomasz.	0				1647.0	0	1715.0	0	Persoonsgegevens: Wapenheraut geeft afwijkende overlijdensdatum 15 in plaats van 19 april.		1	19.0	4.0
2305	2559	Wijtmans		1.0		Nicolaas Jacobsz.	0				1648.0	1	1720.0	0	Persoonsgegevens: begraven 5 april 1720.		1		
2306	2560	Molewater		1.0	4.0	Pieter	0				1668.0	0	1741.0	0	Vroedschap: ontslagen 1738.		1	19.0	11.0
2307	2561	Hallincg		1.0	4.0	Johan Johansz.	0				1660.0	0	1728.0	0			1	10.0	9.0
2308	2562	Gallas		1.0	4.0	Eduard	0				1675.0	0	1725.0	0	Persoonsgegevens: begraven 13 mei.		1		
2309	2563	Schilthouwer		1.0		Johan Johansz.	0					0	1726.0	0	Overig: volgens Van der Lely Gecommitteerde Raad 1710-1712, maar dit wordt door andere bronnen niet bevestigd.		1	25.0	6.0
2310	2567	Jongemaats		1.0	3.0	Symon	0				1653.0	0	1705.0	0			1	5.0	6.0
2311	2569	Trip		1.0	4.0	Jacobus	0				1671.0	0	1728.0	0			1	17.0	2.0
2312	2570	Jongh	de	1.0		Anthony	0				1660.0	0	1727.0	0			1		
2313	2571	Brouwer		1.0		Hendrik	0				1678.0	0	1740.0	0			1		
2314	2572	Backer		1.0	4.0	Jan Cornelisz.	0				1662.0	0	1748.0	0			1	27.0	1.0
2315	2574	Marck	van der	1.0	4.0	Nicolaes Thomasz.	0		de Leur			0		0			1		
2316	2575	Peursum	van	1.0		Cornelis	0					0	1714.0	0	Persoonsgegevens: begraven 20 februari 1714.		1		2.0
2317	2576	Does	van der	1.0	4.0	Hendrik Hendriksz.	0				1646.0	0	1726.0	0			1	6.0	1.0
2318	2577	Vis		1.0	4.0	Pieter	0				1681.0	0	1720.0	0			1	23.0	4.0
2319	2578	Handt		1.0	3.0	Sijbrand	0				1664.0	0	1721.0	0			1	25.0	9.0
2320	2579	Hoogtwoud		1.0	4.0	Joan	0				1681.0	0	1728.0	0			1	30.0	3.0
2321	2580	Levendigh		1.0		Maarten	0				1671.0	0	1742.0	0			1		
2322	2581	Veldhuijs		1.0	4.0	Pieter	0				1664.0	0	1742.0	0			1		
2323	2582	Hairen	van	1.0		Lambert Johansz.	0					0	1718.0	0			1	9.0	5.0
2324	2583	Jong	de	1.0		Andries Jonasz.	0					0		0	Vroedschap: ontslagen op eigen verzoek 1763.		1		
2325	2586	Wassenaer-Obdam	van	4.0		Unico Wilhelm	1		Wassenaar	Lage, Twickel, Obdam, Hensbroek, Spierdijk, Wogmeer, Zuidwijk, Kernhem, Weldam, Olidam	1692.0	0	1766.0	0			1	9.0	11.0
2326	2587	Does	van der	1.0		Cornelis Hendriksz.	0				1691.0	0	1777.0	0	"Persoonsgegevens: Algemeen Nederlandsch Familieblad 1887 geeft afwijkend geboortejaar 1690.
Vroedschap: Van Zomeren geeft afwijkend aanvangsjaar 1724."		1	6.0	6.0
2327	2589	Langereis		1.0	4.0	Cornelis	0				1685.0	1	1745.0	0			1	31.0	3.0
2328	2590	Hooft		1.0	4.0	Daniel	0		Vreeland		1675.0	0	1743.0	0			1	7.0	11.0
2329	2591	Ruyter		1.0	4.0	Cornelis	0				1686.0	0	1740.0	0			1	8.0	5.0
2330	2592	Koel		1.0		Simon Willemsz.	0				1671.0	1	1732.0	0	Persoonsgegevens: begraven 18 juli 1732.		1		7.0
2331	2594	Bernard		1.0	4.0	Jean	0		Kattenbroek en Uiterdijken van Mastwijk		1698.0	0	1736.0	0			1	5.0	2.0
2332	2595	Groenevelt		1.0		Pieter Stevensz.	0					0	1738.0	0			1	3.0	1.0
2333	2596	Burch	van der	1.0	4.0	Reyer Francksz.	0				1685.0	0	1739.0	0			1	20.0	2.0
2334	2597	Gomar		1.0	3.0	Franciscus Petrus	0				1684.0	1	1752.0	0			1		
2335	2598	Winter	de	1.0	4.0	Pieter	0				1655.0	0	1739.0	0			1		
2336	2599	Bije	de	1.0	4.0	Adriaen IJsbrandsz.	0				1698.0	0	1752.0	0			1	1.0	2.0
2337	2600	Hoogwerf	van	1.0		George	0				1691.0	0	1774.0	0	Vroedschap: ontslagen op eigen verzoek 1757.		1		1.0
2338	2601	Onderwater		1.0		Mattheus Pietersz.	0				1687.0	0	1754.0	0			1	17.0	8.0
2339	2602	Wassenaer-Obdam	van	4.0		Jacob Jan	1		Wassenaar	Lage, Obdam, Hensbroek, Spierdijk, Wogmeer, Zuidwijk, Weldam, Olidam	1724.0	0	1779.0	0			1	25.0	12.0
2340	2603	Hoolwerf	van	1.0	3.0	Jacob	0				1676.0	0	1742.0	0			1	22.0	4.0
2341	2605	Foreest	van	1.0	4.0	Nanning	1		Petten	Nolmerban.	1682.0	0	1745.0	0			1	15.0	8.0
2342	2606	Meer	van der	1.0	4.0	Jeremias	0				1713.0	0	1746.0	0			1	7.0	2.0
2343	2607	Oetgens van Waveren		1.0		Bonaventura	0		Waveren	Botshol, Ruige Wilnis	1700.0	0	1761.0	0			1	8.0	1.0
2344	2608	Mogge		1.0	4.0	Iman	0		Haamstede	Koudekerke, Welland, Westerbander duinen	1707.0	0	1737.0	0			1	4.0	9.0
2345	2609	Hasselaer		1.0	4.0	Nicolaas Cornelis	0		Westerdijkshorn		1703.0	0	1741.0	0			1	7.0	10.0
2346	2610	Hoogeveen	van	1.0	4.0	Adriaen Gerardsz.	0				1697.0	0	1753.0	0			1	4.0	1.0
2347	2612	Veer	de	1.0	4.0	Quintijn Johansz.	0				1686.0	0	1761.0	0			1	18.0	2.0
2348	2613	Barnevelt	van	1.0		Martinus	0		Krimpen aan de Lek	Engelen, Vlijmen, Noordeloos	1692.0	1	1775.0	0	Vroedschap: aanvang volgens Van Zomeren 1727.		1	17.0	1.0
2349	2614	Verschoor		1.0	4.0	Matthijs Rijniersz.	0		Oud- en Nieuw-Cleyburch		1702.0	0		0	Vroedschap: ontslagen 1758 wegens vertrek uit Delft.		1		
2350	2615	Mouchon		1.0	4.0	Adriaen Willemsz.	0				1701.0	0	1772.0	0			1	1.0	9.0
2351	2616	Gevaerts		1.0	4.0	Paulus	0		Gansooien		1697.0	0	1770.0	0			1	22.0	6.0
2352	2617	Dussen	van der	1.0	4.0	Hendrik Arentsz.	0				1710.0	0	1765.0	0			1	18.0	7.0
2353	2618	Berchem	van	1.0	4.0	Maximiliaan	0				1706.0	1	1761.0	0	Persoonsgegevens: Algemeen Nederlandsch Familieblad 1892 geeft afwijkende overlijdensdatum 10 in plaats van 18 november.		1	18.0	11.0
2354	2619	Witt	de	1.0	4.0	Cornelis Johansz.	0				1696.0	0	1769.0	0			1	14.0	10.0
2355	2620	Voogd		1.0	4.0	Leendert	0					0	1767.0	0			1	8.0	4.0
2356	2621	Daey		1.0	4.0	Hendrik Nanning	0				1712.0	0	1772.0	0			1		
2357	2622	Stuurman		1.0		Christiaan	0				1688.0	0	1759.0	0			1		
2358	2623	Schellinger		1.0		Aris	0				1683.0	0	1761.0	0			1		
2359	2624	Leeuw	de	1.0		Roelof Pietersz.	0				1692.0	0	1763.0	0	Persoonsgegevens: begraven 30 april 1762.		1		4.0
2360	2626	Lestevenon		1.0		François	0				1702.0	0	1767.0	0			1	9.0	8.0
2361	2627	Rothe	de	1.0	4.0	Joan	0				1697.0	0	1765.0	0			1	20.0	7.0
2362	2628	Brouwer		1.0		Johannes Bastiaansz.	0				1691.0	1	1762.0	0			1		
2363	2629	Overveld	van	1.0		Adrianus	0					0		0			1		
2364	2630	Bruyn	de	1.0		Bartholomeus	0				1698.0	1	1776.0	0			1	24.0	4.0
2365	2631	Ouwens		1.0	4.0	Nicolaes	0				1711.0	1	1782.0	0			1	21.0	2.0
2366	2632	Brandeler	van den	1.0	4.0	François Johansz.	0				1708.0	0	1777.0	0			1	17.0	4.0
2367	2633	Beels		1.0	4.0	Theodorus	0				1707.0	1	1775.0	0			1	8.0	6.0
2368	2634	Sluys	van der	1.0	4.0	Andreas	0				1720.0	1	1803.0	0			1		
2369	2635	Schagen		1.0	4.0	Joan Allard	0				1713.0	0	1768.0	0			1	7.0	7.0
2370	2636	Oudewagen		1.0		Jan	0				1697.0	0	1763.0	0			1	10.0	1.0
2371	2637	Kous		1.0		Claas	0				1717.0	1	1765.0	0	Persoonsgegevens: begraven 19 september 1765.		1		9.0
2372	2638	Witsen		1.0	4.0	Jonas	0				1705.0	0	1767.0	0			1	9.0	12.0
2373	2639	Zee	de	1.0		Hendrik	0				1703.0	0	1769.0	0			1	27.0	3.0
2374	2640	Buyskes		1.0	4.0	Gerrit	0				1705.0	0	1780.0	0	Vroedschap: ontslagen op eigen verzoek 1772.		1	5.0	10.0
2375	2641	Roos		1.0		Jan	0				1719.0	0	1767.0	0	Persoonsgegevens: begraven 28 maart 1767.		1		3.0
2376	2642	Winder		1.0	4.0	Willem Willemsz.	0				1716.0	0	1789.0	0			1		
2377	2643	Boon		1.0		Hendrik	0				1718.0	0		0	Vroedschap: ontslagen op eigen verzoek 1771.		1		
2378	2644	Verschuer		1.0	4.0	Aarnoud Simon	0				1723.0	0		0	Vroedschap: ontslagen 1788.		1		
2379	2645	Mogge		1.0	4.0	Willem Ferdinand	0		Haamstede	Koudekerke, Welland	1731.0	0	1769.0	0			1	9.0	12.0
2380	2646	Braet		1.0		Jan	0		Zevender	Cabauw	1722.0	0	1802.0	0			1		
2381	2647	Barnevelt	van	1.0	4.0	Willem Hendrik	0					0	1791.0	0			1		6.0
2382	2648	Burch	van der	1.0	4.0	Franc Jansz.	0				1718.0	0	1775.0	0			1	17.0	3.0
2383	2649	Convent	van	1.0	3.0	Hendrik Arnoldusz.	0				1703.0	0	1787.0	0			1	22.0	11.0
2384	2653	Mirell	de	1.0	3.0	Adriaan	0				1717.0	1	1802.0	0			1		
2385	2654	Goes	van der	1.0	4.0	Adriaen Cornelisz.	0				1724.0	0	1803.0	0			1		
2386	2655	Bodeghem	van	1.0		Jacob	0				1705.0	0	1777.0	0			1	31.0	12.0
2387	2656	Brouwer		1.0		Jan Hendrik	0				1721.0	0	1779.0	0			1		
2388	2657	Gallis		1.0	3.0	François	0				1714.0	0	1777.0	0			1	14.0	7.0
2389	2658	Blok		1.0		Roelof	0				1712.0	0	1776.0	0			1		
2390	2660	Nassau-Woudenbergh	van	4.0		Wigbold Adriaan	1		Woudenberg	Bergen	1729.0	0	1797.0	0	"Vroedschap: ontslagen op eigen verzoek 1788.
Heerlijkheden/adellijke huizen: verwerving Bergen 1792."		1	23.0	10.0
2391	2661	Molenaar		1.0		Klaas Klaasz.	0				1726.0	0	1788.0	0	Vroedschap: ontslagen 1788.		1		
2392	2662	Vossen	de Vries van	1.0	4.0	Meynard Elias	0				1735.0	0	1805.0	0			1	21.0	7.0
2393	2663	Warin		1.0		Nicolaas jr.	0				1720.0	0	1781.0	0			1	26.0	3.0
2394	2664	Mol		1.0		Dirk	0				1719.0	0	1789.0	0			1		
2395	2665	Marle	van	1.0		Theodorus Egbertus	0				1741.0	0		0			1		
2396	2666	Buyskes		1.0		Pieter	0				1736.0	0	1806.0	0			1	23.0	8.0
2397	2667	Pompe van Meerdervoort		1.0	4.0	Cornelis Pieter Abrahamsz.	0		Zwijndrecht		1720.0	0	1795.0	0	"Persoonsgegevens: Nederland's Adelsboek geeft onjuist jaar van overlijden 1782. begraven 5 april 1795.
Vroedschap: ontslagen op eigen verzoek 1787."		1		
2398	2668	Eijk	van der	1.0	4.0	Adriaan Dirk	0				1741.0	0	1817.0	0			1		
2399	2669	Appel	van den	1.0	3.0	Willem Gerardsz.	0				1717.0	0		0	Vroedschap: ontslagen 1787.		1		
2400	2671	Nooten	van	1.0	4.0	Bastiaen	0				1712.0	0	1790.0	0			1		2.0
2401	2672	Schilthouwer van Hoeij		1.0	4.0	Johan Abrahamsz.	0				1722.0	0	1793.0	0	Overig: secretaris van Gorinchem 1747-1769.		1		10.0
2402	2673	Hogendijk van Domselaar		1.0		Adrianus Johannes	0				1764.0	0	1811.0	0	Persoonsgegevens: Jager geeft 1763 als geboortejaar.		1		
2403	2674	Ras		1.0	4.0	Daniel	0				1732.0	0	1785.0	0			1	22.0	2.0
2404	2680	Berkhout		1.0		Jacob	0				1744.0	0	1814.0	0			1		
2405	2681	Loosen	van	1.0	4.0	Dirk Elias	0				1738.0	0	1812.0	0			1	2.0	6.0
2406	2684	Solingen	van	1.0		Willem	0					0		0			1		
2407	2685	Hinlopen	van Goor	1.0	4.0	Jan	0				1753.0	0	1833.0	0			1	6.0	10.0
2408	2686	Pigeaud		1.0	4.0	Thomas Joannes	0				1744.0	0	1807.0	0			1	26.0	9.0
2409	2688	Cromhout		1.0		Anthony	0				1749.0	0	1810.0	0			1	9.0	3.0
2410	2689	Maurik	van	1.0		Anthonij	0		Hensbroek		1737.0	0		0			1		
2411	2690	Schaak	van	1.0		Hendrik	0				1735.0	0	1813.0	0	Persoonsgegevens: Jaarboek van het Centraal Bureau voor Genealogie geeft 5 juni 1813 als begraaf-, Bonke als overlijdensdatum.		1		
2412	2691	Bresser		1.0		Assuërus	0				1737.0	0	1798.0	0			1		
2413	2692	Weits		1.0		Christiaan Everhard	0					0	1793.0	0			1		
2414	2693	Genderen	van	1.0		Pieter Hendrik	0				1732.0	0		0			1		
2415	2694	Holk	van	1.0		Cornelis	0				1741.0	0		0			1		
2416	2695	Wassenaer-Obdam	van	4.0		Jacob Unico Willem	1		Wassenaar	Lage, Twickel, Obdam, Spierdijk, Wogmeer, Hensbroek, Zuidwijk, Kernhem, Weldam, Olidam	1769.0	0	1812.0	0	"Persoonsgegevens: Baerdt geeft ten onrechte jaar van overlijden 1794.
Overig: was grietman van Franekeradeel 1793-1794."		1	31.0	8.0
2417	2696	Pompe		1.0		Adriaen Jacobsz.	0				1732.0	0		0			1		
2418	2697	Eelbo		1.0		Daniel Paulusz.	0				1663.0	0	1729.0	0	Persoonsgegevens: Nieuw Nederlandsch Biografisch Woordenboek geeft afwijkende overlijdensdatum 2 in plaats van 8 november.		1	8.0	11.0
2419	2698	Repelaer		1.0	4.0	Hugo Anthonisz.	0				1676.0	0	1727.0	0	"Persoonsgegevens: Wapenheraut geeft 8, Van Dalen 14 november als overlijdensdatum.
Overig: was mogelijk ook nog gecommitteerde in de Rekenkamer ter Auditie van Holland in het Zuiderkwartier 1709-1711. Deze functie is ondergebracht bij Hugo Hugosz. Repelaer (1655-1713), eveneens oudraad van Dordrecht."		1		
2420	2700	Wassenaer		3.0		Willem Lodewijk	1		Starrenburg	Ruiven, Maasland, Maassluis	1676.0	0	1720.0	0			1	28.0	1.0
2421	2701	Neurenburg	van	1.0		Johan Johansz.	0					0	1719.0	0			1	3.0	7.0
2422	2702	Oem van Wijngaerden		1.0	4.0	Gerard	1		Benthuizen	Zoetermeer		0	1598.0	0			1	6.0	5.0
2423	2703	Mauregnault	de	1.0	4.0	Johan	1				1685.0	0	1757.0	0	Overig: was pensionaris van Veere.		1	28.0	12.0
2424	2705	Slicher		1.0	4.0	Wigbold	0				1714.0	0	1790.0	0			1	24.0	10.0
2425	2707	Loenius		1.0	4.0	Johan	0					0	1641.0	0	Overig: was secretaris van Edam.		1	13.0	9.0
2426	2709	Muylwijk	van	1.0	4.0	Willem Boudewijnsz.	0				1585.0	1	1644.0	0	Persoonsgegevens: geboortejaar mogelijk 1586. De Riemer en Balen geven afwijkende overlijdensdatum 2 februari.		1	11.0	2.0
2427	2710	Block		1.0	4.0	Hugo	0				1590.0	1	1661.0	0			1	6.0	9.0
2428	2711	Lyere	van	1.0		Willem	1	Jonkheer	Oosterwijk			0	1649.0	0			1	8.0	9.0
2429	2795	Strijen	van	1.0		Andries	0					0	1687.0	0			1	7.0	10.0
2430	2796	Booth		1.0	4.0	Franchois	0					0	1682.0	0	Persoonsgegevens: De Riemer geeft overlijden 10 november 1681, De Blécourt 1682.		1		
2431	2797	Appolloni		1.0	4.0	Caspar	0					0	1674.0	0			1		
2432	2798	Sixti		1.0	4.0	Johan	0					0	1679.0	0			1	23.0	9.0
2433	2799	Buery	van	1.0	4.0	Meinardus	0					0	1712.0	0			1	1.0	9.0
2434	2800	Hurck	van	1.0	4.0	Pieter	0					0	1686.0	0			1	18.0	11.0
2435	2801	Thilenius		1.0	4.0	David	0					0		0	Overig: afkomstig uit Zeeland.		1		
2436	2803	Eversdijk	van	1.0	4.0	Mattheus Adriaensz.	0				1686.0	0	1740.0	0			1	29.0	10.0
2437	2804	Vredenburch	van	1.0	4.0	Willem	0					0	1717.0	0	Overig: waarschijnlijk afkomstig uit Delft.		1	7.0	12.0
2438	2805	Tubalkijn		1.0	4.0	Jan Adriaen	0				1687.0	1	1748.0	0	Overig: afkomstig uit Zeeland.		1	21.0	9.0
2439	2806	Bleyswijk	van	1.0	4.0	Dirk	0				1690.0	0	1732.0	0	Persoonsgegevens: De Riemer geeft overlijdensdatum 24 juli; 24 juni van Wapenheraut is waarschijnlijker, omdat daar een begraafdatum 27 juni wordt gegeven.		1	24.0	6.0
2440	2807	Cau		1.0	4.0	Adolf	0				1697.0	0	1739.0	0	Persoonsgegevens: De Riemer geeft afwijkende overlijdensdatum 27 in plaats van 28 december.		1	28.0	12.0
2441	2808	Hop		1.0	4.0	Hendrik	0				1723.0	0	1808.0	0	Buitenlandse adelstitels: baron des Heiligen Roomse Rijk.		1	29.0	4.0
2442	2809	Eversdijk	van	1.0	4.0	Herman Cornelis Johan	0				1727.0	0	1765.0	0			1	8.0	7.0
2443	2810	Slicher		1.0	4.0	Raimond	0				1752.0	0	1807.0	0	Persoonsgegevens: Nederland's patriciaat geeft afwijkende overlijdensdatum 10 in plaats van 9 juni.		1	9.0	6.0
2444	2811	Graafland		1.0	4.0	Pieter	0				1759.0	0	1835.0	0			1	7.0	2.0
2445	2812	Changuion		1.0	4.0	Pierre Jean	0				1763.0	0	1820.0	0	Overig: op 12 april 1799 werd Changuion benoemd tot raadsheer in het Departementaal Gerechtshof van de Dommel, dat echter nooit heeft gefunctioneerd.		1	8.0	11.0
2446	2813	Jacobsz.		1.0		Pieter	0					0		0			1		
2447	2814	Craen		1.0		Jan Jacobsz.	0					0	1624.0	0			1	31.0	12.0
2448	2815	Daey		1.0	4.0	Maarten Hendriksz.	0				1680.0	0	1733.0	0	Vroedschap: Van Zomeren geeft afwijkend aanvangsjaar 1721.		1	30.0	10.0
2449	2817	Nicolai		1.0	4.0	Aarnout	0				1528.0	1	1592.0	0			1	22.0	1.0
2450	2818	Bijnkershoek	van	1.0	4.0	Cornelis	0				1673.0	0	1743.0	0			1	16.0	4.0
2451	2819	Mollerus		1.0	4.0	Hendrik	0		Westkerke	Wulpendaal	1709.0	0	1783.0	0	Overig: was vóór zijn benoeming in de Hoge Raad schepen te Tholen.		1	8.0	12.0
2452	2820	Pauw		1.0	4.0	Willem	0				1712.0	0	1787.0	0			1	24.0	6.0
2453	2821	Mauregnault	Boreel de	1.0	4.0	Johan	1				1718.0	0	1801.0	0			1		
2454	2822	Amstel van Mijnden tot Cronenburgh	van	5.0	4.0	Amelis	0				1531.0	0	1593.0	0			1		
2455	2823	Valke		1.0	4.0	Jacob	0				1540.0	1	1603.0	0	"Persoonsgegevens: Nagtglas geeft afwijkende overlijdensdatum 2 juni in plaats van 9 juli.
Overig: was pensionaris van Goes, later van Middelburg."		1	9.0	7.0
2456	2824	Does	van der	1.0	4.0	Johan	1		Noordwijk	Langeveld, Kattendijke	1545.0	0	1604.0	0	Persoonsgegevens: Nieuw Nederlandsch Biografisch Woordenboek geeft onjuist jaar van overlijden 1609.		1	8.0	10.0
2457	2825	Bouchorst	van den	1.0	4.0	Amelis	1					0	1602.0	0	Persoonsgegevens: Van Leeuwen geeft afwijkend jaar van overlijden 1603.		1		
2458	2826	Asperen	van	1.0	4.0	Paulus	0					0	1641.0	0	Overig: volgens Nationaal Archief, archief De Riemer, inv. nr. 23, blz. 463 ook in Gecommitteerde Raden van Holland in het Zuiderkwartier, maar dat wordt door andere bronnen niet bevestigd.		1	13.0	5.0
2459	2827	Reygersberge	van	1.0	4.0	Nicolaas	0				1584.0	0	1654.0	0	"Persoonsgegevens: De Riemer geeft afwijkende overlijdensdatum 13 in plaats van 3 augustus.
Overig: zwager van Hugo de Groot."		1	3.0	8.0
2460	2828	Jonge	de	1.0	4.0	Cornelis	0		Oosterland	's Heer-Jansland, Oosterstein, Botland	1590.0	0	1649.0	0			1	13.0	8.0
2461	2829	Waal	de	1.0	4.0	Anthonis	0					0	1658.0	0	Overig: was pensionaris van Monnickendam.		1	14.0	9.0
2462	2830	Heemskerck	van	1.0	4.0	Jan	0				1600.0	0	1656.0	0	Persoonsgegevens: De Riemer geeft afwijkende overlijdensdatum 7 in plaats van 27 februari.		1	27.0	2.0
2463	2831	Pieterson		1.0	4.0	Cornelis	0				1605.0	0	1664.0	0			1	25.0	5.0
2464	2832	Gruywaart		1.0	4.0	Hieronymus	0					0	1675.0	0			1	12.0	10.0
2465	2833	Brande	van den	1.0	4.0	Johan	0					0	1673.0	0	Persoonsgegevens: was secretaris van Middelburg (1657-1670).		1	28.0	3.0
2466	2835	Ockers		1.0	4.0	Johan	0				1637.0	0	1680.0	0			1	25.0	9.0
2467	2836	Pieterson		1.0	4.0	Cornelis	0				1653.0	0	1701.0	0			1	23.0	11.0
2468	2837	Ruys Nicolai		1.0	4.0	Nicolaas	0					0		0			1		
2469	2838	Geniets		1.0		Anthonis	0					0	1586.0	0	"Persoonsgegevens: De Nederlandsche Leeuw geeft afwijkend jaar van overlijden 1587.
Overig: was blijkens Christel Madelaine Odile Verhas, De beginjaren van de Hoge Raad van Holland, Zeeland en West-Friesland (Den Haag 1997) 53 vanaf 1573 secretaris van de Raad van State."		1	20.0	1.0
2470	2839	Wagewijns		1.0		Johan	0					0	1599.0	0			1	31.0	8.0
2471	2840	Both van der Eem		1.0		Everhard	0					0	1634.0	0			1	1.0	2.0
2472	2841	Coenen		1.0	4.0	Johan	0				1627.0	0	1681.0	0			1	26.0	1.0
2473	2842	Leeuwen	van	1.0		Simon	0				1627.0	0	1682.0	0			1	14.0	1.0
2474	2843	Verbrugge		1.0		Rutgert	0				1666.0	0	1715.0	0			1	31.0	1.0
2475	2844	Ketelaer		1.0	4.0	Nicolaas	0				1672.0	0	1749.0	0			1	7.0	5.0
2476	2845	Kruysse	van der	1.0	4.0	Abraham	0					0	1716.0	0	Overig: was pensionaris van Vlissingen.		1	20.0	4.0
2477	2846	Hoop	van der	1.0	4.0	François	0				1675.0	0	1741.0	0			1	17.0	5.0
2478	2847	Duurcant		1.0	4.0	Willem	0				1689.0	0	1740.0	0	Overig: was vóór zijn benoeming in de Hoge Raad schepen te Tholen.		1	1.0	7.0
2479	2848	Hemert	van	1.0	4.0	Jacob Hendrik	0				1729.0	0	1780.0	0			1	7.0	8.0
2480	2849	Pottey Turcq		1.0	4.0	Itel-Frederik	0				1756.0	0		0	Overig: was secretaris en pensionaris van Tholen.		1		
2481	2850	Thomèze	de	1.0	4.0	Adrianus Cornelis	0				1751.0	0	1803.0	0			1		
2482	2851	Pols		1.0	4.0	Johannes	0				1757.0	0	1848.0	0	Overig: was baljuw van Goes.		1	13.0	1.0
2483	2852	Griffioen		1.0	4.0	Huibert	0		Waarder	Barrewoudswaarder en Bekenes, Rietveld en de Bree	1754.0	0	1836.0	0	"Persoonsgegevens: Van Poelgeest geeft geboortejaar 1734, Van der Aa het meer waarschijnlijke 1754.
Overig: was pensionaris van Tholen."		1	17.0	6.0
2484	2853	Boymert		1.0	4.0	Frederick	0					0	1589.0	0	Overig: was pensionaris van Alkmaar.		1		5.0
2485	2854	Buys		1.0		Cornelis Heijndricxz.	0					0	1646.0	0			1	29.0	12.0
2486	2855	Florij	van	1.0		Gillis	0					0		0	Persoonsgegevens: Van Leeuwen geeft overlijden 9 februari 1623, wat echter gezien de aanvangsdatum van de opvolger van Van Florij in de Hoge Raad, Nicolaes Van Kinschot, onjuist moet zijn, zo als ook De Riemer meent.		1		
2487	2857	Grebber		1.0		Jacob Jansz.	0					0		0			1		
2488	2858	Berckhout		1.0		Louris Jacobsz.	0					0		0			1		
2489	2859	Ackersloot		1.0		Jan Cornelisz.	0					0	1650.0	0			1		
2490	2860	Cassa		1.0		Jacob Gerritsz.	0					0		0	Persoonsgegevens: in tijdschrift Holland geslachtsnaam 'Cassaties'. In vroedschapsresoluties Purmerend echter steevast 'Cassa' genoemd, eveneens in Waterlands archief, Oud archief Purmerend, inv. nr. 93 eed vroedschap aldus door hem ondertekend.		1		
2491	2861	Larenius		1.0		Heyndrick Jansz.	0					0		0			1		
2492	2862	IJsbrandtsz.		1.0		Louris	0					0		0			1		
2493	2863	Alberts		1.0		Jan Pietersz.	0					0		0			1		
2494	2864	Lindeborg		1.0		Michiel IJsbrandtsz.	0					0		0			1		
2495	2865	Schoenmaker		1.0		Hendrick Dircksz.	0					0		0	Persoonsgegevens: in de vroedschapsresoluties van Purmerend (Waterlands archief, Oud archief Purmerend) komt in dit tijdvak alleen een Hendrick Dircksz. Wems, Wemes of Wemmes voor. Omdat een Hendrick Dircksz. Schoenmaker niet voorkomt, wordt er hier vanuit gegaan dat het dezelfde persoon betreft.		1		
2496	2866	Hoen		1.0		Rem Cornelisz.	0					0		0	Persoonsgegevens: tijdschrift Holland geeft foutief voornaam 'Rens'.		1		
2497	2867	Dirksz.		1.0		Symon	0					0		0			1		
2498	2868	Jonckers		1.0		Garbrant Jansz.	0					0		0	Persoonsgegevens: voornaam in Tijdschrift Holland foutief 'IJsbrandt'.		1		
2499	2869	Croon		1.0		Gerrit Pietersz.	0					0		0	Persoonsgegevens: in tijdschrift Holland foutief voornaam 'Melis'.		1		
2500	2870	Heering		1.0		Claes Pouwelsz.	0					0		0			1		
2501	2871	Matthijsz.		1.0		Melis	0					0		0			1		
2502	2872	Goijkes		1.0		Cornelis Cornelisz.	0					0	1663.0	0			1	3.0	3.0
2503	2873	Gort		1.0		Heijn Adamsz.	0					0	1663.0	0	Persoonsgegevens: begraven 19 juli 1663.		1		7.0
2504	2874	Sanen	van	1.0		Jan Claesz.	0					0	1661.0	0	Persoonsgegevens: begraven 16 februari 1661.		1		2.0
2505	2875	Bruijn		1.0		Jacob Jansz.	0					0	1653.0	0	Persoonsgegevens: begraven 13 september 1653.		1		
2506	2877	Taymont		1.0		Cornelis	0					0	1602.0	1	Persoonsgegevens: mogelijk overleden in 1601.		1		
2507	2878	Roels		1.0	4.0	Willem	0					0	1666.0	0	"Persoonsgegevens: begraven 24 juni 1666. 
Overig: Nieuw Nederlandsch Biografisch Woordenboek noemt hem ten onrechte president-raadsheer van het Hof van Vlaanderen."		1		
2508	2879	Pous		1.0	4.0	Bonifacius	0				1621.0	0	1671.0	0			1	14.0	12.0
2509	2881	Cau		1.0	4.0	Bartholomeus	0				1641.0	0	1696.0	0			1	7.0	2.0
2510	2882	Malepert		1.0	4.0	Abraham	0					0		0			1		
2511	2883	Lampsins		1.0		Huijbrecht	0					0	1681.0	0	Persoonsgegevens: overleden vóór 2 juli 1681.		1		
2512	2884	Huybert	de	1.0	4.0	Gillis	0		Eversweert			0	1669.0	0	Persoonsgegevens: overleden vóór 24 augustus 1669.		1		
2513	2885	Jonge	de	1.0	4.0	Cornelis	0		Oosterland	's Heer-Jansland, Oosterstein	1645.0	0	1694.0	0	Overig: was volgens Vos raadsheer in de Hoge Raad van Holland en Zeeland 1675-1694, maar dat wordt door andere bronnen niet bevestigd. Was eveneens volgens Vos gedeputeerde ter Staten-Generaal vanaf 1688, maar dat moet extraordinaris geweest zijn.		1	31.0	12.0
2514	2886	Elfsdijk	van	1.0	4.0	Johan	0					0	1678.0	0	Persoonsgegevens: overleden vóór 5 december.		1		
2515	2887	Ockers		1.0	4.0	Jasper	0				1637.0	0	1689.0	0			1	10.0	5.0
2516	2888	Pompe		1.0	4.0	Matthijs Matthijsz.	0				1651.0	0		0			1		
2517	2889	Sage	le	1.0		Salomon	0					0		0	Overig: waarschijnlijk afkomstig uit Middelburg.		1		
2518	2890	Vossius		1.0	4.0	Gerardus Johannes	0					0		0			1		
2519	2891	Scotte		1.0		Jacob	0					0	1680.0	0	Persoonsgegevens: overleden vóór 2 april 1680.		1		
2520	2892	Ingels		1.0	4.0	Bonefacius	0					0		0			1		
2521	2893	Huijbrechts		1.0		Jacobus	0					0	1693.0	0	Persoonsgegevens: overleden vóór 8 juli 1693.		1		
2522	2894	Huybert	de	1.0	4.0	Adriaan	0		Eversweert			0	1684.0	0	Persoonsgegevens: overleden vóór 21 juni 1684.		1		
2523	2895	Merct	van der	1.0	4.0	Pieter	0					0	1709.0	0			1	27.0	9.0
2524	2896	Mathisius		1.0		Johan	0					0		0			1		
2525	2898	Hatting	van	1.0	4.0	Pieter	0				1646.0	0		0			1		
2526	2899	Boddaert	van den Helm	1.0	4.0	Cornelis	0				1661.0	0	1713.0	0	Persoonsgegevens: Vos en Van der Bijl geven afwijkend geboortejaar 1651.		1	14.0	6.0
2527	2900	Mathias		1.0	4.0	Christoffel	0				1654.0	0	1702.0	0	"Persoonsgegevens: Elias geeft afwijkend geboortejaar 1655. Overleden vóór 23 februari.
Overig: komt ook voor in Heraldieke Bibliotheek 4 (1875) 78 en 5 (1876) 208, maar met foutieve gegevens."		1		
2528	2901	Pompe		1.0	4.0	Cornelis	0					0		0			1		
2529	2902	Brande van Cleverskerke	van den	1.0	4.0	Cornelis	0		Cleverskerke		1673.0	1	1750.0	0	Buitenlandse adelstitels: ridder baronet (Engeland).		1		8.0
2530	2903	Winkelman		1.0	4.0	Willem	0					0	1720.0	1	Persoonsgegevens: mogelijk overleden eind 1719.		1		
2531	2904	Reygersberge	van	1.0		Constantijn	0		Gapinge			0	1700.0	0	Persoonsgegevens: overleden vóór 5 juni 1700.		1		
2532	2905	Citters	van	1.0	4.0	Caspar	0				1674.0	0	1734.0	0	Overig: was secretaris (1702-1705) en pensionaris (1705-1711) van Middelburg.		1	28.0	9.0
2533	2906	Swancke		1.0	4.0	Willem	0					0	1733.0	1	Persoonsgegevens: mogelijk overleden 1732.		1		
2534	2907	Keijser	de	1.0	4.0	Herman	0				1675.0	0	1761.0	0			1	15.0	8.0
2535	2908	Domburg	van	1.0	4.0	Cornelis Franciscus	0					0		0			1		
2536	2909	Pedecoeur		1.0	4.0	Willem	0					0		0			1		
2537	2912	Voet van Winssen		1.0		Cornelis Evert	0					0		0			1		
2538	2913	Brauw	de	1.0		Abraham	0					0	1763.0	0			1		2.0
2539	2915	Bevers		1.0	4.0	Lieven	0				1698.0	0	1731.0	0			1	7.0	11.0
2540	2916	Ham		1.0	4.0	François	0					0	1723.0	0	Persoonsgegevens: overleden vóór 7 augustus 1723.		1		
2541	2917	Loens		1.0	4.0	Pieter	0					0		0			1		
2542	2918	Hurgronje		1.0	4.0	Willem Isaacsz.	0					0	1763.0	0			1	5.0	1.0
2543	2919	Cruisse	van der	1.0	4.0	Jan	0					0	1748.0	0			1		4.0
2544	2920	Coux		1.0	4.0	Johan	0					0	1739.0	1	Persoonsgegevens: overleden vóór 11 maart 1739 (mogelijk 1738).		1		
2545	2921	Kokelaar	de	1.0	4.0	Pieter	0				1690.0	1	1765.0	0			1	24.0	12.0
2546	2922	Caen		1.0	4.0	Jan	0					0	1763.0	0			1	16.0	5.0
2547	2924	Broen de Kuijser		1.0	4.0	Bonaventure	0				1710.0	1	1765.0	0			1	18.0	4.0
2548	2925	Schorer		1.0	4.0	Johan Assuerus	0				1690.0	0	1752.0	0	Persoonsgegevens: Nederlandsche Leeuw geeft afwijkende overlijdensdatum 16 in plaats van 15 april.		1	15.0	4.0
2549	2926	Schorer		1.0	4.0	Willem	0				1717.0	0	1800.0	0			1	6.0	12.0
2550	2927	Wils		1.0	4.0	Jacob	0					0	1773.0	0			1	20.0	10.0
2551	2928	Koux		1.0	4.0	Willem	0				1713.0	1	1778.0	0			1	1.0	12.0
2552	2929	Poort	van der	1.0		Evert	0				1724.0	1	1766.0	0			1	9.0	3.0
2553	2931	Boddaert		1.0	4.0	Phoenix Isaac	0				1755.0	0	1807.0	0			1		
2554	2932	Couvert		1.0	4.0	Willem	0					0		0	"Overig: was tijdens benoeming in de Raad van Vlaanderen schepen van Veere.
Op 25 mei 1799 werd Couvert benoemd tot raadsheer in het Departementaal Gerechtshof van Texel, dat echter nooit heeft gefunctioneerd."		1		
2555	2933	Oole		1.0	4.0	Cornelis Isaac	0					0		0			1		
2556	2934	Rosevelt	van	1.0	4.0	Johannes	0					0		0	Overig: was vóór zijn benoeming in de Raad van Vlaanderen advocaat voor het Hof en de Hoge Raad van Holland en Zeeland.		1		
2557	2935	Braams		1.0	4.0	Cornelis	0				1735.0	0	1803.0	0	Persoonsgegevens: mogelijk identiek met Cornelis van Braams, extraordinaris raadsheer in de Raad van Brabant 1787-1795 (elders in deze database).		1		
2558	2936	Perre	van de	1.0	4.0	Paulus Eduwaldus	0				1745.0	0	1786.0	0			1	17.0	8.0
2559	2937	Zeeberg	van	1.0	4.0	Pieter	0					0	1785.0	0	Persoonsgegevens: overleden vóór 7 december 1785.		1		
2560	2938	Kokelaar	de	1.0	4.0	Jan Hendrik	0				1740.0	0		0			1		
2561	2939	Wils	Boursse	1.0	4.0	Hendrik	0					0		0			1		
2562	2940	Citters	van	1.0	4.0	Caspar Jacob	0				1759.0	0	1801.0	0	Persoonsgegevens: Van der Bijl geeft geboortejaar 1754, Homines novi 1759.		1		
2563	2941	Loke		1.0	4.0	Johannes Jacobus	0				1746.0	0	1836.0	0			1	14.0	3.0
2564	2942	Radermacher		1.0		Samuel	0		Nieuwerkerk		1748.0	0	1816.0	0	Persoonsgegevens: hoewel Heraldieke Bibliotheek en De Nederlandsche Leeuw de functie van extraordinaris raadsheer in de Raad van Vlaanderen niet vermelden, is het erg waarschijnlijk dat het hier om dezelfde persoon gaat, wegens de overeenkomst tussen het jaar waarin Radermacher uit Indië repatrieerde (1784, vermeld in Heraldieke Bibliotheek) en zijn aanstelling in de Raad.		1	1.0	1.0
2565	2943	Schoor	van	1.0	4.0	Jan Meinard	0				1762.0	0	1837.0	0	Persoonsgegevens: de identificatie van de raadsheer in de Raad van Vlaanderen met Jan Meinard van Schoor is niet geheel zeker; de commissie geeft alleen 'J.M. van Schoor', en Nederland's Patriciaat vermeldt zijn benoeming in die functie in 1788 niet.		1		
2566	2944	Bomme	de Haze	1.0	4.0	Willem Anthonie	1	Jonkheer			1766.0	0	1865.0	0			1		
2567	2945	Geene		1.0	4.0	Marinus	0				1752.0	0	1806.0	0			1	26.0	3.0
2568	2946	Steengracht		1.0	4.0	Hubrecht	0				1565.0	0	1618.0	0	Persoonsgegevens: Heraldieke Bibliotheek en Wapenheraut geven afwijkend geboortejaar 1555. Vos geeft én 1555 én 1565.		1	11.0	8.0
2569	2947	Porrenaer		1.0	4.0	Jacob	0		Aagtekerke		1590.0	0	1637.0	0	"Persoonsgegevens: overleden vóór 2 december 1637. 
Heerlijkheden/adellijke huizen: verwerving 1629.
Overig: was pensionaris van Vlissingen."		1		
2570	2948	Cannoye		1.0	4.0	Adriaan	0					0		0			1		
2571	2949	Roels		1.0	4.0	Willem	0				1595.0	0	1670.0	0	"Persoonsgegevens: aan het door Nagtglas opgegeven jaar van overlijden (1670) kan worden getwijfeld, omdat zijn opvolgers als president-raadsheer en raadsheer pas in 1676 worden benoemd, terwijl in de commissie uit hetzelfde jaar van Jacob Scotte als superintendent van de lenen (een functie die niet in deze database is opgenomen) wordt opgemerkt dat Roels 'onlangs' is overleden.
Overig: was voor benoeming tot raadsheer/advocaat-fiscaal van de Raad van Vlaanderen advocaat voor dat hof."		1		
2572	2950	Granier		1.0	4.0	François	0					0	1660.0	0	Persoonsgegevens: overleden vóór 7 april 1660.		1		
2573	2951	Veranneman		1.0		Olivier	0					0	1666.0	0	"Persoonsgegevens: overleden vóór 28 september 1666. 
Overig: familie behoort later tot de Belgische adel."		1		
2574	2952	Schorer		1.0		Daniël	0				1625.0	0	1682.0	0			1		
2575	2953	Pous		1.0	4.0	Johan	0				1656.0	0	1688.0	0			1	6.0	11.0
2576	2954	Bochoven		1.0	4.0	Johan	0					0	1697.0	0	Persoonsgegevens: overleden vóór 6 december.		1		
2577	2955	Versluys		1.0	4.0	Cornelis	0				1655.0	0	1720.0	0	Overig: was pensionaris van Middelburg vanaf 1687.		1	4.0	3.0
2578	2956	Schorer		1.0	4.0	Johan	0				1719.0	0	1771.0	0	Persoonsgegevens: 'Lyst' geeft afwijkende overlijdensdatum 12 in plaats van 13 september.		1	13.0	9.0
2579	2957	Schorer		1.0	4.0	Johan Pieter	0					0		0			1		
2580	2959	Blocq	de	1.0		Nicolaas	0					0	1621.0	0			1		
2581	2960	Blocq	de	1.0		Jacob	0					0	1640.0	1	Persoonsgegevens: mogelijk overleden in 1639.		1		
2582	2961	Coenen		1.0		Jan	0					0	1652.0	0	Persoonsgegevens: overleden vóór 5 augustus 1652.		1		
2583	2962	Teelinck		1.0		Willem	0					0		0			1		
2584	2963	Bauté		1.0	3.0	François	0					0	1694.0	0	Persoonsgegevens: Nagtglas geeft jaar van overlijden 1694; de commissie van Willem Cau, opvolger van Bauté als griffier van de Raad van Vlaanderen, van 21 mei 1689, vermeldt daarentegen het overlijden van Bauté (Nationaal Archief, archief Staten-Generaal, inv. nr. 12278, f. 134v). Vooralsnog is de lezing van Nagtglas aangehouden.		1		
2585	2965	Cau		1.0		Willem	0				1665.0	0	1691.0	0			1	5.0	8.0
2586	2966	Schorer		1.0		Johan	0				1664.0	0	1746.0	0			1		
2587	2969	Schorer		1.0		Daniël Jansz.	0					0	1770.0	0	Persoonsgegevens: overleden vóór 22 november 1770.		1		
2588	2973	Reitz		1.0	4.0	Karel Koenraad	0				1748.0	0	1810.0	0			1		
2589	2985	Huyssen		1.0	4.0	Johan	0		Cattendijke	Zoutelande, Warendijk, Monsterhoek tot Goidschalxoord	1566.0	0	1634.0	0	"Buitenlandse adelstitels: Franse riddertitel door Koning Lodewijk XIII 1610, door Koning Jacobus I van Engeland in adelstand verheven 1617.
Heerlijkheden/adellijke huizen: verwerving Monsterhoek tot Godschalksoord 1612.
Overig: was pensionaris van Goes."		1	14.0	3.0
2590	2986	Thibaut		1.0	4.0	Hendrik	0		Aagtekerke	Domburg Buiten, Burggrevestein, Tolingsbrugge, Steenewalle, Oud- en Nieuw-Vossemeer	1604.0	0	1667.0	0	"Persoonsgegevens: Nagtglas geeft onjuiste overlijdensdatum 7 januari in plaats van 25 december. Valentyn en Enthoven geven overlijden 1668.
Buitenlandse adelstitels: ridder in de orde van St. Michiel (Frankrijk)."		1	25.0	12.0
2591	2987	Roels		1.0		Willem	0				1550.0	1		0	Persoonsgegevens: Nieuw Nederlandsch Biografisch Woordenboek geeft overlijden omstreeks 1590, maar dat moet later zijn, gezien zijn deputatie naar de Staten-Generaal tot 1593.		1		
2592	2989	Pous		1.0	4.0	Cornelis	0				1638.0	0	1694.0	0			1	4.0	10.0
2593	2990	Bevers	Trezel	1.0	4.0	Galenus	0				1725.0	0	1770.0	0	"Persoonsgegevens: tussenvoegsel 'Trezel' vanaf 4 oktober 1742.
Overig: volgde volgens Algemeen Nederlandsch Familieblad in 1768 Jan Cornelis Lampsins op als gecommitteerde in de Admiraliteit te Amsterdam. Dit wordt echter niet bevestigd door andere bronnen, die Paul Hurgronje als opvolger van Lampsins noemen."		1	17.0	7.0
2594	2991	Roseveldt	van	1.0	4.0	Johan Willem	0				1713.0	0	1791.0	0	Persoonsgegevens: Algemeen Nederlandsch Familieblad geeft afwijkende overlijdensdatum 9 in plaats van 8 april 1791.		1	8.0	4.0
2595	2992	Meeuwsen		1.0	4.0	Willem	0				1668.0	0	1747.0	0			1	14.0	9.0
2596	2994	Buysero		1.0	4.0	Dirk	0		Heeraertsheyningen		1644.0	0	1706.0	1	Overig: was secretaris van Vlissingen. De lijst van de bemanning van de Admiraliteit op de Maze in het Algemeen Nederlandsch Familieblad (zie institutionele toelichting) noemt hem ook als gecommitteerde in 1706. Het commissieboek van de Staten-Generaal vermeldt dit echter niet. Als het juist is zal Buysero zijn overleden alvorens hij zitting kon nemen.		1		
2597	2996	Canisius		1.0	4.0	Willem	0				1742.0	0	1815.0	0			1		
2598	2997	Sloet tot Tweenijenhuizen		1.0		Arend	1				1591.0	0	1644.0	0	Persoonsgegevens: begraven 3 april 1644.		1		
2599	2998	Tuyll van Serooskerke	van	1.0		Hendrik	1	Jonkheer	Stavenisse	Rijnhuizen, Kempenshofstede, Tienhoven	1574.0	0	1627.0	0	"Persoonsgegevens: Nagtglas geeft afwijkend geboortejaar 1582, Leupen afwijkend jaar van overlijden 1616.
Heerlijkheden/adellijke huizen: verwerving Rijnhuizen 1620."		1	26.0	5.0
2600	3000	Straten	van der	1.0		Mathijs Cornelis	0					0	1654.0	0	Persoonsgegevens: begraven 25 januari 1654.		1		1.0
2601	3001	Eversdijk		1.0	4.0	Mattheus	0				1648.0	0	1714.0	0			1	2.0	8.0
2602	3002	Loeff	van der	1.0	4.0	Manta Stephanus	0				1746.0	0	1816.0	0			1	9.0	2.0
2603	3003	Moens		1.0		Jan Jansz.	0					0		0	Vroedschap: aanvang tussen 1585 en 1590.		1		
2604	3004	Quintingh		1.0		Jan Claesz.	0					0	1617.0	0			1	8.0	6.0
2605	3006	Ringh		1.0		Jan Remmetsz.	0					0	1655.0	0	Persoonsgegevens: begraven 25 februari 1655.		1		2.0
2606	3007	Goijkes		1.0		Cornelis Jansz.	0					0	1634.0	0	Persoonsgegevens: begraven 14 november 1634.		1		
2607	3008	Meijer		1.0		Sijmon Pietersz.	0					0	1632.0	0	Persoonsgegevens: begraven 9 november 1632.		1		
2608	3009	Vrij	de	1.0		Gerrit Jansz.	0					0	1665.0	0			1		
2609	3010	Schoemaker		1.0		Jelle Gerrytsz.	0					0	1619.0	0			1	29.0	3.0
2610	3011	Lakencooper		1.0		Jan Arentsz.	0					0		0			1		
2611	3013	Everhardt		1.0		Willem Dircksz.	0					0		0			1		
2612	3014	Nels		1.0		Jacob Thonisz.	0					0		0			1		
2613	3015	Brouwer		1.0		Dirck Reynersz.	0					0		0			1		
2614	3016	Schellinger		1.0		Claes Willemsz.	0					0		0			1		
2615	3017	Busier		1.0		Maerten Bartelsz.	0					0		0			1		
2616	3018	Snoeck		1.0		Jan Adriaensz.	0					0		0	Vroedschap: ontslagen 1618.		1		
2617	3019	Neck		1.0		Jan IJsbrantsz.	0					0	1590.0	1	Persoonsgegevens: overleden in 1589 of 1590.		1		
2618	3020	Brasker		1.0		Jan Jansz.	0					0		0			1		
2619	3021	Grebber		1.0		Jan Jacobsz.	0					0		0			1		
2620	3022	Adriaansz.		1.0		Vrederik	0					0		0			1		
2621	3024	Steengracht		1.0	4.0	Nicolaas	0				1699.0	0	1756.0	0	Persoonsgegevens: 'Lyst' geeft afwijkende overlijdensdatum 25 in plaats van 28 februari.		1	28.0	2.0
2622	3025	Jonge van Campensnieuwland	de	1.0	4.0	Bonifacius	0		Campensnieuwland		1708.0	0	1768.0	0	Overig: was volgens Vos gedeputeerde ter Staten-Generaal vanaf 1754; dit zal extraordinaris zijn geweest.		1	17.0	5.0
2623	3026	Citters	van	1.0	4.0	Caspar	0				1746.0	0		0	Overig: was pensionaris van Tholen.		1		
2624	3028	Kien		1.0		Johan	0				1618.0	0	1670.0	0			1		
2625	3030	Bruyns		1.0		Wouter	0					0		0			1		
2626	3031	Baersdorp	van	1.0		Jan Jansz.	0					0	1608.0	0			1	3.0	8.0
2627	3032	Duijst van Zanten		1.0		Adriaen Cornelisz.	0					0	1587.0	0	Persoonsgegevens: begraven 9 november 1587.		1		
2628	3034	Vaillant		1.0		Jan Klaesz.	0					0		0			1		
2629	3035	Reygersberge	van	1.0		Pieter	0				1547.0	1	1602.0	0	Persoonsgegevens: Wapenheraut geeft overlijden juni, Nagtglas 5 juli.		1		6.0
2630	3037	Groot		1.0		Jacob Meindertsz.	0					0	1634.0	0	Persoonsgegevens: begraven 27 september 1634.		1		9.0
2631	3038	Schooff		1.0	4.0	Matthijs	0					0	1686.0	0			1	28.0	8.0
2632	3040	Poll	van de	1.0	4.0	Jan Pietersz.	0				1726.0	0	1781.0	0			1	16.0	8.0
2633	3041	Westwoude		1.0		Lucas	0				1732.0	0		0			1		
2634	3042	Waacker		1.0		Evert Willemsz.	0					0		0			1		
2635	3043	Jacobi		1.0	4.0	Daniel	0					0	1606.0	0			1	30.0	11.0
2636	3045	Heyns		1.0		Michiel	0					0	1613.0	1	Persoonsgegevens: Mogelijk identiek met de gelijknamige persoon elders in deze database. Overleden vóór 16 oktober 1613.		1		
2637	3046	Nicolaï		1.0	4.0	Johan	0					0	1604.0	1	Persoonsgegevens: het is niet geheel zeker dat de secretaris van de Raad van Vlaanderen en de advocaat-fiscaal van de Admiraliteit van Zeeland identiek zijn. De advocaat-fiscal was eerder schepen van Brussel. Overleden vóór 8 maart 1604.		1		
2638	3047	Hoeck		1.0	4.0	Johan	0					0		1	Overig: was pensionaris van Middelburg 1599-1610.		1		
2639	3048	Taymont		1.0		Anthonie	0					0	1605.0	1	Persoonsgegevens: overleden vóór 23 december 1605.		1		
2640	3049	Campe		1.0	4.0	Jacob	0				1573.0	0	1625.0	0			1	28.0	7.0
2641	3050	Beaumont	van	1.0	4.0	Simon	0				1574.0	0	1654.0	0	"Persoonsgegevens: Nagtglas geeft afwijkende overlijdensdatum 24 in plaats van 20 juni.
Overig: was pensionaris van Middelburg 1606-1634 en van Rotterdam 1634-1649."		1	20.0	6.0
2642	3051	Gillart		1.0	4.0	Sebastiaen	0					0		0			1		
2643	3052	Huyssen		1.0		Adriaen	0					0		0	Persoonsgegevens: waarschijnlijk identiek met de persoon genoemd in M. van der Bijl, Idee en interest. Voorgeschiedenis, verloop en achtergronden van de politieke twisten in Zeeland en vooral in Middelburg tussen 1702 en 1715 (Groningen 1981) bijlage III, daar echter geen leefjaren.		1		
2644	3053	Engelbrecht		1.0	4.0	Pieter	0					0	1630.0	0	Overig: was pensionaris van Duinkerken.		1		10.0
2645	3054	Dorp	van	5.0		Arent	1		Teemsche	Maasdam, Middelharnis	1528.0	0	1600.0	0			1	2.0	8.0
2646	3055	Rycke	de	1.0	4.0	Pieter	0					0	1596.0	0	Overig: was gedeputeerde bij het sluiten van de Unie van Utrecht.		1		2.0
2647	3056	Malderé	van	1.0		Jacob	1	Jonkheer				0	1617.0	0	Overig: was baljuw van Veere.		1	16.0	11.0
2648	3057	Manmaker	de	1.0		Adriaan	0				1579.0	0		0	"Persoonsgegevens: overleden in of na 1632.
Buitenlandse adelstitels: ridder (land onbekend)."		1		
2649	3058	Knuyt	de	1.0		Jan	1	Jonkheer	Oud en Nieuw-Vosmeer	Ravels, Weelde	1587.0	0	1654.0	0	"Buitenlandse adelstitels: ridder in de orde van St. Michiel (Frankrijk).
Heerlijkheden/adellijke huizen: verwerving Oud en Nieuw Vosmeer 1633 (éénzesde deel).
Overig: was burgemeester van Middelburg. Was volgens Nagtglas gedeputeerde ter Staten-Generaal, maar dat wordt door andere bronnen niet bevestigd."		1	6.0	12.0
2650	3059	Nassau-Odijk	van	1.0		Willem Adriaan	1	Jonkheer	Odijk	Kortgene	1632.0	0	1705.0	0	Persoonsgegevens: Nagtglas geeft afwijkend geboortejaar 1634.		1	21.0	9.0
2651	3061	Citters	van	1.0	4.0	Wilhem	0				1723.0	0	1802.0	0	Overig: was pensionaris van Middelburg (1746-1757).		1		
2652	3062	Perre	van de	1.0	4.0	Johan Adriaan	0		Nieuwwerve	Welzinge, Evertswaard	1738.0	0	1790.0	0	Heerlijkheden/adellijke huizen: verwerving Nieuwwerve, Welzinge 1757.		1	8.0	4.0
2653	3063	Palma	de la	1.0		Marcus	0					0	1579.0	0	Persoonsgegevens: volgens Nagtglas overleden 1587. Het commissieboek van de Staten van Zeeland (zie institutionele toelichting) meldt echter in de commissie van de opvolger van De la Palma in Gecommitteerde Raden van Zeeland (1579) dat hij 'onlancx' is overleden.		1		
2654	3064	Aleman		1.0	4.0	Ferdinando Gomes	0					0	1626.0	1	Persoonsgegevens: overlijden vóór 20 november 1626 blijkens de benoeming van opvolger Schotte in de Raad van State.		1		
2655	3065	Serooskerke	van	1.0		Jan Florisz.	0					0		0			1		
2656	3066	Meyros		1.0		Nicolaas Adriaansz.	0					0		0			1		
2657	3067	Tenys		1.0		Steven Cornelisz.	0					0	1630.0	1	Persoonsgegevens: overlijden mogelijk eind 1629.		1		
2658	3068	Palma	de la	1.0		Pieter	0					0	1633.0	0			1		
2659	3069	Tenys		1.0	4.0	Cornelis	0					0	1660.0	0			1	3.0	6.0
2660	3070	Beke	van der	1.0		Reynier	0					0	1686.0	0			1		2.0
2661	3072	Merct	van der	1.0		Jacob	0					0	1710.0	0			1	15.0	8.0
2662	3073	Perre	van de	1.0		Joan	0				1663.0	0	1730.0	0			1	22.0	11.0
2663	3074	Versluys		1.0	4.0	Cornelis	0				1698.0	0	1746.0	0			1	7.0	12.0
2664	3075	Reygersberge	van	1.0		Jacob	0		Couwerve	Krabbendijke	1704.0	0	1762.0	0	Persoonsgegevens: 'Lyst' geeft afwijkende overlijdensdatum 10 in plaats van 11 november. Enthoven geeft overlijden (en daarmee einde van zijn bewindhebberschap in de kamer Zeeland van de VOC) 1764, niettemin is het zeer waarschijnlijk dat het hier om dezelfde persoon gaat.		1	11.0	11.0
2665	3076	Schorer		1.0	4.0	Johan Gulielmus	0				1733.0	1	1783.0	0			1	15.0	4.0
2666	3077	Brande	van den	1.0	4.0	Johan Pieter	0		Gapinge	Krabbendijke, Couwerve, Kleverskerke etc.	1734.0	0	1793.0	0	Buitenlandse adelstitels: ridder baronet (Engeland).		1		
2667	3078	Imans (van der Lisse)		1.0		Iman Claasz.	0					0	1579.0	0	Vroedschap: aanvang in of na 1566.		1	27.0	4.0
2668	3079	Teelinck		1.0		Joos Ewoudsz.	0				1543.0	0	1594.0	0	Persoonsgegevens: Nagtglas geeft afwijkend geboortejaar 1549.		1		10.0
2669	3081	Huybert	de	1.0	4.0	Eewoud	0				1575.0	0	1624.0	0	Persoonsgegevens: begraven 28 juni 1624.		1		6.0
2670	3082	Cocq	de	1.0	4.0	Lieven	0				1596.0	0	1658.0	0	Persoonsgegevens: Vos geeft begraafdatum 2 december 1658, Lyst overlijdensdatum februari 1659.		1		
2671	3083	Jonge	de	1.0		Job	0				1594.0	0	1673.0	0	Overig: Vos geeft zitting in de Staten-Generaal 1631-1633 en 1659. Aangezien een benoeming van De Jonge tot ordinaris gedeputeerde niet bekend is, moet het hier hier een extraordinaris deputatie betreffen.		1	19.0	9.0
2672	3084	Huybert	de	1.0	4.0	Adriaan	0				1609.0	0	1665.0	0			1	1.0	10.0
2673	3085	Stavenisse		1.0	4.0	Cornelis	0				1621.0	0	1681.0	0	Overig: was pensionaris en secretaris van Zierikzee 1662-1666.		1	7.0	11.0
2674	3086	Hoffer		1.0	4.0	Anthony	0		Bommenede		1638.0	0	1697.0	0			1	14.0	12.0
2675	3087	Cau		1.0	4.0	Iman Willem Roelandsz.	0		Dussen	Muilkerk, Ginhoven	1663.0	0	1734.0	0			1	30.0	8.0
2676	3088	Kempe		1.0		Adriaan	0				1695.0	0	1759.0	0			1	11.0	9.0
2677	3089	Gelre	van	1.0	4.0	Pieter Paul	0				1735.0	0	1810.0	0			1		
2678	3090	Blancx		1.0	4.0	Nicolaas	0					0	1582.0	0			1		
2679	3091	Crommon	van	1.0	4.0	Marinus	0				1629.0	0	1687.0	0	Overig: was secretaris van Goes. Volgens Nederland's Patriciaat ook gecommitteerde in de Raad van State 1683, maar dat wordt niet door andere bronnen bevestigd.		1	4.0	7.0
2680	3092	Nisse	van der	1.0	4.0	Gerard	0		Kruiningen	der Nisse, St. Philipsland, Zaamslag	1602.0	0	1669.0	0			1		
2681	3093	Watervliet	van	1.0		Cornelis	0		Ellewoutsdijk			0	1669.0	0			1	10.0	10.0
2682	3094	Westerwyck		1.0	4.0	Marinus	0					0	1677.0	0			1		
2683	3095	Watervliet	van	1.0		Fredrik	0		Ellewoutsdijk			0	1677.0	0			1		
2684	3096	Nisse	van der	1.0	4.0	David	0		der Nisse	Waarde, 's Gravenpolder, Wolfaartsdijk, Heinkenszand, Ovezande, Driewegen, Koudorpe		0		0			1		
2685	3097	Nollens		1.0		Anthony	0		Bruinisse	Botland		0	1745.0	0	Heerlijkheden/adellijke huizen: verwerving Botland 1720.		1	19.0	11.0
2686	3098	Couwerve	van	1.0	4.0	Everard Jansz.	0					0		0	Persoonsgegevens: overleden na 1617.		1		
2687	3099	Resen	van	1.0	4.0	Pieter	0					0	1582.0	0			1		
2688	3100	Brande	van den	1.0		Johan Pietersz.	0					0	1589.0	0			1	25.0	11.0
2689	3101	Zuydtlandt	van	1.0	4.0	Joos Marinusz.	0					0	1614.0	0			1		
2690	3102	Tuyll van Serooskerke	van	1.0		Philibert	1	Jonkheer	Tienhoven	Maalstede, Kapelle, Biezelinge, Schore, Vlake	1580.0	0	1639.0	0	Persoonsgegevens: Nagtglas geeft afwijkende overlijdensdatum 23 in plaats van 25 april 1639.		1	25.0	4.0
2691	3103	Tuyll van Serooskerke	van	1.0		Jeronimus	1	Jonkheer	Tienhoven	Stavenisse, St. Annaland	1615.0	0	1669.0	0	"Persoonsgegevens: Nagtglas geeft geboortejaar 1609, Romeijn 1615.
Heerlijkheden/adellijke huizen: verwerving Stavenisse 1643."		1	22.0	4.0
2692	3104	Vrijberghe	van	1.0	4.0	Willem Lievensz.	0		Nieuwland		1624.0	0	1679.0	0	"Persoonsgegevens: begraven 15 januari 1679. 
Heerlijkheden/adellijke huizen: verwerving 1664.
Overig: was pensionaris van Tholen 1652-1656."		1		
2693	3105	Vrijberghe	van	1.0	4.0	Levinus	0		Nieuwland		1650.0	0	1716.0	0			1		
2694	3107	Bils	de	1.0		Pieter Carel	0		Coppensdamme	Boonem, Vossemeer	1647.0	0	1704.0	0			1	17.0	3.0
2695	3108	Vrijberghe	van	1.0	4.0	Johan	0		Vrijberge			0	1715.0	0			1	14.0	11.0
2696	3109	Beaufort	de	1.0	4.0	Levinus Ferdinand	0				1675.0	0	1730.0	0	Persoonsgegevens: Nagtglas geeft afwijkende overlijdensdatum 1 in plaats van 9 november.		1	9.0	11.0
2697	3110	Turcq		1.0	4.0	Johan	0				1686.0	0	1748.0	0			1	15.0	3.0
2698	3111	Beaufort	de	1.0	4.0	Pieter Bernard	0				1713.0	0	1762.0	0	Persoonsgegevens: Nederland's Patriciaat geeft afwijkende overlijdensdatum 25 in plaats van 24 oktober.		1	24.0	10.0
2699	3112	Turcq		1.0	4.0	Willem Hendrik	0				1724.0	0	1787.0	0			1	17.0	7.0
2700	3113	Polaanen	van	1.0	4.0	Eustacen Adriaansz.	0					0	1600.0	0			1		
2701	3114	Oillaerts		1.0	4.0	Adriaen	0				1543.0	0	1608.0	0	Overig: was secretaris van Vlissingen.		1		
2702	3115	Leunissen		1.0		Engel	0					0	1631.0	0			1		
2703	3116	Ingelsen		1.0	4.0	Appollonius	0					0	1633.0	0	Overig: was secretaris van Vlissingen.		1		
2704	3117	Moor	de	1.0		Johan	0					0	1644.0	1			1		
2705	3118	Maecht	de	1.0		Jasper	0					0		0			1		
2706	3119	Guiseling		1.0		Johan	0					0	1653.0	0			1	7.0	12.0
2707	3120	Ingels		1.0	4.0	Casper	0					0	1679.0	0			1		4.0
2708	3122	Nachtegael van Gorkum		1.0	4.0	Jacob	0					0	1718.0	0			1	20.0	10.0
2709	3123	Meester		1.0		Jan	0					0	1726.0	0			1	2.0	4.0
2710	3124	Hoorn	van	1.0	4.0	Constantijn Nicolaasz.	0				1690.0	0	1742.0	0			1	2.0	2.0
2711	3125	Hurgronje		1.0	4.0	Jacob Isaacsz.	0				1694.0	0	1759.0	0	Persoonsgegevens: 'Lyst' geeft afwijkende overlijdensdatum 15 in plaats van 12 april.		1	12.0	4.0
2712	3126	Pere	van	1.0		Cornelis	0		Oost- en West-Souburg		1668.0	0	1746.0	0	Persoonsgegevens: 'Lyst' geeft afwijkende overlijdensdatum 5 in plaats van 3 juni. Wapenheraut zegt dat naam vader 'Abraham' was, Jaarboek van het Centraal Bureau voor Genealogie geeft hem echter het patroniem 'Isaaqsz.'.		1	3.0	6.0
2713	3127	Dishoeck	van	1.0	4.0	Anthonij Pieter Ewoutsz.	0		Oudhuizen		1710.0	1	1767.0	0	Persoonsgegevens: Jaarboek van het Centraal Bureau voor Genealogie geeft onjuist jaar van overlijden 1761.		1	14.0	3.0
2714	3128	Hurgronje		1.0	4.0	Isaac Phenixsz.	0				1724.0	1	1776.0	0	Persoonsgegevens: 'Lyst' en Algemeen Nederlandsch Familieblad geven afwijkende overlijdensdatum 31 in plaats van 30 augustus.		1	30.0	8.0
2715	3129	Clijver		1.0	4.0	Evert Jacobsz.	0					0		0			1		
2716	3130	Vosbergen	van	1.0	4.0	Caspar	0					0	1598.0	0	Overig: was baljuw van Veere.		1		
2717	3131	Vosbergen	van	1.0	4.0	Johan	0					0	1644.0	0			1		
2718	3132	Reygersberge	van	1.0	4.0	David	0					0	1658.0	0	Persoonsgegevens: Van der Bijl geeft overlijden 1650, maar dat moet onjuist zijn omdat Van Reygersberge pas in 1658 werd opgevolgd als Gecommitteerde Raad.		1		
2719	3133	Mauregnault	de	1.0		Johan	0				1607.0	0	1682.0	0	Persoonsgegevens: overleden tussen 26 en 31 december 1682.		1		12.0
2720	3135	Mauregnault	de	1.0		Johan	1	Jonkheer	St. Philipsland			0	1717.0	0			1	26.0	9.0
2721	3136	Colve		1.0		Jacob Lambert	0					0	1722.0	0			1	31.0	1.0
2722	3137	Nebbens		1.0		François	0					0	1742.0	0			1	7.0	11.0
2723	3138	Schorer		1.0	4.0	Wilhem	0				1725.0	0	1793.0	0			1	7.0	11.0
2724	3139	Roels		1.0	4.0	Christoffel	0				1540.0	1	1597.0	0			1	18.0	5.0
2725	3140	Warck	van de	1.0	4.0	Johan	0					0	1615.0	0	Overig: was pensionaris van Middelburg 1575-1579 en vanaf 1588.		1	11.0	1.0
2726	3141	Jonge	de	1.0	4.0	Bonifacius	0		Oosterland	's Heer-Jansland, Oosterstein	1567.0	0	1625.0	0	Overig: was pensionaris van Zierikzee.		1		6.0
2727	3142	Boreel		1.0	4.0	Johan	0				1577.0	0	1629.0	0	"Persoonsgegevens: Nagtglas geeft afwijkende overlijdensdatum 15 in plaats van 1 november.
Buitenlandse adelstitels: ridder geslagen door koning Jacobus van Engeland 1622.
Overig: was pensionaris van Middelburg 1611-1615."		1	1.0	11.0
2728	3144	Stavenisse		1.0	4.0	Cornelis Adriaansz.	0				1595.0	0	1649.0	0	Persoonsgegevens: Nagtglas geeft afwijkend geboortejaar 1596.		1	28.0	5.0
2729	3145	Brune	de	1.0	4.0	Johan	0				1589.0	0	1658.0	0			1	7.0	11.0
2730	3146	Veth		1.0	4.0	Adriaan	0				1608.0	0	1663.0	0	Persoonsgegevens: was secretaris (1639-1643) en pensionaris van Middelburg (1643-1651).		1	25.0	11.0
2731	3147	Huybert	de	1.0	4.0	Pieter	0		Burg	Kraaienstein	1622.0	0	1697.0	0			1	7.0	1.0
2732	3148	Verheije		1.0	4.0	Jacob	0				1640.0	0	1718.0	0			1	16.0	8.0
2733	3149	Keetlaer		1.0	4.0	Dignus Francois	0				1674.0	0	1750.0	0			1	23.0	3.0
2734	3150	Recxstoot		1.0	4.0	Johan Pieter	0				1701.0	0	1756.0	0			1	31.0	1.0
2735	3151	Bon	du	1.0	4.0	Jacob	0				1695.0	1	1760.0	0	Overig: was secretaris van Middelburg.		1	1.0	6.0
2736	3152	Steengracht		1.0	4.0	Adriaan	0		Grijpskerke		1731.0	0	1770.0	0	"Persoonsgegevens: Algemeen Nederlandsch Familieblad geeft afwijkende overlijdensdatum 7 in plaats van 6 mei.
Overig: was pensionaris van Middelburg."		1	6.0	5.0
2737	3153	Chalmers		1.0	4.0	Johan Marinus	0				1720.0	0	1796.0	0			1	5.0	2.0
2738	3154	Citters	van	1.0	4.0	Willem Aarnoud	0				1741.0	0	1811.0	0			1		
2739	3155	Vroe	de	1.0	4.0	Pieter	0					0	1651.0	0	Overig: was pensionaris van Vlissingen.		1		
2740	3156	Huybert	de	1.0	4.0	Justus	0				1611.0	0	1682.0	0	"Persoonsgegevens: Nagtglas geeft afwijkend geboortejaar 1610.
Overig: was secretaris en pensionaris van Zierikzee 1649-1665."		1	4.0	9.0
2741	3157	Duvelaer		1.0	4.0	Pieter	0				1647.0	0	1703.0	0	Persoonsgegevens: Van der Bijl geeft jaar van overlijden 1705 (mogelijk ten onrechte afgeleid uit het jaar waarin hij werd opgevolgd als secretaris van de Staten van Zeeland).		1	9.0	6.0
2742	3158	Duvelaer		1.0	4.0	Pieter jr.	0					0	1711.0	0	Overig: was secretaris van Middelburg (1702-1705).		1	10.0	1.0
2743	3159	Blankert		1.0	4.0	Gerard Jan	0				1737.0	1	1780.0	0			1	20.0	2.0
2744	3160	Beveren	de	1.0	4.0	Willem Aernout	0				1749.0	0	1820.0	0	"Overig: was pensionaris van Middelburg.
Op 8 april 1799 werd De Beveren benoemd tot raadsheer in het Departementaal Gerechtshof van de Schelde en Maas, dat echter nooit heeft gefunctioneerd."		1	17.0	6.0
2745	3161	Manmaker	van	1.0		Adriaan	0					0	1590.0	0			1	30.0	11.0
2746	3162	Teelinck		1.0	4.0	Eewoud	0				1571.0	0	1629.0	0	Persoonsgegevens: Nagtglas geeft afwijkend geboortejaar 1574 (waarschijnlijk). Vos geeft begraafdatum 13 oktober, Lyst overlijdensdatum 17 oktober.		1		10.0
2747	3163	Brouwer		1.0		Willem	0					0	1649.0	0			1	11.0	6.0
2748	3164	Stringe	van der	1.0		Johan	0					0	1667.0	0			1	16.0	1.0
2749	3165	Stringe	van der	1.0	4.0	Johan	0					0	1704.0	0			1	3.0	5.0
2750	3166	Tulleken		1.0		Daniël	0		Meliskerke	Mariekerke		0	1726.0	0	Overig: was kiesheer van Middelburg. Nagtglas vermeldt functie van gedeputeerde ter Staten-Generaal (zonder jaar); het moet hier een extraordinaris deputatie betroffen hebben.		1		
2751	3167	Sprenger		1.0		Jean Valentin	0				1734.0	0	1794.0	0			1	16.0	1.0
2752	3168	Oliphant		1.0		Emanuel	0					0	1616.0	0	Overig: was pensionaris van Tholen 1596-1599.		1	2.0	5.0
2753	3169	Vrijberghe	van	1.0	4.0	Lieven	0				1591.0	0	1637.0	0			1	3.0	6.0
2754	3170	Heyden	van der	1.0		Willem Jochemsz.	0					0	1667.0	0	Persoonsgegevens: begraven 16 september 1667.		1		9.0
2755	3171	Grijpskerke	van	1.0	4.0	Johan	0					0	1675.0	0	Persoonsgegevens: Romeijn geeft begraafdatum 1 januari 1676, wat het overlijden in 1675 plaatst. De lijst in het archief van de rekenkamer van Zeeland geeft echter 1676 als jaar van overlijden.		1		
2756	3172	Pere	van	1.0	4.0	Abraham	0					0	1710.0	0	Overig: afkomstig uit Vlissingen.		1		2.0
2757	3173	Smallegange		1.0	4.0	Marinus	0					0		0	Overig: afkomstig uit Goes.		1		
2758	3174	Woutersz.		1.0	4.0	Jacob	0		St. Jansteen		1654.0	0	1716.0	0			1	7.0	9.0
2759	3175	Vrijberghe	van	1.0	4.0	Cornelis	0		Vrijberge			0	1683.0	0			1	19.0	5.0
2760	3176	Vrijberghe	van	1.0	4.0	Bonifacius	0				1625.0	0	1690.0	0	Overig: was pensionaris van Tholen 1648-1653.		1	10.0	11.0
2761	3177	Tuyll van Serooskerke	van	1.0		Pieter	1	Jonkheer	Maalstede	Heerjansdam, Kapelle, Biezelinge, Schore, Vlake, Geersdijk, Eversdijk	1607.0	0	1658.0	0	Persoonsgegevens: Raad van State 450 jaar geeft afwijkende overlijdensdatum 10 in plaats van 9 april 1658.		1		
2762	3178	Dallens		1.0		Johan	0					0	1662.0	0	Persoonsgegevens: begraven 7 oktober 1662.		1		
2763	3179	Leydecker		1.0	4.0	François	0				1651.0	0	1718.0	0	Persoonsgegevens: begraven 26 augustus 1718.		1		8.0
2764	3180	Buijtenhem	van	1.0	4.0	Johan	0					0	1736.0	0			1	15.0	3.0
2765	3181	Vos	de	1.0		Jasper	0					0	1730.0	0			1	5.0	10.0
2766	3182	Hoorn	van	1.0		Jacob Nicolaasz.	0				1677.0	0	1709.0	0			1	18.0	9.0
2767	3183	Nispen	van	1.0		Adriaen	0					0	1738.0	0	Persoonsgegevens: Jaarboek van het Centraal Bureau voor Genealogie geeft overlijden 1738, lijst rekenkamer van Zeeland 25 december 1737.		1		
2768	3184	Rochussen		1.0		Isaac Isaacsz.	0				1694.0	1	1762.0	0			1	23.0	2.0
2769	3185	Citters	van	1.0	4.0	Cornelis Willemsz.	0				1717.0	0	1782.0	0	Persoonsgegevens: De lijst in het archief van de rekenkamer van Zeeland geeft afwijkende overlijdensdatum 21 april in plaats van 2 mei.		1	2.0	5.0
2770	3186	Steengracht		1.0	4.0	Cornelis Joansz.	0		Souburg	Wehl, Slangenburg	1723.0	0	1781.0	0	Persoonsgegevens: Heraldieke Bibliotheek geeft afwijkend jaar van overlijden 1778 of 1779.		1	12.0	10.0
2771	3187	Hogendorp		4.0	4.0	Willem	1					0		0			1		
2772	3188	Ingelsen		1.0	4.0	Johan	0					0	1631.0	1	Persoonsgegevens: overleed vóór 6 februari 1631, mogelijk in 1630.		1		
2773	3190	Goch	van	1.0	4.0	Johan	0					0	1677.0	0			1		
2774	3191	Buysero		1.0	4.0	Jan	0		Hulshout			0	1683.0	0	Persoonsgegevens: Jaarboek van het Centraal Bureau voor Genealogie geeft jaar van overlijden 1683, lijst rekenkamer van Zeeland maart 1684.		1		
2775	3193	Guiseling		1.0	4.0	Johan	0					0	1736.0	1	Persoonsgegevens: overleden vóór 19 maart 1736 (mogelijk 1735).		1		
2776	3194	Hoorn	van	1.0	4.0	Hendrik Nicolaasz.	0				1687.0	1	1759.0	0			1	14.0	10.0
2777	3195	Bosschaert van Oosterstein		1.0	4.0	Jacob Willem	0		Oosterstein		1701.0	1	1760.0	0			1	26.0	11.0
2778	3196	Schorer		1.0		Lucas Frederik	0				1723.0	0	1761.0	0	Persoonsgegevens: Van der Bijl geeft afwijkend jaar van overlijden 1771.		1	7.0	5.0
2779	3197	Sonsbeeck	van	1.0	4.0	Jan Willem	0				1710.0	0	1780.0	0			1	6.0	2.0
2780	3199	Radaeus		1.0		Johannes	0				1671.0	0	1718.0	0			1	21.0	9.0
2781	3201	Macaré	Rethaan	1.0		Pieter Johan	0				1762.0	0	1828.0	0			1	3.0	12.0
2782	3202	Hooge	van der	1.0		Adrianus	0					0	1613.0	0			1	16.0	5.0
2783	3203	Soggaert		1.0		Johan Adriaansz.	0					0		0			1		
2784	3204	Corbault		1.0		Olivier	0					0		0			1		
2785	3205	Alteren		1.0		Simon Ludowijkxen	0		Jaarsveld			0		0			1		
2786	3208	Nassau	de	1.0		Cornelis	1		Kortgene			0	1707.0	0	Persoonsgegevens: Nagtglas geeft jaar van overlijden 1708, Raad van State 450 jaar 1707.		1	5.0	3.0
2787	3209	Biscop		1.0	4.0	Bonifacius	0					0		0			1		
2788	3210	Boudaen Courten		1.0	4.0	Jacobus	0					0	1750.0	0			1		
2789	3211	Lampsins		1.0	4.0	Johan Cornelis	0		Zwieten	Baarland, Bakendorp, Oudelande	1716.0	0	1767.0	0			1	21.0	8.0
2790	3212	Hurgronje		1.0	4.0	Paul	0					0		0			1		
2791	3213	Cock	de	1.0		Johan Pietersz.	0					0	1608.0	0	Persoonsgegevens: overleden vóór 25 september 1608.		1		
2792	3214	Nicolai		1.0	4.0	Cornelis	0					0		0			1		
2793	3215	Imansz.		1.0		Iman	0					0	1653.0	1	Persoonsgegevens: Jaarboek van het Centraal Bureau voor Genealogie 1970 geeft overlijdensdatum 10 mei 1563, maar dat moet onjuist zijn gezien de trouwdatum 2 oktober 1646. Bedoeld wordt waarschijnlijk 1653.		1		
2794	3217	Brande	van den	1.0	4.0	Philippus	0				1598.0	0	1672.0	0			1	29.0	5.0
2795	3219	Huybert	de	1.0		Jan Anthonisz.	0				1547.0	1	1621.0	0			1		
2796	3220	Huybert	de	1.0	4.0	Cornelis	0				1585.0	0	1663.0	0			1		
2797	3221	Alphen	van	1.0	4.0	Johan	0				1687.0	0	1720.0	0			1	23.0	11.0
2798	3222	Boeije		1.0	4.0	Cornelis	0				1688.0	0	1730.0	0			1	25.0	7.0
2799	3223	Jonge	de	1.0		Marinus Jan	0				1730.0	0	1783.0	0	Persoonsgegevens: lijkt gezien de leefjaren identiek met 'Jan de Jonge' in F. Nagtglas, Levensberichten van Zeeuwen 1 (Middelburg 1893) 497.		1	23.0	6.0
2800	3224	Jonge	de	1.0	3.0	Pieter Abraham	0				1741.0	0	1813.0	0			1	8.0	1.0
2801	3225	Ockersse		1.0	4.0	Willem	0				1664.0	0	1727.0	0			1	31.0	1.0
2802	3226	Schuijlenburch	van	1.0	4.0	Cornelis	0				1683.0	0	1763.0	0			1	17.0	7.0
2803	3228	Meganck		1.0		Louis	0					0	1619.0	0			1		
2804	3229	Martini		1.0	4.0	Willem	0				1533.0	1	1629.0	0	"Persoonsgegevens: Nederland's Adelsboek en Jaarboek van het Centraal Bureau voor Genealogie 1959 geven een vermoedelijk geboortejaar 1540. Als de leeftijd van Martini (90 jaar) in een resolutie van de Staten-Generaal van 2 december 1623 correct is, dan moet hij echter al omstreeks 1533 geboren zijn.
Overig: was griffier van Antwerpen 1563-1585 en burgemeester van Breda 1592-1596."		1	24.0	3.0
2805	3230	Aerssen	van	1.0	4.0	Jacques	0		Triangel		1576.0	0	1649.0	0	Persoonsgegevens: Nederland's Adelsboek geeft overlijdensdatum 9 april 1660, archief Raad van Brabant 1649.		1		
2806	3231	Hesselt van Dinther		1.0	4.0	Mattheus	0					0	1650.0	0			1	30.0	6.0
2807	3233	Beaumont	van	1.0	4.0	Aernout	0					0	1678.0	0	Overig: was voorafgaand aan het raadsheerschap van Raad van Brabant raad van de prins van Oranje.		1		
2808	3234	Schilder	de	1.0	4.0	Pieter jr.	0					0	1689.0	0	Persoonsgegevens: het archief van de Raad van Brabant geeft afwijkende overlijdensdatum 16 februari in plaats van 16 september 1689.		1	16.0	9.0
2809	3235	Wierts		1.0		Johan	0					0	1692.0	0			1		
2810	3236	Kann		1.0		Nicolaes	0				1638.0	0	1693.0	0	Overig: afkomstig uit Leeuwarden.		1	23.0	9.0
2811	3237	Laer	van	1.0	4.0	Willem	0					0	1799.0	0			1	9.0	12.0
2812	3238	Sweerts de Weert		1.0	4.0	Roelandt	0					0	1624.0	0	Persoonsgegevens: overleden tussen 9 en 18 februari 1624.		1		
2813	3239	Linden	van der	1.0		Pieter	0					0		0			1		
2814	3240	Cuick	van	1.0	4.0	Cornelis	0					0	1668.0	0			1		
2815	3241	Roscam		1.0		Johan	0					0	1669.0	0	Persoonsgegevens: overleden vóór 21 juli 1669.		1		
2816	3242	Vleugels		1.0	4.0	Diederik	0				1636.0	0	1717.0	0			1	1.0	5.0
2817	3243	Esch	van der	1.0	4.0	Willem	0				1713.0	0	1784.0	0			1	3.0	3.0
2818	3244	Martini		1.0	4.0	Ambrosius	0					0	1677.0	0	Persoonsgegevens: begraven 9 oktober 1677.		1		
2819	3245	Berlicum	van	1.0		Boudewijn	0					0		0			1		
2820	3246	Gillis		1.0		Pieter	0				1567.0	1	1633.0	0	Persoonsgegevens: geboortejaar mogelijk 1566.		1		
2821	3247	Gillis		1.0	4.0	Cornelis	0					0	1663.0	0			1	31.0	8.0
2822	3248	Haer	van der	1.0		Nicolaes	0					0		0			1		
2823	3250	Bruynincx		1.0		Nicolaas	0					0	1610.0	0	Overig: was lid van de raad van stadhouder Maurits.		1		
2824	3251	Pijl		1.0		Nicolaas	0					0	1619.0	0	Overig: was curator van het sterfhuis van Willem van Oranje.		1	2.0	12.0
2825	3252	Francken		1.0	4.0	Cornelis	0					0	1614.0	0			1		
2826	3253	Loon	van	1.0		Gijsbrecht	0					0	1629.0	0			1		
2827	3254	Boudaens	de	1.0		Balthazar	0					0	1642.0	0			1		
2828	3255	Martini		1.0	4.0	Octavianus	0				1594.0	0		0	Persoonsgegevens: overleden tussen 5 november 1655 en 18 maart 1658.		1		
2829	3257	Born	van	1.0	4.0	Pieter	0					0	1632.0	0			1		
2830	3258	Staes		1.0	4.0	Pieter	0					0	1627.0	0			1		
2831	3260	Middelgeest	van	1.0	4.0	Simon	0				1586.0	1		0			1		
2832	3262	Doornick	van	1.0		Anthony	1	Jonkheer				0	1626.0	0	Persoonsgegevens: overleden tussen 4 en 14 juni 1626.		1		6.0
2833	3263	Ripperda		1.0		Herman	1		Holwierde	Uitwierde, Delfzijl		0	1623.0	0	Persoonsgegevens: de specifieke datum van overlijden berust op een handmatige toevoeging in het gebruikte exemplaar van Mensema.		1	6.0	2.0
2834	3264	Haersolte tot Haerst	van	1.0		Sweder	1				1582.0	0	1643.0	0	Persoonsgegevens: overleden tussen 3 en 13 oktober 1643.		1		10.0
2835	3265	Mulert tot de Leemcule		1.0		Boldewijn Jacob	1				1613.0	0	1667.0	0			1	29.0	6.0
2836	3266	Pallandt tot Oosterveen	van	1.0		Elbert Anthony	1				1637.0	0	1701.0	0	"Ridderschap: werd lid van de Ridderschap van Drenthe in 1686.
Buitenlandse adelstitels: baron des Heiligen Roomse Rijk."		1	5.0	3.0
2837	3267	Oer tot Buckhorst	van	1.0		Lambert Berend	1		Zalk		1609.0	0	1672.0	0	Overig: K. Schilder, Anthony van Mierlo’s register van Overijsselse ambtenaren (Kampen 1984) geeft voor Staten-Generaal 1668-1672 'Lambert Borchard van Oer' en voor Admiraliteit Amsterdam 1648-1651 'Lambert Bernhard van Oer'. Het gaat echter om dezelfde persoon.		1		6.0
2838	3268	Welvelde tot Arendshorst	van	1.0		Borchard Joost	1		Zalk		1642.0	0	1710.0	0			1	16.0	9.0
2839	3269	Bentinck tot Werkeren		1.0		Hendrik	1				1635.0	0	1692.0	0	"Persoonsgegevens: Overijsselse Historische Bijdragen geeft 1640 als geboortejaar, Mensema 1635. Het laatste is het meest waarschijnlijk gezien het jaar van verschrijving in de Ridderschap van Overijssel.
Overig: was drost van Salland 1675-1692."		1		
2840	3270	Uterwyck tot Alerdink	van	1.0		Jan Godfried	1				1640.0	0	1719.0	0			1	28.0	5.0
2841	3271	Rechteren tot Rechteren	van	4.0		Joachim Hendrik Adolf	1				1687.0	0	1719.0	0			1	5.0	3.0
2842	3272	Broeckhuysen tot de Grote Wede	van	1.0		Wolter Jan	1				1676.0	0	1732.0	0			1	22.0	7.0
2843	3273	Bentinck tot Hagmeule		1.0		Wolf	1				1682.0	0	1726.0	0			1	16.0	4.0
2844	3274	Welvelde tot Luttenberg	van	1.0		Jan Zeger	1				1689.0	0	1750.0	0			1	24.0	11.0
2845	3275	Rechteren tot Gramsbergen	van	1.0		Reinhard Burchard Rutger	1		Gramsbergen		1702.0	0	1780.0	0	Buitenlandse adelstitels: graaf des Heiligen Roomse Rijk.		1	23.0	1.0
2846	3276	Bentinck tot Nijenhuis		3.0		Charles Jean	1				1708.0	0	1779.0	0			1	9.0	3.0
2847	3277	Pallandt tot Oosterveen	van	1.0		August Leopold	1				1701.0	0	1779.0	0	Buitenlandse adelstitels: baron des Heiligen Roomse Rijk.		1	23.0	11.0
2848	3278	Pallandt tot Glinthuis	van	1.0		Gijsbert Jan	1				1734.0	0	1805.0	0	Buitenlandse adelstitels: baron des Heiligen Roomse Rijk.		1	2.0	2.0
2849	3279	Voorst tot Bergentheim	van	3.0		Gerrit Helmich	1				1694.0	0	1778.0	0			1	23.0	12.0
2850	3281	Scherff		1.0	4.0	Herman	0					0	1606.0	0			1	6.0	12.0
2851	3282	Roeck		1.0		Otto	0					0	1609.0	0	"Persoonsgegevens: De Nederlandsche Leeuw 1927 geeft overlijdensdatum 12, idem 1967 17 of 18 oktober.
Overig: compareerde op 15 november 1599 ter Staten-Generaal met machtiging van Staten van Overijssel om een tijd lang ter vergadering te resideren (Resolutiën der Staten-Generaal 10 (1598-1599), bewerkt door N. Japikse (Den Haag 1930) 385. Opgevat als extraordinaris zitting en derhalve niet bij zijn functies opgenomen."		1		10.0
2852	3283	Stikke		1.0		Derck	0					0	1619.0	1			1		
2853	3284	Steegeman		1.0		Marten	0					0	1616.0	1	Persoonsgegevens: volgens een handmatige toevoeging in het exemplaar van Van Doorninck, berustend in de Koninklijke Bibliotheek te Den Haag (signatuur ACU 493) overleden 22 augustus 1617. De tekst zelf geeft 1616. Steegeman komt in 1617 in ieder geval niet meer voor onder de schepenen en raden van Deventer.		1		
2854	3286	Boeckholt	van	1.0	4.0	Nicolaes sr.	0				1588.0	0	1624.0	0			1	5.0	10.0
2855	3287	Lulofs		1.0		Johan	0					0	1638.0	0	Persoonsgegevens: jaar van overlijden niet als zodanig in Van Doorninck, wel de opmerking dat zijn zoon hem na overlijden opvolgt in zijn provinciale lenen op 14 november 1638. Combinatie met het verdwijnen van Lulofs uit de lijst van schepenen en raden van Deventer en zijn opvolging in Gedeputeerde Staten van Overijssel in 1639, maakt het waarschijnlijk dat hij in 1638 is overleden.		1		
2856	3288	Verwer		1.0		Thomas	0					0		0			1		
2857	3289	Marienburgh		1.0	4.0	Wilhelm	0				1590.0	0	1648.0	0			1	9.0	2.0
2858	3290	Donckel		1.0		Gerhardt	0				1589.0	0	1651.0	0			1	30.0	12.0
2859	3291	Beecke tot Doornick en Krijtenberg	van der	1.0		Johan	0				1611.0	0	1660.0	0			1	5.0	6.0
2860	3292	Schriek	van	1.0	4.0	Jan	0				1610.0	0		0			1		
2861	3293	Borch	ter	1.0	4.0	Henrick	0				1634.0	0	1680.0	0			1		
2862	3294	Hogers		1.0	4.0	Gosen	0				1636.0	0	1676.0	0			1		
2863	3295	Cuper		1.0		Gisbert	0				1644.0	0	1716.0	0			1	22.0	11.0
2864	3296	Lemker		1.0	4.0	Arent	0				1662.0	0	1716.0	0			1		
2865	3297	Nilant		1.0	4.0	Gerhard	0				1657.0	0	1713.0	0	Persoonsgegevens: zowel Van Doorninck als Nederland's Patriciaat noemt meerdere personen met deze naam die in dezelfde periode leefden. Omdat in Nederland's Patriciaat slechts bij één van deze personen de functie van raad van Deventer is vermeld, is aangenomen dat hij ook gedeputeerde ter Staten-Generaal was.		1	15.0	7.0
2866	3298	Rouse		1.0	4.0	Everhard	0				1662.0	0	1728.0	0			1	19.0	3.0
2867	3299	Brink	ten	1.0	3.0	Jacob	0				1690.0	0	1757.0	0			1	10.0	9.0
2868	3300	Jacobson		1.0	4.0	Gerhard Joan	0				1689.0	1	1771.0	0			1	13.0	10.0
2869	3301	Suchtelen	van	1.0		Joan	0				1668.0	1		0	Persoonsgegevens: waarschijnlijk overleden in 1744, gezien zijn verdwijnen van de lijst van schepenen en raden van Deventer.		1		
2870	3302	Persoon		1.0	4.0	Anthonij Joan	0				1700.0	1	1763.0	0			1	11.0	11.0
2871	3303	Jordens		1.0	4.0	Rudolf	0				1671.0	0	1748.0	0	Overig: Overijsselse Historische Bijdragen noemt nog zitting in de Admiraliteit van Amsterdam. Deze functie hoort echter bij George Jordens. Aldaar ook nog gedeputeerde ter Staten-Generaal 1744, welke functie K. Schilder, Anthony van Mierlo's register van Overijsselse ambtenaren (Kampen 1984) niet noemt.		1		10.0
2872	3304	Fockink		1.0	4.0	Jacob Joan	0				1717.0	0	1789.0	0			1	15.0	3.0
2873	3305	Schepper	de	1.0	4.0	Sibrand	0				1721.0	0	1787.0	0			1	14.0	10.0
2874	3306	Suchtelen	van	1.0	4.0	Gerhard Gijsbert Joan	0				1722.0	0	1788.0	0	Persoonsgegevens: naamswijziging 'Gerhard Joan' in 'Gerhard Gijsbert Joan' op last van de magistraat van Deventer 22 september 1769.		1	29.0	5.0
2875	3307	Bouwer		1.0	4.0	Hendrik Frederik	0				1730.0	1	1780.0	0			1	22.0	1.0
2876	3308	Dapper		1.0	4.0	Gerhard	0				1695.0	0	1766.0	0			1	26.0	9.0
2877	3309	Eekhout		1.0	4.0	Wijer Antonij	0				1723.0	0	1801.0	0			1	16.0	11.0
2878	3310	Duren	van	1.0	4.0	Damian	0				1719.0	0	1777.0	0			1	22.0	4.0
2879	3312	Scheele tot Weleveld		1.0		Sweder	1				1569.0	0	1639.0	0	Overig: werd in 1600 door de Staten van Overijssel gecommitteerd als gedeputeerde ter Staten-Generaal, maar compareerde niet (Resolutiën der Staten-Generaal 11 (1600-1601), bewerkt door N. Japikse (Den Haag 1941) 4, noot 5).		1	28.0	5.0
2880	3313	Ittersum tot Nijenhuis	van	1.0		Ernst	1				1563.0	0	1611.0	0			1	11.0	9.0
2881	3315	Marck	van der	1.0		Edzard	1					0	1658.0	0			1	29.0	10.0
2882	3317	Ripperda tot Boxbergen		1.0		Willem	1				1600.0	1	1669.0	0	Persoonsgegevens: kort voor 12 september 1669 overleden.		1		9.0
2883	3319	Coeverden tot Stoevelaar	van	1.0		Jacob	1				1628.0	1	1707.0	0	Persoonsgegevens: Raad van State 450 jaar geeft geboortejaar 1627, Mensema 1628.		1	4.0	6.0
2884	3320	Rechteren tot Almelo	van	1.0		Adolf Hendrik	1		Almelo	Vriezenveen	1656.0	0	1741.0	0	"Persoonsgegevens: Overijsselse Historische Bijdragen geeft geboortejaar 1657, Mensema 1656.
Buitenlandse adelstitels: graaf des Heiligen Roomse Rijk. 25 oktober 1705.
Heerlijkheden/adellijke huizen: verwerving 1674."		1	15.0	3.0
2885	3321	Mulert tot Baeckenhagen		1.0		Johan Ludolf	1				1654.0	0	1705.0	0			1	14.0	12.0
2886	3322	Ittersum tot Oosterhof	van	1.0		Ernst Hendrik	1				1669.0	0	1733.0	0			1	25.0	4.0
2887	3323	Sloet tot Warmelo		1.0		Johan Albert Gabriel	1				1677.0	0	1754.0	0			1	30.0	4.0
2888	3324	Haersolte tot Oldenhof	van	1.0		Wolter Jan	1				1690.0	0	1746.0	0			1	11.0	1.0
2889	3325	Heerdt tot Eversberg	van	1.0		Robert Frederik	1				1698.0	0	1755.0	0			1	26.0	1.0
2890	3326	Heiden tot Ootmarsum	van	1.0		Fredrik Johan Sigismund	1				1696.0	0	1769.0	0	Buitenlandse adelstitels: baron des Heiligen Roomse Rijk.		1	14.0	1.0
2891	3327	Sloet tot Warmelo		3.0		Arend	1				1708.0	0	1771.0	0			1	18.0	2.0
2892	3330	Hambroeck tot Arendshorst	van	3.0		Robert Hendrik	1		Weleveld		1708.0	0	1789.0	0			1	17.0	9.0
2893	3331	Dedem van Gelder	van	9.0		Frederik Gijsbert	1	Jonkheer	Gelder		1743.0	0	1820.0	0	Adelstitel: Comte (1811).		1	3.0	3.0
2894	3335	Witte		1.0		Johan	0				1558.0	0	1615.0	0	Overig: volgens Raad van State 450 jaar. Repertorium ('s-Gravenhage 1983) 121, ook gecommitteerde in de Generaliteits-Rekenkamer, maar dat wordt door andere bronnen niet bevestigd.		1	23.0	11.0
2895	3336	Kempe		1.0		Abel Hillebrandsz.	0					0	1614.0	0	Overig: was volgens Schilder in 1592 gedeputeerde ter Staten-Generaal, maar dat wordt door andere bronnen niet bevestigd.		1		
2896	3337	Clant		1.0		Alard	0				1555.0	1	1620.0	0			1	19.0	3.0
2897	3338	Gansneb genaamd Tengnagel		1.0		Reinier	1					0	1632.0	0			1		
2898	3339	Berchorst	ter	1.0		Casper	0				1576.0	1		0			1		
2899	3340	Albertsz.		1.0		Marten	0					0	1635.0	0			1		
2900	3341	Ruitenberg	van	1.0		Arend	0				1588.0	1	1645.0	0	Persoonsgegevens: Van Doorninck geeft afwijkende overlijdensdatum 30 in plaats van 31 maart 1647.		1	31.0	3.0
2901	3342	Hell	van der	1.0		Albert	1					0	1649.0	0	Persoonsgegevens: begraven 5 november 1649.		1		
2902	3343	Sloet		1.0		Arend	1				1590.0	0	1644.0	0			1		
2903	3344	Santen	van	1.0		Gerrit	0					0	1647.0	0			1		
2904	3345	Langen	van	1.0		Roelof	0				1620.0	0	1666.0	0	Persoonsgegevens: Van Doorninck geeft november als maand van overlijden in plaats van september.		1		9.0
2905	3346	Benthem	van	1.0	4.0	Everwijn	0				1620.0	0	1671.0	0			1		2.0
2906	3347	Gansneb genaamd Tengnagel		1.0		Reinier	1				1624.0	0	1678.0	0			1		
2907	3348	Santen	van	1.0		Daniel	0				1628.0	0	1676.0	0			1		
2908	3349	Ram		1.0	3.0	Everhard	0				1614.0	0	1681.0	0			1		
2909	3350	Lemker		1.0	4.0	Caspar Hendrik	0				1656.0	0	1707.0	0	Persoonsgegevens: Schilder geeft afwijkende overlijdensdatum 30 in plaats van 31 januari.		1	31.0	1.0
2910	3351	Benthem	van	1.0	4.0	Anthony	0				1653.0	0	1703.0	0			1	19.0	11.0
2911	3352	Beeldsnijder Steenbergen		1.0	4.0	Johan	0				1674.0	0	1747.0	0	Persoonsgegevens: Schilder geeft afwijkend jaar van overlijden 1747.		1	17.0	11.0
2912	3353	Eeckhout		1.0		Antoni	0				1659.0	0	1727.0	0			1	16.0	6.0
2913	3354	Daendels		1.0	4.0	Luier Egbert	0				1706.0	0	1780.0	0			1	21.0	9.0
2914	3355	Ekkelboom		1.0		Quirinus	0				1683.0	0	1763.0	0	Persoonsgegevens: begraven 29 januari.		1		1.0
2915	3356	Knuth	van	3.0		Willem Frederik	1				1715.0	0	1794.0	0			1	26.0	8.0
2916	3357	Eeckhout		1.0	3.0	Henrick	0				1709.0	0	1764.0	1			1		
2917	3358	Vestrinck		1.0	4.0	Abraham	0				1717.0	0	1793.0	0	Persoonsgegevens: begraven 18 juni 1793.		1		6.0
2918	3359	Lemker van Breda	van	1.0		Johan	0				1717.0	0	1813.0	0			1	3.0	6.0
2919	3360	Valencijn		1.0		Martinus	0					0	1785.0	0			1	14.0	2.0
2920	3361	Ingen	van	1.0	4.0	Pelgrim	0				1712.0	0	1779.0	0	Persoonsgegevens: begraven 17 december 1779.		1		12.0
2921	3362	Oever	ten	1.0	4.0	Arnold Hendrik	0					0	1783.0	0			1	16.0	8.0
2922	3363	Sloet		1.0		Johan (de jonge)	1				1550.0	0	1611.0	0			1	21.0	11.0
2923	3364	Hagen		1.0		Hendrik	1					0	1626.0	0			1	17.0	12.0
2924	3365	Sloet tot Oldhuis		1.0		Volkier	1				1563.0	0	1627.0	0			1		
2925	3366	Sloet tot Slotenhagen		1.0		Boldewijn	1				1588.0	0	1650.0	1	Persoonsgegevens: overleden tussen 11 september 1649 en 3 juni 1650.		1		
2926	3367	Uterwyck tot Cannevelt	van	1.0		Siso	1					0	1644.0	0			1		
2927	3368	Sloet tot Oldhuis		1.0		Barthold	1				1605.0	1	1639.0	0			1		
2928	3369	Isselmuden tot Rollecate	van	1.0		Johan	1				1610.0	0	1671.0	0			1	10.0	11.0
2929	3370	Sloet tot Oldenhof en Singraven		1.0		Gerhard	1				1606.0	1	1681.0	0			1	12.0	11.0
2930	3371	Isselmuden tot Zwollingerkamp	van	1.0		Hendrik	1				1682.0	0	1751.0	0			1	27.0	5.0
2931	3372	Haersolte tot Toutenburg	van	1.0		Rutger jr.	1				1705.0	0	1786.0	0			1	28.0	7.0
2932	3373	Vos van Steenwijk tot Nijerwal	de	1.0		Jan Arend Godert	1				1713.0	0	1779.0	0			1	17.0	6.0
2933	3374	Sloet tot Lindenhorst en Slotenhagen		3.0		Boldewijn	1				1716.0	0	1758.0	0			1	20.0	11.0
2934	3375	Isselmuden tot Paaslo	van	3.0		Hendrik	1				1719.0	0	1774.0	0			1	24.0	11.0
2935	3376	Sloet tot de Hare		3.0		Roelof	1				1717.0	0	1790.0	0	Persoonsgegevens: begraven 14 januari 1790.		1		
2936	3377	Borch	ter	1.0		Gerard	0					0		0			1		
2937	3378	Haersolte	van	1.0		Herman	1					0	1623.0	0			1		
2938	3379	Lawick	van	1.0		Arent	0					0	1606.0	0			1		
2939	3380	Gerritsz.		1.0		Arent	0					0	1620.0	0			1		
2940	3381	Kuilen	ter	1.0		Hendrik	0					0	1650.0	0	Persoonsgegevens: begraven 12 mei 1650.		1		
2941	3383	Raesvelt	van	1.0		Reinier	0					0	1654.0	0			1		
2942	3384	Nykerke		1.0		Derk	0					0	1665.0	0	Persoonsgegevens: begraven 9 juni 1665.		1		
2943	3385	Crans		1.0		Peter Roelofsz.	0					0	1648.0	0	Persoonsgegevens: overleden tussen 8 en 18 november.		1		11.0
2944	3386	Holt		1.0		Berend	0					0		0			1		
2945	3387	Wolfsen		1.0	4.0	Henricus	0				1616.0	0	1684.0	0			1	9.0	9.0
2946	3388	Crans		1.0		Werner	0				1622.0	0	1672.0	0			1	15.0	9.0
2947	3389	Royer		1.0	4.0	Willem	0				1606.0	0	1676.0	0	Raad: Overijsselse Historische Bijdragen geeft eindjaar 1676, Streng 1674. Aangezien beide werken van de hand van dezelfde auteur zijn, en het laatstgenoemde van recenter datum is, is aangenomen dat het daar vermelde jaar juist is.		1		
2948	3391	Roelinck		1.0		Herman Jan	0				1658.0	0	1706.0	0			1		3.0
2949	3392	Huete		1.0		Theodorus	0					0	1712.0	0			1	9.0	1.0
2950	3393	Mensinck		1.0		Hendrik	0					0	1717.0	0	Persoonsgegevens: begraven 20 december 1717.		1		12.0
2951	3394	Marle	van	1.0		Egbert	0				1664.0	0		0			1		
2952	3395	Meeuwsen		1.0	4.0	Jan Helmig	0				1674.0	0	1717.0	0			1		7.0
2953	3396	Greven		1.0		Albert sr.	0					0	1733.0	0	Persoonsgegevens: begraven 3 juli 1733.		1		
2954	3397	Queisen		1.0	4.0	Theodorus	0				1662.0	0	1738.0	0			1		
2955	3398	Vriesen		1.0		Jacob	0				1684.0	0		0			1		
2956	3399	Scriverius		1.0		Joan	0				1686.0	0	1758.0	0			1	10.0	12.0
2957	3400	Laer	van	1.0	4.0	Johan	0				1683.0	0	1762.0	0			1	13.0	9.0
2958	3401	Meeuwsen		1.0		Willem	0				1672.0	1	1752.0	0			1		
2959	3402	Westenberg		1.0		Joan	0				1694.0	1	1746.0	0			1		10.0
2960	3403	Meeuwsen		1.0	4.0	Herman Roelof	0					0	1770.0	0			1	11.0	9.0
2961	3404	Greven		1.0	4.0	Herman Jan	0				1719.0	1	1784.0	0	Persoonsgegevens: begraven 27 december 1784.		1		12.0
2962	3405	Scriverius		1.0	4.0	Egbert	0				1712.0	1	1799.0	0			1	9.0	1.0
2963	3406	Rouse		1.0	4.0	Lucas Gijsbert	0				1728.0	0	1797.0	0			1	3.0	11.0
2964	3407	Crans		1.0	4.0	Hendrik	0					0	1791.0	0	Persoonsgegevens: was nog minderjarig in 1738.		1	13.0	5.0
2965	3408	Queisen		1.0	4.0	Herman	0				1733.0	0	1776.0	0			1	2.0	2.0
2966	3409	Golts		1.0	4.0	Pieter Theodoor	0					0	1778.0	0			1	12.0	10.0
2967	3410	Muiden		1.0		Albert Jan	0				1734.0	1	1782.0	0			1	26.0	10.0
2968	3412	Ittersum tot Oosterhof	van	3.0		Willem	1				1707.0	0	1779.0	0			1	4.0	6.0
2969	3413	Voorst tot Bergentheim	van	3.0		Derk Frederik	1				1730.0	0	1796.0	0	Overig: Mensema geeft zittingen in de Generaliteits-Rekenkamer 1783-1784 en 1789-1790, maar verwart deze met de zittingen in Gedeputeerde Staten van Overijssel.		1	7.0	7.0
2970	3414	Voorst tot Borgel	van	3.0		Marius Anthony Carel	1				1733.0	0	1811.0	0			1	1.0	2.0
2971	3415	Sloet		3.0		Floris Willem	1		Warmelo	Kersbergen	1753.0	0	1838.0	0	Binnenlandse adelstitels: predicaat 1814, titel 1819.		1	30.0	1.0
2972	3416	Bentinck tot Diepenheim		3.0		Derk	1		Diepenheim		1741.0	0	1813.0	0			1	4.0	1.0
2973	3417	Sloet				Robbert Adolf Borchard Jan	1	Jonkheer			1746.0	0	1816.0	0	Binnenlandse adelstitels: predicaat 1814. Was tijdens de periode van de Republiek baron.		1	13.0	11.0
2974	3419	Sloet tot Tweenijenhuizen		3.0		Arend	1				1722.0	0	1786.0	0			1	25.0	5.0
2975	3421	Dedem tot Rollecate	van	3.0		Coenraad Willem	1				1738.0	0	1816.0	0			1	29.0	11.0
2976	3422	Suchtelen	van	1.0	4.0	Abraham Hendrik	0				1737.0	0	1813.0	0			1	21.0	11.0
2977	3423	Jacobson		1.0	4.0	Joan	0				1751.0	0	1825.0	0			1	27.0	1.0
2978	3424	Knuth	van	3.0		Johan Anton	1				1759.0	0	1793.0	0	"Persoonsgegevens: begraven 1 oktober 1793. 
Raad: ontslagen 1787."		1		9.0
2979	3426	Marle	van	1.0	4.0	Gerard Willem	0				1752.0	0	1799.0	0			1	31.0	5.0
2980	3427	Hanselaar		1.0		Johan	0				1736.0	0	1819.0	0			1	21.0	3.0
2981	3428	Clooster tot de Grote Weede	van den	1.0		Roelof	1					0	1638.0	0			1	31.0	10.0
2982	3429	Bevervoorde tot Oldemeule	van	1.0		Nicolaas Christoffel	1				1596.0	0	1678.0	0			1	2.0	1.0
2983	3431	Haersolte tot Haerst	van	1.0		Rutger	1				1607.0	0	1674.0	0			1	21.0	12.0
2984	3432	Ripperda tot Weldam		1.0		Johan	1				1610.0	1	1653.0	0			1	30.0	9.0
2985	3433	Schaep tot den Dam		1.0		Hendrik	1				1597.0	0	1665.0	0			1	5.0	2.0
2986	3434	Mulert tot Baeckenhagen		1.0		Johan	1				1610.0	0	1673.0	0	Persoonsgegevens: Overijsselse Historische Bijdragen geeft jaar van overlijden 1672, Mensema 1673.		1	15.0	4.0
2987	3435	Raesfelt tot de Eze	van	1.0		Hendrik	1				1627.0	0	1678.0	0			1	14.0	10.0
2988	3436	Uterwyck tot Heemse	van	1.0		Peter	1				1611.0	0	1683.0	0	Persoonsgegevens: Overijsselse Historische Bijdragen geeft jaar van overlijden 1684, Mensema 1683. Kort voor 6 september overleden.		1		
2989	3437	Ittersum tot de Oosterhof	van	1.0		Ernst	1				1632.0	0	1672.0	0			1	22.0	12.0
2990	3438	Heerdt tot Eversberg	van	1.0		Robert	1				1628.0	0	1671.0	0			1	8.0	2.0
2991	3439	Isselmuden tot Rollecate	van	1.0		Jan Alfert	1				1635.0	0	1674.0	0	Persoonsgegevens: Overijsselse Historische Bijdragen geeft geboortejaar 1636, Mensema 1635.		1		4.0
2992	3440	Sloet tot Slotenhagen		1.0		Coenraad Willem	1				1630.0	1	1677.0	0			1		10.0
2993	3441	Keppel tot Campherbeeck	van	1.0		Derk Ludolf	1				1644.0	0	1686.0	0			1	18.0	2.0
2994	3442	Haersolte tot Elsen	van	1.0		Anthony	1				1640.0	0	1701.0	0	Persoonsgegevens: Overijsselse Historische Bijdragen geeft geboortejaar 1637, Mensema 1640.		1	30.0	6.0
2995	3443	Gansneb genaamd Tengnagel tot Marxveld		1.0		Lodewijk	1				1622.0	0	1680.0	0	Persoonsgegevens: Overijsselse Historische Bijdragen geeft geboortejaar 1623, Mensema 1622. Overlijden mogelijk op 9 januari.		1	8.0	1.0
2996	3444	Steenwijk tot Bonkenhave	van	1.0		Johan	1				1629.0	1	1681.0	0			1	14.0	1.0
2997	3445	Lawick tot Benthuis	van der	1.0		Arend Coenraad	1				1646.0	0	1707.0	0			1	7.0	6.0
2998	3446	Echten tot Relaer	van	1.0		Gerrit	1					0	1719.0	0			1	24.0	2.0
2999	3447	Sloet tot Oldhuis		1.0		Barthold Maurits	1				1659.0	0	1700.0	0			1	19.0	2.0
3000	3448	Rhemen tot Remenshuizen	van	1.0		Steven Unico	1				1645.0	0	1719.0	0	Persoonsgegevens: begraven 19 oktober 1719.		1		10.0
3001	3453	Sloet tot Oldenhof		1.0		Gerrit	1				1638.0	0	1722.0	0	Ridderschap: Overijsselse Historische Bijdragen geeft aanvangsjaar 1664, Mensema 1662.		1	27.0	7.0
3002	3455	Sloet tot Nijerwal		1.0		Arend	1				1583.0	1	1656.0	0	Overig: Mensema schrijft hem ten onrechte ook de functie van Gedeputeerde ter Staten-Generaal 1630-1637 toe, die echter bij Barthold Sloet (1605-1639, eveneens in deze database) hoort.		1		
3003	3456	Coeverden tot Rhaen	van	1.0		Johan Borchard	1				1643.0	0	1721.0	0			1	17.0	4.0
3004	3457	Bevervoorde tot Oldemeule		1.0		Joost Christoffel	1				1638.0	1	1700.0	0	Persoonsgegevens: Overijsselse Historische Bijdragen geeft geboortejaar 1639, Mensema 1638.		1	1.0	1.0
3005	3458	Bellinchave tot Bellinkhof	van	1.0		Otto Adolf	1					0	1722.0	0			1		
3006	3459	Sloet tot Tweenijenhuizen		1.0		Arend	1				1660.0	0	1706.0	0	Overig: werd op 6 maart 1706 door de Staten van Overijssel benoemd in Gedeputeerde Staten van Overijssel, maar overleed waarschijnlijk vóór sessiename.		1	16.0	4.0
3007	3460	Sloet tot Slotenhagen en Lindenhorst		1.0		Boldewijn	1				1660.0	0	1721.0	0			1	8.0	4.0
3008	3461	Haersolte tot Haerst	van	1.0		Anthony Adolf	1				1671.0	0	1722.0	0			1	6.0	10.0
3009	3462	Coeverden tot Wegdam	van	1.0		Johan Heidenrijk	1				1660.0	0	1722.0	0			1	17.0	6.0
3010	3463	Sloet tot Borgbeuningen		1.0		Timon	1				1667.0	0	1743.0	0			1	8.0	11.0
3011	3464	Sloet tot de Hare		1.0		Lodewijk Arend	1				1688.0	0	1720.0	0			1	24.0	2.0
3012	3465	Rhemen tot Rhemenshuizen	van	1.0		Gerrit Jan	1				1682.0	0	1748.0	0			1	15.0	11.0
3013	3466	Haeften tot Grote Wede	van	1.0		Willem	1				1690.0	0	1730.0	0			1	12.0	7.0
3014	3467	Blanckvoort tot Pothof		1.0		Gerhard Jacob	1				1685.0	0	1722.0	0			1	11.0	2.0
3015	3468	Dedem tot de Berg	van	1.0		Gijsbert Willem	1				1697.0	0	1762.0	0			1	18.0	6.0
3016	3469	Keppel tot Hengelo		3.0		Georg Borchard Ludolf Unico	1		Udink			0	1756.0	0	Persoonsgegevens: bij Mensema ontbreekt de voornaam 'Ludolf' en de titel 'baron'.		1	10.0	5.0
3017	3470	Sloet tot Marxveld		1.0		Gijsbert Frederik	1				1666.0	0	1757.0	0			1	8.0	2.0
3018	3471	Bentinck tot Wittenstein		1.0		Willem Hendrik	1				1705.0	0	1754.0	0			1	19.0	4.0
3019	3472	Coeverden tot Rande	van	1.0		Christoffel Daniel	1				1695.0	0	1765.0	0			1	8.0	6.0
3020	3473	Coeverden tot Wegdam	van	1.0		Arend Daniel	1				1697.0	0	1748.0	0			1	22.0	3.0
3021	3474	Bellinchave tot Bellinkhof	van	1.0		Godert Hendrik	1					0	1746.0	0			1	11.0	4.0
3022	3475	Rhemen tot Rhemenshuizen	van	1.0		Gerrit Jan	1				1713.0	0	1787.0	0			1	25.0	9.0
3023	3476	Raesfelt tot de Pol	van	1.0		Adolf Otto	1				1696.0	0	1769.0	0			1	18.0	4.0
3024	3477	Dedem tot de Gelder		1.0		Anthony	1				1715.0	0	1770.0	0			1	26.0	5.0
3025	3478	Clooster tot Everlo	van den	1.0		Edzard Rudolf	1				1716.0	0		0	Persoonsgegevens: overleden na 31 maart 1761.		1		
3026	3479	Sloet tot Singraven		1.0		Anthon Barthold	1				1710.0	0	1774.0	0			1	28.0	1.0
3027	3480	Munchausen tot Oldemeule	van	1.0		Georg Jacob	1				1719.0	0	1756.0	0			1	27.0	5.0
3028	3481	Heerdt tot Eversberg		1.0		Johan Adriaan	1				1728.0	0	1766.0	0			1	17.0	2.0
3029	3482	Rechteren tot Mennigjeshave	van	1.0		Joachim Philip Adolf	1				1715.0	0	1796.0	0			1	17.0	8.0
3030	3483	Voorst tot Hagenvoorde	van	1.0		Derk Christoffel	1				1718.0	0	1782.0	0			1	12.0	8.0
3031	3484	Sloet tot Everlo		1.0		Reint Jan	1				1722.0	0	1796.0	0			1	5.0	5.0
3032	3485	Sloet tot Plattenburg		1.0		Lodewijk Arend	1				1720.0	0	1800.0	0			1	1.0	1.0
3033	3486	Heiden Hompesch tot Ootmarsum	van	1.0		Anne Willem Karel	1				1755.0	0	1807.0	0	Buitenlandse adelstitels: graaf des Heiligen Roomse Rijk.		1	5.0	6.0
3034	3487	Vos van Steenwijk tot Nijerwal	de	1.0	4.0	Joan Arend	1	Jonkheer	Nijerwal	Oldenhof	1746.0	0	1813.0	0			1	8.0	3.0
3035	3488	Sloet tot Oldhuis		3.0		Ludolf Everhardus Wilhelm Sophonius	1				1750.0	0	1819.0	0			1	22.0	11.0
3036	3489	Rechteren tot Mennigjeshave	van	1.0		Frederik Hendrik	1	Jonkheer			1759.0	0	1839.0	0			1	5.0	2.0
3037	3491	Doorninck	van	1.0		Damian Joan	0				1739.0	1	1787.0	0			1	9.0	12.0
3038	3492	Schepper	de	1.0		Barthold	0				1762.0	0	1805.0	0			1	28.0	9.0
3039	3493	Bentinck tot Werkeren		1.0		Hendrik	1				1563.0	0	1639.0	0	Persoonsgegevens: overleden tussen 1 en 11 september 1639.		1		9.0
3040	3494	Raesfelt tot Twickel	van	1.0		Johan	1					0	1648.0	0			1	28.0	2.0
3041	3495	Haersolte tot Kranenburg	van	1.0		Rutger	1					0	1673.0	0	Persoonsgegevens: Raad van State 450 jaar. Repertorium ('s-Gravenhage 1983) geeft geboortejaar 1608 en overlijdensdatum 21 december 1674, maar verwart hem kennelijk met naamgenoot Rutger van Haersolte tot Haerst (elders in deze database, aldaar het geboortejaar niet 1608 maar 1607).		1		5.0
3042	3496	Raesfelt tot Twickel	van	1.0		Adolf Hendrik	1				1612.0	0	1682.0	0	Persoonsgegevens: Overijsselse Historische Bijdragen geeft afwijkend geboortejaar 1625, waarschijnlijk afgeleid van Nieuw Nederlandsch Biografisch Woordenboek. Dat jaar is onwaarschijnlijk, gezien het jaar van verschrijving in de Ridderschap van Overijssel.		1	30.0	6.0
3043	3497	Sloet tot Oldhuis		1.0		Volkier	1				1634.0	0	1669.0	0	Persoonsgegevens: Overijsselse Historische Bijdragen geeft geboortejaar 1635, Mensema 1634.		1		
3044	3498	Gansneb genaamd Tengnagel tot Bonkenhave		1.0		Herman Otto	1				1659.0	0	1733.0	0			1	25.0	11.0
3045	3499	Voorst tot Bergentheim	van	1.0		Christoffel Aemilius	1				1690.0	0	1774.0	0			1	11.0	8.0
3046	3500	Gansneb genaamd Tengnagel tot Luttenberg		1.0		Borchard Herman	1				1731.0	0	1787.0	0			1	25.0	2.0
3047	3501	Rhemen	van	3.0	4.0	Wilt Gerrit Jan	1		Rhemenshuizen	Gelderse Toren	1757.0	0	1827.0	0	"Binnenlandse adelstitels: predicaat 1814, titel 1819.
Buitenlandse adelstitels: baron (Empire) 1813."		1	7.0	4.0
3048	3502	Isselmuden	van	3.0		Roelof Hendrik	1				1752.0	0	1834.0	0	Adelstitels: predicaat 1814, titel 1822.		1	3.0	6.0
3049	3503	Keppel tot Dingshof	van	1.0		Hendrik	1					0		0	Persoonsgegevens: overleden vóór 8 maart 1616.		1		
3050	3504	Ripperda tot Weldam		1.0		Unico	1					0	1636.0	0			1	25.0	12.0
3051	3505	Isselmuden	van	1.0		Roelof	1					0	1625.0	0			1	2.0	9.0
3052	3506	Echten tot Oldruitenborgh	van	1.0		Evert	1				1612.0	0	1672.0	0			1		
3053	3507	Raesfelt tot Schulenborg	van	1.0		Wennemar	1				1630.0	0	1677.0	0			1	16.0	2.0
3054	3508	Bentinck tot Schoonheten		1.0		Eusebius Borchard	1				1643.0	0	1710.0	0			1	25.0	10.0
3055	3509	Clooster tot Everlo	van den	1.0		Roelof	1					0	1698.0	0			1	9.0	9.0
3056	3510	Ripperda tot Weldam		1.0		Unico	1				1647.0	0	1709.0	0			1	22.0	4.0
3057	3511	Broeckhuysen tot de Doorn	van	1.0		Willem	1				1623.0	0	1705.0	0	Persoonsgegevens: Overijsselse Historische Bijdragen geeft geboortejaar 1622, Mensema 1623.		1		
3058	3512	Bentinck tot Diepenheim		1.0		Willem	1				1673.0	0	1747.0	0			1	4.0	6.0
3059	3513	Keppel tot Stoevelaar	van	3.0		Johan Philips Christoffel	1				1685.0	0	1741.0	0			1	30.0	3.0
3060	3514	Blanckvoort tot Benthuis		1.0		Willem Frederik	1				1687.0	0	1732.0	0			1	31.0	5.0
3061	3515	Gansneb genaamd Tengnagel tot Oldhuis		1.0		Reinier Adriaan	1				1696.0	0	1750.0	0			1	17.0	11.0
3062	3516	Rechteren tot de Eze		1.0		Jan Willem Reinhard	1				1696.0	0	1731.0	0			1	7.0	2.0
3063	3517	Huffel tot Beerse	van	1.0		Carl Philip Crafft	1				1687.0	0	1743.0	0			1	12.0	8.0
3064	3518	Bentinck tot Diepenheim		1.0		Eusebius Willem	1				1710.0	0	1756.0	0			1	25.0	12.0
3065	3519	Gansneb genaamd Tengnagel tot Hogehuis		1.0		Lodewijk Arend	1				1700.0	0	1750.0	0			1	22.0	1.0
3066	3520	Mulert		1.0		Jan Arnold Ludolf	1		Bakenhagen	half Hengelo, Mallum, Odink, Oldenbarnsfeld, Keppels		0	1786.0	0	"Persoonsgegevens: Mensema geeft voornamen 'Jan Adolf Ludolf'.
Heerlijkheden/adellijke huizen: verwerving Bakenhagen 1752, half Hengelo 1763."		1		2.0
3067	3521	Rechteren tot Borgbeuningen	van	1.0		Christiaan Albrecht	1				1748.0	0	1801.0	0	Buitenlandse adelstitels: graaf des Heiligen Roomse Rijk.		1	12.0	2.0
3068	3522	Heerdt	van	4.0		Thimon Cornelis	1				1761.0	0	1844.0	0	Adelstitel: predicaat 1814, titel 1815.		1	28.0	1.0
3069	3523	Dorre		1.0		Johan	0				1547.0	0	1599.0	0			1		
3070	3525	Vriesen		1.0		Lucas	0				1605.0	0	1661.0	0			1		5.0
3071	3526	Gansneb genaamd Tengnagel		1.0		Johan	1					0	1676.0	0	"Binnenlandse adelstitels: was volgens Raad van State 450 jaar. Repertorium ('s-Gravenhage 1983) 142 baron.
Ridderschap: was volgens idem lid van de Ridderschap van Overijssel. Als zodanig echter niet in Mensema, A.J., De ridderschap van Overijssel 1460-1795 (Zwolle 1993), en ook erg onwaarschijnlijk gezien zijn zitting in de raad van Kampen."		1		
3072	3527	Cuper van Holthuysen		1.0	4.0	François	0				1636.0	0	1726.0	0	Persoonsgegevens: Raad van State 450 jr. geeft afwijkend geboortejaar 1637.		1	8.0	10.0
3073	3528	Vriesen		1.0	4.0	Willem	0				1660.0	0	1733.0	0			1		
3074	3529	Nilant		1.0	4.0	Hendrik	0				1650.0	0	1700.0	0			1		
3075	3530	Daendels		1.0	4.0	Gerhard David	0				1664.0	0	1738.0	0	Persoonsgegevens: overleden na 4 september 1738.		1		
3076	3531	Ingen	van	1.0		Jurrien	0				1647.0	0	1713.0	0			1		
3077	3532	Bannier		1.0		Assuerus	0				1690.0	0	1758.0	0			1	23.0	2.0
3078	3533	Meier		1.0		Gerard	0					0	1772.0	0	Persoonsgegevens: begraven 17 oktober 1772.		1		10.0
3079	3534	Sabé		1.0		Rogier	0				1680.0	1	1745.0	0			1		10.0
3080	3535	Bols		1.0	4.0	Lucas	0					0	1779.0	0	Persoonsgegevens: begraven 20 oktober.		1		10.0
3081	3536	Nilant		1.0	4.0	Lambertus	0				1728.0	0	1778.0	0			1	26.0	10.0
3082	3537	Hardenberg	van	1.0		Lubbert	0				1574.0	1	1638.0	0			1		
3083	3538	Kuerbeecke	van der	1.0		Ernst	0				1581.0	0	1658.0	0			1		
3084	3539	Voorne		1.0		Gerhard	0				1626.0	0	1696.0	0	Persoonsgegevens: begraven 17 oktober 1696.		1		10.0
3085	3540	Berchorst	ter	1.0		Barthold	0					0	1700.0	0	Persoonsgegevens: begraven 25 september.		1		9.0
3086	3541	Wetering	van der	1.0		Petrus	0					0		0	Persoonsgegevens: overleden vóór 5 augustus 1732.		1		
3087	3543	Ridder		1.0		Johan Hendrik	0				1680.0	1	1736.0	0			1	13.0	9.0
3088	3544	Steenbergen		1.0		Johan	0				1657.0	0	1737.0	0	Persoonsgegevens: geboortejaar niet geheel zeker (zie Van Doorninck). Van Doorninck geeft jaar van overlijden 1757, Schilder 1737.		1		7.0
3089	3545	Bruinier		1.0		Giliam	0				1691.0	0	1764.0	0			1	28.0	9.0
3090	3546	Hemert	van	1.0		Reinder Willem	0				1711.0	0	1779.0	0			1	11.0	9.0
3091	3547	Sabé		1.0	4.0	Pieter Everhard	0				1710.0	0	1785.0	0			1	3.0	8.0
3092	3548	Heimenberg	van	1.0	3.0	Petrus Diederikus	0				1737.0	0	1806.0	0			1	24.0	5.0
3093	3549	Bondam		1.0	4.0	Gerard	0				1754.0	0	1825.0	0			1	29.0	11.0
3094	3550	Optenoort		1.0		Jan Gijsbert Reinder	0				1732.0	0	1787.0	0			1	10.0	4.0
3095	3551	Wicherlinck		1.0		Johan	0					0	1648.0	0			1		
3096	3552	Dedem	van	1.0		Gijsbert	0				1612.0	0	1672.0	0			1		
3097	3553	Nilant		1.0		Coenraad	0				1612.0	0	1672.0	0			1		
3098	3554	Vriesen		1.0		Timan	0				1644.0	0	1680.0	0			1		11.0
3099	3555	Ittersum	van	1.0		Gijsbert	0				1628.0	0	1699.0	0			1		
3100	3556	Assinck		1.0	4.0	Albert	0				1662.0	0	1726.0	0	Persoonsgegevens: volgens Caspar van Heel, 400 jaar gedeputeerde staten van Overijssel (Zwolle 1993) 54, eindigde de zitting van Assinck in Gedeputeerde Staten van Overijssel op 25 augustus 1726. Van Doorninck en Algemeen Nederlandsch Familieblad geven echter overlijdensdatum 23 augustus.		1		8.0
3101	3557	Crans		1.0		Joan	0				1682.0	0	1737.0	0			1	25.0	2.0
3102	3558	Voet		1.0		Bernard	0					0	1765.0	0	Persoonsgegevens: begraven 28 december 1765.		1		12.0
3103	3559	Sonsbeeck	van	1.0		Rudolf	0				1694.0	0	1759.0	0			1		10.0
3104	3560	Muntz		1.0		Balthazar	0					0	1769.0	0			1	28.0	9.0
3105	3561	Royer		1.0		Willem	0				1741.0	0	1814.0	0			1	9.0	9.0
3106	3562	Ravensteyn		1.0	4.0	Hendrik Willem	0				1731.0	0	1808.0	0			1	4.0	3.0
3107	3563	Rouse		1.0		Evert	0					0	1645.0	1			1		
3108	3564	Boeckholt	van	1.0		Adriaen	0				1583.0	0	1660.0	0			1		
3109	3565	Niland		1.0	4.0	Henrick	0				1609.0	0	1684.0	0			1	25.0	12.0
3110	3566	Suchtelen	van	1.0		Abraham	0				1600.0	1	1661.0	0	Raad: Overijsselse Historische Bijdragen geeft eindjaar 1659.		1		
3111	3567	Steenbergen	van	1.0		Roeloff	0				1619.0	0	1680.0	0			1	24.0	10.0
3112	3568	Niland		1.0	4.0	Willem	0				1628.0	0	1701.0	0			1	21.0	1.0
3113	3569	Marienburgh		1.0	4.0	Willem	0				1634.0	0	1711.0	0			1	14.0	10.0
3114	3570	Sloot		1.0		Herman Jan	0				1629.0	0	1722.0	0	Persoonsgegevens: Overijsselse Historische Bijdragen geeft onjuist 'Herman van Sloot'.		1		
3115	3571	Boeckholt	van	1.0	4.0	Joan	0				1661.0	0	1716.0	0			1		
3116	3572	Nilant		1.0	4.0	Lambertus	0				1670.0	0	1749.0	0	Persoonsgegevens: begraven 29 januari 1749.		1		1.0
3117	3573	Bruins		1.0	4.0	Gerhard	0					0		0			1		
3118	3574	Fockinck		1.0		Joost	0					0	1739.0	0			1	26.0	3.0
3119	3575	Jordens		1.0	4.0	Gijsbert Thijmen	0				1695.0	1	1756.0	0			1	4.0	10.0
3120	3577	Podt		1.0	4.0	Hendrik	0				1675.0	1	1752.0	0			1	14.0	12.0
3121	3579	Duikink		1.0	4.0	Hendrik	0					0	1781.0	0	Persoonsgegevens: Dumbar vermeldt Duikink nog in 1782 onder de schepenen van Deventer, maar waarschijnlijk is hij overleden vóór 7 december 1781.		1		
3122	3580	Hagedoorn		1.0	4.0	Hendrik Hendriksz.	0				1712.0	0	1773.0	0	Persoonsgegevens: in Van Doorninck twee gelijknamige personen, de een met leefjaren 1724-1795, de ander 1712-1773. Op grond van de overeenkomst tussen het overlijdensjaar en het eindjaar in de raad van Deventer moet het hier de laatste betreffen.		1		
3123	3581	Bosc de la Calmette		1.0	4.0	Jan Lodewijck	0				1733.0	0	1806.0	0			1		
3124	3582	Jordens		1.0	4.0	Hendrik Gerhard	0				1713.0	1	1781.0	0			1	1.0	7.0
3125	3583	Weerts		1.0	4.0	Arnold Jacob	0				1740.0	0	1828.0	0			1	19.0	6.0
3126	3584	Putman		1.0		Everhard Herman	0				1740.0	0	1801.0	0	"Raad: intrede na 1786, want niet in de lijst van G. Dumbar, Kerkelyk en wereltlyk Deventer 2 (Deventer 1788) 187-193.
Overig: was volgens de lijst van Schilder (zie institutionele toelichting) ook lid van de Generaliteits-Rekenkamer vanaf 1 mei 1794, voor een jaar. Dit wordt echter door andere bronnen niet bevestigd."		1		
3127	3585	Menninck		1.0	4.0	Gerhard Anton	0				1712.0	0	1796.0	0			1	8.0	8.0
3128	3586	Rhemen	van	1.0	4.0	Steven	1				1565.0	0	1644.0	0			1	15.0	4.0
3129	3587	Voorst tot Hagenvoorde	van	1.0		Hiddo	1				1603.0	0	1660.0	0			1	16.0	2.0
3130	3588	Sloet		1.0		Thomas Borchart	1				1615.0	0	1659.0	0			1		
3131	3589	Schuurman		1.0		Peter	0					0	1647.0	0			1		
3132	3591	Claasz.		1.0		Engbert	0				1550.0	1	1637.0	0	Persoonsgegevens: begraven 12 maart 1637.		1		
3133	3592	Marckel	van	1.0		Henrick	0					0	1632.0	0	Persoonsgegevens: overleden kort voor 21 november 1632.		1		11.0
3134	3593	Vene		1.0		Jan Jacobsz.	0					0		0			1		
3135	3594	Lawick	van	1.0		Thomas	0					0	1660.0	0			1	28.0	7.0
3136	3595	Hemert	van	1.0		Gijsbert	0				1590.0	0	1656.0	0	Raad: Dumbar geeft aanvang 1635, Mensema 1636.		1	19.0	12.0
3137	3596	Eeckhout		1.0		Johan Roelofsz.	0				1594.0	0	1665.0	0			1	18.0	10.0
3138	3597	Greven		1.0		Willem	0				1607.0	0	1667.0	0	Persoonsgegevens: begraven 23 april 1667.		1		4.0
3139	3598	Vrieze		1.0		Heiman Willemsz.	0					0	1687.0	0	Persoonsgegevens: lijkt identiek te zijn aan de persoon genoemd in J. van Doorninck, Geslachtkundige aanteekeningen ten aanzien van de gecommitteerden ten landdage van Overijssel zedert 1610-1794 met eenige berigten omtrent de voormalige havezathen in dat gewest (Deventer 1869) 513, maar het patroniem luidt daar 'Hermansz.'		1		
3140	3599	Vos		1.0	4.0	Cornelis	0				1623.0	0	1684.0	0			1		1.0
3141	3600	Vollenhove		1.0		Bernhard	0				1633.0	0	1694.0	0			1		
3142	3602	Greven		1.0		Egbert Albert	0				1607.0	0	1687.0	0	Raad: Streng geeft zowel 1648 als 1668 als aanvangsjaar.		1		
3143	3603	Louwerman		1.0	4.0	Albert	0				1633.0	0	1689.0	0			1		
3144	3604	Suchtelen	van	1.0		Gerard	0				1640.0	0	1722.0	0			1		
3145	3605	Romunde	van	1.0		Diederik	0				1635.0	0	1702.0	0	Persoonsgegevens: Van Doorninck geeft overlijden in juli, Schilder begraafdatum 23 juni 1702.		1		
3146	3606	Jordens		1.0		Georg	0				1667.0	0	1736.0	0			1	28.0	10.0
3147	3607	Romunde	van	1.0		Erasmus	0					0	1749.0	0			1	9.0	4.0
3148	3608	Linde	van der	1.0		Gosuinus	0				1688.0	0	1742.0	0	Persoonsgegevens: geboortejaar onzeker (zie Van Doorninck). begraven 20 november 1742.		1		11.0
3149	3609	Marle	van	1.0		Berend	0					0		0			1		
3150	3611	Suchtelen	van	1.0		Arnold	0				1698.0	0	1768.0	0			1	29.0	3.0
3151	3612	Stennekes		1.0		Dirk	0					0	1775.0	0			1	16.0	8.0
3152	3614	Weerts		1.0	4.0	Johan	0				1704.0	0	1775.0	0			1	22.0	4.0
3153	3615	Sloet tot Lindenhorst		1.0	4.0	Coenraad Willem	1				1743.0	0	1809.0	0			1	14.0	12.0
3154	3616	Coops		1.0		Altetus	0					0	1778.0	0	Persoonsgegevens: Nationaal Archief, archief Staten-Generaal, inv. nr. 12291, commissieboek 1772-1778, f. 157 geeft 'Albertus' als voornaam. Overleden tussen 7 april (Van Doorninck) en 2 september (commissie van Coops' opvolger in de Admiraliteit in het Noorderkwartier).		1		
3155	3617	Podt		1.0		Gerrit Albert	0					0	1783.0	0	Persoonsgegevens: begraven 16 september 1783.		1		9.0
3156	3618	Eekhout		1.0	4.0	Evert Jan	0				1746.0	0	1802.0	0			1		
3157	3619	Quadacker		1.0	7.0	Lambert	0				1607.0	0	1660.0	0			1		
3158	3620	Eeckhout		1.0		Peter	0				1617.0	0	1697.0	0	Persoonsgegevens: begraven 19 augustus 1697.		1		8.0
3159	3621	Wicherlinck		1.0	3.0	Johan	0				1663.0	0	1702.0	0			1		
3160	3622	Erckelens		1.0		Goossen	0					0		0			1		
3161	3623	Queisen		1.0		Hendrik	0					0	1717.0	0			1		
3162	3624	Eeckhout		1.0		Hendrik	0				1649.0	0	1728.0	0	Persoonsgegevens: begraven 31 maart 1728.		1		3.0
3163	3625	Marienburgh		1.0	4.0	Gerhard	0				1666.0	0	1732.0	0	Persoonsgegevens: hoewel De Nederlandsche Leeuw jaar van overlijden 1733 geeft, is 1732 zoals in Schilder en Van Doorninck waarschijnlijker, gezien de aanvangsdatum van opvolger Van Suchtelen als gecommitteerde in de Admiraliteit op de Maze (22 november 1732).		1	26.0	10.0
3164	3626	Heiden tot den Dam	van	1.0		Alexander Karel	1				1709.0	0	1776.0	0	Buitenlandse adelstitels: graaf des Heiligen Roomse Rijk.		1	20.0	2.0
3165	3627	Blanckvoort tot Benthuis		1.0		Johan Gerhard	1				1730.0	0	1759.0	0			1	11.0	9.0
3166	3628	Sloet tot Cannevelt		1.0		Edzard Rudolf	1					0	1774.0	0			1	25.0	5.0
3167	3629	Dumbar		1.0	4.0	Hendrik Willem	0				1720.0	0	1778.0	0			1		
3168	3630	Sonsbeeck	van	1.0	3.0	Rudolf	0				1726.0	0	1795.0	0			1		
3169	3631	Ittersum tot Nijenhuis	van	1.0		Ernst	1					0	1651.0	0			1		
3170	3632	Coeverden tot Wegdam	van	1.0		Wolter	1				1613.0	0	1684.0	0	"Persoonsgegevens: overleden kort vóór 29 december. 
Overig: volgens Van Heel lid van Gedeputeerde Staten van Overijssel 1662, maar dat was naamgenoot Wolter van Coeverden tot Scherpenzeel (overleden 1674, elders in deze database)."		1		12.0
3171	3633	Schaep tot Windesheim		1.0		Reinier	1				1630.0	0	1681.0	0	Persoonsgegevens: Overijsselse Historische Bijdragen geeft jaar van overlijden 1680, Mensema 1681. Overleden vóór 18 maart 1681.		1		
3172	3634	Schele tot Venebrugge		1.0		Karel Otto	1				1635.0	0	1675.0	0			1	15.0	9.0
3173	3635	Grubbe tot Mennigjeshave		1.0		Herman Johan	1					0	1680.0	0			1	14.0	7.0
3174	3636	Wylich tot Oldenhof	von	1.0		Diederich	1				1642.0	0	1718.0	0			1	9.0	2.0
3175	3637	Sloet tot Westerholt		1.0		Jan Adriaan	1				1692.0	0	1750.0	0			1	27.0	7.0
3176	3638	Bentinck tot Schoonheten		1.0		Berend Hendrik	1				1703.0	0	1773.0	0			1	19.0	2.0
3177	3639	Rechteren tot Almelo	van	1.0		Adolf Philip Zeiger	1				1699.0	0	1771.0	0	Buitenlandse adelstitels: graaf des Heiligen Roomse Rijk.		1	4.0	11.0
3178	3640	Rechteren tot Noorddeurningen	van	1.0		Johan Reinhard Borchard Rudolf	1				1725.0	0	1783.0	0	Buitenlandse adelstitels: graaf des Heiligen Roomse Rijk.		1	13.0	5.0
3179	3641	Schepper	IJssel de	1.0	4.0	Bartold Jan	0				1752.0	1	1803.0	0			1		
3180	3642	Nessink		1.0		Willem Jan	0				1731.0	0	1812.0	0			1	18.0	10.0
3181	3643	Lambertsz.		1.0		Roelof	0				1550.0	0	1612.0	0	Persoonsgegevens: nazaten noemen zich Eeckhout. Wapenheraut geeft afwijkend jaar van overlijden 1611.		1	17.0	6.0
3182	3644	Braeckel	van	1.0		Antony	0					0		0			1		
3183	3645	Rechteren tot Rechteren	van	1.0		Joachim Adolf	1				1627.0	0	1686.0	0	Persoonsgegevens: Overijsselse Historische Bijdragen geeft voornamen 'Johan Adolph'.		1	5.0	5.0
3184	3646	Crouse		1.0		Hendrik	0					0	1651.0	0			1	22.0	9.0
3185	3647	Rouse		1.0		Joan	0				1626.0	0	1666.0	0	Persoonsgegevens: het in Overijsselse Historische Bijdragen genoemde jaar van overlijden 1666 is wellicht onjuist; de reden van beëindiging van het raadslidschap van Zwolle en de zitting in de Admiraliteit van het Noorderkwartier was niet overlijden, maar benoeming tot ritmeester (Schilder).		1		
3186	3648	Hemert	van	1.0		Albert	0				1622.0	0	1672.0	0			1		
3187	3649	Keyser		1.0		Johan	0				1630.0	0	1686.0	0	Persoonsgegevens: Overijsselse Historische Bijdragen geeft onjuist jaar van overlijden 1672. Van Doorninck geeft overlijden 1687, Streng 1686.		1		
3188	3650	Sloet tot Plattenburg		1.0		Reint	1				1631.0	0	1700.0	0	Persoonsgegevens: Overijsselse Historische Bijdragen geeft geboortejaar 1630, Mensema 1631.		1	22.0	4.0
3189	3651	Borgerink		1.0		Herman	0				1633.0	0	1727.0	0	Persoonsgegevens: begraven 19 januari 1727.		1		1.0
3190	3652	Ingen	van	1.0		François	0				1639.0	0	1688.0	0			1		
3191	3653	Bellinchave tot Bellinkhof	van	1.0		Godert	1				1624.0	0	1695.0	0	Persoonsgegevens: Overijsselse Historische Bijdragen geeft geboortejaar 1633, Mensema 1624.		1		8.0
3192	3654	Holt		1.0		Herman sr.	0					0	1706.0	0			1		
3193	3655	Haersolte tot Herxen	van	1.0		Rutger	1				1642.0	0	1703.0	0	Persoonsgegevens: Overijsselse Historische Bijdragen geeft geboortejaar 1636, Mensema 1642.		1	22.0	12.0
3194	3656	Haersolte tot Egede	van	1.0		Rutger	1				1648.0	0	1713.0	0			1	14.0	8.0
3195	3657	Ridder		1.0		Rijk	0					0	1706.0	0			1	3.0	2.0
3196	3658	Isselmuden tot Rollecate	van	1.0		Jan	1				1676.0	0	1732.0	0			1	25.0	12.0
3197	3659	Haersolte tot Bredenhorst	van	1.0		Anthony Swier	1				1690.0	0	1733.0	0			1	4.0	5.0
3198	3660	Hoevel tot Nijenhuis	van	1.0		Roelof	1				1701.0	0	1765.0	0			1	4.0	5.0
3199	3661	Echten tot Plattenburg	van	1.0		Philip Gerrit	1				1701.0	0	1755.0	0			1	26.0	3.0
3200	3662	Echten tot Relaer	van	1.0		Jan Ernst	1				1699.0	0	1746.0	0			1	22.0	10.0
3201	3663	Wyck	van der	1.0		Derk	0					0	1751.0	0	Persoonsgegevens: Algemeen Nederlandsch Familieblad geeft jaar van overlijden 1750, Streng 1751.		1	30.0	3.0
3202	3664	Waterham		1.0		Caspar	0				1717.0	0	1762.0	0	Persoonsgegevens: geboortejaar onzeker (zie Van Doorninck).		1	20.0	7.0
3203	3665	Coeverden tot Wegdam	van	1.0		Johan Heidenrijk	1				1730.0	0	1789.0	0			1	1.0	7.0
3204	3666	Hoevel tot Nijenhuis	van	1.0		Diederik	1				1733.0	0	1788.0	0			1	4.0	1.0
3205	3667	Scriverius		1.0	4.0	Jan Antony	0				1719.0	0	1802.0	0			1	22.0	9.0
3206	3668	Feith		1.0	3.0	Rhijnvis	0					0	1772.0	0			1		7.0
3207	3669	Echten tot Arendshorst	van	1.0		Arend	1	Jonkheer			1733.0	0	1818.0	0			1	26.0	2.0
3208	3670	Gronden	van der	1.0		Johan Sarisz.	0					0	1633.0	0			1	22.0	6.0
3209	3671	Gansneb genaamd Tengnagel tot Bonkenhave		1.0	4.0	Anthony Swier	1	Jonkheer			1755.0	0	1815.0	0	Overig: volgens Mensema ook in Gedeputeerde Staten van Overijssel 1790-1792 en 1793-1794, maar dit wordt tegengesproken door Schilder en Van Heel, die deze termijnen bij vader Lambert Joost (1730-1804, elders in deze database) plaatsen (al duidt Schilder deze voor de termijn 1790-1792 aan als 'Z.J. Gansneb').		1	22.0	2.0
3210	3672	Gansneb genaamd Tengnagel tot Bonkenhave		1.0		Lambert Joost	1				1730.0	0	1804.0	0			1	24.0	12.0
3211	3673	Borgerink		1.0		Jan Eilard	0				1724.0	1	1799.0	0			1		
3212	3674	Hagedoorn		1.0		Hendrik Hendriksz.	0				1740.0	0	1796.0	0			1	10.0	12.0
3213	3675	Voorst tot Borgel	van	1.0		Willem Hendrik	1				1764.0	0	1809.0	0			1	10.0	7.0
3214	3676	Gansneb genaamd Tengnagel		3.0		Jacob Jan	1				1768.0	0	1836.0	0	Adelstitels: predicaat 1814, titel 1822.		1	10.0	3.0
3215	3677	Rengers tot de Berg		1.0		Seino	1					0	1645.0	0			1		
3216	3678	Rhijnvisch		1.0		Evert	0				1590.0	1	1652.0	1			1		
3217	3679	Campherbeek		1.0		Hendrik	0					0	1635.0	0			1		
3218	3680	Smitten	ter	1.0		Peter	0					0	1652.0	0	Raad: Overijsselse Historische Bijdragen geeft 1637-1646, Dumbar 1637-1645.		1		
3219	3681	Hoevel tot Nijenhuis	van	1.0		Rudolf	1				1624.0	0	1678.0	0	Ridderschap: Overijsselse Historische Bijdragen geeft aanvangsjaar 1648, Mensema 1649.		1	4.0	9.0
3220	3682	Vrieze		1.0		Dirk Hendriksz.	0					0		0			1		
3221	3683	Rhemen tot Rhemenshuizen	van	1.0		Steven Gerrit	1				1615.0	0	1676.0	0			1	26.0	9.0
3222	3684	Suchtelen	van	1.0		Jan	0				1632.0	0	1681.0	0			1		
3223	3685	Twickelo	van	1.0		Jan	0				1617.0	0	1688.0	0			1		
3224	3686	Vene	van den	1.0		Arend	0				1642.0	0	1685.0	0			1		
3225	3687	Sabé		1.0		Pieter	0				1642.0	0	1693.0	0			1		
3226	3688	Laer	van	1.0		Willem	0				1643.0	0	1702.0	0	Persoonsgegevens: Overijsselse Historische Bijdragen geeft afwijkend jaar van overlijden 1703.		1		
3227	3689	Markel	van	1.0		Henrick	0				1646.0	0	1702.0	0	Raad: Overijsselse Historische Bijdragen geeft aanvang 1691, Dumbar 1690.		1		
3228	3690	Marle	van	1.0		Reinier	0				1635.0	0	1711.0	0	Persoonsgegevens: overleden kort vóór 9 januari 1711.		1		1.0
3229	3691	Dedem tot de Gelder	van	1.0		Gijsbert	1				1686.0	0	1738.0	0			1	21.0	1.0
3230	3692	Tollius		1.0	4.0	Johan	0					0	1728.0	0			1	14.0	9.0
3231	3693	Roëll		1.0		Dionysius Andreas	0				1689.0	0	1733.0	0	Overig: was hoogleraar wijsbegeerte aan het Deventer Athenaeum.		1		
3232	3694	Dapper		1.0	4.0	Johan	0				1684.0	1	1767.0	0	Raad: Van Doorninck geeft aanvang 1722, Dumbar 1729.		1	30.0	7.0
3233	3695	Rechteren Limpurg tot Rechteren	van	1.0		Johan Everhard Adolf	1				1714.0	0	1754.0	0	Buitenlandse adelstitels: graaf des Heiligen Roomse Rijk.		1	25.0	3.0
3234	3696	Roelink		1.0	4.0	Harmen Jan	0					0	1766.0	0			1	4.0	5.0
3235	3697	Sprakel		1.0		Jacob	0					0		0			1		
3236	3698	Bentinck tot Werkeren		1.0		Coenraad Willem	1				1737.0	0	1800.0	0			1	10.0	12.0
3237	3700	Merwede	van de	1.0		Hendrik Lodewijk	0					0	1776.0	0			1	20.0	11.0
3238	3701	Duren	van	1.0	4.0	Joan Damian	0				1748.0	0	1838.0	0			1	15.0	1.0
3239	3702	Stennekes		1.0		Fokko Willem	0				1749.0	1	1808.0	0			1	5.0	11.0
3240	3703	Schultsz.		1.0		Barend Frederik	0				1737.0	1	1799.0	0			1	4.0	6.0
3241	3704	Ingen	van	1.0		Jan Otto	0				1747.0	0	1802.0	0			1		
3242	3705	Duren	van	1.0		Jan	0				1613.0	0	1687.0	0			1	30.0	4.0
3243	3706	Boetzelaer tot Toutenburg	van den	1.0		Willem Jurjen	1				1597.0	0	1652.0	0	Persoonsgegevens: Overijsselse Historische Bijdragen en Nieuw Nederlandsch Biografisch Woordenboek geven overlijden 1654, Mensema 1652. Gezien de opvolging van Willem door Joachim van den Boetzelaer als gecommitteerde in 1653, is 1652 waarschijnlijk juist.		1		
3244	3707	Voorst tot Hagenvoorde		1.0		Derk	1					0	1650.0	0			1	13.0	11.0
3245	3708	Ittersum tot Nijenhuis	van	1.0		Robert	1				1592.0	0	1636.0	0			1	3.0	4.0
3246	3709	Bentinck tot Werkeren		1.0		Wolf	1					0	1638.0	0			1	2.0	12.0
3247	3710	Haersolte tot Westerveld	van	1.0		Rutger	1					0	1666.0	0			1	11.0	4.0
3248	3711	Rechteren tot Verborg	van	1.0		Johan Willem	1				1658.0	0	1718.0	0			1	18.0	11.0
3249	3712	Coeverden tot Rhaan	van	1.0		Gosen Hendrik	1				1688.0	0	1749.0	0			1	15.0	5.0
3250	3713	Pallandt tot Zuthem	van	1.0		Adolf Warner	1				1727.0	0	1803.0	0	Buitenlandse adelstitels: baron des Heiligen Roomse Rijk.		1	23.0	2.0
3251	3714	Rechteren tot Gramsbergen	van	1.0		Jacob Godefroy	1	Jonkheer			1736.0	0	1831.0	0			1	27.0	7.0
3252	3715	Coeverden tot Rande	van	1.0	4.0	Johannes Wolter	1				1730.0	0	1779.0	0			1	3.0	10.0
3253	3716	Pallandt	van	3.0		Adolph Warner	1		Pallandt	Eerde	1745.0	0	1823.0	0	Binnelandse Adelstitels: predicaat 1814, titel 1818.		1	7.0	12.0
3254	3717	Bentinck tot Beverfeurde		3.0	4.0	Adolf Carel	1				1764.0	0	1837.0	0	"Persoonsgegevens: de identificatie van Adolf Carel Bentinck tot Beverfeurde met idem tot Nijenhuis volgt uit mededeling Mensema dat hij in ridderschap verschreven is namens Nijenhuis op 18 april 1792.
Adelstitel: baron bij Koninklijk Besluit 1819."		1	11.0	3.0
3255	3718	Voorst	van	1.0		Herman	1					0	1618.0	0			1		
3256	3720	Coeverden tot Stoevelaar	van	1.0		Borchard Amelis	1				1659.0	0	1710.0	0			1	24.0	10.0
3257	3721	Munchausen tot Oldemeule	von	1.0		Otto Georg	1				1659.0	0	1727.0	0			1	11.0	9.0
3258	3722	Munchausen tot Oldemeule	van	1.0		Johan Christoffel Ludolf	1					0	1745.0	0			1	9.0	4.0
3259	3723	Sloet tot Bellinkhof		1.0		Jan Zeger	1				1747.0	0	1804.0	0			1	14.0	1.0
3260	3724	Echten	van	1.0		Johan	1				1540.0	0	1619.0	0	Persoonsgegevens: overleden in maart-april 1619.		1		
3261	3725	Sloet		1.0		Coenraad	1				1552.0	1	1603.0	0	Persoonsgegevens: overleden kort vóór 21 oktober 1603.		1		10.0
3262	3726	Sloet tot Nijerwal		1.0		Roelof	1				1555.0	1	1628.0	0			1		
3263	3727	Sloet tot Cannevelt		1.0		Hendrik	1				1609.0	1	1673.0	0			1		
3264	3728	Sloet tot Tweenijenhuizen		1.0		Johan	1					0	1690.0	0			1		3.0
3265	3729	Isselmuden tot Rollecate	van	1.0		Hendrik	1				1647.0	0	1691.0	0			1	21.0	11.0
3266	3731	Vos van Steenwijk tot Nijerwal	de	1.0		Reint	1				1637.0	0	1705.0	0			1	24.0	11.0
3267	3732	Sloet tot Hagensdorp		1.0		Arend Herman	1				1661.0	0	1728.0	0			1	3.0	3.0
3268	3733	Isselmuden tot Rollecate	van	1.0		Hendrik	1				1705.0	0	1741.0	0			1	22.0	2.0
3269	3734	Gansneb genaamd Tengnagel tot Bonkenhave		1.0		Allard Johan	1				1692.0	0	1774.0	0			1	23.0	5.0
3270	3735	Sloet van Marxveld		3.0	4.0	Reint Wolter	1				1755.0	0	1842.0	0	"Persoonsgegevens: naamstoevoeging Van Marxveld 1785.
Binnenlandse adelstitels: predicaat 1814, titel 1819."		1	23.0	8.0
3271	3736	Sloet tot Tweenyenhuizen		3.0		Coenraad Willem	1		Nijenhuis	Bredenhorst	1767.0	0	1849.0	0	Binnenlandse adelstitels: predicaat 1814, titel 1819.		1	23.0	11.0
3272	3737	Winssem	van	1.0		Herman	0					0	1595.0	0	Overig: was hofmeester van de graaf van Nassau (waarschijnlijk Willem Lodewijk).		1	5.0	11.0
3273	3738	Augustinus		1.0		Coenraad	0					0	1607.0	1	"Persoonsgegevens: mogelijk overleden eind 1606.
Raad: mogelijk tot 1606."		1		
3274	3739	Beecke	van der	1.0		Herman	0				1579.0	0	1631.0	0			1	23.0	7.0
3275	3741	Nilant		1.0	4.0	Jellis	0				1596.0	0	1661.0	0			1		
3276	3742	Berdenis		1.0	4.0	Derk	0				1609.0	1	1667.0	0			1		
3277	3743	Lespierre	de	1.0	4.0	Bernhard	0				1624.0	0	1709.0	0	Persoonsgegevens: begraven 9 september 1709.		1		
3278	3745	Duren	van	1.0		Damiaan	0				1651.0	0	1729.0	0			1	18.0	5.0
3279	3746	Suchtelen	van	1.0		Johan	0				1732.0	1	1803.0	0			1	31.0	8.0
3280	3747	Hendriksz.		1.0		Christoffel	0				1561.0	1		0			1		
3281	3749	Vene		1.0		Jacob	0					0	1603.0	0			1	21.0	8.0
3282	3750	Hendriksz.		1.0		Wolf	0					0		0			1		
3283	3751	Ruitenberg	van	1.0		Steven	0				1546.0	1		0	Persoonsgegevens: overleden vóór 1 juli 1629.		1		
3284	3752	Hoff		1.0		Albert Johansz.	0				1565.0	0	1631.0	1	Persoonsgegevens: overlijden mogelijk in 1632.		1		
3285	3753	Moock		1.0		Peter Hendriksz.	0					0	1652.0	1			1		
3286	3754	Petersz.		1.0		Goert	0				1562.0	1	1629.0	0	Raad: mogelijk ook 1600-1601.		1		10.0
3287	3755	Louwensz.		1.0		Johan	0				1578.0	1		0			1		
3288	3756	Steenbergen		1.0		Teunis Roelofsz.	0				1585.0	1	1643.0	0			1		
3289	3757	Hoolboom		1.0		Reinier Johansz.	0					0	1658.0	0			1		
3290	3758	Witte		1.0		Arend	0				1598.0	0	1654.0	0			1	7.0	6.0
3291	3759	Voorne		1.0		Hendrik	0					0	1660.0	0			1		
3292	3760	Stuurman		1.0	4.0	Hendrik Crachtsz.	0					0		0	Persoonsgegevens: overleden tussen 25 april 1672 en 24 februari 1674.		1		
3293	3761	Steenbergen		1.0		Roelof	0					0		0			1		
3294	3762	Gansneb genaamd Tengnagel		1.0		Otto	1					0		0	Persoonsgegevens: overleden vóór 11 november 1687.		1		
3295	3763	Santen	van	1.0		Gerhard Willem	0				1655.0	1	1705.0	0	Persoonsgegevens: begraven 3 juli 1705.		1		
3296	3764	Merwede	van de	1.0		Adriaan Willem	1	Jonkheer			1655.0	0	1740.0	0	Persoonsgegevens: begraven 4 april 1740.		1		
3297	3765	Gansneb genaamd Tengnagel		1.0		Wolter Herman	1				1676.0	0	1715.0	0	Persoonsgegevens: begraven 30 september 1715.		1		9.0
3298	3766	Herweijer		1.0		Aper	0					1	1727.0	0			1	15.0	9.0
3299	3767	Lulofsz.		1.0		Hendrik	0					0	1719.0	0	Persoonsgegevens: begraven 27 maart 1719.		1		3.0
3300	3768	Marle	van	1.0		Berend	0				1682.0	0	1767.0	0			1	21.0	12.0
3301	3769	Welberg	ter	1.0	4.0	Johan	0					0	1753.0	0	Persoonsgegevens: begraven 21 mei 1753.		1		5.0
3302	3770	Krof		1.0		Claas	0				1676.0	1	1757.0	0	Persoonsgegevens: begraven 27 december 1757.		1		12.0
3303	3771	Optenoort		1.0	4.0	Joost Jan	0				1764.0	0	1830.0	0			1	22.0	7.0
3304	3772	Ittersum	van	1.0		Wolf	0					0	1637.0	0			1		
3305	3773	Jellissen		1.0		Jan	0					0	1617.0	0			1		
3306	3774	Tongeren	van	1.0		Jan	0					0	1631.0	0			1		
3307	3775	Hardenstein		1.0		Pelgrim	0					0	1624.0	0			1		
3308	3776	Brandenborch		1.0		Gerrit	0					0	1629.0	0	Persoonsgegevens: Van Doorninck geeft jaar van overlijden 1628, Streng 1629.		1		
3309	3777	Haersolte	van	1.0		Johan Arentsz.	1				1578.0	1	1635.0	0			1		
3310	3778	Beecke	van der	1.0		Robert	0					0	1665.0	0			1		
3311	3779	Ewolts		1.0		Herman	0					0	1647.0	0			1	1.0	2.0
3312	3780	Nuis		1.0		Otto Albertsz.	0					0	1649.0	0			1	10.0	2.0
3313	3781	Rouse		1.0		Henrik	0					0	1650.0	0			1	10.0	12.0
3314	3782	Putten	van	1.0		Peter	0					0	1679.0	0			1		
3315	3783	Golts		1.0		Jan Gerritsz.	0					0	1658.0	0			1	1.0	9.0
3316	3784	Meeuwsen		1.0		Herman	0				1622.0	0	1699.0	0			1	14.0	6.0
3317	3785	Queisen		1.0		Herman	0				1630.0	0	1693.0	0			1		
3318	3786	Soury		1.0		Peter	0					0	1695.0	0			1		5.0
3319	3787	Royer		1.0		Hendrik	0				1653.0	1	1731.0	0			1	31.0	5.0
3320	3788	Vriesen		1.0		Diederik	0					0		0			1		
3321	3789	Greven		1.0		Albert	0					0	1718.0	0	Persoonsgegevens: begraven 30 augustus 1718.		1		8.0
3322	3790	Muiden	van	1.0		Joan	0				1652.0	1	1722.0	0			1		4.0
3323	3791	Rijssen	van	1.0	3.0	Bernard	0					0	1740.0	0			1		5.0
3324	3792	Tobias		1.0		Herman	0				1663.0	0	1724.0	0			1		
3325	3793	Greven		1.0		Arnold	0					0	1743.0	0			1		
3326	3794	Gelderman		1.0		Arnold	0				1677.0	0	1757.0	0	Persoonsgegevens: begraven 14 december 1757.		1		
3327	3795	Molkenbour		1.0		Gerard	0				1661.0	0	1740.0	0	Persoonsgegevens: begraven 25 mei 1740.		1		5.0
3328	3796	Sprakel		1.0		Christoffel	0				1682.0	0	1728.0	0	Persoonsgegevens: begraven 21 mei 1728.		1		5.0
3329	3797	Berg		1.0		Willem	0				1678.0	0	1763.0	0			1		
3330	3798	Greven		1.0		Willem Albert	0					0	1746.0	0			1	9.0	1.0
3331	3799	Golts		1.0		Joan	0					0	1742.0	0	Persoonsgegevens: begraven 29 januari 1742.		1		1.0
3332	3800	Marienburgh		1.0		Engelbert	0				1692.0	0	1769.0	0	Persoonsgegevens: begraven 22 juli 1769.		1		7.0
3333	3802	Thomassen à Thuessink		1.0	4.0	David	0				1734.0	0	1817.0	0			1		
3334	3803	Metelerkamp		1.0	4.0	Jan Jacob	0				1749.0	0	1831.0	0			1	17.0	4.0
3335	3804	Wicherlinck		1.0	4.0	Willem Hendrik	0				1728.0	0	1808.0	0			1		
3336	3805	Wyck	van der	1.0		Johan Derk	0				1740.0	0	1796.0	0			1		
3337	3806	Gronden	van der	1.0	4.0	Willem Steven	0				1758.0	0	1832.0	0			1	25.0	12.0
3338	3807	Rechteren	van	1.0		Zeger	1		Rechteren	Bredenhorst		0	1604.0	0	"Persoonsgegevens: Nederland's Adelsboek en Nederlandsche Leeuw geven 1603 als jaar van overlijden, Mensema 1604.
Heerlijkheden/adellijke huizen: verwerving Rechteren 1596.
Overleden kort vóór 15 oktober 1604."		1		
3339	3808	Hoevell	van	1.0		Roelof	1					0	1614.0	0			1	20.0	12.0
3340	3809	Voorst tot Hagenvoorde		1.0		Hiddo van	1					0	1584.0	0			1		
3341	3810	Beeck	van der	1.0		Jan	0					0	1610.0	0			1	10.0	2.0
3342	3811	Gansneb genaamd Tengnagel		1.0	3.0	Otto	1					0	1584.0	0			1	22.0	22.0
3343	3812	Kuilen	ter	1.0	3.0	Lambert	0					0	1592.0	0			1		
3344	3813	Basters		1.0		Derk	0					0	1584.0	0			1		
3345	3814	Ittersum	van	1.0		Berend	0					0	1610.0	0	Persoonsgegevens: was in 1573 nog minderjarig.		1		
3346	3815	Roelinck		1.0		Dirck	0					0	1608.0	0			1		
3347	3816	Doornebos		1.0		Derk	0					0		0			1		
3348	3818	Voet		1.0		Berend	0					0		0			1		
3349	3819	Roelinck		1.0		Herman	0					0	1652.0	0	Persoonsgegevens: Bloys van Treslong Prins geeft afwijkende overlijdensdatum 20 februari 1652 in plaats van september.		1		9.0
3350	3820	Roelinck		1.0		Diderik	0					0		0			1		
3351	3821	Holt		1.0		Joannes	0					0		0			1		
3352	3822	Breda	van	1.0		Rutger	0					0	1693.0	0	Overig: was secretaris van Kampen.		1	19.0	1.0
3353	3823	Jordens		1.0		Hendrik	0				1663.0	0	1715.0	0	Persoonsgegevens: de leefjaren zijn niet geheel zeker bij de griffier van Gedeputeerde Staten van Overijssel. Daarbij geven Nederlandsche Leeuw 47 (1929) 124 en Nederland's Patriciaat 52 (1966) 217 leefjaren 1667-1716 voor dezelfde persoon die Lindeman noemt.		1		
3354	3824	Rouse		1.0	4.0	Joan	0				1683.0	0	1762.0	0			1		1.0
3355	3825	Dumbar		1.0	4.0	Derk	0				1713.0	0	1789.0	0	Persoonsgegevens: Schilder geeft afwijkende overlijdensdatum 14 in plaats van 18 december.		1	18.0	12.0
3356	3826	Tydeman		1.0	4.0	Meinard	0				1741.0	0	1825.0	0			1		
3357	3830	Buteux		1.0	3.0	Pieter	0				1702.0	0	1762.0	0			1		
3358	3831	Citters	van	1.0	4.0	Willem	0				1751.0	0	1803.0	0			1		
3359	3832	Mogge van Renesse		1.0	4.0	Pieter	0				1698.0	0	1756.0	0			1	6.0	11.0
3360	3833	Cau		1.0	4.0	Iman	0				1716.0	0	1801.0	0			1		
3361	3834	Bout		1.0	4.0	Pieter	0				1693.0	0	1778.0	0			1		
3362	3835	Lynden van Blitterswijk	van	3.0		Adriaan Jacob	1				1733.0	0	1759.0	0			1	6.0	12.0
3363	3836	Verelst		1.0		Johan Louis jr.	0				1740.0	0	1761.0	0	Overig: was pensionaris van Goes.		1	16.0	9.0
3364	3837	Lynden	van	3.0		Derk Wolter	1		Hoevelaken		1733.0	0	1770.0	0	"Ridderschap: op eigen verzoek ontslagen 19 november 1766 met behoud van rang bij readmissie.
Heerlijkheden/adellijke huizen: verwerving 1765."		1	5.0	7.0
3365	3839	Borssele	van	1.0		Willem Zelandus	1	Jonkheer			1757.0	0	1837.0	0	Persoonsgegevens: het adeldom van de familie werd betwist (Wikipedia, 'Van der Hooghe van Borssele' (geraadpleegd 4 oktober 2023).		1	8.0	1.0
3366	3840	Brakell		3.0		Philip Jacob	1				1734.0	0	1808.0	0			1		
3367	3841	Campen	van	1.0		Silvester	0				1554.0	0		0	Overig: was pensionaris van Goes.		1		
3368	3842	Cruiningen	van	1.0		Maximiliaan	1		Kruiningen	Heenvliet, Haamstede, Westerschouwen	1555.0	0	1612.0	0			1		
3369	3843	Soete de Laecke van Haultain	de	1.0		Philips	1	Jonkheer				0	1625.0	0			1	15.0	11.0
3370	3844	Schotte		1.0	4.0	Simon	0					0	1645.0	0	Overig: was tweede secretaris van Middelburg 1599, eerste secretaris 1611.		1	1.0	8.0
3371	3845	Berchem	van	1.0		Jacob	1	Jonkheer				0		0			1		
3372	3846	Lucas		1.0		Guillaume	0					0		0			1		
3373	3847	Jonge	de	1.0		Johan	0		Oosterland	's Heer-Jansland, Oosterstein	1614.0	0	1654.0	0	Overig: was president van de Grote Vergadering in 1651. Vos noemt hem gedeputeerde ter Staten-Generaal in 1646; aangezien er geen commissie aangetroffen is als ordinaris-gedeputeerde, zal dit een extraordinaris deputatie hebben betroffen.		1	10.0	5.0
3374	3849	Borssele van der Hooghe	van	1.0		Adriaan	1		Geldermalsen		1658.0	0	1728.0	0	Persoonsgegevens: Jaarboek van het Centraal Bureau voor Genealogie geeft onjuist voornaam 'Johan'. Nagtglas geeft afwijkende overlijdensdatum 29 in plaats van 30 april. Het adeldom van de familie werd betwist (Wikipedia, 'Van der Hooghe van Borssele' (geraadpleegd 4 oktober 2023).		1	30.0	4.0
3375	3850	Sonsbeeck	van	1.0		Willem	0				1681.0	0	1737.0	0	"Persoonsgegevens: Wapenheraut en Nagtglas geven onjuist overlijden 1752 (zie genoemde jaargang Wapenheraut blz. 155, noot 2), Nederland's Patriciaat 1910 onjuist 1757.
Overig: Nagtglas meent dat hij gecommitteerde was in Gecommitteerde Raden van Zeeland, maar dat wordt door andere bronnen niet bevestigd."		1	1.0	11.0
3376	3851	Bodel		1.0		Johan	0					0	1746.0	0			1		
3377	3852	Verelst	van	1.0		Dirk Huibert	0				1717.0	0	1774.0	0	"Persoonsgegevens: Nagtglas geeft voornamen 'David Hubert' en onjuist jaar van overlijden 1778, Raad van State 450 jaar 1774.
Buitenlandse adelstitels: door Frederik de Grote van Pruissen verheven tot graaf."		1	26.0	1.0
3378	3853	Warkier		1.0		Johan	0					0	1746.0	1	"Persoonsgegevens: overleden vóór 20 oktober 1746, mogelijk vóór dat jaar.
Overig: volgens Raad van State 450 jaar. Repertorium ('s-Gravenhage 1983) lid van dat college vanaf 1741, maar dat is onjuist; Warkier werd in dat jaar benoemd tot gecommitteerde in de Generaliteits-Rekenkamer."		1		
3379	3854	Scheyderuyt		1.0	4.0	Pieter	0				1694.0	1	1770.0	0	Persoonsgegevens: Algemeen Nederlandsch Familieblad geeft afwijkende overlijdensdatum 28 in plaats van 30 augustus 1770.		1	30.0	8.0
3380	3855	Lichtenbergh	van	1.0		Carel Johan	0				1738.0	0	1811.0	0			1		
3381	3856	Pous	Stavenisse	1.0	4.0	Herman Jacob	0				1750.0	0	1800.0	0	Overig: volgens Raad van State 450 jaar en Vos ook raadsheer in het Hof van Holland, maar dat wordt door andere bronnen niet bevestigd.		1		
3382	3857	Nolthenius		1.0		Willem Hendrik	0					0	1761.0	0	Persoonsgegevens: Algemeen Nederlandsch Familieblad geeft overlijden 26 november 1760, Gabriëls 1761.		1		
3383	3858	Godin		1.0	4.0	Cornelis	0				1710.0	0	1767.0	0	Persoonsgegevens: Algemeen Nederlandsch Familieblad geeft een van De Nederlandsche Leeuw afwijkende overlijdensdatum 30 in plaats van 29 december, Enthoven 1769 in plaats van 1767,		1	29.0	12.0
3384	3861	Beke	van der	1.0	4.0	Cornelis	0					0	1782.0	0			1	19.0	7.0
3385	3862	Pon	du	1.0	4.0	Robbert Hendrik	0					0	1786.0	0			1		
3386	3863	Schorer		1.0		Johan Assuerus	0					0		0			1		
3387	3864	Parduin		1.0		Simon Jaspersz.	0					0	1612.0	0			1	5.0	10.0
3388	3865	Teelingh		1.0		Johan	0					0	1623.0	0			1	23.0	2.0
3389	3867	Stavenisse		1.0		Adriaan	0					0		0			1		
3390	3868	Sage	le	1.0	4.0	Willem	0					0	1721.0	0			1		
3391	3869	Mandere	van der	1.0	4.0	Engelbert Johan	0		Ouwerkerk		1744.0	0	1827.0	0			1	9.0	3.0
3392	3870	Rijkaertsen		1.0		Arent	0					0	1599.0	0			1	16.0	4.0
3393	3871	Schotte		1.0		Jacob	0					0	1614.0	0			1		
3394	3872	Perre	van de	1.0		Adriaan	0					0	1618.0	0			1	3.0	3.0
3395	3873	Vet		1.0		Johan	0					0	1620.0	0	Persoonsgegevens: genoemd in F. Nagtglas, Levensberichten van Zeeuwen 2 (Middelburg 1893) 850, maar zonder nadere gegevens. Vermoedelijk identiek met Jan Jacobsz. Veth in M. van der Bijl, Idee en interest. Voorgeschiedenis, verloop en achtergronden van de politieke twisten in Zeeland en vooral in Middelburg tussen 1702 en 1715 (Groningen 1981) bijlage II.		1	18.0	9.0
3396	3874	Boreel		1.0		Jacob Pietersz.	0		Duinbeek	Westhove	1552.0	0	1636.0	0	Persoonsgegevens: archief Rekenkamer geeft afwijkende overlijdensdatum 20 in plaats van 19 december.		1	19.0	12.0
3397	3875	Becker		1.0		Steven	0					0	1670.0	0			1		
3398	3876	Pottey		1.0	4.0	Herman	0				1621.0	0	1691.0	0			1	29.0	7.0
3399	3877	Poort	van der	1.0	4.0	Johan	0					0	1698.0	0			1	9.0	10.0
3400	3878	Velters		1.0	4.0	Hendrik	0		Aagtekerke			0	1732.0	0			1		
3401	3879	Rombouts		1.0	4.0	Abraham	0					0	1725.0	0			1	3.0	9.0
3402	3880	Rue	de la	1.0	4.0	Pieter	0				1695.0	0	1770.0	0			1	1.0	12.0
3403	3881	Brande	van den	1.0	4.0	Johan Pieter	0		Cleverskerke		1707.0	0	1753.0	0	"Persoonsgegevens: Algemeen Nederlandsch Familieblad geeft overlijden 15 april, archief rekenkamer 18 maart, Van der Bijl onjuist 1758 (waarmee ook de termijn in het stadsbestuur van Middelburg onjuist is).
Buitenlandse adelstitels: ridder baronet (Engeland)."		1	18.0	3.0
3404	3882	Duvelaer		1.0	4.0	Abraham	0		Duinbeek			0	1785.0	0			1	12.0	3.0
3405	3883	Buteux		1.0	4.0	Pieter	0				1760.0	0	1836.0	0			1	1.0	10.0
3406	3884	Huybert	de	1.0		Anthony Anthonisz.	0				1559.0	0	1601.0	0			1	21.0	5.0
3407	3885	Cau		1.0		Nicolaas	0				1564.0	0	1635.0	0			1	25.0	5.0
3408	3886	Hoffer		1.0		Pieter	0				1571.0	0	1640.0	0	Persoonsgegevens: begraven 5 maart 1640.		1		
3409	3887	Jonge	de	1.0	4.0	Anthony	0		Bruinisse	Botland	1607.0	0	1669.0	0			1	28.0	5.0
3410	3888	Rollandt		1.0	4.0	Jacob	0				1601.0	0	1670.0	0			1	7.0	1.0
3411	3889	Mogge		1.0	4.0	Cornelis	0				1639.0	0	1693.0	0			1	16.0	5.0
3412	3890	Ockers		1.0	4.0	Jan	0				1635.0	0	1716.0	0			1	10.0	12.0
3413	3891	Jonge van Bruinisse	de	1.0	4.0	Willem	0		Bruinisse	Botland	1639.0	0	1705.0	0	"Persoonsgegevens: archief rekenkamer geeft afwijkend jaar van overlijden 1708.
Overig: Vos noemt hem gedeputeerde ter Staten-Generaal vanaf 1680; aangezien er geen commissie aangetroffen is als ordinaris-gedeputeerde, zal dit een extraordinaris deputatie hebben betroffen."		1	1.0	6.0
3414	3892	Cau		1.0	4.0	Iman Imansz.	0				1682.0	0	1728.0	0			1	30.0	6.0
3415	3893	Witte van Elkerzee	de	1.0	4.0	Cornelis	0				1701.0	0	1783.0	0			1	26.0	2.0
3416	3894	Noemer	van	1.0	4.0	Pieter	0				1700.0	0	1767.0	0			1	20.0	11.0
3417	3895	Jonge	de	1.0	4.0	Cornelis Cornelisz.	0				1739.0	0	1771.0	0			1	25.0	6.0
3418	3896	Jonge	de	1.0	4.0	Marinus Jan	0				1757.0	0	1837.0	0	Persoonsgegevens: Nagtglas geeft geboortejaar 1754, Vos 1757.		1	6.0	2.0
3419	3897	Goeree		1.0		Willem Jobsz.	0					0	1600.0	0			1	29.0	8.0
3420	3898	Mathiasz.		1.0		Cornelis	0					0	1604.0	0			1	22.0	11.0
3421	3899	Oostdijck		1.0		Pieter Willemsz.	0					0	1625.0	0			1	27.0	10.0
3422	3900	Backer		1.0		Johan Claesz.	0					0	1629.0	0			1	24.0	10.0
3423	3901	Watervliet		1.0	4.0	Gillis	0		Ellewoutsdijk			0	1635.0	0	Buitenlandse adelstitels: ridder (geen bijzonderheden bekend).		1	19.0	2.0
3424	3902	Eversdijk		1.0		Cornelis Fransz.	0				1586.0	0	1666.0	0			1	19.0	12.0
3425	3903	Nollens		1.0	4.0	Dignus	0				1629.0	0	1693.0	0			1	2.0	11.0
3426	3904	Schorer		1.0		Bernard	0				1661.0	0	1707.0	0			1		
3427	3905	Leydecker		1.0	4.0	Jacob	0					0	1723.0	0			1	7.0	6.0
3428	3906	Wevort van Ossenberg	van	1.0	4.0	Francois Louis	0					0	1752.0	0			1	8.0	9.0
3429	3907	Vogel		1.0	4.0	Johan Lodewijk	0					0	1773.0	0			1	5.0	3.0
3430	3908	Leydecker de Bruin		1.0	4.0	Jan Jacob	0					0		0			1		
3431	3909	Vrijberghe	van	1.0	4.0	Willem	0					0	1669.0	0	Persoonsgegevens: mogelijk de gelijknamige persoon in Nederland's Adelsboek 46 (1953) 211, maar het overlijdensjaar daar 1679.		1		
3432	3910	Vrijberghe	van	1.0	4.0	Adriaan	0				1649.0	0	1720.0	0	Persoonsgegevens: lijst archief rekenkamer inv. nr. 1113 geeft afwijkende overlijdensdatum 27 in plaats van 17 april 1720.		1	17.0	4.0
3433	3911	Recxstoot		1.0	4.0	Dionisius	0					0	1738.0	0			1	10.0	6.0
3434	3912	Broeck	van den	1.0	4.0	Willem	0		Vrijhoven		1702.0	0	1765.0	0	Persoonsgegevens: lijst archief rekenkamer inv. nr. 1112 geeft afwijkende overlijdensdatum 27 in plaats van 28 december.		1	28.0	12.0
3435	3913	Cras		1.0		Samuel Johan Philippus	0					0	1780.0	0			1	14.0	11.0
3436	3914	Turcq		1.0	4.0	Bonaventura Johan	0					0		0			1		
3437	3915	Schot		1.0		Gelein Bouwensz.	0					0	1601.0	0			1	24.0	11.0
3438	3916	Porrenaer		1.0		Cornelis Eeuwoudsz.	0					0	1618.0	0			1	26.0	12.0
3439	3917	Hendricxsz.		1.0		Johan	0					0	1633.0	0			1	9.0	4.0
3440	3918	Scheuye		1.0		Daniel  Leynsz.	0					0	1653.0	0	Persoonsgegevens: lijst archief rekenkamer inv. nr. 1112 geeft afwijkend jaar van overlijden 1659.		1	11.0	10.0
3441	3919	Honich		1.0		Nicolaas Jansz.	0					0		0			1		
3442	3920	Goch	van	1.0	4.0	Michiel	0				1603.0	1	1668.0	0	Persoonsgegevens: lijst in Zeeuws archief geeft afwijkend jaar van overlijden 1669.		1		7.0
3443	3922	Sonsbeeck	van	1.0	4.0	Leonard Constantijn	0				1739.0	0	1812.0	0			1	19.0	3.0
3444	3923	Luycx		1.0		Cornelis Adriaansz.	0					0	1598.0	0			1	12.0	5.0
3445	3924	Vosbergen	van	1.0	4.0	Josias	0					0		0	Overig: Nagtglas vermeldt geen leefjaren.		1		
3446	3925	Velters		1.0		Cornelis	0					0		0			1		
3447	3926	Danckaerts		1.0		Cornelis	0					0	1653.0	0			1		8.0
3448	3927	Haese	de	1.0		Jacob	0					0	1670.0	0			1		
3449	3928	Sterthenius		1.0		Pieter	0					0	1676.0	0			1	23.0	4.0
3450	3929	Cuninghame		1.0		Aarnout	0					0	1681.0	0			1		
3451	3930	Haese	de	1.0	4.0	Hubrecht	0					0	1705.0	0			1	3.0	6.0
3452	3931	Thyssen		1.0	4.0	Adriaan Pietersz.	0					0	1739.0	0			1	8.0	12.0
3453	3932	Amoury		1.0		Jan	0					0	1766.0	0			1	25.0	5.0
3454	3933	Marinissen		1.0	4.0	Johannes	0					0	1791.0	0	Persoonsgegevens: het jaar van overlijden in Nagtglas is wellicht onjuist; er is geen opvolger van Marinissen in de Provinciale Rekenkamer bekend.		1		
3455	3934	Coorne		1.0		Pieter	0					0	1636.0	0			1	1.0	8.0
3456	3935	Huygens		1.0	4.0	Cornelis	0				1597.0	1	1637.0	0	Persoonsgegevens: lijst archief rekenkamer inv. nr. 1112 geeft afwijkende overlijdensdatum 4 in plaats van 14 november 1637.		1	14.0	11.0
3457	3936	Thibaut		1.0	4.0	Johan	0				1634.0	0	1670.0	0			1	27.0	12.0
3458	3937	Zeylmaker		1.0	4.0	Louis	0					0	1673.0	0			1		
3459	3939	Verheije		1.0	4.0	Cornelis	0				1666.0	0	1697.0	0	Persoonsgegevens: Nagtglas heeft onjuist jaar van overlijden 1717.		1	5.0	3.0
3460	3940	Muncq	de	1.0	4.0	Jacobus	0					0		0			1		
3461	3941	Fannius		1.0	4.0	Daniel	0					0	1716.0	0			1	8.0	6.0
3462	3942	Kuijser	de	1.0	4.0	Hendrik	0				1675.0	0	1722.0	0			1	19.0	4.0
3463	3943	Isebree		1.0		Gerard	0				1674.0	0	1725.0	0	Persoonsgegevens: archief rekenkamer geeft overlijdensdatum 21, Algemeen Nederlandsch Familieblad begraafdatum 18 juni 1725.		1	21.0	6.0
3464	3944	Ockersse		1.0	4.0	Jacob	0				1697.0	0	1764.0	0			1	16.0	11.0
3465	3945	Hurgronje		1.0	4.0	Adriaan Isaac	0				1739.0	1	1779.0	0			1	7.0	12.0
3466	3946	Reuver	de	1.0	4.0	Adriaan Jan	0					0		0			1		
3467	3947	Houte	van den	1.0	4.0	Jacob	0				1760.0	0	1812.0	0			1	10.0	2.0
3468	3962	Volbergen	van	1.0		Tijman	0				1560.0	0		0	Persoonsgegevens: leeft nog in augustus 1645, blijkens J.J. Poelhekke, Frederik Hendrik. Een biografisch drieluik (Zutphen 1978) 544.		1		
3469	3963	Vollenhove	van	1.0		Philips	0					0		0	Overig: een resolutie van de Generaliteits-Rekenkamer van 10 februari 1637 (Nationaal Archief, archief Generaliteits-Rekenkamer, inv. nr. 8, f. 94v) vermeldt dat Van Vollenhove op zijn sterfbed een frauduleuze handeling opbiechtte, gepleegd in zijn functie als secretaris van die Rekenkamer in 1618, waarmee een bedrag van 22.800 pond gemoeid was.		1		
3470	3964	Huygens		1.0		Maurits	0				1595.0	0	1642.0	0			1	24.0	9.0
3471	3965	Huygens		1.0		Christiaan	0				1551.0	0	1624.0	0			1	7.0	2.0
3472	3966	Ruysch		1.0		Gijsbrecht	0					0		0			1		
3473	3967	Ruysch		1.0		Cornelis	0					0	1656.0	0	Persoonsgegevens: overleden vóór 15 september 1656, blijkens een resolutie van de Generaliteits-Rekenkamer van die datum.		1		
3474	3968	Vliet	de	1.0	4.0	Fabiaan	0				1582.0	1	1634.0	0			1		10.0
3475	3969	Baccart		1.0	4.0	Augustijn	0					0	1647.0	0			1		
3476	3970	Ruijter	de	1.0	4.0	David	0					0	1663.0	0	Persoonsgegevens: wellicht de persoon genoemd in Jaarboek van het Centraal Bureau voor Genealogie 22 (1968) 45, geboren in 1579.		1	28.0	12.0
3477	3971	Sypesteyn	van	1.0	4.0	Leonard	0				1605.0	0	1664.0	0	Persoonsgegevens: overleden vóór 26 maart 1664.		1		
3478	3972	Dorper Coorne	de	1.0		Johan	0					0		0			1		
3479	3973	Volbergen	van	1.0		Jacob	0				1613.0	0	1674.0	0	Persoonsgegevens: begraven 20 juli 1674.		1		7.0
3480	3974	Roosbeecke	van	1.0	4.0	Pieter	0					0	1641.0	1	Persoonsgegevens: overleed mogelijk begin 1642.		1		
3481	3975	Moreau van Limburch		1.0		Nicolaes	0					0	1638.0	0	Persoonsgegevens: op 11 september 1638 'weynig weecken geleden' overleden, waarschijnlijk in augustus.		1		
3482	3976	Huyssen		1.0	4.0	Johannes Jansz.	0		Cattendijke	Monsterhoek tot Goidschalxoord		0	1653.0	0	"Persoonsgegevens: Nagtglas geeft onjuiste overlijdensdatum 22 april 1669 in plaats van 24 augustus 1653.
Buitenlandse adelstitels: ridder (erfelijke Engelse titel via vader Jan Huyssens)."		1	24.0	8.0
3483	3977	Croock		1.0	4.0	Jacob	0					0	1647.0	1	Persoonsgegevens: overleden tussen 2 november 1646 en 15 maart 1647. Het is niet zeker dat de raadsheer in de Raad van Vlaanderen identiek is met de commies-generaal van de convooien en licenten.		1		
3484	3978	Cats		1.0	4.0	Leonard	0				1585.0	1	1639.0	0			1		12.0
3485	3980	Reygersberge	van	1.0		Jonas	0				1575.0	0	1611.0	0			1		
3486	3981	Ruijsch		1.0		Floris	0					0	1698.0	0			1		12.0
3487	3982	Hove	ten	1.0	4.0	Cornelis	0				1658.0	0	1694.0	0			1	6.0	7.0
3488	3983	Coccejus		1.0		Johan Hendrick	0					0	1710.0	0			1	1.0	6.0
3489	3984	Buijs		1.0	4.0	Abraham	0				1699.0	1	1770.0	0			1		6.0
3490	3985	Goes	van der	1.0	4.0	Philips	0				1682.0	0	1747.0	0			1		
3491	3986	Goes	van der	1.0	4.0	Adriaan	0				1712.0	0	1781.0	0			1		
3492	3987	Hoop	van der	1.0	4.0	Adriaan	0				1701.0	0	1767.0	0			1	1.0	11.0
3493	3988	Hoop	van der	1.0	4.0	François	0				1727.0	0	1793.0	0			1		
3494	3989	Burman		1.0	4.0	Jacob Fabrice	0				1719.0	1	1766.0	0			1	5.0	5.0
3495	3991	Vierssen	van	1.0		Willem	0				1644.0	0	1680.0	0			1	24.0	2.0
3496	3992	Eyckberch		1.0		Johan	0					0	1664.0	0			1	3.0	5.0
3497	3993	Slingelandt	van	1.0		Govert	0				1620.0	0	1690.0	0			1	3.0	7.0
3498	3994	Royen	van	1.0	4.0	David	0				1699.0	0	1764.0	0			1	22.0	2.0
3499	3995	Gillis		1.0	4.0	Paulus Abraham	0				1708.0	0	1792.0	0			1		
3500	3996	Hees	van	1.0	4.0	Ignatius Johannes	0		de Tempel		1732.0	0	1786.0	0	Persoonsgegevens: de voornamen zijn bij Gabriëls omgekeerd.		1		
3501	3997	Bye	de	1.0		Joris	0		Albrandswaard			0	1628.0	0	Overig: is blijkens Nationaal Archief, archief van de Grafelijkheidsrekenkamer, inv. nr. 498, f. 62 identiek met George de Bie. Was volgens Nederlandsche Leeuw 51 (1933) 251 lid van de Ridderschap van Holland, maar dat wordt niet door andere bronnen bevestigd.		1	16.0	4.0
3502	3999	Brasser		1.0		Govert	0				1590.0	0	1654.0	0			1	29.0	4.0
3503	4000	Burgh		1.0	4.0	Coenraed	0		Kortenhoef		1619.0	0	1699.0	0			1	9.0	11.0
3504	4001	Hop		1.0	4.0	Jacob	0				1654.0	0	1725.0	0	Overig: was pensionaris van Amsterdam.		1	27.0	10.0
3505	4002	Bassecour	de la	1.0	4.0	Jan	0				1696.0	0	1753.0	0	Overig: was pensionaris van Amsterdam.		1	21.0	7.0
3506	4003	Alphen	van	1.0	4.0	Hieronymus	0				1746.0	0	1803.0	0			1	2.0	4.0
3507	4004	Doubleth		1.0		Philips	0		Schalkwijk	Groeneveld	1600.0	1	1674.0	0	Persoonsgegevens: begraven 5 maart 1674.		1		3.0
3508	4005	Hogendorp	van	1.0	4.0	Gijsbert	0		St. Jansteen	Hofwegen, Glossenberghe, Steenhuysen, Cromstrijen, Heijningen	1668.0	0	1750.0	0			1	23.0	10.0
3509	4006	Hogendorp	van	1.0	4.0	Johan François	0		St. Jansteen	Glossenberghe, Steenhuysen	1700.0	0	1779.0	0			1	14.0	1.0
3510	4007	Doubleth		1.0		Philips	0				1560.0	0	1612.0	0			1		10.0
3511	4008	Helsdingen	van	1.0		Gerard Nicolaas	0					0		0			1		
3512	4009	Doubleth		1.0		Philips	0				1590.0	0	1660.0	0			1	31.0	5.0
3513	4010	Doubleth		1.0		Jan	0		St. Annaland		1580.0	0	1650.0	0			1	16.0	3.0
3514	4013	Hove	ten	1.0		Michiel	0				1640.0	0	1689.0	0	Overig: was pensionaris van Haarlem.		1	24.0	3.0
3515	4016	Heiden Hompesch tot Ootmarssum	van	1.0		Sigismund Vincent Lodewijk Gustaaf	1		Stevensweerd	Walborg, Ohé en Laak	1731.0	0	1790.0	0	"Persoonsgegevens: overlijden mogelijk 6 juni 1790. 
Buitenlandse adelstitels: graaf des Heiligen Roomse Rijk 1767."		1	5.0	6.0
3516	4017	Pieterson		1.0		Adriaan	0				1574.0	0	1634.0	0			1	5.0	2.0
3517	4018	Hooge	van der	1.0		Joost	0					0		0			1		
3518	4019	Cooper		1.0		Cornelis Willemsz.	0				1595.0	0	1649.0	0			1	12.0	7.0
3519	4020	Hoogensteeger	van den	1.0		Johan	0					0		0			1		
3520	4022	Lodensteijn	van	1.0	4.0	Cornelis	0					0	1684.0	0			1		3.0
3521	4023	Verbrugge		1.0		Willem	0					0		0			1		
3522	4024	Martens		1.0		Carel	0				1638.0	0	1703.0	0			1		
3523	4027	Vrijberghe	van	1.0		Jacobus	0				1663.0	0		0	Persoonsgegevens: de identificatie van de persoon in Nederland's Adelsboek met de gecommitteerde in de Generaliteits-Rekenkamer is niet geheel zeker; de laatste was waarschijnlijk afkomstig uit Tholen, de eerste was aldaar een aantal malen burgemeester.		1		
3524	4028	Noeij		1.0		Nicolaes Jan Hendrick	0					0		0			1		
3525	4029	Ockersse		1.0		Cornelis Daniel	0		Dreischor		1674.0	0	1728.0	1	"Persoonsgegevens: Nagtglas geeft jaar van overlijden 1729; uit de andere hier genoemde bron blijkt echter dat Ockersse al vóór 15 januari 1728 is overleden (mogelijk dus eind 1727).
Vroedschap: blijkens provinciale resoluties (zie 'Bronnen') lid van de vroedschap van Zierikzee; echter niet aangetroffen in P.D. de Vos, De vroedschap van Zierikzee van de tweede helft der 16e eeuw tot 1795 (2e druk Alphen aan den Rijn 1982)."		1		
3526	4030	Mauregnault	de	1.0		Gerhard	1		Grijpskerke			0	1727.0	1	Persoonsgegevens: mogelijk overleden begin 1728.		1		
3527	4031	Ferleman		1.0	4.0	Willem	0					0	1741.0	1	Persoonsgegevens: overleden vóór 2 november (mogelijk vóór 1741, want blijkens de resoluties van de Staten van Zeeland van 23 november 1741 sleept de kwestie over zijn opvolging in de Staten-Generaal reeds lang).		1		
3528	4032	Mulock		1.0		Adriaan	0				1673.0	0	1733.0	0			1	20.0	4.0
3529	4033	Busse	van den	1.0		Willem	0				1687.0	0	1758.0	0			1	7.0	1.0
3530	4035	Campe		1.0		Jacob	0					0	1585.0	0			1		12.0
3531	4036	Joachimi		1.0		Albert	0		Oostende	Vinninge, Hoedekenskerke	1560.0	1	1654.0	0	"Persoonsgegevens: geboortejaar mogelijk 1561.
Buitenlandse adelstitels: ridder (Engeland) 1610, Zweedse adellijke titel 1616.
Overig: was secretaris van Goes."		1	17.0	5.0
3532	4037	Magnus		1.0	4.0	Jacob Simonsz.	0		Groot-Ammers	Bergambacht, Melissant	1563.0	1	1625.0	0	"Persoonsgegevens: Nagtglas geeft geboortejaar 1566, Genealogische en Heraldische bladen 1563.
Buitenlandse adelstitels: Deense riddertitel 1607."		1	16.0	4.0
3533	4043	Valery		1.0	4.0	François	0					0		0	Overig: afkomstig uit Middelburg.		1		
3534	4044	Pietersz.		1.0		Jan	0					0		0			1		
3535	4045	Becker		1.0	4.0	Johan	0					0	1708.0	0	Persoonsgegevens: overleden kort voor 24 september.		1		9.0
3536	4046	Veth		1.0	4.0	Jacob	0					0	1667.0	0	"Persoonsgegevens: geboren na 1608.
Overig: was secretaris (1641-1643) en pensionaris (1643-1662) van Middelburg."		1		
3537	4047	Lampsins		1.0		Cornelis	0				1600.0	0	1664.0	0	Buitenlandse adelstitels: op 25 mei 1663 door Lodewijk XIV van Frankrijk benoemd tot baron van Tabago en ridder in de orde van St. Michiel.		1	2.0	9.0
3538	4048	Stavenisse		1.0	4.0	Marinus	0				1601.0	0	1663.0	0	"Persoonsgegevens: begraven 15 oktober 1663.
Buitenlandse adelstitels: ridder in de orde van St. Michiel (Frankrijk).
Overig: was pensionaris van Zierikzee 1641-1654."		1		
3539	4050	Pieterson		1.0	4.0	Adriaan	0				1614.0	0	1676.0	1			1		10.0
3540	4051	Stavenisse		1.0	4.0	Nicolaas	0				1624.0	0		0	Overig: was pensionaris van Vlissingen.		1		
3541	4052	Coninck		1.0		Samuel	0					0	1720.0	0			1		
3542	4053	Vrijberghe	van	1.0	4.0	Marinus	0				1657.0	0	1711.0	0	Persoonsgegevens: Nagtglas geeft onjuist geboortejaar 1656.		1	3.0	7.0
3543	4054	Geel	van	1.0		Cornelis	0		Spanbroek			0		0	Overig: was pensionaris van Goes.		1		
3544	4055	Kemp		1.0	4.0	Pieter	0		Moermont	Kraaienstein, Zuidland	1664.0	0	1712.0	0			1	13.0	12.0
3545	4056	Velters		1.0	4.0	Adriaan	0					0	1727.0	0	Overig: was pensionaris van Middelburg 1711-1713.		1		
3546	4057	Crook		1.0		Pieter	0					0		0	Overig: was secretaris van Middelburg.		1		
3547	4059	Cromstrien		1.0		Nicolaas Willemsz.	0				1540.0	0	1612.0	0			1		7.0
3548	4060	Hecke	van	1.0		Pieter	0					0		0			1		
3549	4061	Beke	van der	1.0	4.0	Jan	0					0		0	Overig: was pensionaris van Vlissingen.		1		
3550	4062	Haeff	ten	1.0		Adriaan Hendricxz.	0					0		0			1		
3551	4064	Menijn	de	1.0	4.0	Joos	0					0		0	Overig: was pensionaris van Dordrecht.		1		
3552	4065	Meer	van der	1.0	4.0	Pieter	0				1534.0	0	1616.0	0	Overig: was pensionaris van Delft 1578-1616.		1	4.0	5.0
3553	4066	Blommendael	van	1.0		Goddaert	0					0		0			1		
3554	4067	Arentsz.		1.0		Jan	0					0		0			1		
3555	4068	Huybert	de	1.0		Nicolaas Jansz.	0				1543.0	0	1611.0	0			1	24.0	3.0
3556	4069	Dijcke	van	1.0	4.0	Willem	0					0	1612.0	0	Overig: was secretaris van Zierikzee 1594-1612.		1	17.0	9.0
3557	4070	Gele		1.0		Jacques	0					0		0			1		
3558	4071	Reijnersz.		1.0		Sebastiaen	0					0		0			1		
3559	4072	Teijlingen	van	1.0		S.	0					0		0			1		
3560	4074	Santen	van	1.0	4.0	Dierck	0					0	1649.0	0			1		
3561	4075	Luchtenburg	van	1.0		Hugo	0					0	1623.0	0	Persoonsgegevens: overleden tussen 1 april en 30 september 1623.		1		
3562	4077	Rippertsz.		1.0		Jacob	0				1559.0	0	1629.0	0	"Persoonsgegevens: Jaarboek van het Centraal Bureau voor Genealogie geeft geboortejaar 1558, Bonke 1559.
Vroedschap: ontslagen 1618."		1	17.0	4.0
3563	4078	Vael in Lioren		1.0		Pieter Jansz.	0				1562.0	1	1620.0	1	"Persoonsgegevens: overleden tussen 8 november 1619 en 14 april 1620.
Vroedschap: ontslagen 1618."		1		
3564	4080	Groot	de	1.0	4.0	Allard	0				1572.0	0	1657.0	0	Persoonsgegevens: Bonke geeft onjuiste overlijdensdatum 4 februari 1658.		1		
3565	4081	Fons		1.0		Thijs Adriaensz.	0					0	1656.0	0	Persoonsgegevens: overleden vóór 8 mei 1656.		1		
3566	4083	Pouwelsz.		1.0		Lambert	0					0	1664.0	0			1	16.0	1.0
3567	4084	Schouten		1.0		Claes Frederiksz.	0					0		0			1		
3568	4085	Broeker		1.0		Fredrik Pietersz.	0					0		0			1		
3569	4086	Sijms		1.0		Claes Jacobsz.	0					0		0			1		
3570	4088	Crap		1.0	4.0	Outger	0				1632.0	0	1689.0	0			1	20.0	12.0
3571	4089	Zee	de	1.0		Jan Hendriksz.	0					0		0			1		
3572	4090	Cant		1.0		Roemer Fransz.	0					0	1670.0	0			1	18.0	10.0
3573	4091	Ripperda		1.0		Philips	1					0		0			1		
3574	4092	Knoppert		1.0		Herman	0					0		0			1		
3575	4093	Spoolde	van	1.0		Gerhard	0					0		0			1		
3576	4095	Ruis		1.0		Arend	0					0		0			1		
3577	4096	Boetzelaer tot Westerholt	van den	1.0		Joachim	1	Jonkheer	Entinge	Halteren, Westerholt	1624.0	1		0	Persoonsgegevens: overleden tussen 28 februari 1665 en 27 februari 1666.		1		
3578	4097	Coeverden tot Scherpenzeel	van	1.0		Wolter	1					0	1674.0	0			1	12.0	11.0
3579	4098	Rechteren tot Oldenhove	van	1.0		Jan Lodewijk	1					0		0			1		
3580	4099	Neck	van	1.0		Cornelis	0				1683.0	0	1740.0	0			1		
3581	4100	Brederode	van	1.0		Walraven	1		Brederode	Vianen, Ameide, Noordeloos, Nedereind van Jutphaas, Nyveld, Kloetinge	1547.0	0	1614.0	0	Heerlijkheden/adellijke huizen: verwerving Brederode 1584, Vianen, Ameide 1590, Noordeloos 1611, Kloetinge 1579.		1		
3582	4101	Vos		1.0		Paulus	0					0		0			1		
3583	4102	Crap		1.0	4.0	Pieter	0					0		0			1		
3584	4103	Bye	de	1.0		Dierck Jorisz.	0					0	1591.0	0			1	28.0	8.0
3585	4104	Maasland	van	1.0		Engelbert Cornelisz.	0					0	1594.0	0	Persoonsgegevens: De Nederlandsche Leeuw geeft jaar van overlijden 1574, Van Leeuwen 1594.		1		
3586	4105	Goes	van der	1.0		Cornelis	0		Uitwijk			0	1606.0	0	"Persoonsgegevens: overleden vóór 20 juli. 
Overig: volgens Van Leeuwen p. 1461, stierf in 1606 Mr. Pieter van der Goes, rekenmeester in de Grafelijkheidsrekenkamer. Blijkens commissie van Dierck van Santen (zie Bronnen) was dat echter Cornelis van der Goes, auditeur."		1		
3587	4106	Valkesteijn	van	1.0		Gerrit	0					0	1600.0	0			1		
3588	4989	Essenius		1.0	3.0	Leonard	0				1676.0	0	1748.0	0			1	14.0	2.0
3589	7722	Caemere	van der	1.0	7.0	Jan	0					0		0			1		
3590	7723	Courteville	de	1.0	7.0	Roelant	0					0		0			1		
3591	7724	Meetkercke	de	1.0	7.0	Adolphe	0					0		0			1		
3592	7726	Woestijne	van der	1.0	7.0	Hector	0		Becelaere			0		0			1		
3593	7727	Six		1.0	7.0	Jean	0					0		0	Overig: kanunnik van de kathedraal van St. Omer, groot-vicarius van de bisschop.		1		
3594	7728	Dostrel	de	1.0	7.0	Jacques	0					0		0	Overig: abt van St. André-au-Bois.		1		
3595	7732	Caulers	de	5.0	7.0	Antoine	1					0		0			1		
3596	7733	Aubron		1.0	7.0	Antoine	0					0		0			1		
3597	7734	Maupetit		1.0	7.0	Waleran	0					0		0			1		
3598	7735	Pénart		1.0	7.0	Jean	0					0		0			1		
3599	7736	Moulart		1.0	7.0	Matthieu	0					0		0	Persoonsgegevens: abt van St. Ghislain.		1		
3600	7737	Yve	d'	1.0	7.0	Frederic	0					0		0	Persoonsgegevens: abt van Maroilles.		1		
3601	7739	Ongnies	d'	1.0	7.0	Adrien	1		Willerval			0		0			1		
3602	7741	Barre	de la	1.0	7.0	Simon	0					0		0			1		
3603	7742	Corbault		1.0	7.0	Louis	0					0		0			1		
3604	7748	Vicq	de	5.0	7.0	Roland	0					0		0	Persoonsgegevens: baljuw van de seigneurie van Wavrin.		1		
3605	7750	Muissart		1.0	7.0	Antoine	0					0		0			1		
3606	7751	Aoust	d'	1.0	7.0	Eustache	0		Jumelles			0		0			1		
3607	7753	Cousteau		1.0	7.0	Antoine	0					0		0			1		
3608	7755	Haye	de la	5.0	7.0	Jean	1		la Haye			0		0			1		
3609	7756	Havet		1.0	7.0	Antoine	0					0		0	Persoonsgegevens: bisschop van Namen.		1		
3610	7757	Oupaix	d'	1.0	7.0	Guillaume	0					0		0	Persoonsgegevens: prelaat van Floreffe.		1		
3611	7758	Bourgogne	de	1.0	7.0	Jean	1		Froidmont			0		0			1		
3612	7760	Carondelet	de	1.0	7.0	Guillaume	1		Crupet	Wavremont		0		0			1		
3613	7762	Marotte		1.0	7.0	Nicolas	0		Arbre			0		0			1		
3614	7764	Velaer	de	1.0	7.0	Jacques	0					0	1613.0	0			1	28.0	10.0
3615	4109	Riccen		1.0	4.0	Fento Fredericsz.	0				1556.0	1	1636.0	0	Overig: afkomstig uit Enkhuizen.		1	29.0	5.0
3616	4110	Walravens		1.0		Jacob	0					0	1596.0	0			1		
3617	4111	Mierop	van	1.0		Jacob	0					0		0			1		
3618	4112	Foreest	van	1.0		Nanning	1				1578.0	0	1668.0	0	Persoonsgegevens: begraven 6 december 1592.		1		
3619	4113	Berkhout	Teding van	1.0	4.0	Paulus	0				1609.0	0	1672.0	0	"Persoonsgegevens: Wapenheraut geeft afwijkende overlijdensdatum 25 in plaats van 24 juni.
Overig: was pensionaris van Monnickendam."		1	24.0	6.0
3620	4114	Graef	van der	1.0		Arent	0					0	1679.0	0			1	19.0	11.0
3621	4115	Persijn	van	1.0		Johan	0					0	1632.0	0			1		
3622	4116	Pauw		1.0	4.0	Gerard	0		Heemstede	Rietwijk, Rietwijkeroord	1615.0	0	1676.0	0	"Buitenlandse adelstitels: ridder in de orde van St. Michiel (Frankrijk).
Heerlijkheden/adellijke huizen: bezit 1653-1676."		1	20.0	5.0
3623	4117	Meer	van der	1.0		Cornelis	0					0	1696.0	0			1	16.0	12.0
3624	4118	Hop		1.0	4.0	Joan	0				1660.0	0	1722.0	0			1	17.0	1.0
3625	4119	Camerling		1.0	4.0	Cornelis	0					0		0	Persoonsgegevens: wordt genoemd in Wapenheraut 13 (1909) 359, als echtgenoot van Margrieta van Groenendal, op 28 december 1674, maar zonder leefjaren.		1		
3626	4120	Faille	de la	1.0	4.0	Johan Bernardt	0					0	1729.0	0	Persoonsgegevens: begraven 14 november 1729.		1		
3627	4121	Rogh		1.0	4.0	Hercules	0					0	1707.0	0	Persoonsgegevens: begraven 10 juni 1707.		1		
3628	4122	Baert		1.0	4.0	Jacob	0				1682.0	0	1719.0	0			1	24.0	3.0
3629	4123	Quarles		1.0	4.0	Pieter	0				1677.0	0	1744.0	0			1	22.0	1.0
3630	4124	Naerden	van	1.0		Cornelis	0					0		0			1		
3631	4125	Greve	de	1.0		Nicolaes	0					0		0			1		
3632	4126	Cammen	van der	1.0		Jan	0					0	1602.0	0	Persoonsgegevens: overlijden blijkt uit rekening van de 'ordinaris necessiteyten' van de Grafelijkheidsrekenkamer (zie bronvermelding). In de rechterbovenhoek van genoemd folio staat '7 augusty 1602' wat hoogstwaarschijnlijk de overlijdensdatum is.		1	7.0	8.0
3633	4127	Buys		1.0	4.0	Cornelis	0		Capelle ter Vliet	Zevenhoven	1559.0	0		0	Heerlijkheden/adellijke huizen: bezit Capelle ter Vliet 1595-1596.		1		
3634	4128	Hooft		1.0	4.0	Hendrik Gerritsz.	0				1676.0	0	1752.0	0			1	16.0	2.0
3635	4129	Dedel		1.0	4.0	Jan	0				1623.0	0	1675.0	0	Overig: In Genealogische en heraldische bladen worden ten onrechte de functies van de broers Willem en Jan Dedel verwisseld.		1	14.0	1.0
3636	4130	Buijs		1.0		Cornelis	0					0	1682.0	0			1		
3637	4131	Camerling		1.0	4.0	Nicolaes	0					0	1626.0	0	Persoonsgegevens: begraven 11 maart 1626.		1		
3638	4132	Swerius		1.0		Jacob	0					0	1629.0	0			1		
3639	4133	Panhuisen	van	1.0		Pieter	0					0		0			1		
3640	4134	Snel		1.0		Jacob	0					0	1654.0	0			1		
3641	4135	Stapele	van	1.0		Cornelis	0					0	1663.0	0			1	15.0	9.0
3642	4136	Aerssen	van	1.0		Jan Baptista	0		Triangel		1614.0	0	1656.0	0			1	21.0	11.0
3643	4137	Poll	van der	1.0		Johan	0					0	1674.0	0			1		
3644	4138	Tour de la Pomerade	du	1.0		Marcus	1				1623.0	0	1672.0	0			1	6.0	4.0
3645	4139	Persijn	van	1.0		Anthonij	0					0	1686.0	0			1	26.0	7.0
3646	4140	Theuning		1.0		Gerhard	0					0	1686.0	0			1	27.0	10.0
3647	4141	Wevort tot Osseberg	van	1.0		Ernst Pieter	0					0	1690.0	0			1	12.0	11.0
3648	4142	Meulen	van der	1.0		Johan André	0					0	1702.0	0			1	3.0	8.0
3649	4143	Troije	van	1.0		Johan	0					0	1718.0	0			1	23.0	12.0
3650	4144	Cunaeus		1.0		Jacob Adriaan	0				1664.0	0	1727.0	0			1	29.0	3.0
3651	4145	Vroese		1.0		Johan	0					0	1725.0	0			1		
3652	4146	Vegelin van Claerbergen	van	1.0		Nehemia	0				1691.0	0	1739.0	0	Persoonsgegevens: Heraldieke Bibliotheek geeft onjuiste overlijdensdatum 9 december 1737 in plaats van eind november/begin december 1739.		1		
3653	4147	Verbrugge		1.0	4.0	Jan Willem	0					0	1739.0	0	Persoonsgegevens: overleden kort vóór 17 april, begraven 22 april 1739.		1		4.0
3654	4148	Reuver	de	1.0		Paulus Johan	0					0	1745.0	0			1	30.0	11.0
3655	4149	Changuion		1.0	4.0	Pieter	0					0		0	Persoonsgegevens: wordt genoemd in De Nederlandsche Leeuw 70 (1953) 125, maar zonder leefjaren.		1		
3656	4151	Verdun	de	1.0		Carel	0					0		0			1		
3657	4153	Goes	van der	1.0	4.0	Quirijn	0					0		0			1		
3658	4154	Chion		1.0	4.0	Frederik Willem	0					0		0			1		
3659	4155	Aerssens		1.0		Cornelis	0				1545.0	0	1627.0	0			1	22.0	3.0
3660	4156	Musch		1.0	4.0	Cornelis	0		Waalsdorp	Carnisse, Nieuwveen	1592.0	1	1650.0	0	Persoonsgegevens: geboortejaar mogelijk 1593.		1	15.0	12.0
3661	4157	Ruijsch		1.0	4.0	Nicolaas Coenraadsz.	0				1607.0	1	1670.0	0	"Buitenlandse adelstitels: in adelstand verheven door Engelse koning Karel I 15 juli 1637. Deense adellijke titel 1637.
Overig: was pensionaris van Dordrecht."		1		
3662	4158	Fagel		1.0	4.0	François	0				1659.0	0	1746.0	0			1	4.0	10.0
3663	4159	Fagel		1.0		Hendrik	0					0		0			1		
3664	4160	Fagel		1.0	4.0	Hendrik Cornelisz.	0				1706.0	0	1790.0	0	Persoonsgegevens: Nieuw Nederlandsch Biografisch Woordenboek geeft afwijkende overlijdensdatum 19 november in plaats van 19 oktober.		1	19.0	10.0
3665	4162	Fagel		1.0	4.0	François	0				1740.0	0	1773.0	0			1	28.0	8.0
3666	4163	Dierkens		1.0	4.0	Willem Carel	0					0	1778.0	0			1		
3667	4164	Quarles van Ufford		1.0	4.0	Willem	0				1751.0	0	1826.0	0			1		
3668	4165	Fagel		3.0	4.0	Hendrik	1				1765.0	0	1838.0	0	Adelstitel: 1814		1	22.0	3.0
3669	4166	Lelyveld	van	1.0	4.0	Bernard Pieter	0					0		0			1		
3670	4167	Laar	van	1.0	4.0	Daniël	0				1752.0	0	1824.0	0			1		
3671	4168	Spronssen		1.0		Johan	0					0	1680.0	0			1	11.0	6.0
3672	4169	Ramet		1.0		Guillaume	0					0	1605.0	0			1		
3673	4170	Valckenburch		1.0		Robrecht	0					0		0			1		
3674	4171	Burch	van der	1.0		Hendrik	0					0		0			1		
3675	4172	Heijde	de	1.0		Cornelis	0					0	1678.0	0			1		
3676	4173	Spronssen		1.0	4.0	Alexander	0				1651.0	1		0			1		
3677	4174	Beaumont	van	1.0	4.0	Cornelis Johan	0					0		0			1		
3678	4175	Buys		1.0	4.0	Willem	0				1698.0	0	1760.0	0			1	4.0	10.0
3679	4176	Merens		1.0	4.0	Meynard	0				1736.0	0	1802.0	0			1	3.0	7.0
3680	4177	Dompiere de Jonquieres	de	1.0		Paulinus Philippus Henricus	0					0		0			1		
3681	4178	Braams	van	1.0	4.0	Cornelis	0					0		0	Persoonsgegevens: mogelijk identiek met Cornelis Braams (1735-1803, elders in deze database).		1		
3682	4179	Rooseboom	de	1.0		Carl	0					0		0			1		
3683	4180	Baerle	van	1.0	4.0	Karel	0				1671.0	0	1734.0	0			1	26.0	11.0
3684	4182	Slicher		1.0		Hieronimus	0				1762.0	0	1845.0	0			1	25.0	3.0
3685	4183	Hees	van	1.0		François	0					0		0	Persoonsgegevens: waarschijnlijk identiek met François van Hees, lid van de Tweede Kamer 1815-1830 (Nederland's Adelsboek 40 (1942) 454) geboren in 1765.		1		
3686	4184	Teylingen	van	1.0	4.0	Jan	1				1721.0	0	1801.0	0			1	28.0	1.0
3687	4185	Wildt	de	1.0	4.0	Hiob	0				1637.0	0	1704.0	0			1	5.0	6.0
3688	4187	Merens		1.0	4.0	Herman	0				1670.0	0	1736.0	0			1	4.0	3.0
3689	4189	Clifford	Pancras	1.0	4.0	Gerbrand	0				1745.0	0	1789.0	0			1	12.0	2.0
3690	4190	Huyssen		1.0	4.0	Laurentius	0		Weelde		1634.0	0	1667.0	0			1	23.0	9.0
3691	4191	Scotte		1.0	4.0	Johan	0					0	1653.0	0	Persoonsgegevens: overleden tussen 11 februari en 21 maart 1653.		1		
3692	4192	Boudaen Courten		1.0	4.0	Jacobus	0					0	1659.0	0	Persoonsgegevens: overleden vóór 17 september.		1		
3693	4193	Poele	van de	1.0	4.0	Joan	0					0	1693.0	0			1		
3694	4195	Brande	van den	1.0		Johan Pieter	0		Cleverskerke		1645.0	0	1712.0	0			1		
3695	4196	Ruytenburgh	van	1.0		Jan	0		Vlaardingen	Vlaardingerambacht, Babberspolder, Nieuwenhoorn, Nieuwe Goote,  Oud- en Nieuw-Craijerpolder, Brielse Nieuwland	1635.0	0	1719.0	0			1	22.0	2.0
3696	4197	Soutman		1.0		Dierck	0					0		0			1		
3697	4198	Surck	van	1.0		Melchior	0					0	1598.0	0			1		
3698	4199	Beaulieu	de	1.0		Charles	0					0	1606.0	0			1		
3699	4200	Sivertsz.		1.0		Lucas	0					0	1615.0	0			1		
3700	4201	Beyer	de	1.0		Hendrick	0				1550.0	1	1612.0	1	Persoonsgegevens: Wapenheraut meldt dat hij tussen 1582 en 1612 schepen, raad en burgemeester van Nijmegen was, maar dat volgens sommige bronnen het overlijdensjaar 1601 is. Op basis van de informatie over De Beyers Nijmeegse functies en zijn opvolging als commies-generaal van de convooien en licenten door zijn zoon Justinus in februari 1613, is 1612 het meest aannemelijke jaar van overlijden.		1		
3701	4202	Eck	van	1.0		Hendrick	1		Medler			0	1655.0	0			1	12.0	1.0
3702	4204	Gripskercke	van	1.0		Johan Florisz.	0					0	1602.0	0			1		
3703	4205	Auckema		1.0		Anthonis	0					0	1601.0	0			1	20.0	12.0
3704	4206	Granier		1.0		François	0					0	1616.0	0			1		
3705	4207	Fortssen		1.0	4.0	Joris	0					0		0			1		
3706	4208	Beyer	de	1.0		Justinus	0				1575.0	1	1613.0	0			1		
3707	4209	Abbas		1.0		Matheus Diercxz.	0					0	1625.0	0			1		
3708	4210	Abbas		1.0		Dirck Matthijsz.	0				1592.0	0	1637.0	0	Persoonsgegevens: begraven 24 augustus.		1		8.0
3709	4211	Beresteyn	van	1.0		Gijsbert	0				1553.0	0	1616.0	0	Persoonsgegevens: heette eerst Jacob.		1	6.0	9.0
3710	4212	Heussen	van	1.0		Meynart	0					0		0			1		
3711	4213	Tapkens		1.0		Bernt	0					0		0			1		
3712	4214	Jongh	de	1.0		Jacob Olfertsz.	0				1599.0	0	1646.0	0			1	23.0	6.0
3713	4215	Goutswaert	van	1.0		Pieter	0				1615.0	1	1660.0	0			1	15.0	6.0
3714	4216	Sticke		1.0		Hendrick	0					0	1647.0	1	Persoonsgegevens: overleden vóór 24 januari 1647 (mogelijk 1646).		1		
3715	4217	Val	de	1.0		Jan	0					0		0			1		
3716	4218	Jongh	de	1.0		Jan Jacobsz.	0					0		0			1		
3717	4219	Roorda		1.0		Ruardus	0					0	1652.0	0			1		
3718	4221	Aemilius		1.0		Johannes	0					0	1679.0	0			1		
3719	4222	Buys		1.0	4.0	Mattheus	0				1696.0	0	1725.0	0			1	2.0	8.0
3720	4223	Bisschop		1.0		Pieter	0					0	1691.0	0			1	19.0	5.0
3721	4224	Berkhout	Teding van	1.0	4.0	Adriaan	0				1639.0	0	1684.0	1	Persoonsgegevens: overleden vóór 11 februari 1684 (mogelijk 1683).		1		
3722	4225	Backer		1.0	4.0	Dirck	0				1642.0	0	1703.0	0			1	3.0	1.0
3723	4226	Mulock		1.0		Gerrardt	0					0		0			1		
3724	4227	Valckenier		1.0	4.0	Pieter	0					0		0			1		
3725	4228	Swaan		1.0	4.0	Pieter	0					0	1686.0	0	Persoonsgegevens: overleden vóór 23 oktober 1686.		1		
3726	4229	Pain		1.0		Jan	0					0	1700.0	0	Persoonsgegevens: overleden vóór 21 januari 1700 (mogelijk 1699).		1		
3727	4230	Danser	de	1.0		Beukel	0					0	1710.0	0	Persoonsgegevens: overleden vóór 20 november.		1		
3728	4231	Goeree		1.0		Johan	0					0	1741.0	0	Persoonsgegevens: overlijden vrijwel zeker in 1741, omdat in de commissie van Gerhard Umgrove als commies-generaal van de convooien en licenten van 16 februari 1741 wordt vermeld dat Goeree na zijn overlijden in het benedenkwartier van de Admiraliteit op de Maze is opgevolgd door Jan van Teijlingen, die blijkens zijn commissie op 30 december 1740 benoemd was in het kwartier Gelderland.		1		
3729	4232	Hodenpijl		1.0	4.0	Plilips	0				1665.0	0	1709.0	0	Persoonsgegevens: overleden vóór 24 juli.		1		
3730	4233	Spiering		1.0		Willem	0					0		0			1		
3731	4234	Lonck		1.0		Hendrik	0					0		0	Persoonsgegevens: waarschijnlijk iedentiek met Hendrik Loncq in Wapenheraut 22 (1918) 211, overleden vóór 1601. Als dit juist is, zal Lonck in 1600 of 1601 zijn overleden, aangezien hij in de resoluties van de Staten-Generaal op 20 mei 1600 voor het laatst wordt genoemd.		1		
3732	4235	Hoeve	van der	1.0		Nicolaas	0					0		0	Persoonsgegevens: waarschijnlijk identiek met Nicolaes Mathijsz. van der Hoeve in E.A. Engelbrecht, De vroedschap van Rotterdam, 1572-1795 (Rotterdam 1973) 141 (zonder leefjaren), op grond van zijn huwelijk met een zuster van Pieter Henricksz. Goutswaert, voor wie hij tijdelijk de taken van commies-generaal van de convooien en licenten waarnam.		1		
3733	4236	Hurgronje		1.0	4.0	Johan	0				1683.0	1	1715.0	0	Persoonsgegevens: overleden vóór 31 mei 1715.		1		
3734	4237	Godijn		1.0		Carel	0					0		0	Persoonsgegevens: waarschijnlijk identiek met de Carel Godin in Jaarboek van het Centraal Bureau voor Genealogie en het Iconographisch Bureau ('s-Gravenhage 1978) 174, daar zonder leefjaren vermeld.		1		
3735	4239	Muelen	van der	1.0		Jan André	0				1703.0	0	1760.0	0	Persoonsgegevens: Algemeen Nederlandsch Familieblad geeft afwijkende overlijdensdatum 18 juni in plaats van 18 januari 1760.		1	18.0	1.0
3736	4240	Hoorn	van	1.0		Johan	0					0		0			1		
3737	4242	Vassy	de	1.0	4.0	Johan Bernard Laurens	0				1704.0	0	1747.0	0			1	21.0	8.0
3738	4243	Umbgrove		1.0	3.0	Gerhard	0				1690.0	0	1769.0	0			1	10.0	4.0
3739	4244	Winkelman		1.0	4.0	Isaac Jacobsz.	0					0		0			1		
3740	4245	Umbgrove		1.0	4.0	Jan	0				1723.0	0	1769.0	0			1	5.0	11.0
3741	4246	Stralen	van	1.0	4.0	Abraham	0				1747.0	0	1793.0	0			1	15.0	10.0
3742	4247	Boellaard van Tuyl		1.0	4.0	Pieter	0		Tuil		1743.0	0	1811.0	0	Heerlijkheden/adellijke huizen: blijkens een kabinetsorder van 24 januari 1826 nr. 120 (Het Utrechts Archief, toegang 280) kreeg een nazaat toestemming zich 'Boellaard van Tuyl' te noemen, echter niet 'heer van Tuyl'.		1	6.0	2.0
3743	4248	Nijssen		1.0	4.0	Willem	0					0		0			1		
3744	4249	Nagell	van	3.0		Anne Willem Carel	1		Rijnenburg	beide Ampsen	1756.0	0	1851.0	0	"Binnenlandse Adelstitels: predicaat 1814/titel: 1822.
Heerlijkheden/adellijke huizen: verwerving Rijnenburg 1774, beide Ampsen 1785."		1	6.0	2.0
3745	4250	Hees	van	1.0	4.0	Hendrik Herman	0					0		0			1		
3746	4251	Meyners		1.0	4.0	Gerard François	0					0		0			1		
3747	4252	Blom		1.0		Jan	0					0		0			1		
3748	4253	Minne		1.0		Claas Jansz.	0					0	1711.0	0	Persoonsgegevens: begraven 7 april 1711.		1		
3749	4254	Harencarspel		1.0		Pieter Weyertsz.	0					0	1638.0	0	Persoonsgegevens: begraven 11 oktober 1638.		1		
3750	4255	Maler		1.0		Jacob	0					0	1603.0	0			1	1.0	4.0
3751	4256	Mieusz.		1.0		Jan	0					0		0	Persoonsgegevens: komt niet voor in Pieter van Meghelen, Register van de regering tot Edam beginnende voor zoo veel men vinden kan van 't jaar 1572 (handschrift in het Rijksarchief Noord-Holland, collectie losse aanwinsten, inv. nr. 104) onder de vroedschappen van Edam, noch als zodanig in het deel van de vroedschapsresoluties van die stad waarin zijn benoeming tot gecommitteerde in de Admiraliteit van Amsterdam plaatsvindt (Waterlands archief, Oud archief Edam, inv. nr. 65d, lijst van vroedschappen voorin).		1		
3752	4259	Berkel		1.0	4.0	Dirck	0					0		0			1		
3753	4260	Sille	de	1.0	4.0	Laurens	0					0	1637.0	0			1	2.0	1.0
3754	4261	Sille	de	1.0	4.0	Jacob	0				1609.0	0		0			1		
3755	4263	Menger		1.0	3.0	Anthonij Jan	0				1739.0	0	1805.0	0			1		
3756	4264	Leyden	van	1.0	6.0	Frédéric Auguste	1	Jonkheer	West-Barendrecht	Carnisse, Warmond	1768.0	0	1821.0	0	Adelspredicaat: 1814.		1	25.0	11.0
3757	4266	Kumsius		1.0	7.0	Frederik	0					0		0			1		
3758	4267	Valckensteyn	van	1.0	4.0	Nicolaes	0					0	1601.0	0			1	24.0	3.0
3759	4268	Clant		1.0	7.0	Eilco	1		Nittersum tot Stedum			0	1614.0	0	Heerlijkheden/adellijke huizen: verwerving circa 1594.		1	1.0	2.0
3760	4269	Wichering		1.0	7.0	Johan	0					0		0			1		
3761	4271	Broyels		1.0	7.0	Siabbe	0				1561.0	1	1645.0	0	Persoonsgegevens: geboren circa 1561-1562.		1		
3762	4272	Berum	van	1.0	7.0	Remmert	1					0		0	Persoonsgegevens: overleden vóór 9 september 1624.		1		
3763	4274	Isebrants		1.0	3.0	Hieronimus	0					0	1625.0	0			1	17.0	1.0
3764	4275	Crabbe		1.0	7.0	Gerrit	0					0		0			1		
3765	4278	Gruys		1.0	7.0	Hillebrandus	1					0		0	Persoonsgegevens: leefde nog in 1636.		1		
3766	4281	Schonenburch		1.0	3.0	Gualterus	0					0		0			1		
3767	4283	Vertier		1.0	7.0	Johannes Petri	0					0		0			1		
3768	4285	Heeck	van	1.0	3.0	Hendrick	0				1598.0	0	1652.0	0			1	13.0	12.0
3769	4287	Clinge		1.0	3.0	Johan	0				1597.0	0	1652.0	0			1	8.0	4.0
3770	4288	Assuede	van	1.0	7.0	Borghard	0		Rikkerda			0	1649.0	1	Persoonsgegevens: Geslachtsnaam ook Van Aswede. Formsma geeft overlijdensjaar circa 1649, Kuiken en De Nederlandsche Leeuw 1641. In het laatste geval eindigde zijn zitting in de Admiraliteit van Zeeland eerder, of ging het bij deze functie om zijn naamgenoot, genoemd in De Nederlandsche Leeuw 61 (1943) 199.		1		
3771	4291	Harckema	van	1.0	7.0	Aulus	0					0		0			1		
3772	4295	Hiddens		1.0	7.0	Eltjen	0					0	1642.0	0			1		
3773	4296	Maneel	van	1.0	7.0	Johan	0					0		0			1		
3774	4298	Thilo		1.0	7.0	Gunter	0					0		0			1		
3775	4299	Alberti		1.0	7.0	Daniel	0				1608.0	1	1679.0	0	Persoonsgegevens: het Jaarboek en De Nederlandsche Leeuw geven overlijdensdatum 23 september 1679, Kuiken geeft 14 september 1679.		1	23.0	9.0
3776	4301	Meints		1.0	3.0	Johan	0				1612.0	0	1665.0	0	Persoonsgegevens: Feenstra geeft overlijdensdatum 11 januari 1665, Kuiken 8 januari 1665.		1	11.0	1.0
3777	4303	Wichers		1.0	4.0	Johan	0				1616.0	0	1667.0	0			1	15.0	11.0
3778	4304	Coenders		1.0	7.0	Ludolf	0					0	1679.0	0			1	16.0	5.0
3779	4306	Gockinga		1.0	7.0	Henrick	0				1624.0	0	1674.0	0			1	24.0	5.0
3780	4307	Clant		1.0	7.0	Asinga Swier	1				1628.0	0	1665.0	0			1	2.0	11.0
3781	4308	Eeck		1.0	7.0	Johan	0		Rusthoven		1637.0	0	1713.0	0	Heerlijkheden/adellijke huizen: verwerving Rusthoven in 1686 (hij was vermoedelijk zelf de stichter).		1	30.0	4.0
3782	4311	Dijk		1.0	7.0	Roelof	0		Tackenborg			0	1669.0	1	Heerlijkheden/adellijke huizen: verwerving Tackenborg 1659 (door koop).		1		
3783	4312	Ubbena		1.0	7.0	Reijnt	0		Spijk			0	1668.0	0			1		
3784	4315	Iddekinge		1.0	7.0	Rembt	0				1636.0	0	1719.0	0			1	26.0	7.0
3785	4318	Alting		1.0	7.0	Lucas	0		Groenendaal		1640.0	0	1701.0	0			1	21.0	7.0
3786	4319	Burmania	van	1.0	7.0	Bocco	0					0		0			1		
3787	4321	Averesch		1.0	7.0	Albertus	0					0		0			1		
3788	4322	Ketel		1.0	7.0	Elinck	1					0		0	Persoonsgegevens: overleden in of voor 1685.		1		
3789	4323	Swart		1.0	7.0	Henric	0				1638.0	0	1685.0	0			1	29.0	5.0
3790	4324	Gerlacius		1.0	7.0	Anthonius	0				1666.0	1		0	Persoonsgegevens: de Wapenheraut geeft geboortejaar omstreeks 1656, de Nederlandsche Leeuw gedoopt op 16 juli 1666.		1		
3791	4325	Ringels		1.0	7.0	Everhard	0					0		0			1		
3792	4328	Emmius		1.0	7.0	Egbertus	0				1634.0	0	1683.0	0			1	18.0	12.0
3793	4329	Schaij		1.0	7.0	Cornelis	0				1657.0	0	1732.0	0			1	22.0	3.0
3794	4330	Rengers		1.0	7.0	Evert	1		Slochteren		1661.0	1		0	Heerlijkheden/adellijke huizen: verwerving Fraylema (Slochteren) circa 1682, Evert moest de borg in 1690 verkopen wegens schulden.		1		
3795	4331	Pels		1.0	7.0	Marcus	0					0	1705.0	0			1	22.0	6.0
3796	4333	Berchuijs		1.0	7.0	Adam	0					0	1711.0	0			1		
3797	4335	Horenken		1.0	7.0	Gerard	1		Dijksterhuis		1663.0	0	1712.0	0	Heerlijkheden/adellijke huizen: verwerving Dijksterhuis 1679 door vererving.		1	6.0	9.0
3798	4336	Brontsema		1.0	7.0	Bront Haijes	0					0		0			1		
3799	4337	Julsingha	van	1.0	7.0	Jan Hendrik	0				1661.0	0	1725.0	0	Raad: Feenstra geeft afwijkend aanvangsjaar 1694.		1	23.0	6.0
3800	4338	Wolthers		1.0	7.0	Harman	0				1659.0	0	1733.0	0	"Persoonsgegevens: Van Winter geeft afwijkend geboortejaar 1657.
Raad: Feenstra geeft afwijkend aanvangsjaar 1694."		1	5.0	4.0
3801	4340	Drews	de	1.0	7.0	Johan	0				1666.0	0	1759.0	0			1	27.0	10.0
3802	4343	Marees	de	1.0	7.0	Johan	0				1656.0	0	1704.0	0			1	6.0	2.0
3803	4344	Clant		1.0	7.0	Maurits	1		Hankema	Juckema	1667.0	0	1734.0	0	Heerlijkheden/adellijke huizen: verwerving Hankema 1700, Juckema 1687.		1	22.0	12.0
3804	4350	Mepsche	de	1.0	7.0	Peter	0		Aylkema	Eukema		0	1710.0	0			1		
3805	4351	Nijeveen	van	1.0	7.0	Hugo	0				1659.0	0	1714.0	0			1	13.0	2.0
3806	4354	Maneel	van	1.0	7.0	Asinga	0		Holthuizen		1666.0	0	1729.0	0			1	4.0	11.0
3807	4355	Scherius		1.0	7.0	Jan Lodewijk	0					0		0			1		
3808	4357	Gerlacius		1.0	7.0	Bernard	0				1660.0	0	1729.0	0	Raad: Feenstra geeft afwijkend aanvangsjaar 1713.		1	16.0	6.0
3809	4359	Berchuis		1.0	7.0	Tjaard	0				1655.0	0	1721.0	0			1	17.0	2.0
3810	4363	Drews	de	1.0	7.0	Regnerus	0				1673.0	0	1729.0	1	Persoonsgegevens: volgens de genoemde literatuur vermoedelijk in 1728 overleden. Dat is onjuist omdat hij op 23 februari 1729 nog wordt gecontinueerd in de resolutiën van de Staten van Groningen.		1		
3811	4364	Verrucij		1.0	7.0	Sijbrant Walta	0		Schultinga			0		0	Heerlijkheden/adellijke huizen: verwerving Schultinga 1695 (via vererving) tot 1726 (verkocht).		1		
3812	4365	Sissingh		1.0	7.0	Jan	0					0		0			1		
3813	4366	Gesseler	van	1.0	7.0	Ernst Willem	0				1677.0	1	1728.0	0			1	17.0	10.0
3814	4367	Mepsche	de	1.0	7.0	Rudolph	0		Faan	Aylkuma, Den Ham, Haykema		0		0	Heerlijkheden/adellijke huizen: verwerving Faan 1712 (verkocht 1753), Aylkuma 1710 (in 1727 te koop aangeboden, maar onduidelijk of het ook daadwerkelijk verkocht is), Den Ham vermoedelijk 1710 tot 1729 (de borg is in of kort voor 1727 afgebroken en in 1729 verkocht), Haykema door vererving in bezit gekregen en in 1745 verkocht.		1		
3815	4369	Veencamp	de	1.0	7.0	Leonard	0				1678.0	0	1731.0	0			1	26.0	2.0
3816	4370	Valcke	de	1.0	7.0	Popko	0		Gelmersma	Scharmer	1675.0	0	1727.0	0	Heerlijkheden/adellijke huizen: verwerving Gelmersma 1710.		1	31.0	5.0
3817	4372	Writser		1.0	7.0	Jan	0		Engersum	Onnema		0	1733.0	0	Heerlijkheden/adellijke huizen: verwerving Engersum 1699, Onnema 1725.		1		
3818	4373	Lohman		1.0	7.0	Johan	0				1664.0	0	1738.0	0			1	21.0	12.0
3819	4374	Nijehoff		1.0	7.0	Jan Sijmons	0					0		0			1		
3820	4375	Berchuis		1.0	7.0	Ubbo Emmius	0				1684.0	0	1736.0	0	Persoonsgegevens: Kuiken geeft overlijdensdatum 7 september 1736, het Algemeen Nederlandsch Familieblad en de Genealogische en Heraldische Bladen 26 september 1734.		1	7.0	9.0
3821	4377	Gerlacius		1.0	7.0	Tjaard Adriaan	0				1682.0	0	1759.0	0			1	1.0	10.0
3822	4378	Hertoghe	de	1.0	7.0	Barent Johan	0		Boekstede		1700.0	0	1741.0	0	Heerlijkheden/adellijke huizen: verwerving Boekstede 1720.		1	8.0	6.0
3823	4379	Hora		1.0	7.0	Johan	0				1683.0	0	1744.0	0			1	2.0	9.0
3824	4381	Berghuis		1.0	7.0	Hendrick	0				1692.0	0	1745.0	0			1	29.0	5.0
3825	4382	Hinsbeek	van	1.0	7.0	Godefridus Cornelius	0		Bolhuis			0		0	Heerlijkheden/adellijke huizen: verwerving Bolhuis circa 1723 tot 1756 (verkocht).		1		
3826	4383	Wildervanck		1.0	4.0	Adriaen	0				1689.0	0	1745.0	0			1	31.0	10.0
3827	4385	Drews	de	1.0	7.0	Regnerus Tjaarda	0				1700.0	1		0			1		
3828	4386	Tjassens		1.0	4.0	Cornelis	0				1701.0	0	1784.0	0	Raad: Feenstra geeft afwijkend aanvangsjaar 1736.		1	27.0	9.0
3829	4387	Pieters		1.0	7.0	Laurens	0					0		0			1		
3830	4388	Iddekinge	van	1.0	7.0	Antonius Adriaan	0				1711.0	0	1789.0	0			1	28.0	5.0
3831	4390	Piccardt		1.0	7.0	Hendrick Occo	0		Slochteren	Kolham, de Ruiten en van de beide Harksteden	1711.0	1		0	"Persoonsgegevens: overleden na 17 januari 1781.
Heerlijkheden/adellijke huizen: verwerving Slochteren 1754, Kolham 1754, Ruten 1754, Fraylema en Klein Martijn 1754 tot 1781 (verkocht)."		1		
3832	4391	Appius		1.0	7.0	Hendrik Muntinghe	0				1703.0	0	1745.0	0			1	5.0	9.0
3833	4392	Wichers		1.0	4.0	Arend Ludolf	0				1709.0	0	1760.0	0			1	19.0	8.0
3834	4394	Hertoghe	de	1.0	7.0	Daniël Onno	0		Feringa	Rikkerda	1713.0	0	1774.0	0	Heerlijkheden/adellijke huizen: verwerving Feringa 1735 (in 1743 pas officieël overgedragen) en in 1745 te koop aangeboden om te worden afgebroken, Rikkerda 1735 (in 1743 pas officieël bij de boedelscheiding).		1	19.0	10.0
3835	4396	Quintus		1.0	4.0	Gulielmus	0				1695.0	0	1755.0	0			1	14.0	3.0
3836	4397	Blink		1.0	7.0	Albertus	0					0		0			1		
3837	4401	Veldtman		1.0	4.0	Hendrik Jan	0				1709.0	0	1772.0	0	Persoonsgegevens: Kuiken geeft overlijdensdatum 15 oktober 1772, het Algemeen Nederlandsch Familieblad en de Nederlandsche Leeuw 25 oktober 1772.		1	25.0	10.0
3838	4403	Aldersen		1.0	7.0	Claas	0					0		0			1		
3839	4404	Siccama		1.0	7.0	Wiardus	0		Klinkema		1713.0	0	1797.0	0			1	31.0	10.0
3840	4405	Clant		1.0	7.0	Lucas Jan	1		Aykema		1713.0	0		0	Heerlijkheden/adellijke huizen: verwerving Aykema 1736 (vererving). Nadat hij in 1752 onder curatele werd gesteld, werd de borg Aykema op 10 juli 1755 door zijn crediteurs gerechtelijk verkocht.		1		
3841	4406	Hamminck		1.0	7.0	Wolter	0				1696.0	0	1771.0	0			1		
3842	4413	Iddekinge	van	1.0	7.0	Berend	0				1717.0	0	1801.0	0			1	15.0	6.0
3843	4416	Gesseler	van	1.0	7.0	Jacob	0					0	1781.0	0			1		
3844	4419	Alberda		1.0	7.0	Gerard Horenken	1		Dijksterhuis		1705.0	0	1784.0	0	Heerlijkheden/adellijke huizen: verwerving Dijksterhuis 1721 (in 1721 overleed zijn vader, daarop volgde een reeks processen om de hofstede met heerlijkheden die pas in 1745 eindigden).		1	30.0	11.0
3845	4421	Chesnoij	du	1.0	7.0	Berent	0					0		0			1		
3846	4423	Trip		1.0	4.0	Lucas	0				1713.0	0	1783.0	0			1	18.0	8.0
3847	4427	Lewe		1.0	7.0	Reint Jan	1		Middelstum		1740.0	0	1801.0	0	"Heerlijkheden/adellijke huizen: bij overlijden van zijn vader in 1753, behield zijn moeder het gebruik van Ewsum te Middelstum. Reint Jan compareerde dan ook niet namens Middelstum op de landdag, maar voor Uithuizermeeden en later voor Ranum. Wel voerde hij de titel heer van Middelstum.
Persoonsgegevens: de Genealogische en heraldische bladen geeft overlijdensjaar 1801, Formsma 1800."		1		
3848	4429	Borch van Langentrier	van der	1.0	7.0	J.C.	0					0		0			1		
3849	4431	Sickinghe		1.0	7.0	Eilco Eger Tamminga	0				1726.0	0	1807.0	0			1	20.0	1.0
3850	4434	Tjarda van Starkenborgh		1.0	7.0	Ludolf	1		Wehe	Zuurdijk en Nijenklooster	1696.0	0	1777.0	0	Heerlijkheden/adellijke huizen: verwerving Wehe 1728 (dan volgt hij zijn vader op, feitelijk heeft Ludolf pas in 1736 Wehe in zijn bezit).		1	15.0	10.0
3851	4436	Alberda		1.0	7.0	Derk	1					0		0			1		
3852	4438	Alberda		1.0	7.0	Willem	1		Rensuma			0	1786.0	0	Heerlijkheden/adellijke huizen: verwerving Rensuma 1774.		1		2.0
3853	4442	Aldringa		1.0	7.0	Wigbold Geerard	1		Wirdum	Rusthoven	1731.0	0	1794.0	0	Heerlijkheden/adellijke huizen: verwerving Fromaborg (Wirdum) 1764 en publieke verkoop ervan in 1791; Rusthoven (Wirdum) 1752 en verkoop daarvan op 4 januari 1765.		1	12.0	4.0
3854	4444	Clant		1.0	7.0	Maurits	1		Hankema		1730.0	0	1804.0	0			1	26.0	5.0
3855	4445	Idsinga	van	1.0	4.0	Balthasar Daniël	0				1745.0	0	1818.0	0			1	1.0	12.0
3856	4448	Jarges		1.0	4.0	Joost	1	Jonkheer	Tammingaborg		1760.0	0	1845.0	0	Heerlijkheden/adellijke huizen: verwerving Tammingaborg 1792 tot 1798 (verkoop).		1	6.0	1.0
3857	4450	Sickinghe		1.0	4.0	Hendrik George	0				1754.0	0	1818.0	0			1	18.0	12.0
3858	4452	Lohman		1.0	4.0	Wijtzius Hendrik	0		Lellens		1734.0	0	1810.0	0	Heerlijkheden/adellijke huizen: verwerving Lellens 1765 tot 1770 (verkocht).		1	11.0	9.0
3859	4454	Sijtzema		1.0	7.0	Frans Onno	0		Bellingeweer			0	1795.0	1	Heerlijkheden/adellijke huizen: verwerving Bellingeweer 1759.		1		
3860	4456	Tjassens		1.0	4.0	Harmen	0				1735.0	0	1809.0	0			1	16.0	2.0
3861	4457	Alberda		1.0	4.0	Onno Reint	1	Jonkheer	Ekenstein		1752.0	0	1821.0	0	Heerlijkheden/adellijke huizen: verwerving Ekenstein 1779.		1	21.0	10.0
3862	4459	Siccama		1.0	7.0	Willem Hora	0					0		0			1		
3863	4460	Tjaden Jullens		1.0	7.0	Cornelis Hendrik	0					0		0			1		
3864	4461	Westrenen	van	1.0	7.0	Johan	0					0		0			1		
3865	4463	Coninck	de	1.0	7.0	Alexander	1	Jonkheer			1580.0	0	1633.0	0			1	5.0	2.0
3866	4464	Reede	van	1.0	7.0	Godert	1	Jonkheer	Nederhorst	Overmeer, Horstwaard, Cortenhoeff en Vreeland	1588.0	0	1648.0	0	Heerlijkheden/adellijke huizen: verwerving Nederhorst 1612.		1	25.0	6.0
3867	4465	Reede	van	1.0	7.0	Ernst	1	Jonkheer	Vuursche	Drakestein	1588.0	0	1640.0	0	Heerlijkheden/adellijke huizen: verwerving Drakestein 1634.		1	17.0	10.0
3868	4466	Ploos		1.0	4.0	Adriaan	0		Tienhoven	Lievendaal, 't Geyn en Oudegeyn		0	1639.0	0	Heerlijkheden/adellijke huizen: verwerving Tienhoven 1621, 't Geyn 1639, Oudegeyn 1626.		1	12.0	3.0
3869	4467	Baexen	van	1.0	7.0	Frederik	1	Jonkheer	Harmelen	Leeuwen		0	1638.0	0	Heerlijkheden/adellijke huizen: verwerving Harmelen 1615.		1	10.0	12.0
3870	4468	Westrenen	van	1.0	7.0	Lubbert	0					0		0			1		
3871	4469	Modeus	van	1.0	4.0	Dirck	0					0		0			1		
3872	4470	Baexen		1.0	7.0	Jacob	1	Jonkheer	Harmelen	Haenwijk, Leeuwen, Bijleveld, Leeuwenberg		0	1663.0	0	Persoonsgegevens: volgens Utrechts Archief, archief Staten van Utrecht 1581-1810, inv. nr. 246-1, f. 37 overleden 27 oktober 1663, volgens Genealogische en heraldische bladen op 7 juli 1663.		1	27.0	10.0
3873	4473	Eede	van den	1.0	7.0	Hendrik	1	Jonkheer				0		0			1		
3874	4474	Borre van Amerongen		1.0	7.0	Coenraad	1	Jonkheer	Sandenburg	Kersbergen, Coninxvrij		0	1670.0	0	Heerlijkheden/adellijke huizen: verwerving Sandenburg 1640, Coninxvrij 1645.		1	6.0	2.0
3875	4475	Poll	van der	1.0	4.0	Francois	0					0		0	Persoonsgegevens: mogelijk identiek met de secretaris van de Generaliteitsrekenkamer tussen 1656 en 1667, eveneens in deze database.		1		
3876	4477	Lockhorst	van	1.0	7.0	Cornelis	0					0		0			1		
3877	4478	Lockhorst	van	1.0	7.0	Adam	1	Jonkheer	ter Meer	Maarssen, Schonauwen, Lier	1612.0	0	1699.0	0	Heerlijkheden/adellijke huizen: verwerving Ter Meer 1671, Schonauwen 1682 (ruil met De Lier met Frederik van Reede van Renswoude).		1	29.0	9.0
3878	4479	Deuverden	van	1.0	7.0	Dirck	0					0		0			1		
3879	4483	Halewijn	van	1.0	7.0	Francois	1	Jonkheer	Werve			0		0			1		
3880	4485	Hardenbroek	van	1.0	7.0	Hendrik Gijsbert	1		Hardenbroek			0	1697.0	0	Heerlijkheden/adellijke huizen: verwerving Hardenbroek 1673.		1	2.0	12.0
3881	4486	Zas		1.0	4.0	Gerard	0					0		0	Overig: wordt in de commissieboeken van de Staten van Utrecht Gerbrand Zas genoemd.		1		
3882	4488	Smissaert		1.0	7.0	Johan Carel	0				1639.0	0	1708.0	0	Persoonsgegevens: Utrechts Archief, stad Utrecht, secretarie 1577-1795, inv. nr. 129-ter-2 geeft afwijkende overlijdensdatum 23 januari 1708.		1	6.0	1.0
3883	4489	Gelder	van	1.0	7.0	Carel	1	Jonkheer				0		0			1		
3884	4490	Rosa		1.0	7.0	Pieter	0					0	1688.0	0			1		9.0
3885	4491	Weede	van	1.0	4.0	Johan	0				1668.0	0	1699.0	0			1	3.0	12.0
3886	4493	Rossem	van	1.0	7.0	Pieter Godert	1	Jonkheer	Hardenbroek		1666.0	0	1732.0	0	Heerlijkheden/adellijke huizen: verwerving Hardenbroek 1697.		1	15.0	10.0
3887	4494	Lijnden	van	3.0	7.0	Steven	1	Jonkheer	Geerestein	Hoevelaken, Mijnden, beide Loosdrechten		0	1709.0	0	Heerlijkheden/adellijke huizen: verwerving Gerestein 1685.		1	11.0	2.0
3888	4495	Hoeufft		1.0	7.0	Gideon	0				1652.0	0	1710.0	0			1	19.0	2.0
3889	4496	Nassau Odijk	de	4.0	7.0	Lodewijk Adriaan	1	Jonkheer	Zeist	Blikkenburg en Kortgene	1670.0	0	1742.0	0			1	4.0	3.0
3890	4497	Rossem	van	1.0	7.0	Johan Godert	1	Jonkheer	Vuilkoop			0		0			1		
3891	4498	Taets van Amerongen		1.0	7.0	Gerard Godard	1	Jonkheer			1679.0	0	1730.0	0	Overig: in de commissieboeken van de Staten van Utrecht zijn benoeming tot gecommitteerde in de Admiraliteit van Zeeland op 2 maart 1698, echter niet als zodanig aangetroffen in de commissieboek van de Staten-Generaal.		1		
3892	4499	Hartevelt tot Hartevelt	van	1.0	7.0	Elbert Lodewijk	1	Jonkheer				0	1703.0	0			1	9.0	10.0
3893	4503	Ubingh		1.0	7.0	Isaac	0					0	1753.0	0			1	22.0	11.0
3894	4504	Hatting	van	1.0	7.0	Ferdinand	0		Stoetwegen	Wikkenburg	1659.0	0	1740.0	0			1	20.0	1.0
3895	4505	Borre van Amerongen		1.0	7.0	Floris Willem	1	Jonkheer	Kersbergen			0	1718.0	0	Heerlijkheden/adellijke huizen: verwerving Kersbergen 1701; de Lijste van de heeren geëligerden geeft echter Frederik Borre van Amerongen als heer van Kersbergen.		1	5.0	8.0
3896	4507	Leeuw	de	1.0	4.0	Balthasar	0					0		0			1		
3897	4509	Utenhoven	van	1.0	7.0	Jacob	1	Jonkheer	Bottestein	Munnikenland	1700.0	0	1767.0	0			1	9.0	10.0
3898	4511	Lankeren	van	1.0	4.0	Laurens	0				1665.0	0	1727.0	0			1	16.0	1.0
3899	4512	Renesse	van	1.0	7.0	Cornelis Adolph	1	Jonkheer				0		0			1		
3900	4513	Roelands		1.0	4.0	Roeland Albert	0					0		0	Overig: werd op 12 oktober 1737 door de Staten van Utrecht benoemd in de Admiraliteit op de Maze, maar heeft deze functie hoogswaarschijnlijk niet uitgeoefend, aangezien er geen commissie van de Staten-Generaal bekend is, hij op 6 november in de Kamer van Finantie werd benoemd, en Jacob van Renesse op 6 november 1737 namens Utrecht in de Admiraliteit op de Maze werd benoemd.		1		
3901	4514	Leusden		1.0	3.0	Rudolf	0					0		0			1		
3902	4516	Ruever	de	1.0	4.0	Arend Aelbert	0					0		0			1		
3903	4517	Milan Visconti	de	1.0	7.0	Gijsbert Franco	0		Hinderstein	Nyeveld, Veldhuyzen, Byleveld, Rosweyde, Reyerskop en Lichtenberg	1693.0	0	1773.0	1			1		
3904	4519	Nellestein	van	1.0	4.0	Wouter Hendrick	0					0	1759.0	1			1		
3905	4523	Hardenbroek	van	3.0	7.0	Gijsbregt Jan	1		Lockhorst	Bergesteyn, 's Heeraartsberg, Bergambacht en Ammerstol	1719.0	0	1788.0	0	Persoonsgegevens: het Nieuw Nederlandsch Biografisch Woordenboek geeft als overlijdensdatum 20 februari 1788, Genealogische en heraldische bladen 22 februari 1788.		1	22.0	2.0
3906	4526	Berck	van	1.0	7.0	Jacob	0				1694.0	0	1762.0	0			1	24.0	7.0
3907	4527	Weede	van	1.0	7.0	Everart	0		Lutteke Weede		1711.0	0	1750.0	0			1	13.0	12.0
3908	4528	Taets van Amerongen		1.0	7.0	Joost	1	Jonkheer	Natewisch		1726.0	0	1791.0	0	Persoonsgegevens: de Genealogische en Heraldische Bladen geeft overlijdensdatum 3 juni 1791, Nederland's Adelsboek 13 juni 1791.		1	13.0	6.0
3909	4529	Nassau la Leqc	van	4.0	7.0	Hendrik Carel	1		Beverweerd		1696.0	0	1781.0	0	"Heerlijkheden/adellijke huizen: Hendrik Carel graaf van Nassau la Lecq werd op 3 december 1734 en 1 juli 1751 beleend met Beverweerd.
Persoonsgegevens: Wiltschut (Genealogie van Nassau, pagina 238) geeft overlijdensdatum 26 januari 1781, het Jaarboek 25 januari 1781."		1	26.0	1.0
3910	4530	Ablaing van Giessenburg	d'	1.0	4.0	Johan Cornelis	0		Vörde	Stockum, Hagen, Meyderich	1735.0	0	1788.0	0			1	13.0	7.0
3911	4531	Boetzelaar	van	1.0	7.0	Philip Jacob	1	Jonkheer	Asperen	Langerak	1690.0	0	1772.0	0	"Buitenlandse adelstitels: graaf des Heiligen Roomse Rijk 17 mei 1730.
Heerlijkheden/adellijke huizen: Asperen 1721, Langerak (ridderhofstad) 1737.
Overig: was volgens Des Tombe ook lid van Gedeputeerde Staten van Utrecht. Hiervoor zijn echter geen aanwijzingen gevonden."		1	9.0	12.0
3912	4533	Utenhooven	van	1.0	7.0	Hendrick	1	Jonkheer	Amelisweerd	Colenberg, Achthoven, Heeswijk	1715.0	0	1767.0	0			1	1.0	5.0
3913	4535	Heiden	van	3.0	7.0	Reinhard Adriaan Willem Carel	1		Rijnestein		1732.0	0	1784.0	0			1		
3914	4537	Reede	van	3.0	7.0	Frederik Christiaan Rijnhard	1		Amerongen	Lievendaal, Ginkel, Elst, Middachten, Zuilenburg, Roemburg en Nienburg	1743.0	0	1808.0	0			1	13.0	12.0
3915	4538	Tuyll van Serooskerken	van	1.0	7.0	Reinout Diederik	1		Heeze	Leende, Zesgehuchten en Zuilenburg		0		0	Heerlijkheden/adellijke huizen: verwerving Zuilenburg 1768 (door koop), Heeze, Leende en Zesgehuchten 1766 (na het overlijden van zijn stiefmoeder).		1		
3916	4539	Pesters		1.0	4.0	Willem Nicolaas	1	Jonkheer	Cattenbroek	Papendorp	1754.0	0	1831.0	0			1	21.0	4.0
3917	4540	Dam	van	1.0	7.0	Jan Hendrik	0				1724.0	0	1806.0	0			1	30.0	11.0
3918	4541	Taets van Amerongen		1.0	7.0	Gerard Maximiliaan	1	Jonkheer	Deyl	Renswoude, Emmikhuizen	1727.0	0	1788.0	0			1	8.0	3.0
3919	4543	Godin		1.0	7.0	Isaak Ferdinand	0				1688.0	0	1765.0	0	Persoonsgegevens: Wapenheraut geeft doop 1685.		1	9.0	1.0
3920	4544	Rechteren	van	4.0	7.0	Adolf Hendrick	1		Geerestein	Woudenberg	1738.0	0	1793.0	0			1	18.0	6.0
3921	4545	Reede van Agrim	van	1.0	7.0	Frederick Willem	1					0		0			1		
3922	4546	Taets van Amerongen		1.0	7.0	Jan Anthonij	1	Jonkheer	Woudenberg	Blickenburg	1769.0	0	1828.0	0			1	1.0	11.0
3923	4548	Ridder	de	1.0	7.0	Jan Pieter	0					0		0			1		
3924	4550	Voocht	de	1.0	3.0	Johan	0					0	1610.0	0			1	29.0	6.0
3925	4551	Beyer	de	1.0	7.0	Justinus	0					0		0			1		
3926	4552	Feyt		1.0	7.0	Gerrit	0					0		0			1		
3927	4554	Capellen	van der	1.0	7.0	Alexander	1		Boedelhof	Mervelt	1599.0	0	1656.0	0	"Persoonsgegevens: d'Ablaing geeft overlijden 1 juni 1656.
Heerlijkheden/adellijke huizen: verwerving Boedelhof 1621."		1	8.0	7.0
3928	4556	Aernhem	van	1.0	7.0	Seger	0					0		0			1		
3929	4557	Schiffort		1.0	3.0	Johan	0					0	1649.0	1			1		
3930	4560	Everwijn		1.0	7.0	Everhard	0					0		0			1		
3931	4567	Witten		1.0	7.0	Johan	0					0		0			1		
3932	4568	Vijgh		1.0	7.0	Joost	1		IJzendoorn			0	1666.0	0			1	3.0	1.0
3933	4570	Pallandt	van	1.0	7.0	Adriaan Warnard	1		Kappel			0		0			1		
3934	4571	Voocht	de	1.0	7.0	Louis	0					0		0			1		
3935	4572	Feith		1.0	7.0	Berend	0					0		0			1		
3936	4575	Ommeren	van	1.0	7.0	Carel	0					0		0	Overig: was syndicus van Zaltbommel.		1		
3937	4577	Swaefke		1.0	7.0	Wandt Elbert	0					0		0			1		
3938	4578	Witten van Essen		1.0	7.0	Lucas	0					0		0			1		
3939	4593	Beeckman		1.0	7.0	Peter	0					0		0			1		
3940	4594	Beynhem tot den Appelenburgh	van	1.0	7.0	Jacob	1		Tuil	Nazareth	1644.0	0		0	Persoonsgegevens: leeft nog in 1719.		1		
3941	4596	Goris		1.0	7.0	Arnoldus	0					0		0			1		
3942	4597	Plante		1.0	7.0	Jan	0					0		0			1		
3943	4600	Schalen		1.0	7.0	Rudolph Jan	0					0		0	Zie nr. 4608.		1		
3944	4604	Suermondt		1.0	7.0	Pieter	0					0		0			1		
3945	4606	Dam	van	1.0	7.0	Daniël	0					0		0			1		
3946	4611	Holthe	van	1.0	3.0	Willem	0					0		0			1		
3947	4613	Wolfsen		1.0	7.0	Hendrik	0					0		0			1		
3948	4614	Verkerk		1.0	7.0	Gerard	0					0		0			1		
3949	4615	Wijhe tot Ysendoorn	van	1.0	7.0	Christiaen Reynaudt	0					0		0			1		
3950	4617	Smits		1.0	7.0	Bernard	0					0		0			1		
3951	4619	Heeckeren tot den Brantsenburg en Barlham	van	3.0	7.0	Walraven Robbert	1		Barlham	Brandsenburg	1704.0	0	1758.0	0			1	15.0	6.0
3952	4621	Smits		1.0	7.0	Adam Jacob	0		Horssen			0	1788.0	0	Heerlijkheden/adellijke huizen: beleend 23 september 1734.		1		
3953	4623	Ripperda	van	1.0	7.0	Maurits Carel George Willem	1		Verwolde	Vorden, Leemcuyl, Weldam en Olidam	1695.0	0	1751.0	0			1	14.0	3.0
3954	7249	Duijmen		1.0	7.0	Joachim	0					0		0			1		
3955	4631	Pieck		3.0	7.0	Willem Hendrik	1		Brakel	ter Does, Enspiek, Zoelen en Aldenhage	1698.0	0	1762.0	0	Heerlijkheden/adellijke huizen: dagelijks heer van Brakel en Rodinchem, Enspijk en Zoelen, heer van Brakel en Aldenhage (de vier laatste vanaf 1725).		1	28.0	5.0
3956	4632	Lynden tot de Parck	van	1.0	7.0	Casper Anthonius	1				1707.0	0	1748.0	0			1	3.0	3.0
3957	4633	Brouwer		1.0	7.0	Derck	0					0		0			1		
3958	4634	Cox		1.0	7.0	Johan	0					0		0	Raad: blijkens de resoluties van de generaliteitsrekenkamer.		1		
3959	4635	Pielat		1.0	7.0	Jacob Christiaan	0					0		0			1		
3960	4636	Minningen	van	1.0	7.0	Gerhard	0					0		0			1		
3961	4638	Westerholt	van	1.0	7.0	Johan Frederik	1		Hackfort	Scherpenzeel, Peursum, Bahr, Lathum	1697.0	0	1751.0	0			1		
3962	4640	Dijckmeester		1.0	7.0	Herman Jan	0				1703.0	0	1762.0	0			1	9.0	11.0
3963	4644	Appeldoorn	van	1.0	7.0	Johan	0					0		0			1		
3964	4645	Lynden tot Hemmen	van	3.0	7.0	Willem	1		Hemmen	Blitterswijk, Wanssum	1729.0	0	1787.0	0	"Heerlijkheden/adellijke huizen: verwerving Hemmen, Blitterswijk 1787. 
Overig: Burggraaf en richter van Nijmegen (1786)."		1	13.0	6.0
3965	4646	Vlaardingerwoud	van	1.0	4.0	Maarten	0					0		0			1		
3966	4647	Gosselet		1.0	7.0	Johan	0					0		0			1		
3967	4649	Weijer Haesbaert		1.0	7.0	Gijsbert	0					0		0			1		
3968	4654	Bloemhert		1.0	7.0	Abraham	0					0		0			1		
3969	4655	Verzijl		1.0	7.0	Jacobus	0					0		0			1		
3970	4656	Vles		1.0	7.0	Jan	0				1716.0	0		0			1		
3971	4658	Mesteeker		1.0	7.0	Otto	0					0		0			1		
3972	4659	Hammelink		1.0	7.0	Diederick	0					0		0			1		
3973	4662	Hasselt	van	1.0	4.0	Johan Coenraat	0				1708.0	0	1778.0	0			1	5.0	9.0
3974	4665	Boonen		1.0	4.0	Dirk	0					0		0			1		
3975	4666	Heeckeren tot Beurse	van	3.0	7.0	Jacob Adolph	1		Enghuizen	Beurse, de Cloese en Langen	1724.0	0	1792.0	0			1	20.0	2.0
3976	4668	Pallandt	van	3.0	7.0	Adolph Warner Carel Wilhelm	1		Keppel	Voorst, Barlham, Walfort	1733.0	0	1813.0	0			1	26.0	2.0
3977	4669	Hoop	van der	1.0	4.0	Jan Nanning	0				1738.0	0	1782.0	0			1	29.0	11.0
3978	4670	Heeckeren	van	1.0	7.0	Jacob Christiaan Maria Evert Albrecht	1		Barlham		1736.0	0	1780.0	0			1	4.0	7.0
3979	4673	Lynden	van	1.0	7.0	Herman Willem Jan	1		Oldenaller		1729.0	0	1803.0	0			1	18.0	12.0
3980	4675	Schimmelpenninck van der Oije		3.0	7.0	Willem Anne	1		beide Pollen	Nijenbeek	1750.0	0	1818.0	0			1	27.0	7.0
3981	4676	Grootenraaij	van	1.0	4.0	Hendrik Willem	0					0		0			1		
3982	4677	Balveren	van	3.0	7.0	Gerhard Willem	1		Hoekelum	Weurt	1747.0	0	1798.0	0	Heerlijkheden/adellijke huizen: verwerving Hoekelum en Weurt 1756.		1	2.0	12.0
3983	4678	Singendonck van Diedem	van	1.0	7.0	Coenraad Diderick Neomagus	0					0		0			1		
3984	4681	Heeckeren tot Kell	van	3.0	7.0	Jacob Derk Carel	1		Ruurlo	Lichtenberg, Engelenburg en Kell	1730.0	0	1795.0	0			1	11.0	7.0
3985	4683	Bergh	van den	1.0	7.0	Adriaan	0					0		0			1		
3986	4684	Singendonck	van	1.0	7.0	Coenraad Diederick Neomagus	0					0		0			1		
3987	4685	Capellen	van der	3.0	7.0	Alexander Hendrik	1		Dam	Boedelhof	1732.0	0	1807.0	0	Heerlijkheden/adellijke huizen: verwerving de Dam 1753, Boedelhof 1756.		1	14.0	2.0
3988	4687	Rouwenoort	van	3.0	7.0	Hendrik Adriaan Willem	1		Langen	Ulpenpas	1741.0	0	1815.0	0			1	7.0	1.0
3989	4688	Heeckeren	van	3.0	7.0	Evert Christiaan Carel Wilhelm	1	Jonkheer	Nettelhorst	Batingen, Clooster	1744.0	0	1816.0	0	Persoonsgegevens: d'Ablaing geeft overlijden 10 september 1816, en voornamen Evert Carel Christiaan Willem.		1	9.0	9.0
3990	4689	Gavanon		1.0	7.0	Lodewijk Steven	0					0		0			1		
3991	4691	Meester	de	1.0	4.0	Willem	0				1742.0	0	1792.0	0			1	27.0	1.0
3992	4692	Wijgink		1.0	7.0	David	0					0		0			1		
3993	4693	Oldenbarneveld	van	1.0	4.0	Jan Rutger	0					0		0			1		
3994	4694	Dedem van Vosbergen	van	1.0	7.0	Alexander	1					0	1798.0	0			1		
3995	4695	Tengnagell	van	3.0	7.0	Zeno Diederik Walraad	1		Bronkhorst		1717.0	1	1791.0	0	Heerlijkheden/adellijke huizen: verwerving Gellekom 1725 (samen met zijn broers onmondig beleend).		1	22.0	11.0
3996	4697	Bijland	van	1.0	7.0	Otto Willem Henderik	0					0		0			1		
3997	4699	Mesteecker		1.0	7.0	Henricus Cornelis	0					0		0			1		
3998	4700	Gaijmans		1.0	7.0	Arnold Anthonij	0					0		0			1		
3999	4701	Trip		1.0	7.0	Jan Louis	0					0		0			1		
4000	4702	Balleur	le	1.0	7.0	Nicolaas	0					0		0			1		
4001	4703	Virieu	de	1.0	4.0	Otto	0				1745.0	0	1830.0	0			1	24.0	3.0
4002	4704	Schrassert		1.0	4.0	Nicolaas Hendrik	0				1764.0	0	1829.0	0			1	13.0	5.0
4003	4705	Virieu	de	1.0	7.0	Adriaan Francois	0				1767.0	0	1838.0	0			1	5.0	5.0
4004	4706	Knipschaar		1.0	7.0	C.I.	0					0		0			1		
4005	4708	Schouten		1.0	7.0	Aaldert	0					0		0			1		
4006	4710	Renesse van Baer	van	1.0	7.0	Jacob	1	Jonkheer	Grijpskerke	Rijnesteyn	1557.0	0	1605.0	0			1	15.0	12.0
4007	4711	Sijpesteijn	van	1.0	4.0	Willem	0				1575.0	0	1624.0	0			1	12.0	4.0
4008	4753	Ruijsch		1.0	4.0	Hugo	1	Jonkheer	den Engh	De Wiersse		0	1613.0	0			1	19.0	8.0
4009	4754	Coninc	de	1.0	7.0	Goyert	1	Jonkheer	Valthuis		1549.0	0	1625.0	0			1	28.0	5.0
4010	4756	Hardenbroek	van	1.0	7.0	Ghijsbert	1	Jonkheer				0	1627.0	0			1	7.0	7.0
4011	4757	Meervelt	van	1.0	7.0	Cornelis Woutersz	0					0		0			1		
4012	4758	Eck	van	1.0	7.0	Aernout	0					0	1648.0	0			1		
4013	4759	Eck, van Panthaleon	van	1.0	7.0	Gerard	1	Jonkheer	Oud-Broekhuizen		1607.0	0	1654.0	0			1	30.0	4.0
4014	4761	Wijck	van	1.0	7.0	Johan	0					0		0			1		
4015	4762	Wijck	van	1.0	7.0	Henrick	0					0		0			1		
4016	4764	Borre van Amerongen		1.0	7.0	Dirck	1	Jonkheer	Sandenburg	Coninxvrij		0	1703.0	0	Heerlijkheden/adellijke huizen: verwerving Sandenburg en Coninxvrij 1671.		1	7.0	4.0
4017	4768	Lidt de Jeude	van	1.0	7.0	Cornelis	0					0	1714.0	0	"Persoonsgegevens: Utrechts Archief, Stad Utrecht, Secretarie 1577-1795, inv. nr. 129-bis-2, 513 geeft overlijdensdatum 16 april 1714, de andere bronnen 31 maart 1714.
Vroedschap: Nederland's Patriciaat geeft afwijkend aanvangsjaar 1685."		1	31.0	3.0
4018	4771	Leusden		1.0	7.0	Johan Willem	0				1675.0	0	1745.0	0			1	26.0	3.0
4019	4772	Tuyll van Serooskerken	van	1.0	7.0	Reynoud Gerard	1	Jonkheer	Zuylen	Westbroek	1677.0	0	1729.0	0	Persoonsgegevens: Adelsboek noemt hem 'raad van Utrecht', maar dit is onwaarschijnlijk. Tuyll wordt niet genoemd in het databestand 'Utrechtse bestuurders' op de website Het Utrechts Archief (laatst geraadpleegd september 2023).		1	8.0	3.0
4020	4773	Leeuw	de	1.0	7.0	Daniël	0					0		0			1		
4021	4774	Rozemale	van	1.0	4.0	Dominicus	0					0		0			1		
4022	4776	Capellen	van der	1.0	7.0	Gerlach Fredrik	1	Jonkheer	Mijdrecht		1697.0	0	1754.0	0	Persoonsgegevens: het Nieuw Nederlandsch Biografisch Woordenboek geeft overlijdensjaar 1754, Van der Aa 1749.		1	19.0	5.0
4023	4782	Renesse	van	3.0	7.0	Johan Peter Coenraad Hendrik	1		Wilp tot Vliet		1753.0	0	1818.0	0	Ridderschap: vraagt ontslag 25 april 1782 en verlaat Gelderland.		1	13.0	1.0
4024	4783	Senn van Bazel		1.0	4.0	Librecht	0				1758.0	0	1790.0	0			1	6.0	9.0
4025	4784	Pesters		1.0	4.0	Jan	0					0	1790.0	1			1		
4026	4785	Hoop	van der	1.0	7.0	Adriaan	0					0		0			1		
4027	4786	Cazius		1.0	7.0	Unico Willem Teutonicus	0				1766.0	0	1832.0	0			1	26.0	4.0
4028	4787	Lynden	van	1.0	7.0	Jan Hendrik	1	Jonkheer	Lunenburg		1765.0	0	1854.0	0			1	10.0	1.0
4029	4788	Brienen	van	1.0	7.0	Jacob	0					0		0			1		
4030	4789	Beijer	de	1.0	7.0	Henrick	0					0		0			1		
4031	4790	Bemmel	van	1.0	7.0	Thomas	0					0		0			1		
4032	4793	Heuckelom	van	1.0	7.0	Gerrit	0				1581.0	0	1647.0	0			1	25.0	6.0
4033	4795	Schuyrman		1.0	7.0	Pieter	0					0		0			1		
4034	4796	Brouckhuijsen	van	1.0	7.0	Wilt	0					0		0			1		
4035	4798	Stralen	van	1.0	7.0	Frederick	0					0		0			1		
4036	4802	Ruyter tot Vieracker		1.0	7.0	Johan	0				1631.0	0	1678.0	0			1		1.0
4037	4804	Torck		1.0	7.0	Assueer	1				1656.0	0	1698.0	0			1	22.0	9.0
4038	4805	Brakell	van	1.0	7.0	Willem Frederik	1		Tedingsweer		1660.0	0	1702.0	0			1		
4039	4807	Schimmelpenninck van der Oye		1.0	7.0	Herman Henrick	1		Langen	Clouse	1669.0	0	1707.0	0			1	23.0	2.0
4040	4808	Laer	van	1.0	7.0	Hendrik	1		Lichtenberg	Kell, Engelenburg, Rees	1680.0	0	1721.0	0			1	4.0	2.0
4041	4809	Menthen		1.0	7.0	Adriaan	0					0		0			1		
4042	4811	Ruuck	de	1.0	7.0	Otto	0				1682.0	0	1729.0	0			1	26.0	11.0
4043	4812	Bijsterveld	van	1.0	7.0	Jurrian	0					0		0			1		
4044	4813	Heeckeren	van	1.0	7.0	Frans Jan	1		Enghuizen	Beurse, de Cloese en Langen	1694.0	0	1767.0	0			1	10.0	5.0
4045	4814	Essen tot Helbergen	van	1.0	7.0	Carel	1		Helbergen		1696.0	0	1756.0	0	"Persoonsgegevens: de Nederlandsche Leeuw (1927) geeft overlijdensjaar 1766, de Nederlandsche Leeuw (1967) 11 april 1756.
Heerlijkheden/adellijke huizen: verwerving Helbergen 29 augustus 1709."		1	11.0	4.0
4046	4815	Rouwenoort	van	3.0	7.0	Willem Hendrik	1		Holthuizen	Ulenpas en Hunderen	1705.0	0	1782.0	0			1	27.0	11.0
4047	4817	Zuylen van Nievelt	van	3.0	7.0	Coenraad Jan	1		Glinthorst	Velthuysen	1716.0	0	1767.0	0			1		
4048	4818	Greve	de	1.0	4.0	Johan	0					0		0			1		
4049	4826	Bruijn	de	1.0	4.0	Isaac	0				1715.0	0	1780.0	0			1	14.0	9.0
4050	4827	Pallandt	van	3.0	7.0	Frederik Willem Floris	1		Voorst	Keppel en Oosterveen	1700.0	0	1779.0	0			1	24.0	11.0
4051	4829	Gaymans		1.0	4.0	Jan	0				1724.0	0	1804.0	0	Persoonsgegevens: alle artikelen in Gens Nostra geven overlijdensdatum 4 januari 1804, het Nederland's Patriciaat en Maris en Driessen geven 3 januari 1804.		1	4.0	1.0
4052	4831	Haersolte tot Yrst	van	3.0	7.0	Willem	1				1718.0	0	1791.0	0			1	17.0	7.0
4053	4832	Lynden	van	1.0	7.0	Jan Elias	1				1737.0	0	1793.0	0			1	28.0	4.0
4054	4833	Vermeulen		1.0	4.0	Gerard	0					0		0			1		
4055	4834	Ruuck	de	1.0	7.0	Hendrik	0					0		0			1		
4056	4835	Roock	de	1.0	4.0	Adriaan	0				1738.0	0	1812.0	0			1	7.0	2.0
4057	4836	Verstege		1.0	4.0	Bernard Joost	0				1723.0	0	1796.0	0			1	9.0	9.0
4058	4837	Hasselt	van	1.0	4.0	Gijsbert	0				1734.0	0	1801.0	0			1	18.0	6.0
4059	4838	Wolff	de	1.0	7.0	Willem Francois	0					0		0			1		
4060	4839	Bentinck		3.0	7.0	Godart Adriaan	1				1740.0	0	1789.0	0			1	4.0	1.0
4061	4840	Otters		1.0	4.0	Oswald	0					0		0			1		
4062	4841	Ruyven	van	1.0	4.0	Derk	0					0		0			1		
4063	4843	Randwijk	van	1.0	7.0	Steven Jacob	0					0		0			1		
4064	4844	Vos		1.0	7.0	Pieter Anthonis	0				1731.0	0	1792.0	0			1	14.0	5.0
4065	4845	Omelingh		1.0	7.0	Frans Jan	0					0	1795.0	0			1		
4066	4846	Nannis		1.0	7.0	Johan	0					0		0			1		
4067	4847	Sweers		1.0	7.0	Aerndt	0					0		0			1		
4068	4848	Welderen	van	1.0	7.0	Ghijsbert	1					0		0			1		
4069	4849	Ermelen	van	1.0	7.0	Willem	0					0		0	Persoonsgegevens: geslachtsnaam ook wel Van Armel.		1		
4070	4850	Glimmer		1.0	3.0	Johan	0					0	1639.0	0	Persoonsgegevens: geslachtsnaam ook als 'Glummer'.		1		
4071	4851	Bemmel	van	1.0	7.0	Balthasar	0					0		0			1		
4072	4853	Lintelo tot de Ehze	van	1.0	7.0	Willem	1				1600.0	0	1658.0	0			1	31.0	12.0
4073	4855	Heyendael	van	1.0	7.0	Johan	0					0		0			1		
4074	4857	Valcke		1.0	3.0	Willem	0					0		0			1		
4075	4858	Wolffsen		1.0	3.0	Arnold	0					0	1695.0	0			1		2.0
4076	4859	Wijngaerden	van	1.0	7.0	Martin	0					0		0			1		
4077	4860	Wijngaerden	van	1.0	7.0	Albert	0					0		0			1		
4078	4862	Verbolt		1.0	7.0	Willem	0					0		0			1		
4079	4863	Holl		1.0	7.0	Johan	0					0		0			1		
4080	4865	Wentholt		1.0	4.0	Arnoldus	0				1649.0	0	1704.0	0			1	7.0	12.0
4081	4866	Greve		1.0	7.0	Johan	0					0		0			1		
4082	4868	Tulleken		1.0	7.0	Arnoldus Anthonius	0				1661.0	0	1716.0	0			1	13.0	10.0
4083	4871	Wolfsen		1.0	3.0	Arnold	0					0		0			1		
4084	4872	Essen tot Schaffelaer	van	1.0	7.0	Hendrik Jan	1				1689.0	0	1753.0	0			1	2.0	7.0
4085	4873	Gendt	van	3.0	7.0	Willem Joseph	1				1671.0	0	1732.0	0			1	17.0	12.0
4086	4874	Balveren tot Driel	van	1.0	7.0	Jan Walraven	0					0		0			1		
4087	4876	Erkelens	van	1.0	7.0	Herman Jacob	0					0		0			1		
4088	4877	Graef	van de	1.0	7.0	Jacob Winter	0					0		0			1		
4089	4878	Balveren	van	1.0	7.0	Walraven	1		Weurt		1716.0	0	1775.0	0			1	6.0	12.0
4090	4879	Laet	de	1.0	4.0	Hermanus Henricus	0					0		0			1		
4091	4880	Vermeulen		1.0	7.0	Rijck	0					0		0			1		
4092	4881	Kompff		1.0	7.0	Zeger Adolph Caspar	0					0		0			1		
4093	4882	Wolff	de	1.0	7.0	Willem	0					0		0			1		
4094	4885	Hart	van der	1.0	7.0	Anthonij	0					0		0			1		
4095	4886	Tulleken		1.0	4.0	Oswalt	0				1732.0	0	1795.0	0			1	29.0	1.0
4096	4888	Beyer	de	1.0	4.0	Justinus	0		Hulsen	Kinkelenburg	1705.0	0	1772.0	0			1	6.0	2.0
4097	4889	Wilbrennink		1.0	7.0	Bernardus Lubbertus	0				1719.0	0	1795.0	0			1		
4098	4891	Ruijven	van	1.0	7.0	Hendrik Willem	0					0		0			1		
4099	4892	Hogendorp	van	4.0	7.0	Gijsbert Carel	1					0		0			1		
4100	4893	Hart	van der	1.0	7.0	Willem	0				1734.0	0	1811.0	0			1		
4101	4894	Eck	van	1.0	7.0	Jacob Nicolaas	0					0		0			1		
4102	4896	Brakell	van	1.0	7.0	Jacob Derk	1		Hoekenburg		1736.0	0	1790.0	0			1	17.0	4.0
4103	4898	Mesteker		1.0	7.0	W.H.	0					0		0			1		
4104	4899	Dorth van Holthuijzen	van	3.0	7.0	Gerrit Jurrien Johan Adriaan Adolph	1		Holthuizen	Harreveld		0		0			1		
4105	4900	Sloet		3.0	4.0	Adriaan Wolter Wilhelm	1		Diepenbroek	Sinderen	1744.0	0	1824.0	0			1	28.0	8.0
4106	4902	Grootvelt	van	1.0	7.0	Peter	0					0		0			1		
4107	4904	Wijck	van	1.0	7.0	Johan	0					0	1624.0	1			1		
4108	4905	Asch van Wijck	van	1.0	7.0	Zeger	0				1592.0	0	1669.0	0	Persoonsgegevens: ook wel Zeger van Wijck of Seger van Wijck genoemd.		1	12.0	3.0
4109	4906	Vonck van Lienden		1.0	7.0	Dirck	0					0		0			1		
4110	4911	Hardenbroek	van	1.0	7.0	Herman Peter	1	Jonkheer			1630.0	0	1655.0	0			1	4.0	11.0
4111	4913	Clerck		1.0	4.0	Cornelis	0					0		0			1		
4112	4914	Cloeck		1.0	4.0	Jacob	0					0	1670.0	1			1		
4113	4916	Eck van Panthaleon	van	1.0	7.0	Diderick	1		Lievendaal			0	1675.0	1			1		
4114	4918	Dinter	van	1.0	7.0	Johan	0					0		0			1		
4115	4919	Ghijssen		1.0	7.0	Johan	0					0		0			1		
4116	4920	Schade		1.0	4.0	Jaspar Cornelis	0					0		0			1		
4117	4921	Borre van Amerongen		1.0	7.0	Frederick	1	Jonkheer	Kersbergen	Bergesteyn	1638.0	0	1722.0	0	Heerlijkheden/adellijke huizen: verwerving Bergesteyn 1721.		1	20.0	12.0
4118	4922	Gales		1.0	7.0	Vincentius	0					0		0	Persoonsgegevens: mogelijk uit Friesland.		1		
4119	4923	Hoeufft		1.0	7.0	Joseph	0		Lunenburg		1657.0	0	1700.0	0			1	24.0	11.0
4120	4924	Nierop		1.0	7.0	Maurits Cornelis	0					0		0			1		
4121	4925	Utenhove	van	1.0	7.0	René	1	Jonkheer				0		0			1		
4122	4927	Ormea		1.0	4.0	Johan Scipio	0		Sevenhoven		1695.0	0	1745.0	0			1	6.0	3.0
4123	4928	Lansman		1.0	7.0	Jacob	0					0		0			1		
4124	4929	Taets van Amerongen		1.0	7.0	Leonard	1	Jonkheer			1700.0	0	1736.0	0			1	1.0	5.0
4125	4930	Capellen	van der	1.0	7.0	Steven Frederik	1	Jonkheer	Papenkop	Mijdrecht en Diemerbroek		0	1759.0	0			1	20.0	8.0
4126	4931	Reede	van	3.0	7.0	Frederik Willem	1		Amerongen	Lievendaal, Ginkel, Elst, Middachten, Zuilenburg, Roemburg	1717.0	0	1747.0	0			1	1.0	12.0
4127	4932	Gobius		1.0	4.0	Hendrik Anthonij	0				1724.0	0	1775.0	0	Persoonsgegevens: Nederland's Patriciaat geeft overlijdensdatum 29 september, Genealogische en Heraldische Bladen 28 september.		1	29.0	9.0
4128	4933	Jonckheere	de	1.0	7.0	Arnoud	0					0		0			1		
4129	4934	Eekhout		1.0	7.0	Evert Jan	0					0		0			1		
4130	4938	Casembroot		1.0	7.0	Leonard	1	Jonkheer	Reinestein		1657.0	0	1719.0	0			1	29.0	3.0
4131	4943	Berck	van	1.0	4.0	Nicolaas	0				1587.0	0	1652.0	0	Persoonsgegevens: de Lijste van de heeren geëligeerden geeft 21 oktober 1652 als overlijdensdatum, Utrechts Archief 16 december 1652.		1	20.0	10.0
4132	4944	Hardenbroek	van	1.0	7.0	Pieter	1	Jonkheer	Hardenbroek		1593.0	0	1658.0	0			1	18.0	10.0
4133	4946	Hartevelt	van	1.0	7.0	Gijsbert	1	Jonkheer				0		0			1		
4134	4947	Oostrum	van	1.0	7.0	Willem	1	Jonkheer	Broekhuizen	Wickenburg	1582.0	0	1639.0	0	Heerlijkheden/adellijke huizen: verwerving Broekhuizen 1628, Wickenburg 1604-1630.		1	10.0	11.0
4135	4948	Reede	van	1.0	7.0	Gerard	1	Jonkheer	Renswoude	Burchwal		0	1666.0	0	Heerlijkheden/adellijke huizen: verwerving Renswoude 1640.		1	22.0	12.0
4136	4950	Borre van Amerongen		1.0	7.0	Justus	1	Jonkheer				0	1663.0	0			1	13.0	3.0
4137	4951	Rodenburch	van	1.0	4.0	Christiaen	0					0	1668.0	0			1	18.0	1.0
4138	4952	Renesse van Moermont	van	1.0	7.0	Frederik	1	Jonkheer	ter Aa	Zuyleveld		0	1680.0	0	"Heerlijkheden/adellijke huizen: Groot Placaatboek II geeft Mal en Schalkwijk.
Verwerving Ter Aa 1667."		1	17.0	10.0
4139	4954	Reede	van	3.0	7.0	Godert Adriaan	1		Amerongen	Ginkel, Elst, Woudenberg en Lievendaal	1621.0	0	1691.0	0			1	9.0	9.0
4140	4956	Reede	van	3.0	7.0	Frederik Adriaan	1	Jonkheer	Renswoude	Emmichhuysen, Moerkerken	1659.0	0	1738.0	0	Persoonsgegevens: Biographisch woordenboek geeft overlijdensjaar 1740, Wapenheraut en Jaarboek Centraal Bureau voor Genealogie 1738.		1	12.0	12.0
4141	4958	Pesters		1.0	4.0	Jan	0		Cattenbroek		1716.0	0	1797.0	0			1	12.0	8.0
4142	4960	Brienen	van	1.0	7.0	Hendrik	1		Sinderen			0	1620.0	0	"Persoonsgegevens: bijnaam 't manke van Furstendom van Gelre, omdat hij mank was. Eveneens aangeduid als 'Hendrik van Brienen de oude'. Overlijdensdatum Oude Stijl.
Heerlijkheden/adellijke huizen: verwerving Sinderen 1597."		1	11.0	2.0
4143	4961	Dorth	van	1.0	7.0	Johan	1		Pesch	Vehof, Naelraed, Oelde	1574.0	0	1624.0	0	Ridderschap: jaren van verschijning.		1		
4144	4963	Goch	van	1.0	3.0	Johan	0		Nederhelbergen		1580.0	0	1637.0	0	Heerlijkheden/adellijke huizen: verwerving Nederhelbergen 19 februari 1610.		1		
4145	4969	Bye	de	1.0	3.0	Arnold	0		Waaienstein			0		0			1		
4146	4976	Ghoris		1.0	7.0	Jacob	0					0		0			1		
4147	4988	Spengler		1.0	7.0	Laurens	0				1677.0	0	1730.0	0			1	4.0	10.0
4148	4990	Welderen	van	4.0	7.0	Steven Adriaen	1		Valburg			0	1776.0	0	Buitenlandse adelstitels: graaf des Heiligen Roomse Rijk.		1	21.0	2.0
4149	4991	Torck		1.0	7.0	Lubbert Adolf	1		Rosendael	Pettecum	1687.0	0	1758.0	0			1	11.0	10.0
4150	4993	Welderen	van	4.0	7.0	Bernhard	1		Ubbergen		1700.0	1	1770.0	0			1	10.0	3.0
4151	4994	Benthem	van	1.0	4.0	Christiaen Willem	0					0	1753.0	0			1	20.0	9.0
4152	4995	Brouwer		1.0	3.0	Herman Arnold	0					0		0			1		
4153	4997	Torck		3.0	7.0	Assueer Jan	1		Rosendael	Duvenvoorde, Voorschoten, Veur, Heerjansdam, Petcum, Harsselo, de Wilp en de Heeg	1733.0	0	1793.0	0			1	21.0	2.0
4154	5000	Lidt de Jeude		1.0	4.0	Cornelis Christiaen	0				1728.0	0	1809.0	0			1	20.0	2.0
4155	5001	Steen	van den	1.0	4.0	Jacob Diederik	0		Ommeren	Wadestein	1751.0	0	1823.0	0			1	19.0	3.0
4156	5002	Heeckeren	van	3.0	4.0	August Robbert	1		Suideras		1743.0	0	1811.0	0			1	7.0	10.0
4157	5004	Biel	de	1.0	3.0	Johan	0					0		0			1		
4158	5005	Bentinck tot Aller		1.0	7.0	Carel	1		Aller	Berinckhuizen		0	1646.0	0	"Persoonsgegevens: De Nederlandsche Leeuw geeft overlijden 26 december 1646, Maris en Driessen 19 juni 1646, d'Ablaing 26 november 1645.
Ridderschap: de jaren zijn die van comparitie, de admissie is niet bekend.
Heerlijkheden/adellijke huizen: beleend met Aller en Berinckhuijsen op 4 juli 1584."		1	26.0	12.0
4159	5008	Rengers		1.0	7.0	Johan	1		ten Post	Garrelsweer	1542.0	0	1626.0	0			1	8.0	9.0
4160	5009	Batting		1.0	7.0	Roeloff	0				1542.0	0	1622.0	0	Persoonsgegevens: ook Rudolf genoemd.		1	5.0	3.0
4161	5010	Rengers van Hellum		1.0	7.0	Johan	1					0	1608.0	1	Persoonsgegevens: overleden in of kort na 1608.		1		
4162	5011	Coenders van Helpen		1.0	7.0	Abel	1		Ewsum		1564.0	0	1629.0	0	Heerlijkheden/adellijke huizen: verwerving in 1616 (door koop).		1	11.0	1.0
4163	5012	Clant		1.0	7.0	Allard	1		Meyma			0	1617.0	0	Heerlijkheden/adellijke huizen: verwerving 1592 (door koop).		1		
4164	5013	Gruys		1.0	7.0	Berent	1					0	1627.0	0			1		
4165	5014	Tiaerda		1.0	3.0	Eiso	0				1580.0	1	1620.0	1	Persoonsgegevens: vermoedelijk overleden in 1619 of 1620.		1		
4166	5015	Castricum	van	1.0	3.0	Pancratius	0					0		0			1		
4167	5017	Lewe tot Asinga		1.0	7.0	Evert	1	Jonkheer	Ulrum	Middelstum, Hansouwe en Kantens		0	1641.0	0	Persoonsgegevens: Genealogische en Heraldische Bladen geeft overlijdensjaar 1629 (verdronken in het Zijldiep te Winsum), Nederland's Adelsboek 1641.		1		
4168	5024	Sighers	de	1.0	7.0	Albert	1				1610.0	0	1650.0	0	Persoonsgegevens: de Nederlandsche Leeuw geeft overlijdensdatum 3, Kuiken 13 augustus 1650.		1	13.0	8.0
4169	5026	Fermpsum	van	1.0	7.0	Otto	0					0	1658.0	0			1	16.0	10.0
4170	5028	Louwens		1.0	7.0	Adolf	0				1598.0	1	1668.0	0			1	30.0	4.0
4171	5029	Meyer		1.0	7.0	Coenraad	0					0		0	Persoonsgegevens: wellicht de Conradus Meyer uit Formsma, W.J., R.A. Luitjens-Dijkveld en A. Pathuis, De Ommelander Borgen en Steenhuizen (Assen 1973), 301, bezitter van de Blauwborg tussen 1634 en 1655.		1		
4172	5030	Eeck		1.0	3.0	Johan	0		Ekenstein		1600.0	0	1663.0	0	"Persoonsgegevens: Van Winter geeft 1660 als geboortejaar; is echter evident een zetfout.
Heerlijkheden/adellijke huizen: stichter van de Ekenstein.
Overig: hij had een gelijknamige zoon."		1	10.0	6.0
4173	5031	Hulten	van	1.0	7.0	Lucas	0					0	1652.0	0			1		
4174	5033	Ackema		1.0	7.0	Warmolt	0				1602.0	1	1677.0	0			1	16.0	9.0
4175	5034	Haijckens		1.0	7.0	Haiko	0					0	1658.0	0			1	17.0	10.0
4176	5035	Ripperda		1.0	7.0	Joachim	1		Farmsum			0		0			1		
4177	5036	Emmius		1.0	7.0	Samuel	0				1624.0	0	1684.0	0	Raad: Feenstra geeft afwijkend aanvangsjaar 1660.		1	11.0	4.0
4178	5038	Ewsum	van	1.0	7.0	Asinga	1	Jonkheer	Engelum			0	1669.0	0	Heerlijkheden/adellijke huizen: verwerving van de Englumborg wellicht in 1653 bij zijn huwelijk met Justina Gaykinga.		1		
4179	5040	Swartte		1.0	7.0	Jacob	0				1636.0	0	1671.0	0			1	20.0	2.0
4180	5042	Alberda		1.0	7.0	Reint	1		Enum	't Zant		0	1691.0	0	Heerlijkheden/adellijke huizen: verwerving Enum 1686, zijn rechten op 't Zandt had hij in 1670 afgestaan aan zijn jongere broer Willem.		1	4.0	11.0
4181	5043	Alting		1.0	7.0	Menso	0				1636.0	0	1712.0	0	Persoonsgegevens: volgens Feenstra leefde Menso Alting van 1617 tot 1678; het betreft hier echter een andere persoon. Het Algemeen Nederlandsch Familieblad geeft overlijdensdatum 2 augustus 1713, Van Winter eveneens 1713, Kuiken 2 augustus 1712.		1	2.0	8.0
4182	5044	Scherff		1.0	7.0	Adolph Frederick	0					0	1686.0	0			1	25.0	12.0
4183	5045	Ripperda		1.0	7.0	Gijsbert Herman	1		Oosterwijtwerd		1639.0	0	1695.0	0	"Persoonsgegevens: Van Winter geeft geboortjaar 1638.
Heerlijkheden/adellijke huizen: verwerving 1660 (hij had de borg voor die tijd met zijn broers in gemeenschappelijk bezit)."		1		
4184	5046	In- en Kniphuisen		3.0	7.0	Haro Caspar	1		Ulrum	Lutsborg	1646.0	0	1694.0	0			1		2.0
4185	5048	Gockinga		1.0	4.0	Scato	0				1624.0	0	1683.0	0			1	19.0	6.0
4186	5049	Gockinga		1.0	7.0	Scato	0				1652.0	0	1687.0	0			1	22.0	4.0
4187	5051	Verruci		1.0	7.0	Johan	0					0	1684.0	0			1	3.0	3.0
4188	5052	Sigers		1.0	7.0	Albert	0		Reitsma			0	1692.0	0	"Persoonsgegevens: de Nederlandsche Leeuw geeft overlijdensdatum 23 maart 1692, Kuiken 24 maart 1692.
Heerlijkheden/adellijke huizen: verwerving 1678."		1	23.0	3.0
4189	5053	Drews		1.0	7.0	Matthias	0				1630.0	1	1693.0	0			1		
4190	5054	Bothenius		1.0	7.0	Henrick	0					0	1711.0	0			1	18.0	7.0
4191	5055	Sijsen	van	1.0	7.0	Johan	0				1627.0	0	1706.0	0			1	9.0	9.0
4192	5058	Wichers		1.0	7.0	Wicher	0				1632.0	1	1682.0	0			1		
4193	5060	Werumeus		1.0	7.0	Cebes	0				1640.0	0	1706.0	0			1	22.0	9.0
4194	5063	In- en Kniphuisen		3.0	7.0	Hendrik Ferdinand	1		Ulrum	Bewsum, Sassema, Meima	1666.0	0	1716.0	0	Heerlijkheden/adellijke huizen: verwerving Asinga (Ulrum) kort na 1694; Bewsum 1694 (gekocht) en kort daarna gesloopt; Sassema 1693 (via zijn huwelijk met Aurelia Jarges) en in 1710 verkocht op afbraak; Meima 1705-1709 (aan zijn zoon geschonken).		1	3.0	4.0
4195	5064	Polman		1.0	7.0	Rudolf	0		Snelgersma			0		0	Heerlijkheden/adellijke huizen: verwerving Snelgersma door aankoop in 1693, maar feitelijk pas erkend in 1700.		1		
4196	5067	Lewe		1.0	7.0	Evert Joost	1		Aduard	Ludema	1677.0	0	1753.0	0	"Persoonsgegevens: Formsma en het Nederland's Adelsboek geven als overlijdensjaar 1753, Genealogische en Heraldische bladen 1751 of 1752.
Heerlijkheden/adellijke huizen: verwerving Ludema tot 1700 (toen verruilde hij Ludema bij Uskwerd voor Aduard), Aduard vanaf 1700."		1	27.0	6.0
4197	5068	Smith		1.0	7.0	Edsard	0					0	1716.0	0			1	5.0	5.0
4198	5071	Appius		1.0	7.0	Jacob	0				1667.0	0	1717.0	0			1	4.0	1.0
4199	5073	Hoisingh		1.0	7.0	Lambertus	0				1669.0	0	1724.0	0			1	2.0	7.0
4200	5074	Piccardt		1.0	7.0	Jan	0		Slochteren		1681.0	0	1754.0	0	Heerlijkheden/adellijke huizen: verwerving Slochteren 1712.		1	17.0	7.0
4201	5075	Trip		1.0	7.0	Scato	0				1686.0	0	1721.0	0			1	23.0	10.0
4202	5076	Trip		1.0	7.0	Joseph	0				1656.0	0	1716.0	0			1	1.0	3.0
4203	5077	Bothenius		1.0	7.0	Louis	0					0	1738.0	0			1	10.0	6.0
4204	5078	Veldtman		1.0	4.0	Hendrik	0				1687.0	0	1753.0	0			1	23.0	9.0
4205	5079	Alberda		1.0	7.0	Mello	1		Rensuma			0		0	Heerlijkheden/adellijke huizen: verwerving 1743 (reeds in 1718 in gebruik) tot 1751 (verkoop Rensuma aan zijn broer Egbert).		1		
4206	5080	Geertsema		1.0	7.0	Johan	0				1693.0	0	1758.0	0	Persoonsgegevens: De Wapenheraut geeft als leefjaren 1684 tot 31 augustus 1758 (Kuiken bevestigt de sterfdatum), terwijl Feenstra 1693 tot 30 augustus 1758 geeft.		1	30.0	8.0
4207	5082	Schultens		1.0	7.0	Casparus	0					0	1730.0	0			1	7.0	8.0
4208	5083	Emmen		1.0	4.0	Lambert Hendrik	0				1696.0	0	1763.0	0	Persoonsgegevens: het Nederland's Patriciaat en het Jaarboek van het Centraal Bureau voor Genealogie en het Iconographisch Bureau geven als sterfdatum 21 augustus 1763, Kuiken 25 augustus 1763.		1	21.0	8.0
4209	5084	Jullens		1.0	7.0	Johan Hendrik	0					0	1735.0	0			1	3.0	3.0
4210	5085	Sickinghe		1.0	7.0	Onno	0				1688.0	0	1756.0	0	Persoonsgegevens: Nederland's Adelsboek geeft overlijdensdatum 25 augustus 1756, Kuiken 15 augustus 1756.		1	25.0	8.0
4211	5087	Cock	de	1.0	7.0	Gerhard Regnerus	0				1683.0	0	1737.0	0			1	2.0	3.0
4212	5088	Swinderen	van	1.0	7.0	Wicher	0				1688.0	0	1764.0	0			1	12.0	3.0
4213	5089	Tjarda van Starkenborgh		1.0	7.0	Eilco Onsta	1		Leens	Verhildersum	1697.0	0	1750.0	0	Heerlijkheden/adellijke huizen: verwerving Verhildersum in 1738 samen met zijn twee broers. Hij ging zelf als huurder op Verhildersum wonen.		1		
4214	5091	Smith		1.0	4.0	Jan Gerhard	0				1695.0	0	1756.0	0	Persoonsgegevens: Formsma geeft overlijdensdatum 24 maart 1756,  Jaarboek van het Centraal Bureau voor Genealogie en het Iconographisch Bureau 3 april 1756.		1	24.0	3.0
4215	5092	Hofsnijder		1.0	3.0	Hendrik	0					0	1741.0	0			1	11.0	9.0
4216	5093	Lintelo	van	3.0	7.0	Everard Frederik	1		Nittersum	Ringenum, Westermden, Garshuizen, Uitwierda, Rijssum, Solwert, Holwierda en Marsum	1681.0	0	1761.0	0	Heerlijkheden/adellijke huizen: verwerving Nittersum (Stedum) via zijn huwelijk in 1703 met Petronella Lewe.		1	2.0	10.0
4217	5094	Robers		1.0	7.0	Nicolaus	0				1680.0	0	1761.0	0			1		
4218	5095	Clant		1.0	7.0	Edzard Jacob	1		Hankema		1698.0	0	1750.0	0			1		
4219	5098	Lewe van Middelstum		1.0	7.0	Edzard Jacob	1		Ewsum	Asinga	1720.0	0	1753.0	0	Heerlijkheden/adellijke huizen: verwerving Ewsum en Asinga in 1742 via vereving. Asinga werd in 1744 verkocht en afgebroken.		1	1.0	10.0
4220	5099	Alberda		1.0	7.0	Unico Allard	1		Menkema	Dijksterhuis	1726.0	0	1790.0	0	Heerlijkheden/adellijke huizen: verwerving Menkema 1751, Dijksterhuis 1784.		1	28.0	8.0
4221	5100	Alberda		1.0	7.0	Edzard Reint	1		Bloemersma	Bijma	1708.0	0	1775.0	0	Heerlijkheden/adellijke huizen: verwerving Bloemersma in 1728 door koop.		1	8.0	1.0
4222	5101	Alberda		1.0	7.0	Onno Joost	1		Nijenstein	Ekenstein	1709.0	0	1756.0	0	Heerlijkheden/adellijke huizen: verwerving Ekenstein 1754 door koop.		1	27.0	12.0
4223	5102	Alberda		1.0	7.0	Scato Ludolph	1		Bijma		1742.0	0	1808.0	0			1	12.0	10.0
4224	5103	Alberda		1.0	4.0	Goossen Geurt	1		Dijksterhuis		1766.0	0	1830.0	0	Heerlijkheden/adellijke huizen: verwerving Dijksterhuis 1790.		1	20.0	5.0
4225	5105	In- en Kniphuisen		3.0	7.0	Ferdinand Folef	1		Ulrum	Nienoord	1735.0	0	1795.0	0	"Heerlijkheden/adellijke huizen: verwerving Ulrum in 1760, Nienoord in 1768.
Persoonsgegevens: De Nederlandsche Leeuw geeft geboortejaar 1736 en overlijden 12 mei 1796; Elias geeft geboorte 7 juni 1734."		1	12.0	5.0
4226	5106	Sijsen	van	1.0	7.0	Hendrik	0				1705.0	0	1801.0	0			1	25.0	1.0
4227	5107	Berchuijs	van	1.0	7.0	Tjaard	0				1723.0	0	1789.0	0			1	16.0	7.0
4228	5108	Quintus		1.0	4.0	Justus Datho	0				1733.0	0	1817.0	0			1	9.0	12.0
4229	5109	Swinderen	van	1.0	4.0	Albert Hendrik	0				1732.0	0	1802.0	0			1	14.0	12.0
4230	5111	Scherff		1.0	7.0	Herman	0				1668.0	0	1730.0	0			1	18.0	8.0
4231	5114	Siccama		1.0	7.0	Harco Hilarius	0		Klinkema		1684.0	0	1736.0	0	"Raad: Feenstra geeft afwijkend aanvangsjaar 1724.
Heerlijkheden/adellijke huizen: verwerving Klinkema door vererving."		1	7.0	11.0
4232	5118	Harckens		1.0	7.0	Hendrik	0					0		0			1		
4233	5119	Gruys		1.0	7.0	Berent	1				1622.0	1	1681.0	0	Persoonsgegevens: de Nederlandsche Leeuw geeft overlijdensdatum 29 november 1681, Kuiken 10 november 1681.		1	29.0	11.0
4234	5120	Lewe		1.0	7.0	Abel	1		de Brake tot Obergum			0	1650.0	0	Persoonsgegevens: overleden tussen 10 juli 1650 en 1 oktober 1650.		1		
4235	5122	Tjassens		1.0	7.0	Johan	0		Garsthuizen	Zuidhorn	1596.0	0	1670.0	0	Persoonsgegevens: Wapenheraut (1899) geeft geboortejaar 1599, Wapenheraut (1916) 1596.		1	4.0	8.0
4236	5123	Heynens		1.0	7.0	Hindrick	0					0		0			1		
4237	5124	Folckers		1.0	7.0	Folckert	0				1606.0	0	1660.0	0			1	5.0	1.0
4238	5126	Gennep	van	1.0	7.0	Johan	0					0		0			1		
4239	5127	Julsingha	van	1.0	7.0	Johan	0				1624.0	0	1703.0	0	Persoonsgegevens: Feenstra geeft geboortejaar 1624, de Nederlandse Leeuw circa 1625. Kuiken geeft afwijkend aanvangsjaar als lid van de Raad van Groningen 1654.		1	22.0	5.0
4240	5128	Horenken		1.0	7.0	Gerard	1		Baflo	Ranum, Marhuisen, Mensingeweer	1623.0	0	1666.0	0			1	10.0	8.0
4241	5135	Pott		1.0	7.0	Peter	0					0	1691.0	0			1	26.0	11.0
4242	5137	Smith		1.0	7.0	Pompejus	0					0		0			1		
4243	5138	Pott		1.0	7.0	Wicher	0					0	1716.0	0			1	13.0	12.0
4244	5139	Clant		1.0	7.0	Johan	1		Aduard	Ludema, Breedenborg	1654.0	0	1708.0	0	Heerlijkheden/adellijke huizen: verwerving Aduard tot 1700 (geruild tegen Ludema), Breedenborg 1676 tot 1678.		1		
4245	5140	Rengers		1.0	7.0	Jan Abel	1					0		0			1		
4246	5144	Smit		1.0	7.0	Gerrit	0					0		0			1		
4247	5145	In- en Kniphuisen		3.0	7.0	Haro Caspar	1		Ulrum		1698.0	0	1741.0	0	Heerlijkheden/adellijke huizen: verwerving vanwege langdurige processen rond de erfgenamen pas in 1738. Toen werd bepaald dat hij de borg kreeg toegewezen samen met zijn zwager.		1	14.0	9.0
4248	5146	Wichers		1.0	7.0	Louis	0				1710.0	0	1776.0	0			1	20.0	6.0
4249	5147	In- en Kniphuisen	van	3.0	7.0	Willem	1		Nienoord	Valkenborg, Grijpskerk		0	1768.0	0	Heerlijkheden/adellijke huizen: verwerving Nienoord 1737, Valkenborg 1752 (door koop) tot 1755 (verkocht om af te breken), Grijpskerk 1755 (door koop) tot 1768 (gesloopt).		1		3.0
4250	5149	Folckers		1.0	7.0	Jan Willem	0				1697.0	0	1777.0	0			1	13.0	3.0
4251	5150	Maneel	van	1.0	7.0	Warmolt	0		Bierum		1713.0	0	1765.0	0	"Persoonsgegevens: de Nederlandsche Leeuw geeft overlijdensjaar 1766, Formsma 1765. Geslachtsnaam ook Maneil.
Buitenlandse adelstitels: baron via moeder Maria Albertina von Hartlieb genannt Walsporn (1680-1773), wier familie in 1492 door keizer Maximiliaan in de adel verheven was.
Heerlijkheden/adellijke huizen: verwerving 1756 door koop."		1	17.0	6.0
4252	5151	Lynden	van	3.0	7.0	Gijsbert Carel Cornelis Jan	1		Sandenburg	Walenburg	1767.0	0	1850.0	0	"Heerlijkheden/adellijke huizen: verwerving Sandenburg 1792, Walenburg 4 juli 1803.
Adelstitel: Baron bij Koninklijk besluit van 2 juni 1822."		1	3.0	8.0
4253	5153	Velthuijsen	van	1.0	4.0	Francois	0					0		0			1		
4254	5154	Leeuw	de	1.0	7.0	Egbert Anthonij	0					0		0			1		
4255	5155	Hardenbroek	van	1.0	7.0	Jan Louis	1	Jonkheer	Vliet		1691.0	0	1747.0	0	Heerlijkheden/adellijke huizen: verwerving Vliet 1733.		1	23.0	4.0
4256	5156	Royen	van	1.0	4.0	Johan	0					0		0			1		
4257	5158	Rossem	van	1.0	7.0	Adriaan	1	Jonkheer	Hardenbroek		1631.0	0	1713.0	0	Heerlijkheden/adellijke huizen: verwerving Hardenbroek 1686.		1	18.0	5.0
4258	5159	Marselis	van	1.0	7.0	Johannes	0		Renes			0		0			1		
4259	5160	Juchen	van	1.0	7.0	Cornelis Aertsen	0					0		0			1		
4260	5162	Lieftingh		1.0	7.0	Jacob Woutersz	0				1571.0	1	1624.0	0	Persoonsgegevens: geboren tussen 1571-1573. Begraven 2 of 3 juni 1624.		1		5.0
4261	5163	Ewijck	van	1.0	7.0	Herman	0					0		0	Persoonsgegevens: komt in de Lijste van de heeren geëligeerden, representerende den Eersten Staat van den lande van Utrecht (Utrecht 1723) niet voor.		1		
4262	5164	Cock	de	1.0	7.0	Gerrit	0					0		0			1		
4263	5165	Reede	van	1.0	7.0	Gerard	1	Jonkheer	Vuursche	Drakestein		0	1669.0	0	Heerlijkheden/adellijke huizen: verwerving Drakestein 1634.		1	14.0	10.0
4264	5168	Oostrum	van	1.0	7.0	Johan	1	Jonkheer				0	1630.0	0			1		7.0
4265	5169	Elburch	van der	1.0	4.0	Gijsbert	0					0		0			1		
4266	5170	Ploos		1.0	7.0	Gerrit Willemsz	0				1560.0	0	1614.0	0			1		
4267	5171	Enghen	uit den	1.0	7.0	Berend	0					0		0			1		
4268	5173	Spaen la Lecq	van	3.0	7.0	Willem Anne	1		Hardenstein		1750.0	0	1817.0	0			1	29.0	4.0
4269	5174	Gordon		1.0	4.0	Johan	0				1738.0	0	1801.0	0			1	25.0	12.0
4270	5175	Noorth	op ten	1.0	4.0	Gerhard David	0				1730.0	0	1811.0	0			1	29.0	11.0
4271	5176	Hoijtema	van	1.0	7.0	Dominicus	0					0		0			1		
4272	5177	Nieukerken	van	1.0	7.0	Johan Gijsbert Ludolf Adriaan	0		Eck	Wiel		0		0			1		
4273	5178	Renesse van Wilp	van	3.0	7.0	Wijnand Maximiliaan Jacob	1		den Brinck	Suiderwijck	1714.0	0	1781.0	0			1	31.0	1.0
4274	5179	Capellen tot Rijsselt	van der	1.0	7.0	Frederik Benjamin	1		Rijsselt	Groot Weede	1739.0	0	1806.0	0			1	11.0	2.0
4275	5182	Hart	van der	1.0	7.0	Cornelis	0					0		0			1		
4276	5184	Lane de Dutraij	de la	1.0	7.0	C.A.H.	0					0		0			1		
4277	5185	Noorth	op ten	1.0	7.0	Joost Jan	0				1697.0	0	1768.0	0			1	11.0	9.0
4278	5187	Pieck		1.0	7.0	Karel	1		Brakel	Soelen en Aldenhage, Ter Does en Enspiek	1662.0	1	1724.0	0	Heerlijkheden/adellijke huizen: verwerving Brakel 1676, Zoelen en Aldenhage 1695, Ter Does 1700, Enspiek 1712.		1	9.0	3.0
4279	5188	Cuper		1.0	7.0	Hendrik	0					0		0	Persoonsgegevens: overleden vóór 1704.		1		
4280	5189	Randwijck	van	10.0	7.0	Jacob	1		Rossum	Heesselt, Beek, Gameren	1658.0	0	1725.0	0			1	30.0	7.0
4281	5190	Hoeufft		1.0	7.0	Johan	0					0	1685.0	0			1		1.0
4282	5191	Hove	ten	1.0	4.0	Nicolaas	0				1611.0	0	1679.0	0			1	15.0	10.0
4283	5194	Post		1.0	7.0	Johan	0					0		0			1		
4284	5195	Schaap		1.0	7.0	Johan	0					0		0			1		
4285	5200	Baer tot Slangenburg	van	1.0	7.0	Frederik	0					0		0			1		
4286	5203	Munster	van	1.0	7.0	Johan	0					0		0			1		
4287	5204	Utenhoven	van	3.0	7.0	Maximiliaan Louis	1		Bottestein	Amelisweerd	1772.0	0	1864.0	0	Heerlijkheden/adellijke huizen: verwerving Amelisweerd 5 maart 1781.		1	15.0	12.0
4288	5207	Strick van Linschoten		1.0	4.0	Jan Balthazar	1	Jonkheer	Rhijnauwen	Nieuw-Helvoet en de Quack, Heeswijk, Achthoven, Wittevrouwe en Abstede	1734.0	0	1820.0	0			1	19.0	1.0
4289	5208	Taets van Amerongen		1.0	7.0	Gerard Leonard Maximiliaan	1		Natewisch		1762.0	0	1807.0	0			1	30.0	10.0
4290	5209	Rechteren		4.0	7.0	Gerard Maximiliaan	1		Westerveld		1744.0	0	1782.0	0			1	5.0	9.0
4291	5210	Ruever	de	1.0	7.0	Herman	0					0	1795.0	1			1		
4292	5211	Jonas		1.0	7.0	Johannes	0					0		0			1		
4293	5212	Trouillart		1.0	4.0	Simon Petrus	0					0		0			1		
4294	5213	Temminck		1.0	7.0	Coenraad	0					0		0			1		
4295	5214	Hoop	van der	1.0	7.0	Cornelis	0				1710.0	0	1779.0	0			1	16.0	7.0
4296	5215	Brienen	van	1.0	4.0	Gijsbert	0		Lievendaal		1691.0	0	1756.0	0			1	15.0	1.0
4297	5216	Smissaert		1.0	4.0	Balthasar	0				1677.0	0	1741.0	0			1	18.0	5.0
4298	5217	Ruever	de	1.0	4.0	Paul Jan	0					0		0			1		
4299	5219	Cuijlenburgh	van	1.0	7.0	Rudolf	0					0	1724.0	1			1		
4300	5220	Borre van Amerongen		1.0	7.0	Coenraad Trajectinus	1	Jonkheer	Coninxvrij	Sandenburg		0	1710.0	0			1	10.0	3.0
4301	5221	Rossem	van	1.0	7.0	Gerard	1	Jonkheer	Vuilkoop		1633.0	0	1716.0	0			1	9.0	1.0
4302	5222	Noirot		1.0	4.0	Jacob	0					0		0			1		
4303	5223	Murray		1.0	4.0	Gerard	0					0	1723.0	0	Persoonsgegevens: geslachtsnaam ook als Morray.		1	14.0	5.0
4304	5225	Spieringh		1.0	7.0	Francois	0					0		0			1		
4305	5226	Booth		1.0	4.0	Everhard	0		Mijdrecht		1638.0	0	1714.0	0			1	2.0	11.0
4306	5227	Taets van Amerongen		1.0	7.0	Jacob	1	Jonkheer			1620.0	0	1686.0	0			1	12.0	6.0
4307	5228	Zuylen van Nyevelt	van	1.0	7.0	Willem	1	Jonkheer	den Engh			0	1639.0	0	Persoonsgegevens: overluid te Utrecht 14 maart 1639.		1		
4308	5229	Both		1.0	7.0	Volcken	0					0		0			1		
4309	5231	Renesse	van	1.0	7.0	Jan Hendrik Peter Eleonard	1	Jonkheer	Wilp	Kamperbroek	1746.0	0	1818.0	0			1	30.0	1.0
4310	5232	Wolff	de	1.0	7.0	Francois	0					0		0			1		
4311	5233	Heeckeren	van	1.0	7.0	Frederik Jan Willem Robert	1	Jonkheer	Overlaer	Bisfelt, Wolfshagen	1745.0	0	1815.0	0			1	25.0	7.0
4312	5235	Dijckmeester		1.0	4.0	Herman	0				1736.0	0	1804.0	0			1	17.0	3.0
4313	5237	Bronkhorst	van	1.0	7.0	Matthijs	1				1728.0	1	1799.0	0	Ridderschap: als patriot sinds 22 april 1788 niet verschreven, bij sententie van het Hof van Gelderland 10 december 1789 inhabiel om te compareren verklaard en vervallen van alle verdere publieke functies.		1	19.0	3.0
4314	5238	Renesse	van	1.0	7.0	Coenrad Jan	1					0	1781.0	0	Overig: volgens d'Ablaing ook in de VOC 1769-1770, maar vemeldt niet welke kamer.		1	8.0	11.0
4315	5239	Tulleken		1.0	4.0	Johan Burchard	0				1724.0	0		0			1		
4316	5241	Westerholt tot Hakford		1.0	7.0	Frederik Borchard Lodewijk	0					0		0			1		
4317	5242	Sande	van de	1.0	7.0	Willem	0					0		0			1		
4318	5243	Bergh	van den	1.0	4.0	Pieter	0				1708.0	0	1783.0	0			1	29.0	6.0
4319	5244	Randwijck	van	4.0	7.0	Jacob Neomagus	1		de Plack		1726.0	0	1790.0	0			1	29.0	4.0
4320	5246	Aldewerelt	van	3.0	7.0	Jan Louis	1		Heenvliet en de Coolwijkspolder	Oude en Nieuwe Struyten		0		0			1		
4321	5247	Pannekoeck		1.0	7.0	Bernhard Willem	0					0		0			1		
4322	5248	Leeuw van Coolwijk	de	1.0	4.0	Martinus	0				1694.0	0	1760.0	0			1	9.0	6.0
4323	5250	Balveren tot den Oldenhof	van	1.0	7.0	Adolf	1				1709.0	0	1768.0	0	Persoonsgegevens: sterft krankzinnig.		1	31.0	3.0
4324	5251	Lutteken		1.0	7.0	Bartholt	0					0		0			1		
4325	5252	Roeleman Byland	van	1.0	7.0	Otto Frederick	0					0		0			1		
4326	5253	Daendels		1.0	7.0	Egbert	0					0		0			1		
4327	5255	Morrees		1.0	7.0	Hendrik	0					0		0			1		
4328	5256	Dilsen	van	1.0	7.0	Johan	0					0		0			1		
4329	5257	Bergh	van den	1.0	7.0	Christoffel	0				1639.0	0	1719.0	0			1	18.0	7.0
4330	5259	Renesse		1.0	7.0	Wijnand Jan	1		de Oude Poll	Holthuys en Wilp		0	1715.0	0	Heerlijkheden/adellijke huizen: verwerving de Oude Poll tot 1693, het Holthuys en Wilp 1690-1700.		1		
4331	5260	Schimmelpenninck van der Oye		1.0	7.0	Gijsbert	1		Hunderen		1609.0	0	1691.0	0			1	9.0	4.0
4332	5266	Haelboom		1.0	7.0	Pieter	0					0		0			1		
4333	5267	Drews	de	1.0	7.0	Albert Johan	0				1703.0	1	1762.0	0			1	26.0	1.0
4334	5268	Drews	de	1.0	7.0	Rudolf	0				1727.0	0	1806.0	0			1		10.0
4335	5269	Smith		1.0	7.0	Edz. Pomp.	0					0		0			1		
4336	5270	Appius		1.0	7.0	Tiddo	0				1635.0	1	1689.0	0			1		
4337	5272	Tammen		1.0	7.0	Sicco	0				1653.0	0	1712.0	0			1	1.0	9.0
4338	5273	Wolthers		1.0	7.0	Harmen	0				1721.0	0	1788.0	0			1	26.0	3.0
4339	5274	Valcke	de	1.0	4.0	Pompejus	0				1736.0	0	1780.0	0	Persoonsgegevens: volgens Kuiken overleden in februari 1780, maar dat is onjuist omdat hij nog in mei wordt benoemd tot gecommitteerde in de admiraliteit van Friesland.		1	10.0	12.0
4340	5275	Gruys		1.0	7.0	Geert	1				1565.0	1		0	Persoonsgegevens: overleden vóór 1620.		1		
4341	5276	Gruys		1.0	7.0	Roelof	1					0	1610.0	0			1	8.0	4.0
4342	5277	Gruys		1.0	7.0	Onno Berent	1		Lellens	Elmersma	1675.0	0	1740.0	0	Heerlijkheden/adellijke huizen: verwerving Lellens 1726 (door koop), Elmersma 1722 (koop) tot 1726 (verkocht).		1		2.0
4343	5278	Juslingha	van	1.0	7.0	Willem	0				1629.0	0	1666.0	0			1	1.0	8.0
4344	5279	Gockinga		1.0	7.0	Scato	0				1683.0	0	1759.0	0			1	11.0	9.0
4345	5280	Gockinga		1.0	7.0	Hendrik	0				1710.0	0	1791.0	0	Persoonsgegevens: begraven 15 oktober 1791.		1		
4346	5281	Gockinga		1.0	7.0	Joseph	0				1720.0	0	1780.0	0			1	14.0	2.0
4347	5282	Emmen		1.0	4.0	Rudolph	0				1724.0	0	1782.0	0			1	17.0	10.0
4348	5283	Trip		1.0	4.0	Laurens Adriaan	0				1723.0	0	1782.0	0	Raad: Feenstra geeft afwijkend aanvangsjaar 1767.		1	14.0	12.0
4349	5284	Keiser		1.0	4.0	Jan Harmen	0				1730.0	0		0	"Persoonsgegevens: begraven 27 mei 1800.
Raad: Kuiken geeft afwijkend aanvangsjaar 1767."		1		
4350	5285	Berghuis		1.0	4.0	Ficco	0				1723.0	0	1782.0	0	Raad: Kuiken geeft afwijkend aanvangsjaar 1758.		1	7.0	9.0
4351	5288	Lewe		1.0	7.0	Hendrik	1				1748.0	0	1796.0	0			1	8.0	5.0
4352	5289	Lynden	van	3.0	7.0	Albert Adriaan	1		Kantens		1711.0	0	1754.0	0	"Heerlijkheden/adellijke huizen: verwerving 1733.
Persoonsgegevens: Formsma geeft overlijdensjaar 1754, Nieuw Nederlandsch Biografisch Woordenboek 20 maart 1753. Dit laatste is onjuist omdat Albert Adriaan op 23 februari 1754 als gedeputeerde ter Staten-Generaal wordt gecontinueerd door de Staten van Groningen."		1		
4353	5290	Canter		1.0	7.0	Joachim	0					0		0			1		
4354	5291	Nijeveen	van	1.0	7.0	Hugo	0					0		0			1		
4355	5292	Allershoff		1.0	7.0	Gerrit	0				1699.0	0	1766.0	0			1	11.0	8.0
4356	5293	Laman		1.0	4.0	Paulus	0					0		0			1		
4357	5294	Iddekinge	van	1.0	4.0	Anne Willem Carel	0				1750.0	1		0			1		
4358	5296	Crijns		1.0	7.0	Gualtherus	0				1667.0	0	1707.0	0			1	28.0	10.0
4359	5299	Videnius		1.0	7.0	Johan	0					0		0			1		
4360	5300	Werumeus		1.0	7.0	Hendrick Rudolph	0					0	1708.0	0			1		
4361	5302	Winkel	ten	1.0	7.0	Reint	0				1662.0	0	1723.0	0	Raad: Kuiken geeft afwijkend aanvangsjaar 1720.		1	21.0	6.0
4362	5303	Rengers		1.0	7.0	Egbert	1		Farmsum	Siddeburen en Ten Post	1687.0	0	1745.0	0	Heerlijkheden/adellijke huizen: verwerving Farmsum 1694, Siddeburen werd gekocht.		1	1.0	4.0
4363	5304	Abbring		1.0	7.0	Haico	0					0	1741.0	0			1	12.0	11.0
4364	5305	Veenkamp	de	1.0	7.0	Haijco	0					0	1691.0	0			1		
4365	5306	Thieus		1.0	4.0	Gerard	0					0		0			1		
4366	5308	Alberti		1.0	7.0	Egbert	0					0		0			1		
4367	5309	In- en Kniphuisen		3.0	7.0	George Wilhelm	1		Nienoord			0	1709.0	0	Adelstitel: hij werd op 9 maart 1694 door keizer Leopold I verheven tot des H.R. Rijksgraaf.		1		
4368	5311	Wolthers		1.0	4.0	Wolter	0				1630.0	0	1714.0	0			1	14.0	8.0
4369	5313	Hertoghe	de	1.0	7.0	Daniël	0		Feringa		1641.0	0	1684.0	1	"Persoonsgegevens: De Nederlandsche Leeuw geeft overlijdensjaar voor 21 maart 1686, Formsma rond 1684.
Heerlijkheden/adellijke huizen: verwerving Feringa 1673 (door koop)."		1		
4370	5314	Sigers		1.0	7.0	Johan	0				1629.0	0	1682.0	0			1	7.0	12.0
4371	5315	Moma		1.0	7.0	Elinck Hendricks	0					0		0			1		
4372	5319	Elfrinck		1.0	7.0	Hendrick Hermans	0					0		0			1		
4373	5320	Woltherus		1.0	7.0	Johannes	0					0	1669.0	0			1		
4374	5322	Christophori		1.0	7.0	Rudolphus	0					0	1675.0	0			1		
4375	5323	Clant		1.0	7.0	Johan	1		Nittersum	Stedum, Ringenum	1624.0	0	1694.0	0	Heerlijkheden/adellijke huizen: verwerving Nittersum (te Stedum) via vererving na de dood van zijn vader in 1665, Ringenum vermoedelijk in 1654 door zijn huwelijk met Anna (dochter van Johan Coenders van Ringenum).		1		
4376	5325	Gerlacius		1.0	7.0	Tjaard	0				1629.0	1	1694.0	0			1	18.0	4.0
4377	5326	Mepsche	de	1.0	7.0	Rempt	0					0	1672.0	0			1	18.0	5.0
4378	5327	Buning		1.0	3.0	Gerardus	0					0		0	"Persoonsgegevens: vermoedelijk overleden in 1638.
Raad: Kuiken geeft afwijkend aanvangsjaar 1627."		1		
4379	5329	Roijen	van	1.0	7.0	Adriaen	0					0		0			1		
4380	5330	Alting		1.0	3.0	Bernhard	0				1600.0	1	1657.0	0			1	7.0	1.0
4381	5332	Venhuisen		1.0	7.0	Lucas	0				1738.0	0	1815.0	0			1		
4382	5333	Iddekinge		1.0	7.0	Pieter Rembt	0				1755.0	0		0	Persoonsgegevens: overleden in of na 1833.		1		
4383	5334	Gerlacius		1.0	7.0	Tjaard Adriaan	0		Stedum		1752.0	0	1817.0	0	"Heerlijkheden/adellijke huizen: verwerving 1780 bij de boedelscheiding van zijn ouders.
Persoonsgegevens: de Wapenheraut geeft overlijdendatum 4 januari 1800, Formsma 1817.

HIJ KOMT REEDS VOOR IN DE DATBASE!"		1		
4384	5335	Lohman		1.0	4.0	Hendrik	0				1733.0	0	1793.0	0			1	6.0	4.0
4385	5336	Stegnerus		1.0	7.0	Johannes	0				1741.0	0	1798.0	0			1	10.0	2.0
4386	5337	Fockens		1.0	7.0	Jan Tiddo	0					0		0			1		
4387	5338	Bertling		1.0	4.0	Adriaan	0				1746.0	0	1789.0	0			1	21.0	6.0
4388	5340	Auwema		1.0	7.0	Ivo	1					0	1667.0	0			1		
4389	5343	Birza		1.0	3.0	Johan	0					0	1649.0	0			1	1.0	4.0
4390	5344	Fuscus		1.0	7.0	Johan Lubberts	0					0		0	Overig: wordt in Kuiken Jan Lubberts Fiscus genoemd.		1		
4391	5345	Rengers		1.0	7.0	Sicco	1					0		0			1		
4392	5346	Tjaarda		1.0	7.0	Regnerus	0					0	1668.0	0	Persoonsgegevens: geboren circa 1610/15.		1	14.0	7.0
4393	5348	Phebens		1.0	7.0	Eggo	0				1587.0	0	1649.0	0			1	8.0	3.0
4394	5350	Ubbena		1.0	7.0	Willem	0		Enum			0	1631.0	0	Persoonsgegevens: tot 1611 aangeduid als Willem Ubbena de jonge ter onderscheiding van zijn vader. Na 1611 aangeduid als Willem Ubbena de oudere ter onderscheiding van zijn jongere neef Willem Ubbena te Spijk of Willem Ubbena de jongere.		1	17.0	5.0
4395	5351	Wicheringe		1.0	7.0	Rudolph	0					0		0			1		
4396	5352	Roeloffs		1.0	7.0	Geert	0					0	1630.0	0			1	4.0	9.0
4397	5354	Verrucius		1.0	7.0	Wilhelmus	0					0	1630.0	0			1		
4398	5355	Cransien		1.0	7.0	Luitien	0					0		0			1		
4399	5356	Valcke		1.0	7.0	Joost	0					0		0			1		
4400	5357	Schultens		1.0	7.0	Lodewijk	0					0	1620.0	0			1	8.0	8.0
4401	5358	Canter		1.0	7.0	Joachim	0					0		0			1		
4402	5359	Bouwensz		1.0	7.0	Onno	0					0		0			1		
4403	5360	Jansz		1.0	7.0	Albert	0					0	1616.0	0			1	15.0	7.0
4404	5361	Coyter		1.0	7.0	Frerick	0					0		0			1		
4405	5362	Horenken		1.0	7.0	Geert	1					0		0	Persoonsgegevens: overleden vóór 12 oktober 1635.		1		
4406	5363	Buttel		1.0	7.0	Hendrik	0					0		0			1		
4407	5364	Byma		1.0	7.0	Wigbolt	0					0		0			1		
4408	5365	Byma		1.0	7.0	Emmius	0					0		0			1		
4409	5366	Buer	ten	1.0	7.0	Johan	0					0		0	Persoonsgegevens: ook Johan ten Buir genoemd.		1		
4410	5367	Cleve	van	1.0	7.0	Joost	0					0		0			1		
4411	5370	Rengers		1.0	7.0	Edzard	0		Hellum			0	1626.0	0			1	8.0	5.0
4412	5372	Jensema		1.0	7.0	Hidde	0		Jensemaborg			0	1616.0	0			1	26.0	7.0
4413	5373	Nansum	toe	1.0	7.0	Wilco	0					0		0			1		
4414	5374	Ufkens		1.0	7.0	Popko	0		Siddeburen			0		0	Persoonsgegevens: overleden in of na 1618.		1		
4415	5375	Cloot		1.0	7.0	Johan	0					0		0	Overig: blijkens de resolutie van de Staten-Generaal van 1 april 1626 was hij bij zijn eedaflegging reeds ziek. Vermoedelijk is hij kort hierna overleden en opgevolgd door Lubbers.		1		
4416	5378	Mepsche	de	1.0	7.0	Johan	0		Piloersema			0		0	"Persoonsgegevens: overleden vóór 1598.
Heerlijkheden/adellijke huizen: verwerving Piloersema (Den Ham) in 1588, na de dood van zijn vader."		1		
4417	5379	Buur	ter	1.0	7.0	Nicolaas	0					0		0			1		
4418	5380	Auwema		1.0	7.0	Eppe	1					0		0	Overig: volgens de staatsresoluties (aangewend voor de functies in de Provinciale Rekenkamer, zie de institutionele toelichting daarbij) heette hij 'Eppe Bauckens', volgens Kuiken (idem) 'Epko Baukens'.		1		
4419	5381	Jansen		1.0	7.0	Sijbrant	0					0		0			1		
4420	5382	Lewe		1.0	7.0	Egbert	1		Bewsum			0	1621.0	0	Heerlijkheden/adellijke huizen: verwerving via zijn huwelijk met Bauwe Panser.		1	9.0	10.0
4421	5383	Lutma		1.0	7.0	Johan	0					0		0			1		
4422	5384	Everts		1.0	7.0	Govert	0					0		0			1		
4423	5386	Sigers		1.0	7.0	Siger	1		Sassema			0	1618.0	1	Persoonsgegevens: Formsma geeft overlijdensjaar in of voor 1618, De Nederlandsche Leeuw voor 1616 en waarschijnlijk reeds voor 1604. Dit laatste is zeker onjuist.		1		
4424	5387	Alma		1.0	7.0	Eilart	0					0		0			1		
4425	5388	Ubbena		1.0	7.0	Willem	0					0	1611.0	1	Persoonsgegevens: volgens Formsma was Willem Ubbena getrouwd met Elisabeth de Sigers en overleden rond 1611. Deze gegevens komen niet overeen met de gegevens in de Nederlandsche Leeuw: Willem Ubbena huwde voor de vierde keer in 1613 met Elisabeth de Sigers.		1		
4426	5390	Roelfs		1.0	7.0	Reinier	0					0		0			1		
4427	5391	Drews	de	1.0	7.0	Johan	0				1555.0	0	1636.0	0	Persoonsgegevens: Feenstra geeft geboortejaar 1555, De Nederlandsche Leeuw omstreeks 1570.		1	1.0	9.0
4428	5392	Bijma		1.0	7.0	Geert	0					0		0			1		
4429	5393	Lubbers		1.0	7.0	Jan	0					0		0			1		
4430	5394	Northoorn	van	1.0	7.0	Harmen	0					0	1617.0	0			1	13.0	10.0
4431	5395	Reintjes		1.0	7.0	Seje	0					0		0			1		
4432	5396	Ham	in den	1.0	7.0	Johan	1					0		0			1		
4433	5397	Mepsche	de	1.0	7.0	Evert	0					0		0			1		
4434	5398	Luitjens		1.0	7.0	Wolter	0					0	1620.0	0			1	8.0	8.0
4435	5399	Verrutius		1.0	7.0	Gerlacius	0					0		0	Overig: vermoedelijk overleden in 1617 nadat hij nog op 28 februari 1617 was herkozen als gecommitteerde in de Provinciale Rekenkamer van Groningen.		1		
4436	5400	Abels		1.0	7.0	Eppo	0				1567.0	1		0	Persoonsgegevens: overleden na 1615.		1		
4437	5401	Sighers	de	1.0	7.0	Berent	1					0	1635.0	0			1	24.0	6.0
4438	5403	Grauwers		1.0	7.0	Hendrik	0					0	1626.0	0			1		
4439	5406	Eissinghe		1.0	7.0	Sicco	0					0	1625.0	0			1		
4440	5407	Nansum	tho	1.0	7.0	Coppen	0					0		0			1		
4441	5408	Simons		1.0	7.0	Johan	0					0	1621.0	0			1		
4442	5409	Luloffs		1.0	7.0	Joannes	0					0		0			1		
4443	5410	Geerts		1.0	7.0	Willem	0					0		0			1		
4444	5411	Wittinge		1.0	7.0	Theso	0				1550.0	1	1626.0	0			1	17.0	6.0
4445	5412	Brants		1.0	7.0	Garbrant Timens	0					0		0			1		
4446	5413	Folckers		1.0	7.0	Peter	0		Lellens	Duirsum		0	1643.0	0	Heerlijkheden/adellijke huizen: verwerving Lellens (aangekocht in 1625 en kort daarna direct weer van de hand gedaan) en Duirsum (gekocht in 1633 en verkocht in 1640).		1	22.0	1.0
4447	5415	Willems		1.0	7.0	Jacob	0					0		0			1		
4448	5417	Jansen		1.0	7.0	Hendrick	0					0	1624.0	0			1	14.0	2.0
4449	5418	Borch	ter	1.0	7.0	Herman	0					0	1650.0	0			1	29.0	2.0
4450	5419	Hoendricx		1.0	7.0	Sweer	0					0		0			1		
4451	5421	Eltjens		1.0	7.0	Hidde	0					0		0			1		
4452	5422	Halbes		1.0	7.0	Egbert	0					0	1638.0	0			1		
4453	5423	Ubbena		1.0	7.0	Willem	0		Spijk			0	1654.0	0	"Heerlijkheden/adellijke huizen: verwerving 1639.
Overig: ook wel 'Willem Ubbena de jonge' genoemd. Niet te verwarren met zijn gelijknamige oom Willem Ubbena de oudere, die in het bezit was van de borg Enum."		1	20.0	3.0
4454	5425	Lubbers		1.0	7.0	Derck	0					0		0			1		
4455	5426	Eissinghe		1.0	7.0	Reinier	0					0		0			1		
4456	5427	Luninghuisen		1.0	7.0	Doedo	0					0		0			1		
4457	5428	Fraterma		1.0	7.0	Bartholomeus	0					0	1634.0	0			1		
4458	5429	Croon		1.0	7.0	Assuerus	0					0		0			1		
4459	5430	Drews	de	1.0	7.0	Willem	0				1595.0	1	1657.0	0	"Persoonsgegevens: Formsma geeft geboortejaar rond 1595, De Nederlandsche Leeuw omstreeks 1598.
Raad: Kuiken geeft afwijkend aanvangsjaar 1639."		1	1.0	4.0
4460	5431	Pouwels		1.0	7.0	Heino	0					0		0			1		
4461	5432	Iwema		1.0	7.0	Leo	0					0		0			1		
4462	5433	Rufelaert		1.0	7.0	Johan	0				1601.0	0	1671.0	0	Persoonsgegevens: geslachtsnaam volgens Kuiken 'Ruisselaar'.		1	9.0	2.0
4463	5434	Tammen		1.0	7.0	Popco	0					0		0			1		
4464	5435	Grauwers		1.0	7.0	Johan	0				1599.0	0	1644.0	0			1	6.0	11.0
4465	5436	Valcke		1.0	7.0	Popko	0					0		0	Persoonsgegevens: overleden vóór 1649.		1		
4466	5437	Bolhuis	van	1.0	7.0	Abel Eppens	0					0		0			1		
4467	5438	Smit		1.0	7.0	Hendrick	0					0		0			1		
4468	5439	Birza		1.0	7.0	Lubbert	0					0	1643.0	0			1		
4469	5440	Heeck	van	1.0	7.0	Mathijs	0					0		0			1		
4470	5441	Elama		1.0	7.0	Duirt	0		Allersma		1618.0	0	1682.0	0			1		
4471	5442	Edsema		1.0	7.0	Aitio	0					0	1663.0	0			1	22.0	8.0
4472	5443	Emmelcamp		1.0	7.0	Hendrik Berents	0					0	1664.0	0			1	15.0	11.0
4473	5444	Nijeveen	van	1.0	7.0	Arent	0				1626.0	0	1683.0	0	Persoonsgegevens: voornaam ook als Arnold(us).		1	12.0	12.0
4474	5445	Eeck		1.0	7.0	Sicco	0		Ekenstein		1626.0	0	1679.0	0	"Raad: Kuiken geeft afwijkend aanvangsjaar 1659.
Heerlijkheden/adellijke huizen: verwerving Ekenstein 1663."		1	5.0	10.0
4475	5446	Hoisum	van	1.0	7.0	Focko Fockens	0				1629.0	0	1661.0	0	Persoonsgegevens: de Nederlandsche Leeuw geeft overlijdensdatum 10 juli 1661, Kuiken 1663.		1	10.0	7.0
4476	5447	Aepkens		1.0	7.0	Aepco Joanis	0					0		0	Overige: volgens Kuiken 'Aapke Jan Aapkens'.		1		
4477	5448	Wijrts		1.0	7.0	Schelto	0					0		0	Persoonsgegevens: ook wel Schelte Wierts genoemd.		1		
4478	5449	Faber		1.0	7.0	Willem Hendricx	0					0		0			1		
4479	5450	Eissinghe		1.0	7.0	Sicco	0					0	1666.0	0			1		
4480	5452	Iwema		1.0	7.0	Sijco	0					0		0	Persoonsgegevens: voornaam ook wel Zijtze.		1		
4481	5453	Wierdsema		1.0	7.0	Cornelis	0					0		0			1		
4482	5454	Philips		1.0	7.0	Cornelis	0					0		0			1		
4483	5455	Ham		1.0	7.0	Theodorus	0				1632.0	1	1671.0	0	Persoonsgegevens: overleden vóór 21 augustus 1671.		1		
4484	5456	Sekema		1.0	7.0	Claes	0					0		0			1		
4485	5457	Syrts		1.0	7.0	Lue	0					0		0	Persoonsgegevens: wellicht de Luppo Syerts in Hidde Feenstra, Spinnen in het web. Groningse regenten in relatie tot het omringende platteland tijdens de Republiek. (Assen 2007) 303.		1		
4486	5458	Tjaaden		1.0	7.0	Tiddo Gerlaci	0					0		0			1		
4487	5459	Barlinckhoff		1.0	7.0	Abraham	0					0	1688.0	0			1	17.0	1.0
4488	5461	Kemmerer		1.0	7.0	Georg	0					0		0			1		
4489	5462	Quintus		1.0	7.0	Johan	0					0		0	Persoonsgegevens: geboren tussen 1612 en 1615. Feenstra geeft jaar van overlijden na 1672.		1		
4490	5463	Roijen	van	1.0	7.0	Cornelis	0					0		0			1		
4491	5464	Peters		1.0	7.0	Ecke	0					0		0			1		
4492	5466	Mettinck		1.0	7.0	Hermannus	0		Engersum			0	1675.0	0	"Persoonsgegevens: overleden na 23 februari 1675.
Heerlijkheden/adellijke huizen: Hermannus kocht de borg Engersum in 1657 toen deze publiekelijk werd verkocht."		1		
4493	5467	Siccama		1.0	7.0	Wyedt	0		Klinkema		1648.0	0	1691.0	0	Heerlijkheden/adellijke huizen: verwerving 1671 (door koop).		1	17.0	5.0
4494	5468	Lingen	van	1.0	7.0	Egbert	0					0	1679.0	0			1		
4495	5469	Vonck		1.0	7.0	Jacob Harmens	0					0		0			1		
4496	5470	Aldringa		1.0	7.0	Albert	1				1656.0	0	1688.0	0			1	20.0	1.0
4497	5471	Coehoorn		1.0	7.0	Jacob	0					0	1723.0	0	Persoonsgegevens: geboren tussen 1636 en 1640, begraven 12 maart 1723.		1		
4498	5473	Hoorn	van	1.0	7.0	Johan	0					0		0			1		
4499	5476	Tamminga		1.0	7.0	Schotto	1		Bellingeweer		1675.0	0	1709.0	0	Heerlijkheden/adellijke huizen: verwerving door vererving in 1689.		1		
4500	5479	Sijsen	van	1.0	7.0	Hendrik	0				1670.0	0	1738.0	0	Persoonsgegevens: de Wapenheraut geeft overlijdendatum 4 januari 1738, Kuiken 5 januari 1738.		1	4.0	1.0
4501	5480	Bolte		1.0	7.0	Jan	0					0		0			1		
4502	5481	Meijer		1.0	7.0	Johan	0					0		0			1		
4503	5482	Wolthers		1.0	7.0	Warmelt	0				1671.0	0	1712.0	0			1	7.0	9.0
4504	5483	Gerlacius		1.0	7.0	Gerhard Regnerus	0					0	1718.0	0			1		
4505	5485	In- en Kniphuisen	van	1.0	7.0	Schelto Jan	1		Meyma			0	1716.0	0	Heerlijkheden/adellijke huizen: verwerving 1709 (als geschenk van zijn vader).		1		
4506	5486	Reinders		1.0	7.0	Frederick	0					0		0			1		
4507	5487	Roelfs		1.0	7.0	Barteld	0					0		0			1		
4508	5488	Bennema		1.0	7.0	Jacobus	0				1680.0	1	1739.0	0			1		
4509	5490	Iddekinge	van	1.0	7.0	Pieter Rembt	0				1683.0	0	1758.0	0	Raad: Kuiken geeft afwijkend aanvangsjaar 1713.		1	6.0	7.0
4510	5491	Meekhof		1.0	7.0	Marten Andries	0		Sassema			0	1735.0	0	Heerlijkheden/adellijke huizen: verwerving 1710 (gekocht op afbraak).		1		
4511	5492	Themmen		1.0	7.0	Jacobus	0		Tammingehuizen			0	1759.0	0	Heerlijkheden/adellijke huizen: verwerving 1737 (door koop).		1	27.0	10.0
4512	5494	Berghuis		1.0	7.0	Johan	0				1698.0	0	1738.0	0			1	3.0	1.0
4513	5495	Hamminck		1.0	7.0	Peter	0					0		0			1		
4514	5496	Bennema		1.0	7.0	Menno	0				1702.0	0	1780.0	0			1	4.0	9.0
4515	5499	Writzers		1.0	7.0	Tjaardt	0					0		0			1		
4516	5500	Conring		1.0	7.0	Feico Bernhard	0				1698.0	0	1773.0	0			1	29.0	12.0
4517	5501	Conring		1.0	7.0	J.	0					0		0			1		
4518	5502	Woldringh		1.0	7.0	Jacobus	0				1696.0	0	1776.0	0			1	27.0	4.0
4519	5503	Vos		1.0	7.0	Claas Freriks	0					0		0			1		
4520	5504	Melis		1.0	7.0	Sicke	0				1702.0	0	1781.0	0			1	30.0	10.0
4521	5506	Trip		1.0	7.0	Joseph	0					0	1763.0	0			1	5.0	5.0
4522	5507	Wolthers		1.0	7.0	Wolter	0				1702.0	0	1768.0	0	Persoonsgegevens: Formsma en de Genealogische en heraldische bladen geven overlijdensdatum 11 februari 1768, Kuiken 12 februari 1768.		1	11.0	2.0
4523	5508	Geertsema		1.0	7.0	Bartold Fokkes	0		Englumborg			0		0	Heerlijkheden/adellijke huizen: verwerving kort voor of in 1750, op 6 juni 1760 via publieke verkoop van de hand gedaan.		1		
4524	5509	Ibema		1.0	7.0	H.J.	0					0		0			1		
4525	5510	Rikkenga	van	1.0	7.0	J.	0					0		0			1		
4526	5511	Lohman		1.0	4.0	Meinhard	0		Lellens		1697.0	0	1765.0	0	"Persoonsgegevens: het Algemeen Nederlandsch Familieblad geeft geboortejaar 1699, de overige literatuur 1697. Het Nederland's Patriciaat geeft overlijdensdatum 2 maart 1765, de overige literatuur 18 februari 1765.
Heerlijkheden/adellijke huizen: verwerving 1744."		1	18.0	2.0
4527	5512	Alstorphius		1.0	7.0	Hendrick	0				1715.0	0		0	Persoonsgegevens: wellicht identiek met de Hendrick Alstorphius in Feenstra.		1		
4528	5513	Gerlacius		1.0	7.0	Abraham	0				1705.0	1	1778.0	0			1	18.0	7.0
4529	5515	Cranssen		1.0	7.0	Jacob	0				1715.0	0	1775.0	0	Persoonsgegevens: Feenstra geeft overlijdensdatum 26 januari 1775, Kuiken 25 januari 1775.		1	26.0	1.0
4530	5516	Siccama		1.0	7.0	Johan Hora	0		Klinkema	Ennemaborg	1738.0	0	1812.0	0	Heerlijkheden/adellijke huizen: verwerving Klinkema 1797.		1	4.0	5.0
4531	5517	Tjarda van Starkenborgh		1.0	7.0	Edzard	1		Verhildersum	Borgweer	1730.0	0	1782.0	0	Heerlijkheden/adellijke huizen: verwerving Verhildersum (in zijn geheel pas in 1779 nadat hij zijn onder curatele staande zus had uitgekocht), Borgweer 1777.		1	2.0	5.0
4532	5518	Niehoff		1.0	7.0	Simon Johannes	0					0		0			1		
4533	5519	Ebels		1.0	7.0	Rudolf	0					0	1781.0	0			1		
4534	5520	Frijlink		1.0	4.0	Abraham	0				1701.0	0		0	Persoonsgegevens: overleden vóór 1783.		1		
4535	5521	Berghuis		1.0	7.0	Henricus	0				1726.0	0	1781.0	0	Raad: Kuiken geeft afwijkend aanvangsjaar 1777.		1	13.0	2.0
4536	5522	Geertsema		1.0	7.0	Jan Gerhard	0		Sjallema	Noordwijk	1717.0	0	1802.0	0	"Persoonsgegevens: Nederland's Patriciaat geeft geboorte 1729.
Heerlijkheden/adellijke huizen: verwerving Sjallema 1768, Noordwijk 1770."		1	6.0	9.0
4537	5523	Tjarda van Starkenborgh		1.0	7.0	Edzard Jacob	1				1737.0	0	1791.0	0			1	3.0	12.0
4538	5525	Lohman		1.0	4.0	Louis Bothenius	0				1738.0	0	1807.0	0	Raad: Kuiken geeft afwijkend aanvangsjaar 1786.		1	19.0	1.0
4539	5527	Hertoghe van Feringa	de	1.0	7.0	Edzard Unico	0		Rikkerda		1763.0	0	1812.0	0	Heerlijkheid; verwerving Rikkerda 1799.		1	28.0	11.0
4540	5528	Mignon		1.0	7.0	J.D.	0					0		0			1		
4541	5529	Uilersma		1.0	7.0	D.R.	0					0		0			1		
4542	5531	Savornin Lohman	de	1.0	7.0	Maurits Adriaan	1	Jonkheer			1770.0	0	1833.0	0	Binnenlandse adelstitels: bij koninklijk besluit van 27 december 1817 verheven in de Nederlandse adel.		1	30.0	11.0
4543	5532	Marees van Swinderen	de	1.0	4.0	Reneke	1	Jonkheer	Allersma		1764.0	0	1848.0	0	"Heerlijkheden/adellijke huizen: verwerving 1802.
Adelstitel: verheven in de Nederlandse adel bij Koninklijk Besluit van 27 december 1817."		1	1.0	5.0
4544	5533	Trip		1.0	7.0	J.	0					0		0			1		
4545	5534	Bellinga		1.0	7.0	Jacobus	0				1746.0	0	1826.0	0			1		
4546	5535	Guichart		1.0	7.0	Hendrik	0				1750.0	0	1837.0	0			1	10.0	7.0
4547	5536	Iddekinge	van	1.0	4.0	Wolter Jacob Valentijn	0					0		0			1		
4548	5537	Woldringh		1.0	7.0	J.	0					0		0			1		
4549	5538	Amsweer	van	1.0	7.0	Doede	0				1545.0	1	1619.0	1	Persoonsgegevens: geboren in 1545 of 1546; overleden in 1619 of 1620.		1		
4550	5539	Horenken		1.0	7.0	Lambert	1				1565.0	1	1615.0	0			1	10.0	11.0
4551	5540	Clant		1.0	7.0	Hendrick	1					0		0			1		
4552	5541	Cornelius		1.0	7.0	Petrus	0					0	1617.0	0			1	9.0	10.0
4553	5542	Auwema		1.0	7.0	Bocco	1					0		0			1		
4554	5543	Altingh		1.0	7.0	Joachim	0				1556.0	0	1625.0	0			1	21.0	3.0
4555	5544	Meckema		1.0	7.0	Phillipus	0					0		0			1		
4556	5545	Tjarda van Starckenborgh		1.0	7.0	Johan	1				1532.0	1	1608.0	0			1		
4557	5546	Gaykinga		1.0	7.0	Allart	0					0	1619.0	1			1		
4558	5547	Dekema	van	1.0	3.0	Sicke	0		Tammingaborg			0	1625.0	0			1		
4559	5548	Coenders van Helpen		1.0	7.0	Frederick	1		Fraam		1541.0	0	1618.0	0	Raad: Kuiken geeft afwijkend aanvangsjaar 1601.		1	23.0	6.0
4560	5549	Clant		1.0	7.0	Johan	1				1558.0	0		0	"Persoonsgegevens: overleden vóór 1619.
Raad: Kuiken geeft afwijkend aanvangsjaar 1600."		1		
4561	5550	Tjarda van Starkenborgh		1.0	7.0	Albert	1		ter Weer	Eenrum		0	1637.0	0			1	17.0	10.0
4562	5551	Phebens		1.0	7.0	Eggerik Egges	0				1555.0	1	1615.0	0			1	12.0	11.0
4563	5552	Schatter		1.0	7.0	Pieter	0					0		0			1		
4564	5554	Barnda		1.0	7.0	Willem	0					0		0			1		
4565	5555	Coenders		1.0	7.0	Tammo	0					0	1625.0	0	Persoonsgegevens: Kuiken geeft overlijdensdatum 11 november 1625, Jaarboek van het Centraal Bureau voor Genealogie 2 november 1625.		1	2.0	11.0
4566	5556	Huninga van Oostwold		1.0	7.0	Johan	1		Hissema	Garsthuizen	1584.0	1	1639.0	0	Persoonsgegevens: Feenstra geeft geboortejaar mei 1584, De Nederlandsche Leeuw mei 1588.		1	9.0	7.0
4567	5558	Nijeveen	van	1.0	7.0	Hugo	0					0	1646.0	0			1		
4568	5561	Frone		1.0	7.0	Berent	0					0		0			1		
4569	5562	Polman		1.0	7.0	Joost	0					0		0			1		
4570	5563	Schonenborch		1.0	7.0	Hendrick	0					0	1638.0	0	Persoonsgegevens: Kuiken geeft afwijkend jaar 1624 als aanvang lidmaatschap van de raad.		1	18.0	8.0
4571	5565	Tjassens		1.0	7.0	Tjasse	0				1591.0	0	1641.0	0			1	24.0	6.0
4572	5566	Haickens		1.0	7.0	Jacob	0					0	1629.0	0			1	19.0	12.0
4573	5569	Witting		1.0	7.0	Herman	0					0	1651.0	0			1	4.0	7.0
4574	5570	Arentsma		1.0	7.0	Christoffel	0					0		0	Persoonsgegevens: volgens het commissieboek van de Staten-Generaa (aangewend bij de functies in de admiraliteit in Friesland (zie de institutionele toelichting daarbij): 'Albert Christoffel Aernsma'.		1		
4575	5571	Valcke		1.0	3.0	Otto	0				1594.0	1	1652.0	0	Persoonsgegevens: Kuiken geeft overlijdensdatum 29 oktober 1652, de Nederlandsche Leeuw 29 september 1652.		1	29.0	9.0
4576	5572	Clant		1.0	7.0	Adriaan	1		Stedum		1600.0	1	1665.0	0	"Persoonsgegevens: Formsma vermeldt dat Adriaan in 1614 15 jaar oud was, wat een geboortejaar van 1598 of 1599 betekent. Het Algemeen Nederlandsch Familieblad en de Genealogische en Heraldische Bladen geven beide 1600.
Heerlijkheden/adellijke huizen: verwerving Stedum 1614."		1	25.0	1.0
4577	5574	Winsemius		1.0	3.0	Andreas	0					0	1635.0	0			1		
4578	5575	Ripperda		1.0	7.0	Maurits	1					0		0			1		
4579	5576	Redeker		1.0	7.0	Johan	0					0		0			1		
4580	5577	Nansum	tho	1.0	7.0	Hero	0					0		0			1		
4581	5579	Coehoorn		1.0	7.0	Johan	0				1595.0	0	1677.0	0			1		2.0
4582	5583	Mepsche	de	1.0	7.0	Hidde	0					0	1662.0	0			1	3.0	8.0
4583	5584	In- en Kniphuisen	van	1.0	7.0	Rudolf Willem	1		Lutsborg		1620.0	0	1666.0	0			1	30.0	11.0
4584	5586	Aldringa		1.0	7.0	Allert	1				1610.0	0	1665.0	0			1	28.0	10.0
4585	5587	Robers		1.0	7.0	Johan	0					0	1651.0	0			1	30.0	3.0
4586	5588	Simonides		1.0	7.0	Adriaan	0					0		0			1		
4587	5590	Lubbers		1.0	7.0	Johan	0					0		0			1		
4588	5591	Werumeus		1.0	3.0	Henricus	0				1611.0	0	1687.0	0	Raad: Kuiken geeft afwijkend aanvangsjaar 1652.		1	14.0	2.0
4589	5595	Sighers	de	1.0	7.0	Herman	1		Hankema		1623.0	0	1663.0	0	Heerlijkheden/adellijke huizen: verwerving 1653 (verkregen door zijn huwelijk met Anna Catharina Kijff, gezegd Frens, in 1652).		1	5.0	11.0
4590	5596	Gruys		1.0	7.0	Gerhard	1				1616.0	0	1667.0	0			1	11.0	2.0
4591	5597	In- en Kniphuisen	van	1.0	7.0	Carel Hieronimus	1		Nienoord	Vredewold		0	1664.0	0			1		
4592	5598	Clant		1.0	7.0	Egbert	1		Nijenstein		1634.0	0	1709.0	0	Heerlijkheden/adellijke huizen: verwerving Nijenstein 1670.		1	24.0	3.0
4593	5599	Aldringa		1.0	7.0	Melle	1					0		0			1		
4594	5600	Tettema		1.0	7.0	Peter	0					0	1660.0	0			1	16.0	10.0
4595	5601	Cluvinghe		1.0	7.0	Hendrik	0					0	1696.0	0			1	9.0	2.0
4596	5602	Gaykinga		1.0	7.0	Jan	0					0		0			1		
4597	5603	Mepsche	de	1.0	7.0	Gerhard	0					0		0			1		
4598	5604	Tjarda van Starkenborgh		1.0	7.0	Albert Jacob	1				1638.0	0	1691.0	0			1		
4599	5605	Berchuijs		1.0	3.0	Jacob	0					0	1667.0	0			1	23.0	6.0
4600	5606	Emmen		1.0	4.0	Warnerus	0					0	1679.0	0			1	18.0	9.0
4601	5610	Ludolphi		1.0	7.0	Andreas	0					0	1679.0	0			1	18.0	10.0
4602	5611	Muntinghe		1.0	7.0	Hendrick	0				1628.0	1	1692.0	0			1	24.0	3.0
4603	5613	Wijchell		1.0	7.0	Simeon	0					0	1679.0	0			1	26.0	4.0
4604	5614	Ripperda		1.0	7.0	Hero Maurits	1		Farmsum	Menolda en Duirsum	1650.0	0	1681.0	0	Heerlijkheden/adellijke huizen: verwerving Menolda 1669.		1	19.0	10.0
4605	5617	Ripperda van Farmsum		1.0	7.0	Maurits	1					0		0			1		
4606	5620	Clinge		1.0	7.0	Reinolt	0					0	1703.0	0	Raad: Kuiken geeft afwijkend aanvangsjaar 1679.		1	7.0	4.0
4607	5621	Busch		1.0	7.0	Reneke	0		Allersma		1633.0	0	1710.0	0	"Persoonsgegevens: Feenstra geeft overlijdensdatum 7 maart 1710, Kuiken 8 maart 1710, Van Winter 1709.
Heerlijkheden/adellijke huizen: verwerving 1683 (door koop)."		1	7.0	3.0
4608	5622	Sickman		1.0	7.0	Johan	0					0	1685.0	0			1	25.0	2.0
4609	5624	Veldtman		1.0	7.0	Hendrik Feckens	0				1633.0	0	1704.0	0			1	7.0	2.0
4610	5628	Berghuis		1.0	7.0	Peter	0				1655.0	1	1727.0	1	Persoonsgegevens: overleed kort voor 29 mei 1727.		1		
4611	5629	Alberda		1.0	7.0	Unico Allard	1		Menkema	Ringeweer		0	1714.0	0	Heerlijkheden/adellijke huizen: verwerving Menkema en Ringeweer 1699.		1		
4612	5631	Gockinga		1.0	7.0	Scato Ludolph	0				1664.0	0	1737.0	0			1	9.0	11.0
4613	5632	Aldringa		1.0	7.0	Assuerus	1		Niekerk		1652.0	1		0	"Persoonsgegevens: de Nederlandsche Leeuw geeft overlijdensjaar 1716, Formsma in of na 1723.
Heerlijkheden/adellijke huizen: verwerving 1701."		1		
4614	5633	Emmen		1.0	7.0	Rudolph	0				1663.0	0	1727.0	0			1	4.0	11.0
4615	5636	Meima		1.0	7.0	Jan	0					0		0			1		
4616	5637	Ackema		1.0	7.0	Paulus	0					0		0			1		
4617	5640	Sijsen	van	1.0	7.0	Johan	0					0		0			1		
4618	5642	Benninck		1.0	7.0	Warmolt	0					0	1721.0	0			1	22.0	11.0
4619	5643	Keiser		1.0	4.0	Johan Harmen	0		Onstaborg		1668.0	0	1718.0	0			1	19.0	10.0
4620	5645	Wichers		1.0	7.0	Johan	0					0		0			1		
4621	5648	Iddekinge	van	1.0	4.0	Tobias Jan	0				1689.0	0	1759.0	0			1	11.0	2.0
4622	5649	Conring		1.0	7.0	Andreas	0				1696.0	0	1754.0	0			1	20.0	5.0
4623	5650	Wijchel		1.0	7.0	Hendrik	0					0		0			1		
4624	5651	Helmolt		1.0	7.0	Jacob	0					0	1740.0	0			1	19.0	4.0
4625	5653	Tjaden		1.0	3.0	Cornelis Hendrik	0				1693.0	0	1765.0	0	Raad: Kuiken geeft afwijkend aanvangsjaar 1737.		1	14.0	1.0
4626	5654	Swinderen	van	1.0	7.0	Jacob	0					0		0	Persoonsgegevens: Kuiken geeft overlijden 28 januari 1747. Als dit juist is, zal Van Swinderen de deputatie in de Staten-Generaal niet meer hebben waargenomen.		1		
4627	5656	Arnoldij		1.0	7.0	Johan	0					0		0			1		
4628	5657	Muntinghe		1.0	7.0	Warner	0				1710.0	0	1768.0	0	Raad: Kuiken geeft afwijkend aanvangsjaar 1747.		1	12.0	12.0
4629	5658	Valcke	de	1.0	7.0	Joost	0		Scharmer		1707.0	0	1768.0	0	Raad: Kuiken geeft afwijkend aanvangsjaar 1749.		1	2.0	1.0
4630	5659	Sichterman		1.0	7.0	Jan	0					0	1762.0	0			1	4.0	5.0
4631	5660	Mesting		1.0	3.0	J.	0		Rengerda			0		0	Heerlijkheden/adellijke huizen: verwerving 1754 (door koop). In 1780 laat hij de plaats Rengerda publiekelijk verkopen. Of er ook een verkoper is geweest, is volgens Formsma niet bekend.		1		
4632	5661	Nijeveen	van	1.0	7.0	Hindrik	0					0		0			1		
4633	5663	Sitter	de	1.0	4.0	Wolter Reinolt	0				1709.0	0	1780.0	0			1	12.0	4.0
4634	5665	Gockinga		1.0	7.0	Henric	0					0		0			1		
4635	5666	Rengers		1.0	7.0	Duco Gerrold	1		Farmsum			0	1810.0	0	Heerlijkheden/adellijke huizen: verwerving Farmsum 1788 (bij erfscheiding van de grootmoeder van zijn vrouw).		1	17.0	3.0
4636	5667	Wichers		1.0	7.0	Jan	0					0		0			1		
4637	5668	Alberda		1.0	4.0	Gerhard	1	Jonkheer	Menkema		1764.0	0	1828.0	0	Heerlijkheden/adellijke huizen: verwerving Menkema 1790 (vererving).		1	7.0	5.0
4638	5669	Gockinga		1.0	7.0	Scato	0				1712.0	0	1799.0	0			1	24.0	12.0
4639	5670	Laman		1.0	3.0	Henric	0					0		0			1		
4640	5671	Werumeus		1.0	7.0	Arnold Sicco	0				1742.0	0		0			1		
4641	5672	Trip		1.0	4.0	Scato	0				1742.0	0	1822.0	0			1	29.0	6.0
4642	5673	Buning		1.0	7.0	Gerard	0				1615.0	1	1663.0	0			1	10.0	6.0
4643	5674	Alberda		1.0	7.0	Egbert	1		Alberdaheerd		1561.0	1	1604.0	0	Heerlijkheden/adellijke huizen: verwerving in 1602 bij de boedelverdeling van zijn ouders.		1		
4644	5675	Ewsum	van	1.0	7.0	Huldrich	1					0	1601.0	0			1		
4645	5676	Eissinge		1.0	3.0	Peter	0					0	1658.0	0			1	18.0	4.0
4646	5677	Isebrants		1.0	3.0	Johan	0					0		0			1		
4647	5678	Schulenborch		1.0	7.0	Johan	0					0		0			1		
4648	5679	Thilo		1.0	7.0	Johan Victor	0					0		0			1		
4649	5681	Werumeus		1.0	7.0	Hendrik	0				1655.0	1	1694.0	0			1	22.0	4.0
4650	5685	Berchuis	van	1.0	7.0	J.	0					0		0			1		
4651	5686	Imhoff	van	3.0	4.0	Gustaaf Willem	1				1767.0	0	1830.0	0			1	13.0	2.0
4652	5687	Rolteman		1.0	7.0	Hillebrant	1				1539.0	0	1615.0	0	Persoonsgegevens: de Nederlandsche Leeuw geeft sterfdatum 6 mei 1615, Kuiken 16 mei 1615.		1	6.0	5.0
4653	5688	Coenders		1.0	7.0	Mello	0				1540.0	0	1617.0	0	Persoonsgegevens: vermoedelijk gelijk aan de Mello Coenders in het Jaarboek van het Centraal Bureau voor Genealogie 17 (1963) 177-178.		1	22.0	2.0
4654	5692	Northoren		1.0	7.0	Johan	0					0	1619.0	0			1	22.0	8.0
4655	5694	Swartte		1.0	3.0	Gerhard	0					0	1665.0	0			1	24.0	3.0
4656	5695	Coenders		1.0	7.0	Johan	0					0	1664.0	0	Persoonsgegevens: Kuiken maakt (onterecht?) melding van het overlijden van Johan Coenders in 1659. Volgens het Jaarboek van het Centraal Bureau voor Genealogie stierf Johan op 31 maart 1664.		1	30.0	3.0
4657	5737	Canter		1.0	7.0	Barthold	0					0	1702.0	0			1		
4658	5738	Pieters		1.0	7.0	Jan	0					0		0			1		
4659	5741	Coenders		1.0	7.0	Abel	0					0	1607.0	0			1	16.0	9.0
4660	5743	Gockinga		1.0	4.0	Scato	0					0		0			1		
4661	5744	Wichers		1.0	7.0	Wicher	0				1651.0	0	1715.0	0	"Persoonsgegevens: Nederland's Adelsboek en Nederland's Patriciaat geven overlijdensdatum 25 augustus 1715, Jaarboek van het Centraal Bureau voor Genealogie 12 mei 1712.
Overig: niet te verwarren met Wicher Wichers de oudere die stierf in 1725."		1	25.0	8.0
4662	5745	Wichers		1.0	7.0	Wicher	0				1659.0	0	1725.0	0	Overig: niet te verwarren met Wicher Wichers de jongere die stierf in 1715.		1	12.0	5.0
4663	5746	Sijsen	van	1.0	7.0	Hendrik	0				1725.0	0	1794.0	0	Overig: had een gelijknamige oom (1705-1801, niet in deze database).		1	11.0	9.0
4664	5747	Voet		1.0	3.0	Gerhard	0					0	1607.0	0			1	25.0	3.0
4665	5749	Goris		1.0	3.0	Martin	0				1570.0	0	1632.0	0	Persoonsgegevens: geslachtsnaam ook 'Gregorii'. Bijdragen en Mededelingen Gelre 10 en 66 geven overlijden 1 augustus 1633, Maris en Driessen 1 augustus 1632.		1	1.0	8.0
4666	5750	Vijgh		4.0	7.0	Karel	1		Zoelen	De Snor, Aldenhage		0	1627.0	0	Heerlijkheden/adellijke huizen: verwerving De Snor 1593, Zoelen 1594, Aldenhage 1617.		1	10.0	2.0
4667	5752	Arnhem	van	1.0	7.0	Johan	1				1543.0	0	1607.0	0			1	15.0	3.0
4668	5754	Sande	van den	1.0	3.0	Frederik	0					0	1617.0	0	Persoonsgegevens: de exacte overlijdensdatum is niet duidelijk. Maris en Driessen geven 29 augustus (p. 294) en 12 augustus (p. 347), De Nederlandsche Leeuw 19 augustus 1617.		1		8.0
4669	5755	Bemmel	van	1.0	7.0	Diederik	1		Ingen	Florestein		0	1652.0	0			1	14.0	1.0
4670	5758	Everwijn		1.0	3.0	Wijnand	0					0	1629.0	0			1		
4671	5759	Caldenbach		1.0	3.0	Johan	0					0	1636.0	1			1		
4672	5768	Hove	ten	1.0	7.0	Melchior	0				1614.0	0		0			1		
4673	5769	Essen	van	1.0	7.0	Hendrik	1				1651.0	0	1715.0	0	Persoonsgegevens: Nederlandsche Leeuw geeft overlijdensdatum 26 september 1715, Maris en Driessen 25 september 1715.		1	25.0	9.0
4674	5770	Louwerman		1.0	3.0	Lambert	0					0	1659.0	0	Persoonsgegevens: begraven 6 maart 1659.		1	22.0	3.0
4675	5772	Els	van	1.0	7.0	Dirk	0		Boelenham	Enspick		0		0			1		
4676	5773	Steenler	van	1.0	7.0	Cornelis	0					0	1697.0	1			1		
4677	5774	Welderen	van	1.0	7.0	Bernhard	1		Valburg		1632.0	0	1696.0	0			1	6.0	8.0
4678	5775	Coerman		1.0	3.0	Arnold	0					0	1688.0	0			1	15.0	1.0
4679	5777	Bentinck tot Aller		1.0	7.0	Alexander	1		Aller	Berinckhuizen		0	1681.0	0	"Persoonsgegevens: De Nederlandsche Leeuw geeft overlijdensdatum 19 juli 1681, Maris en Driessen en d'Ablaing 19 juni 1681.
Heerlijkheden/adellijke huizen: verwerving Aller en Berinckhuijsen 17 augustus 1646."		1	19.0	6.0
4680	6463	Man	de	1.0	7.0	Engelbert	0					0		0			1		
4681	6464	Cock		1.0	7.0	Bernhard	0					0		0			1		
4682	6465	Cate	ten	1.0	4.0	Daniël	0					0		0			1		
4683	6468	Gaijmans		1.0	4.0	Johan	0					0		0			1		
4684	6470	Lynden	van	1.0	7.0	Jan Karel	1				1735.0	1	1759.0	0			1		
4685	6474	Steen	van den	1.0	4.0	Dirk Gerard	0					0		0	Heerlijkheden/adellijke huizen: beleend met Wayenstein 1777.		1		
4686	6475	Dutry van Haaften		1.0	7.0	Benjamin	0					0		0			1		
4687	6476	Welderen	van	4.0	7.0	Jan Willem Floris	1				1731.0	0	1786.0	1	Overig: wordt wegens slecht gedrag in een verbeterhuis geplaatst, raakt los, kamerheer van de landgraaf van Hessen. Gaat naar Lanquedoc en overlijdt aldaar. Niet duidelijk of hij formeel tot zijn dood zitting had in de Ridderschap van Nijmegen.		1		
4688	6478	Graeff		1.0	4.0	Heribert Cornelis	0					0		0			1		
4689	6479	Betouw	in de	1.0	4.0	Johan	0					0		0			1		
4690	6481	Brantsen		1.0	3.0	Gerhard	0				1735.0	0		0			1		
4691	6484	Leenhoff de Lespierre	van	1.0	4.0	Johan Herman	0					0		0			1		
4692	6486	Mist	de	1.0	7.0	Abraham Adriaan	0					0		0			1		
4693	6488	Mesteker		1.0	7.0	Otto	0					0		0			1		
4694	6490	Berg	van den	1.0	7.0	Adriaan	0					0		0			1		
4695	6492	Solner		1.0	4.0	Joost	0					0		0			1		
4696	6493	Hasebaart		1.0	7.0	Gijsbert Weijer	0					0		0			1		
4697	6494	Hoff		1.0	4.0	Bernhard Johan	0					0		0			1		
4698	6497	Lynden van Blitterswijk	van	1.0	7.0	Johan Nicolaas Steven	1		Voorst	Bemmel (1792).	1738.0	0	1798.0	0	"Heerlijkheden/adellijke huizen: verwerving Voorst 1791. 
Ridderschap: verzoekt ontslag wegens vertrek naar het buitenland 1788 (Kaap de Goede Hoop)."		1	2.0	2.0
4699	6498	Broun	de	1.0	7.0	Johan Matthijs	0					0		0			1		
4700	6499	Hamel	van	1.0	4.0	Peter	0					0		0			1		
4701	6500	Bongart		1.0	4.0	Derk Daniël	0					0		0			1		
4702	6501	Brantsen		1.0	4.0	Hendrik	0				1739.0	0		0			1		
4703	5778	Noyen		1.0	3.0	Peter	0					0	1709.0	0			1	3.0	12.0
4704	5779	Els	van	1.0	7.0	Caspar	0		Swanenburg	Boelenham		0	1720.0	0			1	2.0	1.0
4705	5780	Eck	van	1.0	3.0	Arnold	0					0	1707.0	0			1	1.0	5.0
4706	5781	Romswinckel		1.0	7.0	François	0					0	1703.0	0			1	5.0	12.0
4707	5782	Reinders		1.0	3.0	Reynier	0				1642.0	0	1689.0	0			1	14.0	9.0
4708	5783	Loon	van	1.0	3.0	Willem	0				1662.0	0	1727.0	0			1		
4709	5784	Munster	van	1.0	3.0	Johan	0				1645.0	0	1711.0	0			1	10.0	1.0
4710	5785	Dam	van	1.0	3.0	Arnold	0					0		0	Persoonsgegevens: overleden vóór 8 maart 1731.		1		
4711	5786	Horst	van der	1.0	3.0	Johan	0					0	1734.0	0			1	8.0	10.0
4712	5789	Eck	van	1.0	3.0	Mattheus	0					0	1735.0	0			1	12.0	6.0
4713	5794	Lynden tot Ressen	van	1.0	7.0	Jasper Hendrik	1		Ressen		1696.0	0	1759.0	0			1	28.0	3.0
4714	5796	Dam	van	1.0	3.0	Evert Jan	0					0	1742.0	0			1		
4715	5798	Menthen		1.0	3.0	Engelbert	0					0	1756.0	0			1	6.0	11.0
4716	5799	Klerck		1.0	3.0	Willem	0					0	1742.0	0			1		
4717	5800	Engelen		1.0	3.0	Willem	0				1709.0	0	1790.0	0			1	6.0	5.0
4718	5801	Brantsen		1.0	3.0	Willem Reynier	0		Rhederoord		1701.0	0	1789.0	0			1		
4719	5803	Westenberg		1.0	3.0	Statius Reynier	0				1685.0	0	1758.0	0			1	14.0	6.0
4720	5804	Capellen	van der	1.0	7.0	Frederik Robbert Evert	1		Boedelhof	de Dam, Berkenwoude, de Agterbroek	1710.0	0	1755.0	0	Heerlijkheden/adellijke huizen: verwerving Boedelhof 1731, de Dam 1745, Berkenwoude en den Agterbroek 1734.		1	28.0	7.0
4721	5805	Schrassert		1.0	4.0	Johan	0				1729.0	0	1794.0	0	Persoonsgegevens: het Nederland's Patriciaat geeft overlijdensdatum 2 oktober 1794, Maris en Driessen 11 oktober 1794.		1		10.0
4722	5806	Harn	van der	1.0	3.0	Johan	0					0	1763.0	0			1	17.0	5.0
4723	5807	Lynden	van	1.0	4.0	Frans Godert	1		Hemmen	Blitterswijk en Lunenburg	1702.0	0	1786.0	0	Heerlijkheden/adellijke huizen: verwerving Hemmen en Blitterswijk 1749, Lunenburg 1750.		1	9.0	2.0
4724	5808	Goris		1.0	7.0	Arnold	0					0	1777.0	0			1	9.0	5.0
4725	5809	Schomaker		1.0	3.0	Philip Carel	0				1713.0	0	1788.0	0			1	7.0	7.0
4726	5810	Haersolte	van	1.0	7.0	Nicolaas Steven Carel	1				1739.0	0	1766.0	0			1	11.0	7.0
4727	5811	Tengnagell		1.0	7.0	Ludolf Diederik Willem Karel	1				1742.0	0	1809.0	0			1	8.0	2.0
4728	5812	Hasselt	van	1.0	4.0	Johan Conrad Copes	0					0	1781.0	0			1	15.0	3.0
4729	5813	Schimmelpenninck van der Oije		3.0	7.0	Gerrit Ditmar	1				1754.0	0	1826.0	0	Persoonsgegevens: d'Ablaing geeft afwijkend geboortejaar 1828.		1	28.0	3.0
4730	5814	Essenius		1.0	4.0	Arnoldus	0				1728.0	0	1784.0	0			1	11.0	5.0
4731	5815	Cremer		1.0	3.0	Bernhard Hendrik	0					0	1781.0	0			1	20.0	5.0
4732	5816	Brantsen		1.0	4.0	Derk Willem Abraham	0				1742.0	0	1808.0	0	Persoonsgegevens: Anspach geeft afwijkend geboortejaar 1740, maar mogelijk gaat het hier niet om dezelfde persoon: hij geeft alleen de functie van substituut-griffier bij het Hof van Gelre.		1	31.0	5.0
4733	5818	Bomblé Vatebender		1.0	3.0	Abraham Otto Florentius	0					0	1809.0	0			1	18.0	6.0
4734	5819	Hasselt	van	1.0	4.0	Jan Hendrik	0				1739.0	0	1817.0	0			1	20.0	11.0
4735	5820	Hasselt	van	1.0	4.0	Jacob Copes	0					0	1802.0	0			1	11.0	7.0
4736	5821	Man	de	1.0	4.0	Jacobus	0				1748.0	0	1828.0	0			1	15.0	8.0
4737	5822	Schimmelpenninck van der Oye tot Watergoor		1.0	7.0	Jacob Assueer	1					0		0			1		
4738	5825	Eck	van	1.0	7.0	Joachim	1					0	1607.0	0			1		
4739	5828	Appeltdoorn tot de Poll	van	1.0	7.0	Assueer	1					0	1645.0	0	Persoonsgegevens: geslachtsnaam ook Appelthern.		1	6.0	5.0
4740	5829	Huyghens tot Clarenbeeck		1.0	7.0	Rutger	0				1586.0	1	1666.0	0			1	21.0	8.0
4741	5833	Brakell tot den Brakell	van	1.0	7.0	Diederik	1		Brakell	Muggenberch	1647.0	0	1695.0	0	Heerlijkheden/adellijke huizen: verwerving Muggenberch 1654.		1	30.0	9.0
4742	5835	Lintelo	van	1.0	7.0	Johan	1				1652.0	0	1705.0	0			1	15.0	11.0
4743	5836	Essenius		1.0	3.0	Samuel	0					0	1766.0	0			1	31.0	10.0
4744	5837	Haersolte	van	1.0	4.0	Caspar Anthony	1				1716.0	0	1768.0	0			1	10.0	11.0
4745	5838	Engelen		1.0	3.0	Engelbart Ottenzoon	0				1573.0	0	1619.0	0	Persoonsgegevens: het Nederland's Adelsboek geeft overlijdensdatum 31 januari 1619, Maris en Driessen 31 juli 1619.		1		
4746	5839	Engelen		1.0	3.0	Otto Engelbartsz	0				1606.0	0	1685.0	0			1		
4747	5840	Engelen		1.0	3.0	Engelbart	0				1644.0	0	1693.0	0			1	7.0	5.0
4748	5841	Sluysken		1.0	7.0	Johan	0					0	1649.0	0			1	3.0	11.0
4749	5842	Eck	van	1.0	4.0	Johan	0				1652.0	0	1705.0	0			1	3.0	5.0
4750	5844	Steen	van den	1.0	3.0	François Willem	0				1735.0	0	1797.0	0			1	4.0	7.0
4751	5845	Schutten		1.0	3.0	Diderik	0					0	1637.0	1			1		
4752	5846	Brantsen		1.0	3.0	Hendrik	0				1605.0	0	1640.0	0			1	19.0	1.0
4753	5847	Kelffken		1.0	3.0	Johan	0					0	1666.0	0			1		
4754	5848	Eck	van	1.0	3.0	Lambert	0				1627.0	0	1667.0	0			1	16.0	6.0
4755	5849	Noorth	op ten	1.0	3.0	Gijsbert	0				1635.0	0	1701.0	0			1	29.0	7.0
4756	5851	Coets		1.0	3.0	Jacob	0					0	1720.0	0			1		10.0
4757	5852	Schoock		1.0	3.0	Diederik	0					0	1762.0	0			1		5.0
4758	5853	Hasselt	van	1.0	3.0	Johan Coenraad	0					0		0			1		
4759	5854	Jacobs		1.0	7.0	Jan	0					0		0			1		
4760	5855	Tackenborgh	van	1.0	7.0	Jarges	0					0		0			1		
4761	5856	Sijbrants		1.0	7.0	Harm	0					0		0			1		
4762	5857	Coenders van Ludema		1.0	7.0	Berend	1					0		0			1		
4763	5858	Bennema		1.0	7.0	Hendrik	0				1677.0	0	1729.0	1			1		
4764	5859	Ebels		1.0	7.0	Nanninck	0					0		0			1		
4765	5860	Wolthers		1.0	7.0	Wolther	0				1696.0	0	1728.0	0			1	8.0	7.0
4766	5861	Ritsema		1.0	7.0	Geert	0					0		0			1		
4767	5862	Hillenius		1.0	7.0	M.	0					0		0			1		
4768	5863	Jacobs		1.0	7.0	Reintjen	0					0		0			1		
4769	5864	Vossema		1.0	7.0	Ywe Jans	0					0		0			1		
4770	5865	Altjes		1.0	7.0	Sjoerd	0					0		0			1		
4771	5866	Nannings		1.0	7.0	Ebel	0					0		0			1		
4772	5867	Luitjes		1.0	7.0	Eenje	0					0		0			1		
4773	5868	Wijchel		1.0	7.0	L.	0					0		0			1		
4774	5869	Hommens		1.0	7.0	Ayolt	0					0	1666.0	0			1	10.0	11.0
4775	5871	Gockinga		1.0	7.0	S.L.	0					0		0			1		
4776	5872	Sibenius		1.0	7.0	Andreas	0					0	1681.0	0			1		
4777	5873	Gockinga		1.0	7.0	S.	0					0		0			1		
4778	5875	Rensen	van	1.0	7.0	Coenraad	0					0		0			1		
4779	5877	Ackema		1.0	3.0	Rembertus	0					0	1604.0	0			1	18.0	10.0
4780	5878	Huisman		1.0	3.0	Rembt	0					0	1617.0	0			1	30.0	4.0
4781	5879	Henricius		1.0	7.0	Ludolfus	0					0	1635.0	0			1	20.0	6.0
4782	5880	Julsing		1.0	7.0	Lubbert	0					0		0			1		
4783	5881	Baukens		1.0	7.0	Cebes	0					0	1636.0	0			1	18.0	4.0
4784	5882	Solbach		1.0	7.0	Philip	0					0		0			1		
4785	5883	Berghuis		1.0	7.0	Albertus	0					0		0	Overig: volgens Kuiken moet dit Lubbert Jacobi Berchuijs zijn (sterft 28 september 1672).		1		
4786	5884	Solbach		1.0	7.0	Johan	0					0		0			1		
4787	5885	Ringels		1.0	7.0	Johan	0					0	1682.0	0			1		
4788	5887	Landt		1.0	7.0	Hindrik	0					0		0			1		
4789	5889	Laman		1.0	7.0	Hindrik	0					0	1736.0	0			1	22.0	7.0
4790	5890	Farmsum	van	1.0	7.0	Hillebrant	0					0		0			1		
4791	5891	Geertsema	van	1.0	7.0	Hero Omko	0				1566.0	0	1621.0	0	Persoonsgegevens: De Wapenheraut geeft overlijdensjaar 1621, Kuiken 1620.		1		
4792	5892	Luiges		1.0	7.0	Fred.	0					0		0			1		
4793	5893	Ludolphi		1.0	7.0	Fred.	0					0		0			1		
4794	5894	Leo		1.0	7.0	Albertus	0					0	1631.0	0			1	11.0	10.0
4795	5895	Robers		1.0	7.0	C.	0					0		0			1		
4796	5896	Rotgers		1.0	7.0	Cornelis	0					0		0			1		
4797	5897	Wichers		1.0	3.0	Ludolf	0				1647.0	0	1691.0	0			1	3.0	5.0
4798	5898	Bruinsveld	van	1.0	7.0	Theodorus	0					0	1733.0	0			1		
4799	5899	Jullens		1.0	7.0	Anthonius	0					0		0			1		
4800	5900	Gockinga		1.0	4.0	Reneke Busch	0				1715.0	0	1789.0	0	Persoonsgegevens: begraven 16 november 1789.		1		11.0
4801	5901	Koning		1.0	7.0	A.H.	0					0	1781.0	0			1		9.0
4802	5902	Trip		1.0	7.0	A.B.	0					0		0			1		
4803	5903	Drews	de	1.0	4.0	Johan	0				1754.0	0	1820.0	0			1	3.0	5.0
4804	5904	Gockinga		1.0	7.0	Scato	0					0	1601.0	0			1		
4805	5905	Meinardi		1.0	7.0	Wiardus	0					0		0			1		
4806	5906	Heek	van	1.0	7.0	Johan	0					0		0			1		
4807	5907	Meinardi		1.0	7.0	Johan	0					0		0			1		
4808	5908	Robers		1.0	7.0	Jacob	0					0		0			1		
4809	5909	Beckeringh		1.0	7.0	Lambertus	0					0		0			1		
4810	5910	Laman		1.0	7.0	Willem	0					0	1755.0	0			1		
4811	5911	Lewe van Middelstum		1.0	4.0	Egbert	1	Jonkheer			1743.0	0	1822.0	0			1	8.0	3.0
4812	5912	Busch		1.0	3.0	Nicolaas	0					0	1666.0	0			1	25.0	4.0
4813	5913	Flugger		1.0	7.0	L.	0					0	1694.0	0			1	7.0	7.0
4814	5914	Alting		1.0	7.0	Fredric	0					0		0			1		
4815	5915	Gockinga		1.0	7.0	Henric	0				1686.0	0	1727.0	0	Persoonsgegevens: Nederland's Adelsboek en Nederland's Patriciaat geven overlijdensdatum 15 februari 1727, Kuiken 16 februari 1727.		1	15.0	2.0
4816	5916	Adriani		1.0	4.0	Arius	0				1682.0	0	1746.0	0			1		
4817	5917	Wildervanck		1.0	4.0	Paulus	0				1723.0	0	1770.0	0	Persoonsgegevens: begraven 24 februari 1770.		1		2.0
4818	5918	Alberda		1.0	7.0	E.J.	1					0		0			1		
4819	5920	Rappardus		1.0	7.0	L.A.	0					0		0			1		
4820	5921	Gruys		1.0	7.0	Berent	1		Lellens		1638.0	0	1724.0	0	"Persoonsgegevens: De Nederlandsche Leeuw geeft overlijdensdatum 18 april 1724, Kuiken 13 april 1724.
Heerlijkheden/adellijke huizen: verwerving 1671.
Overig: hij heeft een naamgenoot die in de periode 1660-1681 vele functies vervulde op zowel gewestelijk- als generaliteitsniveau."		1	18.0	4.0
4821	5922	Leeuwen	van	1.0	4.0	Pieter	0					0	1629.0	0			1	8.0	11.0
4822	5923	Wynhoff		1.0	4.0	Herman	0					0		0			1		
4823	5924	Zijl	van	1.0	4.0	Henrick	0					0		0			1		
4824	5926	Weede	van	1.0	4.0	Daniël	0					0	1623.0	0	Persoonsgegevens: Groot Placaatboek vervattende alle de placaten … van Utrecht … (Utrecht 1729) II, 1054 geeft overlijden 1624.		1		
4825	5927	Wildt	de	1.0	4.0	Henrick	0					0		0			1		
4826	5928	Maeth	van der	1.0	7.0	Jacob	0					0		0			1		
4827	5929	Zuylen van Natewisch	van	1.0	7.0	David	1	Jonkheer	Natewisch		1560.0	0	1626.0	0	Heerlijkheden/adellijke huizen: droeg Natewisch in 1624 over aan zijn zoon Gerrit.		1		
4828	5930	Rijsenburch	van	1.0	7.0	Gerard	1	Jonkheer				0		0			1		
4829	5931	Freys van Dolre		1.0	7.0	Everard	1	Jonkheer				0	1640.0	0			1	11.0	5.0
4830	5932	Wijnen		1.0	7.0	Lambert	0					0		0	Overig: was vermoedelijk al rond 1580 subsituut-griffier van het Hof van Utrecht (Groot Placaatboek vervattende alle de placaten … van Utrecht … (Utrecht 1729) II, 1061).		1		
4831	5933	Goyer	de	1.0	4.0	Nicolaes	0					0	1637.0	0			1		
4832	5934	Berck	van	1.0	4.0	Jacob	0					0		0			1		
4833	5935	Pesters		1.0	4.0	Johan	0		Cattenbroek		1620.0	0	1703.0	0	"Persoonsgegevens: het Nederland's Adelsboek geeft overlijdensdatum 14 februari 1703, Genealogische en Heraldische Bladen 16 februari 1703.
Heerlijkheden/adellijke huizen: verwerving 1674."		1	14.0	2.0
4834	5936	Pesters		1.0	4.0	Willem	0	Jonkheer			1659.0	0	1735.0	0	Buitenlandse adelstitels: bij besluit van 12 februari 1706 door keizer Jozef I in de adelstand verheven.		1	11.0	12.0
4835	5937	Water	van de	1.0	4.0	Johan	0					0		0			1		
4836	5938	Cuyck	van	1.0	4.0	Thyman	0				1567.0	0	1626.0	0	Persoonsgegevens: Groot Placaatboek vervattende alle de placaten … van Utrecht … (Utrecht 1729) II, 1054 geeft 1625 als jaar van overlijden.		1	14.0	6.0
4837	5940	Cock	de	1.0	4.0	Dirck	0					0	1625.0	0			1		
4838	5941	Helsdingen	van	1.0	4.0	Steven	0				1584.0	0	1626.0	0	Persoonsgegevens: begraven 28 augustus 1626. Groot Placaatboek geeft overlijden 1625.		1		8.0
4839	5942	Pallaes	van	1.0	4.0	Johan	0					0	1650.0	0			1	5.0	8.0
4840	5943	Zas		1.0	4.0	Jacob	0					0	1652.0	0	Persoonsgegevens: Groot Placaatboek geeft overlijdensdatum 19 februari 1652, Utrechtse Bestuurders 1 maart; waarschijnlijk gaat het in het laatste geval om een begraafdatum.		1	19.0	2.0
4841	5945	Ploos van Amstel		1.0	4.0	Peter	0					0	1633.0	0	Persoonsgegevens: Groot Placaatboek geeft overlijden 13 juli 1633.		1	14.0	7.0
4842	5946	Nijpoort	van der	1.0	4.0	Gerard	0				1598.0	0	1683.0	0			1	26.0	2.0
4843	5947	Straten	van der	1.0	4.0	Johan	0					0	1656.0	0			1	5.0	4.0
4844	5948	Schrasser		1.0	4.0	Otto	0					0	1630.0	0			1	4.0	2.0
4845	5949	Hellemijs van Welle	van	1.0	4.0	Adriaen	0					0	1636.0	0	Persoonsgegevens: Groot Placaatboek geeft geslachtsnaam 'Helmis van Welle'.		1	17.0	10.0
4846	5950	Wijs	de	1.0	4.0	Jacob	0					0	1651.0	0			1		
4847	5951	Dierhout		1.0	4.0	Pieter	0				1572.0	1	1640.0	0			1	14.0	12.0
4848	5952	Hoornhoven	van	1.0	4.0	Arnoldus	0					0	1645.0	0	Overig: was secretaris van Wijk bij Duurstede.		1	4.0	2.0
4849	5956	Ploos		1.0	4.0	Willem	0		Langestein	Willescop, Kort-Heeswijk en Achthoven		0	1668.0	0	Persoonsgegevens: de Wapenheraut geeft overlijdensjaar 1639. Dat lijkt zeer onwaarschijnlijk, aangezien hij pas op 26 januari 1669 wordt opgevolgd in het Hof van Utrecht. Het overlijden zal in januari 1668 hebben plaatsgevonden, zoals het Groot Placaatboek weergeeft.		1		1.0
4850	5958	Modé		1.0	4.0	Dirck	0					0		0			1		
4851	5959	Heurnius		1.0	4.0	Johan	0					0	1669.0	0			1		
4852	5960	Valckenaer		1.0	7.0	Herman	1	Jonkheer	Bottestein	Well en de Batuw		0	1642.0	0			1	8.0	12.0
4853	5962	Booth		1.0	3.0	Cornelis	0				1605.0	0	1678.0	0			1	13.0	7.0
4854	5963	Hardenbroek	van	1.0	7.0	Gijsbrecht	1	Jonkheer	Heerjansdam			0	1659.0	1			1		
4855	5964	Parmentier		1.0	7.0	Anthony Carel	0		Heeswijk	Achthoven en Coelenbergh		0	1665.0	0	"Persoonsgegevens: ook wel Antoine Charles.
Heerlijkheden/adellijke huizen: verwerving Heeswijk 1650."		1	30.0	12.0
4856	5966	Moreelse		1.0	4.0	Hendrick	0				1615.0	0	1666.0	0	"Persoonsgegevens: Stadbestuurders Utrecht geeft overlijden 26 mei, Groot Placaatboek 21 mei; waarschijnlijk is de eerste de datum van begraven.
Overig: was in 1643 schepen van Utrecht en daarna Professor in de Rechten tot 10 februari 1652."		1	21.0	5.0
4857	5967	Ewijck	van	1.0	4.0	Justus	0					0		0			1		
4858	5968	Kerckraad	van	1.0	4.0	Abraham	0					0	1672.0	0			1		
4859	5970	Gruijter	de	1.0	4.0	Willem	0					0	1684.0	0			1	10.0	6.0
4860	5974	Foeyt		1.0	7.0	Reinier	0					0	1674.0	0	"Persoonsgegevens: geslachtsnaam ook wel 'Feijt'.
Vroedschap: ontslagen 1674."		1	4.0	5.0
4861	5975	Someren	van	1.0	4.0	Johan	0					0	1706.0	1			1	26.0	3.0
4862	5976	Halmale	van	1.0	7.0	Godschalk	1	Jonkheer	Hoelesteijn			0	1663.0	1			1		
4863	5979	Lienden	van	1.0	7.0	Steven	1	Jonkheer	Hoevelaken			0	1669.0	0			1	20.0	9.0
4864	5980	Parmentier		1.0	4.0	Carel	0		Achthoven	Heeswijk	1642.0	1	1727.0	1			1		
4865	5981	Dam	van	1.0	4.0	Jacob	0				1618.0	0	1709.0	0			1		1.0
4866	5983	Wijnbergen	van	1.0	7.0	Willem	1	Jonkheer	Oukoop	Luchtenburg		0		0			1		
4867	5984	Mansvelt	van	1.0	4.0	Anthonis	0				1636.0	0	1694.0	0			1	11.0	4.0
4868	5985	Wesel	van	1.0	4.0	Abraham	0					0	1680.0	0	Persoonsgegevens: Gens Nostra geeft ten onrechte overlijdensjaar 1682.		1	12.0	2.0
4869	5986	Wijckersloot	van	1.0	4.0	Abraham Gijsbertsz.	0					0	1673.0	0	Overig: was professor extraordinaris in de rechten vanaf 1660.		1	5.0	2.0
4870	5989	Panhuijs	van	1.0	4.0	Bartholomeus	0		Voorn			0	1676.0	0			1	19.0	1.0
4871	5990	Warmvliet	van	1.0	4.0	Anthonis	0					0	1685.0	0			1	23.0	3.0
4872	5991	Bergen	van	1.0	4.0	François	0					0	1708.0	0			1	12.0	9.0
4873	5992	Servaes		1.0	4.0	Jacob	0					0	1683.0	0			1	5.0	10.0
4874	5993	Roijen	van	1.0	4.0	Cornelis	0					0	1704.0	0			1	23.0	8.0
4875	5994	Hengst	van	1.0	4.0	Anthonis	0					0	1707.0	0			1	17.0	10.0
4876	5997	Vastrick		1.0	7.0	Willem	0					0	1718.0	1			1		
4877	5998	Timmerman		1.0	7.0	Paulus	1	Jonkheer				0	1680.0	1			1		
4878	5999	Hardenbroek	van	1.0	7.0	Carel	1	Jonkheer				0	1675.0	1			1		
4879	6000	Abcoude van Meerten	van	1.0	7.0	Peter Ernst	1	Jonkheer				0	1675.0	1			1		
4880	6003	Becker		1.0	4.0	Everhard	0					0	1699.0	0	Persoonsgegevens: Groot Placaatboek Utrecht geeft overlijden 7 oktober, Utrechts Archief 29 december 1699.		1	29.0	12.0
4881	6005	Domburch	van	1.0	4.0	Cornelis	0				1649.0	0	1704.0	0			1	13.0	9.0
4882	6006	Vollenhoven	van	1.0	7.0	Johan	0					0		0			1		
4883	6007	Giessen	van de	1.0	7.0	Hendrik Hamel	0					0	1730.0	1			1		
4884	6008	Strick van Linschoten		1.0	4.0	Johan	0		Linschoten	Polanen en van der Boye	1625.0	0	1686.0	0			1	10.0	1.0
4885	6010	Marez	de	1.0	7.0	Samuel	0		Maarsbergen	Maren, Oud-Broekhuizen, de Grote en de Kleine Koppel en Maarschalkerweerd	1632.0	0	1691.0	0	"Heerlijkheden/adellijke huizen: verwerving Maarsbergen 1656.
Buitenlandse adelstitels: de Franse koning verhief hem in de Franse adelstand."		1	11.0	9.0
4886	6011	Schadé		1.0	4.0	Willem	0					0	1699.0	0			1	27.0	9.0
4887	6012	Capellen	van der	1.0	7.0	Steven Frederik	1		Sinderen	Schalkwijk		0	1707.0	0			1	25.0	5.0
4888	6014	Veldhuijsen	van	1.0	4.0	Cornelis	0					0	1708.0	1	Overig: het onzeker of de maarschalk bij het Hof van Utrecht en de bewindhebber bij de WIC één en dezelfde persoon zijn.		1		
4889	6016	Spoor		1.0	4.0	Arnoud	0					0	1723.0	0			1	31.0	10.0
4890	6017	Weede	van	1.0	7.0	Johan	0					0	1724.0	0			1		5.0
4891	6018	Does	van der	1.0	4.0	Rochus	0				1643.0	0	1707.0	0			1	20.0	6.0
4892	6019	Schagen		1.0	4.0	Johan	0					0	1732.0	0	Persoonsgegevens: mogelijk J. Schagen, lid van de vroedschap van Utrecht 1694-1697 (Utrechtse Bestuurders Utrecht, website Het Utrechts Archief (september 2023). In dat geval is hij overleden op 18 januari 1730.		1	18.0	1.0
4893	6020	Pynssen van der Aa		3.0	7.0	Gerrit Maximiliaan	1		Deyl	Willescop		0	1733.0	0	Heerlijkheden/adellijke huizen: verwerving Willescop 1717.		1	20.0	1.0
4894	6021	Boll		1.0	4.0	Trajectinus	0		Bruinenberg		1653.0	0	1723.0	0			1	5.0	11.0
4895	6022	Royen	van	1.0	4.0	Casper	0				1653.0	0	1709.0	0			1	6.0	12.0
4896	6024	Walkier		1.0	4.0	Lucas	0					0	1713.0	0	Persoonsgegevens: Utrechtse Bestuurders geeft overlijden 14 januari, Groot Placaatboek 13 juni 1713.		1	14.0	1.0
4897	6025	Nellesteijn	van	1.0	4.0	Steven	0					0	1729.0	1			1		
4898	6026	Mansvelt	van	1.0	4.0	Jacob	0					0	1710.0	1			1		
4899	6027	Pool		1.0	7.0	Claudius	1	Jonkheer				0	1708.0	1			1		
4900	6028	Pynssen van der Aa		1.0	7.0	Henrick Frederick	1	Jonkheer				0	1720.0	1			1		
4901	6029	Modé		1.0	4.0	Diderick	0					0	1710.0	0			1		
4902	6030	Utenhove	van	1.0	7.0	Maurits Philibert	1	Jonkheer	Bottestein	Munnikenland	1666.0	0	1727.0	0			1	19.0	1.0
4903	6031	Huijssen		1.0	4.0	Hendrick	0					0	1724.0	1			1		
4904	6032	Breijer		1.0	4.0	Johan	0				1660.0	0	1749.0	0			1	23.0	3.0
4905	6034	Doornenburgh	van	1.0	7.0	David	0					0	1712.0	1			1		
4906	6035	Roeck		1.0	7.0	Francois	0					0		0			1		
4907	6036	Bronckhorst	van	1.0	4.0	Nicolaas	0		Schonauwen			0	1755.0	1	Heerlijkheden/adellijke huizen: verkoop Schonauwen 1727.		1		
4908	6038	Perre	van de	1.0	7.0	Johan	0					0	1714.0	0			1	30.0	9.0
4909	6040	Cleeff	van	1.0	4.0	Johan	0					0	1729.0	1			1		
4910	6041	Westrenen tot Lauwenrecht	van	1.0	4.0	Johan Jacob	0					0		0			1		
4911	6042	Taets van Amerongen		1.0	7.0	Joost	1	Jonkheer	Natewisch		1649.0	0	1735.0	0	"Heerlijkheden/adellijke huizen: verwerving Natewisch 1691.

Verwerving Heerlijkheden/adellijke huizen: Natewisch in 1672"		1	12.0	5.0
4912	6044	Renesse	van	1.0	7.0	Johan Adolph	1	Jonkheer	Lockhorst	's Heeraartsberg, Bergambacht en Ammers	1665.0	0	1759.0	0			1	19.0	6.0
4913	6045	Milan Visconti	de	1.0	4.0	Johan Servaas	0		Nijeveld	Veldhuysen	1684.0	0	1747.0	0	Adellijke titel: Baron des Heiligen Roomse Rijk.		1		
4914	6046	Muyden	van	1.0	4.0	Rudolph Antonij	0				1664.0	0	1726.0	0			1	4.0	10.0
4915	6047	Quint		1.0	4.0	Johan Diderick	0				1694.0	0	1719.0	1			1		
4916	6048	Falckenhain	van	1.0	7.0	Frederik Willem	1	Jonkheer				0		0	Overig: werd op 3 december 1721 door de Staten van Utrecht als opvolger van Theodorus de Leeuw in de Admiraliteit van Zeeland benoemd, maar oefende deze functie vermoedelijk niet uit; de Staten benoemden op 31 maart 1722 Maurits van Nassau als opvolger van De Leeuw, en de commissies van de Admiraliteit van Zeeland door de Staten-Generaal vermelden Falckenhain niet.		1		
4917	6049	Godin		1.0	7.0	Antoni	0		Cockengen		1675.0	0	1728.0	0			1	16.0	10.0
4918	6050	Mansvelt	van	1.0	4.0	Jan Pieter	0				1686.0	0	1756.0	0			1	4.0	2.0
4919	6051	Blotenburgh		1.0	4.0	Diderick Richard	1					0	1738.0	1			1		
4920	6053	Martens		1.0	4.0	David Jan	0					0	1737.0	1			1		
4921	6054	Lastdrager		1.0	4.0	Nicolaes	0				1659.0	0	1739.0	0			1	9.0	3.0
4922	6055	Ghiessen	van der	1.0	7.0	Hendrik Hamel	0					0	1730.0	1			1		
4923	6056	Bouwman		1.0	7.0	Abraham	0					0	1746.0	1			1		
4924	6057	Cleeff	van	1.0	4.0	Willem	0					0	1754.0	1			1		
4925	6059	Ewijck tot den Engh	van	1.0	4.0	Jan Leonard	0					0		0			1		
4926	6062	Capellen	van der	1.0	7.0	Alexander Hendrik	1	Jonkheer	Schalkwijk			0		0			1		
4927	6063	Verweij		1.0	7.0	Willem	0				1677.0	0	1750.0	0			1	21.0	6.0
4928	6064	Haeften	van	1.0	4.0	Nicolaas	0					0	1789.0	1			1		
4929	6065	Wijs	de	1.0	4.0	Pieter	0				1676.0	0	1739.0	0			1		7.0
4930	6066	Quint		1.0	4.0	Thadeus Francois	0				1703.0	0	1754.0	0			1	20.0	2.0
4931	6067	Utenhove	van	1.0	7.0	Reynier	1	Jonkheer	Amelisweerd			0		0			1		
4932	6068	Haeften	van	1.0	7.0	Johan	0					0		0			1		
4933	6069	Roosmalen		1.0	4.0	Egbertus Theodorus	0					0		0			1		
4934	6070	Jongh	de	1.0	4.0	Everhard	0					0	1770.0	1			1		
4935	6071	Harskamp	van	1.0	4.0	Berend Jan	0					0	1750.0	1			1		
4936	6072	Doublet		1.0	7.0	Francois	0		Groeneveld			0		0			1		
4937	6073	Asch van Wijck	van	1.0	4.0	Hendrik	0		Prattenburg		1707.0	0	1784.0	0	Persoonsgegevens: begraven 17 april 1784.		1		4.0
4938	6074	Goens	van	1.0	4.0	Daniël Francois	0					0	1791.0	1			1		
4939	6075	Renesse van Wilp	van	1.0	7.0	Reinoud Abraham	1	Jonkheer	ter Aa	Wayesteyn en Zuylevelt	1699.0	0	1776.0	0			1	12.0	3.0
4940	6076	Capellen	van der	1.0	7.0	Evert Cornelis	1	Jonkheer	Schalkwijk	't Gooy en Houten	1703.0	0	1759.0	0			1	24.0	10.0
4941	6077	Taets van Amerongen		1.0	7.0	Gerard Godert	1	Jonkheer	Oud-Amelisweerd		1729.0	0	1804.0	0			1	29.0	6.0
4942	6078	Nassau la Lecq	van	1.0	7.0	Jan Floris	1	Jonkheer				0		0			1		
4943	6079	Godin		1.0	4.0	Antonie François	0		Cockengen	Spangen	1709.0	0	1787.0	0	Persoonsgegevens: Stadsbestuurders Utrecht geeft geboorte (of doop) 1711, Jaarboek Centraal Bureau voor Genealogie 1709. Stadsbestuurders Utrecht geeft overlijden 17 december, Jaarboek Centraal Bureau voor Genealogie 18 december.		1	18.0	12.0
4944	6080	Wachendorf	van	1.0	4.0	Everhard	0				1712.0	0	1775.0	0			1	17.0	2.0
4945	6081	Heuvel	van den	1.0	4.0	Hendrik Herman	0					0		0			1		
4946	6082	Vianen	van	1.0	4.0	Hermanus	0					0		0			1		
4947	6083	Rechteren	van	4.0	7.0	Jacob Hendrik	1		Westerveld	Woudenberg	1709.0	0	1783.0	0			1	3.0	12.0
4948	6084	Martens		1.0	4.0	Paul Engelbert	0				1713.0	0	1780.0	0			1	15.0	4.0
4949	6085	Veldhuysen	van	1.0	4.0	Francois	0				1688.0	0	1775.0	0			1	17.0	12.0
4950	6086	Pit		1.0	4.0	Jan	0		Klein Geerestein		1707.0	0	1781.0	0			1	28.0	3.0
4951	6087	Blondeel		1.0	4.0	Valentijn Jan	0				1723.0	0		0	Persoonsgegevens: Gens Nostra geeft 17 juli 1765 als overlijdensdatum. Dit lijkt echter twijfelachtig, aangezien zijn opvolger als procureur-generaal pas in 1780 werd aangesteld.		1		
4952	6088	Capellen	van der	1.0	7.0	Daniël Cornelis	1	Jonkheer	Schalkwijk	Mijdrecht		0	1800.0	0	Heerlijkheden/adellijke huizen: verwerving Mijdrecht 1760.		1	13.0	8.0
4953	6089	Berger		1.0	4.0	Cypriaan	0				1700.0	0	1786.0	0			1	11.0	6.0
4954	6090	Strick van Linschoten		1.0	4.0	Andries Jan	0		Loenersloot	Oucoop en ter Aa	1736.0	0	1806.0	0	"Persoonsgegevens: het Nederland's Adelsboek geeft overlijdensdatum 6 juli 1806, Genealogische en heraldische bladen 6 juni 1806.
Heerlijkheden/adellijke huizen: verwerving Loenersloot 1772."		1	6.0	7.0
4955	6091	Eijck		1.0	4.0	Hendrik Maurits	0				1696.0	0	1766.0	0			1	9.0	9.0
4956	6092	Heuvel	van den	1.0	4.0	Jacob Adriaan	0				1733.0	0	1800.0	0			1	14.0	4.0
4957	6093	Musschenbroek	van	1.0	4.0	Jan Willem	0				1729.0	0	1807.0	0			1	5.0	6.0
4958	6094	Westrenen	van	1.0	4.0	Jan André	0		Sterkenburg		1712.0	0	1790.0	0			1	2.0	7.0
4959	6095	Laan		1.0	4.0	Hendrik Arnoud	0				1735.0	0	1809.0	0			1	24.0	12.0
4960	6097	Westrenen	van	1.0	7.0	Jan Jacob	0		Sterkenburg	de Wierst, Lauwerecht, Themaat, Vuilcoop en Houdringe	1685.0	0	1769.0	0			1	1.0	12.0
4961	6098	Roelans		1.0	4.0	Adriaan	0					0	1787.0	1			1		
4962	6099	Oosterdijk		1.0	4.0	Hermanus Johansz	0					0		0			1		
4963	6102	Munnicks		1.0	4.0	Gerard	0					0		0			1		
4964	6104	Wijs	de	1.0	4.0	Cornelis	0					0		0			1		
4965	6105	Bronckhorst	van	1.0	4.0	Adriaan	0				1728.0	0	1806.0	0			1	24.0	3.0
4966	6106	Taets van Amerongen		1.0	7.0	Gerard Arnoud	1	Jonkheer	Schalkwijk	Oud-Amelisweerd	1754.0	0	1823.0	0	Binnenlandse adelstitels: predicaat 1814.		1	13.0	10.0
4967	6107	Cleeff	van	1.0	4.0	Nicolaas Cornelis	0					0		0			1		
4968	6108	Craeyvanger		1.0	4.0	Willem	0					0		0			1		
4969	6109	Wachendorff	van	1.0	4.0	Johan Adriaen	0					0		0			1		
4970	6110	Both Hendriksen		1.0	4.0	Jan	0				1744.0	0	1817.0	0			1	28.0	8.0
4971	6111	Bentinck		4.0	7.0	Jan Carel	1				1763.0	0	1833.0	0	Overig: voornamen ook wel als 'Jean Charles'.		1	22.0	11.0
4972	6112	Musschenbroek	van	1.0	4.0	Petrus	0					0		0			1		
4973	6113	Beusechem	van	1.0	4.0	Lubertus	0					0		0			1		
4974	6114	Pauw	van der	1.0	4.0	Willem	0				1750.0	0	1816.0	0			1	22.0	9.0
4975	6115	Romond	van	1.0	4.0	Sibert Christiaan	0					0		0			1		
4976	6118	Roode	de	1.0	7.0	Anthonis	0					0	1634.0	0			1	13.0	1.0
4977	6119	Fransz		1.0	7.0	Peter	0					0		0			1		
4978	6120	Zuylen van Nyvelt	van	1.0	7.0	Arent	1	Jonkheer	Hoevelaken	Geeresteyn en Teccop		0	1633.0	0			1	23.0	3.0
4979	6121	Renesse van der Aa	van	1.0	7.0	Johan	1		Zuylestein	Schonauwen en Mijdrecht	1555.0	0	1634.0	0			1	19.0	5.0
4980	6122	Boetzelaar	van den	1.0	7.0	Gijsbert	1	Jonkheer	den Boetselaar	Leeuwen	1580.0	1	1628.0	0	"Persoonsgegevens: d' Ablaing geeft overlijdensdatum 2 juli 1628.
Ridderschap: aanvang is jaar van eerste verschijning.
Heerlijkheden/adellijke huizen: verwerving Den Boetselaar 1606, Leeuwen 1602."		1	18.0	7.0
4981	6124	Renesse van der Aa	van	1.0	7.0	Gerrit	1		Woudenberg	Ter Aa		0	1609.0	0			1	31.0	7.0
4982	6125	Waal van Moersbergen	van de	1.0	7.0	Adolph	1	Jonkheer	Moersbergen	Cattenbroeck		0	1636.0	0	Heerlijkheden/adellijke huizen: verwerving Moersbergen en Cattenbroeck 1592.		1		
4983	6127	Ledenberg	van	1.0	7.0	Gillis	0				1548.0	1	1618.0	0			1		9.0
4984	6129	Deuverden van Kragtwijck	van	1.0	7.0	Cornelis	0				1557.0	0	1634.0	0			1	16.0	5.0
4985	6130	Zuylen van Nyevelt	van	1.0	7.0	Jacob	1		Hoevelaken			0		0			1		
4986	6131	Nijenrode	van	1.0	7.0	Willem	0					0		0			1		
4987	6132	Poll	van der	1.0	7.0	Cornelis	0					0	1633.0	0			1	20.0	1.0
4988	6134	Dompselaer	van	1.0	7.0	Gerard	0					0		0			1		
4989	6136	Heermale		1.0	4.0	Floris	0					0		0			1		
4990	6137	Waal van Moersbergen	van	1.0	7.0	Bartholomeus	1		Cattenbroek	Moersbergen	1526.0	1	1592.0	0	Heerlijkheden/adellijke huizen: verwerving Moersbergen 1552, Cattenbroek 1545.		1	4.0	4.0
4991	6138	Baexen	van	1.0	7.0	Maximiliaan	1		Coninxvrij	Leeuwen, Harmelen		0	1606.0	0	Heerlijkheden/adellijke huizen: verwerving Leeuwen 1595.		1		
4992	6139	Canter		1.0	7.0	Dirk	1	Jonkheer				0		0			1		
4993	6140	Zuylen van Nyevelt	van	1.0	7.0	Frederik	1					0	1597.0	1			1		
4994	6143	Dompselaar	van	1.0	7.0	Herman	0					0		0			1		
4995	6144	Schade		1.0	7.0	Johan	0					0		0			1		
4996	6145	Doornick	van	1.0	7.0	Willem	0					0		0			1		
4997	6146	Westrenen	van	1.0	7.0	Adriaan	0					0		0			1		
4998	6147	Hardevelt	van	1.0	7.0	Willem	0					0		0			1		
4999	6148	Leerdam	van	1.0	7.0	Jan	0					0		0			1		
5000	6149	Eck	van	1.0	7.0	Dirck	1	Jonkheer				0		0			1		
5001	6151	Catz	van	1.0	7.0	Johan	0					0	1607.0	1			1		
5002	6152	Radelant	van	1.0	4.0	Willem	0				1538.0	0	1612.0	0			1		
5003	6153	Werckhoven	van	1.0	4.0	Johan	0					0		0			1		
5004	6154	Rijsenburg	van	1.0	7.0	Gijsbert	1	Jonkheer				0		0			1		
5005	6156	Helsdingen	van	1.0	7.0	Hendrik	0					0	1612.0	0			1	30.0	4.0
5006	6158	Ploos		1.0	7.0	Johan	0					0	1625.0	0	Persoonsgegevens: overluid 3 december 1625.		1		
5007	6161	Rheenen	van	1.0	7.0	Hubrecht	1	Jonkheer				0		0			1		
5008	6162	Freys van Dolre		1.0	7.0	Nicolaas	1	Jonkheer				0	1637.0	0	Persoonsgegevens: volgens De Wapenheraut zou Nicolaas in 1638 zijn gestorven. Dit is onjuist, omdat  hij reeds in 1637 wordt opgevolgd naar aanleiding van zijn overlijden.		1		
5009	6164	Zuylen van de Haer	van	1.0	7.0	Johan	1	Jonkheer	de Haar	Kockengen, Spengen, Montfoortsgeregt en Drakenburg		0		0			1		
5010	6165	Weede	van	1.0	7.0	Johan	0				1584.0	0	1658.0	0			1	1.0	4.0
5011	6167	Velthuysen	van	1.0	7.0	Dirck Jacobsz.	0				1582.0	1	1642.0	0			1	7.0	10.0
5012	6168	Strick		1.0	4.0	Johan	0		Linschoten			0	1648.0	0			1	4.0	12.0
5013	6169	Abcoude van Meerten	van	1.0	7.0	Johan	1	Jonkheer				0	1632.0	0			1		
5014	6171	Renesse van der Aa	van	1.0	7.0	Adriaan	1	Jonkheer	Dorp			0	1632.0	0			1		
5015	6173	Mol		1.0	4.0	Adriaen	0					0		0			1		
5016	6174	Ablaing	d'	1.0	7.0	Daniël	0		Haulsin		1604.0	0	1652.0	0			1	23.0	10.0
5017	6176	Reede	van	1.0	7.0	Berent	1	Jonkheer				0		0			1		
5018	6178	Cuijlenborch	van	1.0	7.0	Aernt	0					0		0			1		
5019	6179	Mansfelt	van	1.0	7.0	Johan	0					0	1641.0	0			1		
5020	6180	Vlieger		1.0	7.0	Jacob Huijbertssen	0					0		0			1		
5021	6181	Weede	van	1.0	4.0	Wouter	0					0	1652.0	0	Persoonsgegevens: Algemeen Nederlandsch Familieblad 2 (1885) 185 vermeldt een mr. Wouter van Weede die op 8 okt 1643 huwt met Elisabeth van Byler.		1		
5022	6182	Schade		1.0	7.0	Andries	0					0	1662.0	0			1	11.0	3.0
5023	6184	Cuijlenburch	van	1.0	7.0	Dirck	0					0		0			1		
5024	6185	Wijckerslooth	van	1.0	7.0	Gijsbert	0					0	1660.0	0			1		4.0
5025	6186	Zijl	van	1.0	7.0	Rudolf	0				1586.0	0	1656.0	0			1	20.0	2.0
5026	6187	Ridder	de	1.0	7.0	Nicolaas	0					0		0			1		
5027	6188	Godin		1.0	7.0	Isaak Ferdinand	0					0		0			1		
5028	6189	Milan Visconti	de	1.0	7.0	Daniël	0		Nijeveld		1652.0	0	1741.0	0	Adellijke titel: Baron des Heiligen Roomse Rijk.		1	3.0	4.0
5029	6190	Taets van Amerongen		1.0	7.0	Frederik Batavodorus	1	Jonkheer	Natewisch			0	1736.0	0			1		
5030	6191	Martens		1.0	4.0	Jacob Carel	0				1711.0	0	1758.0	0			1	23.0	9.0
5031	6192	Strick van Linschoten		1.0	4.0	Johan Hendrik	0		Polanen	Linschoten, Mastwijk, Hekendorp, Snelrewaard, IJsselveere, Schagen en den Engh	1687.0	0	1759.0	0	Persoonsgegevens: Adelsboek geeft overlijden 12, Stadsbestuurders Utrecht 5 december 1759.		1	5.0	12.0
5032	6193	Albinus		1.0	3.0	Christian Bernard	0				1696.0	1	1752.0	0			1	5.0	4.0
5033	6194	Woertman		1.0	4.0	Dirck	0				1719.0	0	1769.0	0			1	10.0	7.0
5034	6195	Buuren	van	1.0	4.0	Meinard	0				1712.0	0	1781.0	0			1	2.0	5.0
5035	6196	Ablaing	d'	1.0	4.0	Johan Daniël	0		Giessenburg	Haulchin, Peursum, Moersbergen, Cadzand en Bingaertskerke	1703.0	0	1775.0	0	Heerlijkheden/adellijke huizen: verwerving Haulchin 1721.		1	25.0	3.0
5036	6197	Wttewaal		1.0	4.0	Hendrik Assuerus	0		Stoetwegen		1699.0	0	1775.0	0			1	8.0	1.0
5037	6198	Verborcht		1.0	7.0	Isaac	0				1690.0	0	1765.0	0	Persoonsgegevens: Algemeen Nederlansch Familieblad geeft overlijden 10, Utrechtse Bestuurders 9 januari 1765.		1	9.0	1.0
5038	6199	Mansvelt	van	1.0	4.0	Jan Jacob	0				1704.0	0	1754.0	0			1	27.0	9.0
5039	6200	Ram		1.0	4.0	Jan Jacob	0				1716.0	0	1758.0	0			1	1.0	11.0
5040	6202	Zurck	van	1.0	4.0	Arnoud Anthonij	0				1697.0	0	1776.0	0			1	8.0	7.0
5041	6203	Ochten	van	1.0	4.0	Johan	0				1696.0	0	1746.0	0			1	29.0	12.0
5042	6204	Kien		1.0	4.0	Nicolaas	0				1701.0	0	1777.0	0			1	29.0	10.0
5043	6205	Aulnis	d'	1.0	4.0	Pieter Egidius Gerbrand	0				1705.0	0	1761.0	0			1	3.0	11.0
5044	6206	Beeck	van	1.0	7.0	Jan Frederik	0		Dijkveld	Rateles	1712.0	0	1792.0	0			1	14.0	5.0
5045	6207	Royen	van	1.0	4.0	Cornelis Jan	0				1711.0	0	1774.0	0			1	10.0	10.0
5046	6208	Bogaard	van den	1.0	4.0	Petrus Paulus	0				1722.0	0	1789.0	0			1	24.0	3.0
5047	6210	Vos		1.0	4.0	Cornelis Anthonij	0					0	1781.0	0			1	19.0	10.0
5048	6211	Muelen	van der	1.0	4.0	Jozeph Elias	0		Maarssenbroek		1707.0	0	1781.0	0			1	19.0	2.0
5049	6212	Reede van Oudtshoorn	van	1.0	7.0	Barend Hendrik	1	Jonkheer	Sandenburg	Drakenburg	1742.0	0	1793.0	0	Heerlijkheden/adellijke huizen: verwerving Drakenburg 1775, Sandenburg 1786 (door koop).		1	6.0	3.0
5050	6213	Boddens		1.0	4.0	Thomas Adriaan	0				1721.0	0	1796.0	0	Persoonsgegevens: Nederland's Patriciaat geeft overlijden 27, Stadsbestuurders Utrecht 29 maart 1796.		1	29.0	3.0
5051	6214	Loten		1.0	4.0	Arnoud	0				1719.0	0	1801.0	0			1	13.0	7.0
5052	6215	Methorst		1.0	4.0	Willem	0				1715.0	0	1796.0	0			1	24.0	6.0
5053	6217	Renesse	van	1.0	7.0	Maximiliaan Jacob	1	Jonkheer	ter Aa	Wezenhorst		0	1738.0	0			1	25.0	2.0
5054	6218	Muelen	van der	1.0	4.0	Jan Carel	0		Blijenburg		1672.0	0	1738.0	0			1	13.0	11.0
5055	6219	Bronckhorst	van	1.0	4.0	Adriaen	0				1650.0	0	1738.0	0			1	1.0	9.0
5056	6220	Soestdijck	van	1.0	7.0	Hendrick	0				1672.0	0	1743.0	0			1	30.0	3.0
5057	6221	Martens		1.0	4.0	Jakobus	0				1671.0	0	1729.0	0			1	31.0	3.0
5058	6222	Strick van Linschoten		1.0	7.0	Adriaan	0				1650.0	0	1724.0	0			1	20.0	11.0
5059	6223	Heycop		1.0	4.0	Johan	0				1653.0	0	1722.0	0			1	12.0	8.0
5060	6224	Huyssen	van	1.0	7.0	Johan	0					0	1716.0	0			1	23.0	11.0
5061	6226	Clant van Warfhuizen		1.0	7.0	Johan	1					0		0			1		
5062	6227	Verborcht		1.0	4.0	Cornelis	0				1645.0	0	1721.0	0			1	6.0	5.0
5063	6229	Ploos van Amstel		1.0	7.0	Berent Willem	0		Schonauwen		1648.0	0	1721.0	0			1	12.0	5.0
5064	6230	Nellesteyn	van	1.0	4.0	Johan	0				1668.0	0	1741.0	0			1	31.0	5.0
5065	6231	Voorst	van	1.0	7.0	Lucas	0				1670.0	0	1738.0	0			1	10.0	8.0
5066	6232	Voorst	van	1.0	4.0	Martinus	0				1690.0	0	1766.0	0			1	2.0	2.0
5067	6233	Cleeff	van	1.0	4.0	Cornelis	0				1681.0	0	1765.0	0			1	7.0	11.0
5068	6234	Becker		1.0	4.0	Albert	0				1688.0	0	1733.0	0			1	10.0	8.0
5069	6236	Voet van Winssen		1.0	4.0	Gijsbert	0					0	1742.0	0			1		
5070	6237	Velthuysen	van	1.0	4.0	Huybert	0				1657.0	0	1710.0	0			1	11.0	1.0
5071	6240	Ram		1.0	4.0	Philips	0				1652.0	0	1721.0	0			1	21.0	6.0
5072	6241	Capellen	van der	1.0	7.0	Steven Frederick	1	Jonkheer	Schalkwijk		1663.0	0	1707.0	0			1	25.0	5.0
5073	6242	Murray		1.0	7.0	Jacob	0					0	1703.0	0	Persoonsgegevens: geslachtsnaam ook Morraij/Morray.		1	7.0	10.0
5074	6243	Bosschaert		1.0	7.0	Ambrosius	0				1636.0	0	1697.0	0			1	19.0	3.0
5075	6244	Benthem	van	1.0	7.0	Albert	0				1618.0	0	1707.0	0	Persoonsgegevens: volgens Utrechts Archief, archief Staten van Utrecht 1581-1810, inv. nr. 246-1, f. 46 overleden op 4 augustus 1707, waar de andere bronnen 26 januari 1707 geven.		1	26.0	1.0
5076	6246	Hardenbroeck	van	1.0	7.0	Gijsbert Johan	1	Jonkheer	Hinderstein			0		0			1		
5077	6247	Godin		1.0	7.0	Johan Louis	0		Maarssenbroek		1639.0	0	1688.0	0			1	27.0	3.0
5078	6248	Manmaker	van	1.0	7.0	Jacob	0		Cattendijke			0	1683.0	0			1	12.0	10.0
5079	6249	Dinter	van	1.0	7.0	Jacob	0				1630.0	0	1692.0	0			1	18.0	10.0
5080	6250	Hoolck	van der	1.0	7.0	Gijsbert	0				1598.0	1	1680.0	0			1	25.0	9.0
5081	6252	Ewijck	van	1.0	7.0	Allard	0					0	1671.0	1			1		
5082	6253	Wijckersloot	van	1.0	4.0	Cornelis	0					0		0			1		
5083	6254	Ewijck	van	1.0	7.0	Roelof	0					0		0			1		
5084	6261	Leeuwen	van	1.0	4.0	Peter	0					0	1652.0	0			1	14.0	9.0
5085	6262	Ruysch		1.0	7.0	Frederick	1	Jonkheer			1601.0	1	1677.0	0	Vroedschap: uit de vroedschap wegens benoeming tot Hoofdofficier van Utrecht.		1	8.0	2.0
5086	6264	Goyer	de	1.0	7.0	Anthonis	0					0	1649.0	0			1	1.0	6.0
5087	6267	Heurnius		1.0	7.0	Johan	0					0		0			1		
5088	6268	Martens		1.0	7.0	Jakobus	0				1636.0	0	1693.0	0			1	29.0	10.0
5089	6269	Renesse tot Wilp	van	1.0	7.0	Johan	1	Jonkheer				0		0			1		
5090	6270	Pijll		1.0	7.0	Willem	0					0		0			1		
5091	6273	Schaeck	van	1.0	3.0	Henrick	0					0	1679.0	0			1	1.0	2.0
5092	6275	Abstede	van	1.0	7.0	Gerrit	0					0		0			1		
5093	6276	Overmeer	van	1.0	7.0	Johan	0					0		0			1		
5094	6277	Wijck		1.0	7.0		0					0		0	Persoonsgegevens: voornaam niet bekend.		1		
5095	6278	Roest		1.0	7.0	Willem	0					0		0			1		
5096	6279	Ploos van Amstel		1.0	7.0	Nicolaes	0					0		0			1		
5097	6280	Thiens		1.0	4.0	Ludovyck	0					0	1673.0	0			1	21.0	10.0
5098	6282	Wijborch		1.0	7.0	Wilhelm	0					0		0			1		
5099	6284	Ploos van Amstel		1.0	4.0	George	0					0		0	Persoonsgegevens: vertrok in 1682 naar Utrecht.		1		
5100	6286	Solms	graaf van	4.0	7.0	Johan Albert	0				1599.0	0	1648.0	0	Persoonsgegevens: de Lijste van de heeren geëligeerden geeft overlijden 27 september.		1	6.0	10.0
5101	6291	Pels		1.0	7.0	Thomas	0					0		0			1		
5102	6293	Nuyssenburg	van	1.0	7.0	Aelbrecht	0					0		0			1		
5103	6295	Beijer	de	1.0	7.0	Johan	0					0		0			1		
5104	6297	Schrassert		1.0	7.0	Jacob	0					0		0			1		
5105	6298	Heteren	van	1.0	3.0	Leonard	0					0		0	Overig: secretaris van Harderwijk (1704).		1		
5106	6301	Roock	de	1.0	7.0	Peter	0				1676.0	1	1731.0	0			1		7.0
5107	6302	Welderen	van		7.0	Johan	1	Jonkheer	Valburg		1660.0	0	1724.0	0			1	24.0	7.0
5108	6304	Lintelo	van	1.0	7.0	Christiaan Carel	1		Ehze	Walfort		0	1736.0	0			1	12.0	12.0
5109	6305	Huygens		1.0	7.0	Adam	0					0		0	In 1703 door koop eigenaar van klein Vrijenberg.		1		
5110	6306	Volmer		1.0	3.0	Diderik	0					0		0			1		
5111	6312	Bengevoort	ten	1.0	7.0	Rutger	0					0		0			1		
5112	6314	Heukelom	van	1.0	7.0	Willem	0					0		0			1		
5113	6318	Singendonck		1.0	7.0	Matthias Lambertus	0		Dieden		1678.0	0	1742.0	0			1	9.0	2.0
5114	6321	Schrassert		1.0	4.0	Johan	0				1687.0	0	1756.0	0			1	1.0	2.0
5115	6323	Lith	van	1.0	7.0	Johan	0					0		0			1		
5116	6324	Delen tot Middeldorp	van	1.0	3.0	Jacob Johan	1		Middeldorp	Amelisweerd		0	1742.0	0	"Heerlijkheden/adellijke huizen: verwerving Oud-Amelisweerd 1726.
Ridderschap: mag niet meer op vergaderingen verschijnen 1741."		1	15.0	10.0
5117	6325	Wijnbergen	van	1.0	3.0	Johan	1		Glinthorst	Clarenbeek	1678.0	0	1737.0	0	Ridderschap: geadmitteerd 'ad audiendum' vanaf 1700.		1	22.0	6.0
5118	6327	Westervelt	van	1.0	7.0	Anthonij	0					0		0			1		
5119	6330	Renssen	van	1.0	3.0	Johan	0					0		0			1		
5120	6331	Haesebroeck		1.0	7.0	Gerhard	0					0		0			1		
5121	6333	Schuijlenburgh	van	1.0	7.0	Reijnier	0					0		0			1		
5122	6335	Borselen	van	1.0	7.0	Willem Hendrik	0					0		0			1		
5123	6337	Schaelen		1.0	7.0	Johan	0					0		0	Zie nrs. 4600 en 4608.		1		
5124	6338	Altena	van	1.0	3.0	Gerhard	0				1686.0	0	1751.0	0			1	1.0	1.0
5125	6680	Lynden van Lunenburg	van	1.0	7.0	Balthasar Constantijn	1		Lunenburg		1731.0	0	1822.0	0			1		
5126	7766	Bartwijns		1.0	7.0	Barent	0					0		0			1		
5127	7767	Hoven	van	1.0	7.0	François	0					0		0			1		
5128	7773	Reynst		1.0	7.0	Gerrit	0					0	1615.0	0			1	7.0	12.0
5129	7774	Jonckheyn		1.0	7.0	Elbert Simonsz.	0				1564.0	0	1618.0	0	Peroonsgegevens: François Valentyn, Oud en nieuw Oostindiën I (Dordrecht/Amsterdam 1724) 301 geeft voornamen Albert Jansz.		1	20.0	2.0
5130	7775	Grootenhuys	ten	1.0	7.0	Arent	0		den Bosch		1570.0	0	1615.0	0	Persoonsgegevens: begraven 9 februari 1615.		1		2.0
5131	7776	Reepmaker		1.0	7.0	Jacob	0				1562.0	0	1641.0	0			1		
5132	7779	Buyk		1.0	7.0	Henrik	0					0		0			1		
5133	7780	Helmer		1.0	7.0	Elbert Lucasz.	0					0		0			1		
5134	7782	Sem		1.0	7.0	Syvert Pietersz.	0				1560.0	0	1632.0	0	Persoonsgegevens: begraven 11 september 1632.		1		9.0
5135	7783	Dircksz.		1.0	7.0	Geurt	0					0		0	Persoonsgegevens: mogelijk de Geurt Dircksz. 'in 't Dootshoofd' in J.E. Elias,  De vroedschap van Amsterdam, 1578-1795 deel 2( Haarlem 1905) 598.		1		
5136	7787	Brouwer		1.0	7.0	Hendrik	0					0		0			1		
5137	7788	Schilder	de	1.0	7.0	Pieter	0					0		0			1		
5138	7790	Heynk		1.0	7.0	Dirk	0					0	1624.0	0			1	22.0	10.0
5139	7791	Vlack		1.0	7.0	Dirck Cornelisz.	0					0	1624.0	0			1	31.0	10.0
5140	7796	Boreel		3.0	3.0	Willem	0		Vreendijk en Vreenhove	Duynbeek, Westhoven, Steelant, Perenboom	1591.0	0	1668.0	0	Buitenlandse adelstitels: ridder (door Jacobus I van Engeland 1619) ridder-baronet (door Karel I van Engeland 21 maart 1644).		1	29.0	9.0
5141	7797	Munter		1.0	7.0	Joan	0				1611.0	0	1685.0	0			1	9.0	3.0
5142	7798	Pancras		1.0	7.0	Gerbrand Claesz.	0				1591.0	0	1649.0	0			1	1.0	11.0
5143	7799	Gouche	le	1.0	7.0	Jean	0				1588.0	0	1669.0	0			1	18.0	11.0
5144	7800	Cruysvelt	van	1.0	7.0	Joost Jansz.	0					0	1657.0	0			1	6.0	12.0
5145	7801	Backer		1.0	7.0	Joris Jorisz.	0				1607.0	0	1666.0	0			1	24.0	10.0
5146	7803	Casteleyn		1.0	7.0	Antoni	0					0	1664.0	0			1	27.0	4.0
5147	7805	Duyvens		1.0	7.0	Cornelis	0					0		0			1		
5148	7806	Loo	van	1.0	4.0	Cornelis	0				1609.0	0	1673.0	0			1	7.0	2.0
5149	7807	Scholten		1.0	7.0	Hendrik	0				1617.0	0	1679.0	0			1	3.0	9.0
5150	7808	Sylvius		1.0	7.0	Cornelis	0					0		0			1		
5151	7812	Rodenburgh		1.0	7.0	Jan	0				1641.0	0	1690.0	0			1	2.0	9.0
5152	7813	Roch		1.0	4.0	Cornelis	0				1630.0	0	1681.0	0			1	26.0	12.0
5153	6342	Torck		3.0	7.0	Frederik Willem	1					0	1761.0	0			1	5.0	11.0
5154	6343	Nagell	van	1.0	7.0	Hendrik Jacob	1		Marhulsen	Ampsen en Overlaer	1695.0	0	1742.0	0			1	10.0	3.0
5155	6346	Wijhe		1.0	7.0	Christiaan Reinard	1		Hul	IJzendoorn, Echteld, Laar, den Blankenburg en de Pol te Dreumel, Alden Avezaath	1675.0	0	1749.0	0	Heerlijkheden/adellijke huizen: verwerving Echteld 1732, IJzendoorn 1718, den Blankenburg 1732, Alden Avezaath 1744.		1	11.0	1.0
5156	6347	Delen tot Lent	van	3.0	7.0	Stephen	1		Lent			0	1762.0	0			1		
5157	6350	Randwijck	van	1.0	7.0	Otto Derk	1		de Pol	de Beringen	1702.0	0	1755.0	0	Heerlijkheden/adellijke huizen: verwerving Pol en de Beringen 1739.		1	25.0	9.0
5158	6352	Potgieter		1.0	7.0	Nicolaas	0					0	1739.0	0			1		
5159	6353	Westenberg		1.0	7.0	Johan Oortwijn	0					0		0			1		
5160	6357	Curtius		1.0	7.0	Albertus	0					0		0			1		
5161	6362	Randwijck	van	4.0	7.0	Steven	1		Homoet	Gameren	1698.0	0	1769.0	0	Buitenlandse adelstitels: Graaf des Heiligen Roomse Rijk 20 september 1730.		1	18.0	6.0
5162	6363	Eck tot Nergena	van	3.0	7.0	Johan Carel	1				1697.0	0	1760.0	1			1		9.0
5163	6367	Heeckeren	van	3.0	4.0	Assuerus	1		Ruurlo		1699.0	0	1767.0	0	Persoonsgegevens: d'Ablaing geeft overlijden 3 oktober 1767.		1	13.0	10.0
5164	6368	Dutry van Haeften		1.0	4.0	Cornelis	0					0	1768.0	1			1		
5165	6369	Ruiven	van	1.0	7.0	Derk	0					0		0			1		
5166	6370	Olmius		1.0	7.0	Jan Louis Tiemen	0					0		0			1		
5167	6371	Verstegen		1.0	7.0	Barthold	0					0		0			1		
5168	6373	Minningen	van	1.0	7.0	Mattheus Hubertus	0					0		0			1		
5169	6374	Cocx		1.0	7.0	Johan	0					0		0			1		
5170	6375	Renesse	van	1.0	7.0	Derk	1					0		0			1		
5171	6376	Ruijven	van	1.0	3.0	Derk	0					0		0			1		
5172	6377	Pronck		1.0	3.0	Arnold	0					0		0			1		
5173	6380	Eck tot Teisterbant	van	1.0	7.0	Diederik Gerhard	1				1710.0	0	1741.0	0			1	22.0	3.0
5174	6388	Schimmelpenninck van der Oije		1.0	7.0	Jacob	1		Cloese		1709.0	0	1743.0	0			1	9.0	6.0
5175	6389	Roock	de	1.0	7.0	Adriaan	0					0		0			1		
5176	6391	Smith		1.0	7.0	Bernhard	0					0	1736.0	0			1		
5177	6393	Meester	de	1.0	4.0	Nicolaas Willem	0					0		0			1		
5178	6395	Lawick	van	1.0	7.0	Ernst	1		Hoekelum	Lakenburg, Mispeler		0	1749.0	0	Heerlijkheden/adellijke huizen: verwerving met Hoekelum 1746.		1		
5179	6397	Eck	van	1.0	4.0	Johan Theodorus	0					0	1765.0	1			1		
5180	6398	Dedem	van	1.0	7.0	Willem Jan	1		Hoevelaken	Maurik	1655.0	0	1738.0	0	Heerlijkheden/adellijke huizen: verwerving Hoevelaken door koop 1732.		1	3.0	12.0
5181	6399	Bartens		1.0	4.0	Hendrik Jan	0					0	1781.0	0			1	10.0	6.0
5182	6402	Eck tot Overbeek	van	1.0	7.0	Samuel	1				1691.0	0	1760.0	0			1	20.0	1.0
5183	6403	Schull		1.0	7.0	Peter	0				1693.0	0	1746.0	0	Persoonsgegevens: beluid 5 juli 1746.		1		
5184	6404	Vles		1.0	7.0	Willem	0					0		0			1		
5185	6407	Brande	van den	1.0	7.0	Pieter Adriaan	0					0		0			1		
5186	6408	Haeften	van	1.0	7.0	Walraad	1		Ophemert	Zennewijnen, Delwijnen	1683.0	0	1746.0	0	"Persoonsgegevens: voornaam ook Walraven.
Heerlijkheden/adellijke huizen: verwerving Ophemert 1733, Zennewijnen en Delwijnen 1725."		1	30.0	9.0
5187	6409	Vos		1.0	7.0	Jacob	0					0		0			1		
5188	6410	Swaan		1.0	4.0	Johan	0		Poederoijen			0		0	Heerlijkheden/adellijke huizen: verwerving Poederoijen 24 maart 1747.		1		
5189	6412	Wecke		1.0	7.0	Hendrik Pieter Godfried	0					0		0			1		
5190	6413	Lynden	van der	1.0	7.0	Matthias	0					0		0			1		
5191	6415	Eijs	van	1.0	7.0	Isacq	0					0		0			1		
5192	6416	Schuijlenburgh	van	1.0	7.0	Jan	0					0		0			1		
5193	6419	Roukens		1.0	7.0	Johan Michiel	0					0		0			1		
5194	6421	Rappard		1.0	4.0	Coenraad	0				1719.0	0	1779.0	0			1	10.0	11.0
5195	6467	Tulleken		1.0	4.0	Gijsbert	0				1720.0	0	1782.0	0	Persoonsgegevens: Gijsbert Tulleken junior, ter onderscheding met senior (1714-1789).		1	8.0	12.0
5196	7815	Stirum	van	1.0	7.0	Gerard	0					0	1691.0	0			1		5.0
5197	7816	Velde	van de	1.0	7.0	Nicolaas	0				1641.0	0	1702.0	0			1	4.0	8.0
5198	7820	Asperen	van	1.0	7.0	Abraham	0					0		0			1		
5199	7821	Hogeveen	van	1.0	4.0	Gerard	0				1658.0	0	1719.0	0			1	13.0	8.0
5200	7822	Raat	de	1.0	4.0	Arent	0					0	1730.0	0			1	4.0	1.0
5201	7824	Coymans		1.0	7.0	Isaäc	0					0	1714.0	0			1	10.0	2.0
5202	7826	Trip		1.0	7.0	Hendrik	0				1685.0	0	1737.0	0			1	10.0	6.0
5203	7827	Hop		1.0	7.0	Henrick	0				1661.0	0	1718.0	0			1	3.0	7.0
5204	7828	Boddens		1.0	7.0	Eduard	0				1668.0	0	1716.0	0			1	4.0	5.0
5205	7829	Hees		1.0	4.0	Andries	0				1662.0	0	1720.0	0			1	11.0	6.0
5206	7832	Torck		1.0	7.0	Bernard	1		Aalst			0		0			1		
5207	7833	Broeckhuysen tot Lathmer	van	1.0	7.0	Willem Herman	1					0	1680.0	0			1	14.0	11.0
5208	7834	Coeverden		1.0	7.0	Borchard Gooswijn Heydenrijk	1		Rijsselt			0	1710.0	0			1	10.0	11.0
5209	7835	Lennep	van	1.0	7.0	Christiaan	1					0	1713.0	0			1		
5210	7837	Buchel	van	1.0	7.0	Aart	0					0		0			1		
5211	7838	Wel	van der	1.0	7.0	Johan	0					0		0			1		
5212	7839	Deuverden	van	1.0	7.0	Dirk	0					0		0			1		
5213	7842	Schaghen		1.0	7.0	Nicolaas	0					0		0	Persoonsgegevens: mogelijk de Mr. Nicolaas Schaghen in De Nederlandsche Leeuw 21 (1903) 182, 1644-29 juli 1692.		1		
5214	7844	Paeuw	de	1.0	7.0	Quirijn	0					0		0			1		
5215	7847	Abbema		1.0	7.0	Johan Frederik	0					0		0			1		
5216	7848	Schade		1.0	7.0	Willem	0				1655.0	0	1719.0	0			1	12.0	12.0
5217	7849	Hoeuft		1.0	7.0	Diederik	1	Jonkheer	Fontaine-Peureuse	Reygersfort	1648.0	0	1719.0	0			1	2.0	11.0
5218	7850	Hatert	van den	1.0	7.0	Leonard Siwert	0					0		0			1		
5219	7851	Witt		1.0	7.0	Thomas	0					0	1645.0	0			1	18.0	1.0
5220	7852	Broucke	van den	1.0	7.0	Mattheus Mattheusz.	0					0	1685.0	0			1	21.0	1.0
5221	7854	Dussen	van der	1.0	7.0	Cornelis	0					0	1754.0	0			1	25.0	4.0
5222	7855	Witte	de	1.0	7.0	Willem Pieter	0					0		0			1		
5223	7858	Waert	de	1.0	7.0	Jacob Pietersz.	0					0		0			1		
5224	7859	Bommenee		1.0	7.0	Adriaen	0					0		0			1		
5225	7860	Bacx		1.0	7.0	Laurens	0					0		0	Persoonsgegevens: geslachtsnaam ook als 'Baar'.		1		
5226	7861	Becker		1.0	7.0	Everhard	0				1552.0	0	1625.0	0			1		
5227	7862	Clerq	le	1.0	7.0	Aernout	0					0		0			1		
5228	6422	Leeuws van Coolwijk	de	1.0	7.0	Johannes	0					0		0			1		
5229	6423	Schull		1.0	7.0	Matthias Lambertus	0				1725.0	0	1793.0	0			1	5.0	12.0
5230	6427	Schimmelpenninck van der Oije		1.0	7.0	Gerrit Jurrien	1				1669.0	0	1753.0	0			1	15.0	6.0
5231	6433	Verschoor		1.0	4.0	Pieter	0					0		0			1		
5232	6434	Sandberg		1.0	7.0	Johan Gijsbert	0					0		0			1		
5233	6437	Verheul		1.0	4.0	Quirijn Maurits	0				1718.0	0	1788.0	0			1	22.0	5.0
5234	6438	Wentholt		1.0	4.0	Peter	0				1722.0	0	1809.0	0			1		
5235	6439	Nagell	van	3.0	7.0	Jan Herman Sigismund	1		beide Ampsen	Hoogheid Wisch	1730.0	0	1784.0	0			1		10.0
5236	6440	Reede tot Parkeler	van	1.0	7.0	Frederik Godert	1				1720.0	0	1807.0	0			1		
5237	6445	Vonck		1.0	4.0	Cornelis Walraven	0					0		0			1		
5238	6448	Bruijn	de	1.0	4.0	Franco	0					0		0			1		
5239	6451	Delen tot Schonenburg		1.0	4.0	Isaak Steven	1		Schonenburg		1732.0	0	1771.0	0	Heerlijkheden/adellijke huizen: verwerving Schonenburg 1744. Vermoordt zijn schoonvader in 1761 (Dirk Louis van Brakell tot den Brakel), vlucht en wordt veroordeeld geradbraakt te worden, wordt stropende te Deutz gedood.		1	3.0	9.0
5240	6453	Daenen		1.0	7.0	Adriaan	0					0		0			1		
5241	6454	Josselet		1.0	7.0	Jan	0					0		0			1		
5242	6455	Delen tot Druten	van	1.0	7.0	Steven	1		Medel bij Tiel			0	1771.0	0			1	29.0	11.0
5243	6456	Leeuwen	van	1.0	7.0	Jan	0					0		0			1		
5244	6457	Pieck		1.0	7.0	Anne Frans Willem	1		Brakel en Rodinchem	Aldenhage, Zoelen en Enspijk	1736.0	0	1775.0	0	"Persoonsgegevens: verongelukt op reis naar Indië.
Ridderschap: op eigen verzoek ontslagen 1767 (met behoud van rang bij terugkeer).  
Heerlijkheden/adellijke huizen: dagelijks heer van Brakel en Rocinchem 1767 (verkoop zelfde jaar), Brakel en Aldenhage 1762 (draagt Enspijk over 1764), Brakel 1768, Zoelen en Aldenhage 1770, met deze beide goederen weer beleend (1773), draagt ze weer over 1775."		1		
5245	6458	Verseijl		1.0	7.0	Jacob	0					0		0			1		
5246	6459	Bijlandt	van den	4.0	7.0	Sigismund Koenraad Roeleman	1		Lede	Oudeweerd	1729.0	0	1770.0	0			1		
5247	7247	Kreeft		1.0	7.0	Anthonis	0					0		0			1		
5248	6299	Tulleken		1.0	7.0	Oswald	0				1672.0	0	1757.0	0			1	16.0	8.0
5249	7863	Verhoeven		1.0	7.0	Aernout	0					0		0			1		
5250	7864	Schoonhoven	van	1.0	7.0	Geeraert	0					0		0	Persoonsgegevens: mogelijk de Gerard van Schoonhoven in J.E. Elias, De vroedschap van Amsterdam, 1578-1795 (2 dln., Haarlem 1903-1905) I, 477.		1		
5251	7865	Pietersz.		1.0	7.0	Nicolaes	0					0		0			1		
5252	7866	Vlierden	van	1.0	7.0	Balthasar	0					0		0			1		
5253	7868	Meeussins		1.0	7.0	Jan	0					0		0			1		
5254	7869	Somer		1.0	7.0	Cornelis	0					0		0			1		
5255	7870	Schotte		1.0	7.0	Jacob	0				1586.0	0	1641.0	0			1	22.0	4.0
5256	7871	Clerq	de	1.0	7.0	Johan	0					0		0			1		
5257	7873	Meyer	de	1.0	7.0	Cornelis	0					0		0			1		
5258	7874	Gracht	van der	1.0	7.0	Albrecht	0					0		0			1		
5259	7875	Hase	de	1.0	7.0	Hans	0					0		0			1		
5260	7876	Biscop		1.0	7.0	Pieter	0					0		0			1		
5261	7877	Groot	de	1.0	7.0	Claude	0					0		0			1		
5262	7878	Cau		1.0	7.0	Bonifacius	0					0		0			1		
5263	7882	Boddaert		1.0	7.0	Pieter	0				1620.0	0	1670.0	0			1	28.0	6.0
5264	7883	Beke	van der	1.0	7.0	François	0					0	1670.0	0			1		
5265	7892	Conink		1.0	7.0	Thomas Alexander	0					0	1737.0	0			1		
5266	7896	Alegambe		5.0	7.0	Louis	0		Hamel	Bassenghien		0		0			1		
5267	7897	Chambge	du	1.0	7.0	Erasme	0					0		0			1		
5268	7899	Hutin		1.0	7.0	Marcel	0					0		0			1		
5269	7900	Chaussée	de la	5.0	7.0	Matthias	0		Montsoret	Beaufort en Rumes		0		0			1		
5270	7901	Liebart		1.0	7.0	Bartholomeus	0					0		0			1		
5271	7902	Bruhesem	van	1.0	7.0	Engelbert	0					0		0	Persoonsgegevens: thesaurier van de dom te Utrecht.		1		
5272	7903	Abcoude van Meerten	van	1.0	7.0	Hendrik	0		Essestein			0		0			1		
5273	7904	Taets van Amerongen		1.0	7.0	Jan	0					0		0			1		
5274	7906	Claerhout	de	1.0	7.0	Josse	0		Hamme			0		0			1		
5275	7907	Doccum		1.0	7.0	Herman	0					0		0	Persoonsgegevens: abt van Felwert, alias Oldenclooster bij Appingadam.		1		
5276	6503	Brouwer		1.0	7.0	Simon Pieter	0					0		0			1		
5277	6504	Quaet tot Wickraet	van	1.0	7.0	Willem Otto Frederik	0					0		0			1		
5278	6508	Wolf	de	1.0	7.0	Reijnder Christoffel Willem	0					0		0			1		
5279	6510	Raad		1.0	7.0	Hendrik Jan	0					0		0			1		
5280	6512	Cox		1.0	4.0	Laurens	0					0		0			1		
5281	6514	Eck	van	1.0	7.0	Joachim	0					0		0			1		
5282	6516	Julien		1.0	4.0	Hendrik Anthonij	0					0		0			1		
5283	6518	Janssen		1.0	7.0	Johannes	0					0		0			1		
5284	6519	Broeckhuysen	van	1.0	7.0	Wilt Hendrck	1				1723.0	1	1798.0	0	Persoonsgegevens: bij overlijden 75 jaar.		1	15.0	2.0
5285	6520	Brouwer		1.0	4.0	Samuel Quintin	0					0		0			1		
5286	6521	Vries	de	1.0	7.0	Jan Bavius	0					0		0			1		
5287	6522	Capellen	van der	1.0	7.0	Robbert Jasper	1		Marsch	Lathmer	1743.0	0		0	Persoonsgegevens: als patriot wegens landverraad ingedaagd, en daarom voorlopig 30 april 1788 niet meer verschreven in de Ridderschap. Veroordeeld om onthoofd te worden 1788, dit vonnis vernietigd 1795. Leeft 1807 te Haarlem.		1		
5288	6523	Bijlandt	van	4.0	7.0	Otto Willem Hendrik	1		Ooij	Persingen en Mariënsweerd	1750.0	0	1818.0	0			1	2.0	6.0
5289	6525	Nanning	van der	1.0	4.0	Johan	0					0		0			1		
5290	6527	Wilbrenninck		1.0	7.0	Bernhard Lubbert	0					0		0			1		
5291	6529	Scheltinga		1.0	4.0	Eco	0					0		0			1		
5292	6531	Lynden-Park	van	1.0	7.0	Jacob Karel Godfried	1				1741.0	0	1806.0	0			1	23.0	10.0
5293	6533	Solner		1.0	4.0	Jan Laurens	0				1714.0	0	1789.0	0			1		
5294	6534	Nuijen		1.0	7.0	Anthonij	0					0		0			1		
5295	6537	Goltstein		1.0	4.0	Evert Jan Benjamin	1		Grunsfoort en Appel		1665.0	0	1744.0	0			1	18.0	3.0
5296	6538	Gieginck		1.0	7.0	Johan	0					0		0			1		
5297	6542	Hell tot Holthuys	van der	1.0	7.0	Casijn	1		Holthuis		1557.0	0	1601.0	0			1	6.0	6.0
5298	6543	Giessen	van	1.0	7.0	Joost	1					0	1620.0	1	Ridderschap: jaren van verschijning.		1		
5299	6544	Reidt	van	1.0	7.0	Everhard	0					0		0			1		
5300	6545	Burch	van den	1.0	4.0	Engelbertus	0					0		0			1		
5301	6547	Kelffken		1.0	7.0	Johan	0				1530.0	1	1611.0	1			1		
5302	6548	Reidt	van	1.0	7.0	Joost	0					0	1626.0	0			1	9.0	10.0
5303	6550	Dorth	van	1.0	7.0	Seyno	1		Dorth		1536.0	0	1605.0	0			1	14.0	4.0
5304	6552	Biesman		1.0	7.0	Christoffel	0					0		0			1		
5305	6554	Goltstein	van	1.0	7.0	Johan	1				1560.0	0	1623.0	0			1		7.0
5306	6555	Huygens		1.0	7.0	Willem	0		Schoonderlocht	Opvoorst		0	1616.0	0			1	18.0	8.0
5307	6556	Bye	de	1.0	7.0	Johan	0					0	1625.0	0			1		
5308	6558	Bentinck tot Aller		1.0	7.0	Carel Alexander	1					0	1645.0	0			1	26.0	11.0
5309	6561	Meurs	van	1.0	7.0	Tieleman	0					0	1624.0	1			1		
5310	6566	Voet		1.0	4.0	Jacob	0					0	1639.0	0			1		
5311	6568	Lennep	van	1.0	7.0	Gerard	0					0	1625.0	0			1	30.0	8.0
5312	6569	Voocht	de	1.0	3.0	Nicolaes	0					0	1624.0	1			1		6.0
5313	6571	Horst	van der	1.0	7.0	Anthony	0					0		0			1		
5314	6574	Glimmer		1.0	7.0	Arent	0		Waaienstein		1600.0	0	1652.0	0			1	25.0	9.0
5315	6577	Boshoff		1.0	7.0	Hendrik	1		Suideras			0		0	"Persoonsgegevens: geslachtsnaam ook Busschof. Overleden in of voor 1637.
Ridderschap: jaren van verschijning."		1		
5316	6578	Moeurs	van	1.0	7.0	Henrick	0					0		0			1		
5317	6579	Riemsdijck	van	1.0	7.0	Adriaan	0					0	1640.0	0			1	27.0	11.0
5318	6580	Halewijn	van	1.0	3.0	Diederik	0					0		0			1		
5319	6587	Kelffken		1.0	7.0	Arnold	0				1575.0	0	1639.0	0			1		
5320	6589	Oyen	van	1.0	3.0	Hendrik	0					0	1654.0	0	Persoonsgegevens: geslachtsnaam ook wel Oeij. Overleden omstreeks januari of februari 1654.		1		
5321	6591	Wolters		1.0	7.0	Wolter	0					0	1653.0	0			1		
5322	6593	Both		1.0	7.0	Henrick	0					0		0	Persoonsgegevens: Hormann vermeldt drie personen met deze naam die ongeveer gelijktijdig functies hebben bekleed in het Amersfoortse stadsbestuur.		1		
5323	6594	Loten		1.0	4.0	Johan	0					0	1724.0	1	Persoonsgegevens: overleden voor 27 oktober 1724.		1		10.0
5324	6595	Teekman		1.0	4.0	Willem	0					0		0	Persoonsgegevens: geslachtsnaam ook Teckman.		1		
5325	6596	Laen	van	1.0	7.0	Allard	0					0		0			1		
5326	6598	Benier		1.0	7.0	Peter	0					0	1705.0	0	Persoonsgegevens: geslachtsnaam ook als Bernier. begraven 28 februari 1705.		1		2.0
5327	6599	Deurn	van	1.0	7.0	Marcus	0					0	1709.0	0			1	28.0	11.0
5328	6600	Both		1.0	7.0	Henrik	0					0	1722.0	0			1	29.0	3.0
5329	6603	Waal	de	1.0	7.0	Johann	0					0		0	Persoonsgegevens: geslachtsnaam ook als De Vael.		1		
5330	6604	Thiens		1.0	4.0	Gerard	0					0	1705.0	0			1	31.0	12.0
5331	6605	Gruijter	de	1.0	7.0	Gijsbert	0					0	1719.0	0			1		
5332	6606	Hoeven	van	1.0	7.0	Peter	0					0		0			1		
5333	6607	Camerbeeck		1.0	7.0	Rogier	0					0	1734.0	0			1	6.0	2.0
5334	6608	Valckenburgh		1.0	7.0	Jacob	0					0		0			1		
5335	6609	Deventer	van	1.0	7.0	Johan	0					0		0			1		
5336	6610	Dolder	van	1.0	7.0	Adriaen	0					0		0			1		
5337	6611	Oudenrogge		1.0	7.0	Cornelis	0					0		0			1		
5338	6612	Wijckersloot	van	1.0	7.0	Henrick	0				1683.0	0	1711.0	1	Persoonsgegevens: overlijdensjaar is ofwel 1711 ofwel 1715, volgens Heuff.		1		
5339	6613	Vosch van Roelingsweert		1.0	7.0	Balthazar Anthoni	0					0	1712.0	0			1	25.0	11.0
5340	6615	Foreest	van	1.0	7.0	Albertus	1				1678.0	1	1721.0	0	Persoonsgegevens: geboortejaar 1677 of 1678' overleed op 43 jarige leeftijd.		1		
5341	6616	Vernatti		1.0	7.0	Philibert	0					0	1716.0	0	Persoonsgegevens: begraven 15 juni 1716.		1		6.0
5342	6617	Steenbergh	van	1.0	4.0	Willem	0					0	1731.0	0			1	17.0	2.0
5343	6618	Wijck	van	1.0	7.0	Dirck	0				1653.0	0		0			1		
5344	6619	Rochair		1.0	7.0	Dirck	0				1638.0	0		0	Persoonsgegevens: geslachtsnaam ook als Roghair.		1		
5345	6620	Bitter	de	1.0	4.0	Johan	0					0	1714.0	0	Persoonsgegevens: begraven 17 maart 1714.		1		3.0
5346	6621	Velde	van den	1.0	7.0	Bartholomeus	0					0	1722.0	0			1	13.0	1.0
5347	6622	Sandick	van	1.0	7.0	Johan	0				1680.0	0	1718.0	0			1	20.0	8.0
5348	6623	Zwoll	van	1.0	7.0	Gerard	0					0		0			1		
5349	6624	Goudoever	van	1.0	7.0	Antoni	0				1665.0	0	1739.0	0			1	4.0	3.0
5350	6625	Luls		1.0	4.0	Mattheus	0					0		0			1		
5351	6626	Sandick	van	1.0	7.0	Cornelis	0				1655.0	0	1740.0	0			1	23.0	6.0
5352	6627	Senden	van	1.0	4.0	Abraham	0					0		0			1		
5353	6628	Loogen		1.0	4.0	Dirck	0				1684.0	0	1767.0	0			1	14.0	6.0
5354	6629	Middelcoop	van	1.0	7.0	Hendrick Gillesz.	0					0		0			1		
5355	6630	Foreest		1.0	7.0	Nicolaas	1				1697.0	1	1733.0	0	Persoonsgegevens: Nicolaas Foreest stierf op 35 jarige leeftijd, dus hij was ofwel in 1697 of 1698 geboren.		1	24.0	1.0
5356	6631	Ommeren	van	1.0	7.0	Dirck	0					0		0			1		
5357	6633	Montauban		1.0	7.0	Johan	0					0	1743.0	0			1	18.0	10.0
5358	6634	Geijn	van	1.0	7.0	Willem	0					0	1768.0	0			1	19.0	5.0
5359	6635	Methorst		1.0	7.0	Nicolaas	0					0	1748.0	0			1	23.0	7.0
5360	6636	Nijckerk	van	1.0	7.0	Johan	0					0		0			1		
5361	6637	Pauw		1.0	7.0	Gerard	0					0		0			1		
5362	6638	Feith		1.0	4.0	Arnold Hendrik	0					0		0			1		
5363	6639	Rietveld	van	1.0	7.0	Jacobus	0					0		0			1		
5364	6640	Daunis		1.0	4.0	Pieter Egidius Gerbrand	0					0		0			1		
5365	6642	Gillis		1.0	7.0	Hendrik	0					0		0	Persoonsgegevens: voornaam onzeker.		1		
5366	6643	Wijborgh		1.0	7.0	Dirk Cornelis	0					0		0			1		
5367	6644	Smissaert		1.0	7.0	Henrik	0				1708.0	0		0			1		
5368	6645	Fouchier	de	1.0	7.0	Bartram Willem	0					0		0			1		
5369	6646	Bouwensch		1.0	7.0	Willem Adriaan	0				1712.0	0		0			1		
5370	6648	Bruijn		1.0	7.0	Ysbrand	0					0		0	Persoonsgegevens: benoemingen in Gedeputeerde Staten van Utrecht 1751 en 1764 geven alleen '(den) Bruijn'. Aangenomen dat het hier om Ysbrand gaat, zoals aangeduid bij de benoeming in 1770.		1		
5371	6649	Wieringen	van	1.0	7.0	Jan	0					0		0			1		
5372	6651	Meningen	van	1.0	7.0	Johan	0					0		0			1		
5373	6652	Dam	van	1.0	7.0	Hendrik	0					0		0			1		
5374	6653	Goudoever	van	1.0	7.0	Erasmus	0				1684.0	0	1761.0	0	Persoonsgegevens: begraven 8 augustus 1761.		1		
5375	6654	Ruever	de	1.0	7.0	Hendrick	0				1715.0	0	1761.0	0			1		
5376	6655	Dussen	van der	1.0	4.0	François Ewout	0					0		0			1		
5377	6656	Plucker		1.0	7.0	Theodorus Jan Casper	0					0		0			1		
5378	6657	Deventer	van	1.0	7.0	Jan Adriaan	0					0		0			1		
5379	6658	Verhel		1.0	7.0	Willem	0					0		0			1		
5380	6659	Brinkenstein	van	1.0	7.0	Anthony	0					0		0			1		
5381	6660	Kluppel		1.0	7.0	Herman	0					0		0			1		
5382	6661	Coevorden	van	1.0	4.0	Carel	0					0		0			1		
5383	6662	Ossenberg	van	1.0	7.0	Nicolaas	0					0		0			1		
5384	6663	Frijkenuis		1.0	7.0	Lambrecht Bernardus	0					0		0			1		
5385	6664	Both		1.0	7.0	Cornelis	0					0	1612.0	0			1		
5386	6666	IJssem	van	1.0	7.0	Gijsbert	0					0		0			1		
5387	6668	Bruijn		1.0	7.0	Gerbrand	0					0		0			1		
5388	6677	Jonkheer	de	1.0	7.0	Arnoud	0					0		0			1		
5389	6678	Harscamp	van	1.0	7.0	Borgem	0					0		0			1		
5390	6681	Cockengen	van	1.0	7.0		0					0		0			1		
5391	6684	Beverwaerd	van	1.0	7.0		0					0		0			1		
5392	6687	Lamzweerde	van	1.0	4.0	Jan Georg	0					0		0			1		
5393	7273	Vles		1.0	7.0	Joan	0					0	1714.0	0			1		
5394	7277	Schimmelpenninck van der Oije		1.0	7.0	D.	1					0		0			1		
5395	7282	Haesebroeck		1.0	4.0	Gerhard	0				1717.0	0	1772.0	0			1	27.0	10.0
5396	7284	Verheul		1.0	7.0	Everhard	0					0		0			1		
5397	7287	Beumer		1.0	7.0	Arnold	0					0		0			1		
5398	7290	Schomaker		1.0	7.0	Wolter	0					0		0			1		
5399	7291	Gesselaar	van	1.0	7.0	Joost	0					0		0			1		
5400	7292	Abbink		1.0	4.0	Bernard Engelbert	0					0		0			1		
5401	7293	Francken		1.0	7.0	Abraham	0					0		0			1		
5402	7294	Diest	van	1.0	7.0	Hendrik	0					0		0			1		
5403	7300	Buecker		1.0	7.0	Willem	0					0		0			1		
5404	7302	Tignagel		1.0	7.0	Anthonis	0					0		0			1		
5405	7303	Hell	van der	1.0	7.0	Hendrik	1				1588.0	0	1618.0	0			1		12.0
5406	7305	Duisburch		1.0	7.0	Reinier	0					0		0			1		
5407	7307	Torck		1.0	7.0	Lubbert	1					0	1672.0	0			1	3.0	6.0
5408	7310	Leeuwen	van	1.0	7.0	Johan	0					0		0			1		
5409	7311	Gramaye		1.0	7.0	Thomas	0					0		0	Persoonsgegevens: 'de oude' ter onderscheiding van zijn oomzegger Thomas Gramaye de jonge Jacobsz.		1		
5410	7317	Lynden		3.0	7.0	Frans Godard	1		Hemmen		1761.0	0	1845.0	0			1	18.0	4.0
5411	7319	Sande	van den	1.0	7.0	Carel	0					0		0			1		
5412	6689	Gobius		1.0	7.0	Joan Frederik	0					0		0			1		
5413	6691	Groenewoude		1.0	7.0		0					0		0			1		
5414	6693	Reynhard		1.0	7.0	Frederik Christiaan	1		Amerongen		1743.0	0	1808.0	0			1	13.0	12.0
5415	6697	Laat	de	1.0	7.0	Henrick	0					0		0			1		
5416	6698	Horst	van der	1.0	7.0	Jan	0					0		0			1		
5417	6705	Meulen	van der	1.0	7.0	Quirijn	0					0		0			1		
5418	6710	Curtius van Nieuwwaal		1.0	7.0	Pieter Jacob	0					0		0			1		
5419	6712	Bern	van	1.0	7.0	Nicolaas	0					0		0			1		
5420	6713	Harvick		1.0	7.0	Quirinus	0					0		0			1		
5421	6714	Ruijter	de	1.0	7.0	Willem	0					0		0			1		
5422	6716	Metz		1.0	7.0	Johannes	0					0		0			1		
5423	6717	Scheltus		1.0	4.0	Isaac	0					0		0			1		
5424	6723	Does	van der	1.0	7.0	Adriaan Jacob	0					0		0			1		
5425	6724	Moering		1.0	7.0	Adriaan	0					0		0			1		
5426	6725	Heuven	van	1.0	7.0	Roelof	0					0		0			1		
5427	6726	Boers		1.0	7.0	Willem Sebastiaan	0					0		0			1		
5428	6728	Pous		1.0	7.0	Bonifacius Mathias	0					0		0			1		
5429	6733	Hoogtwoud		1.0	7.0	Cornelis Claesz.	0					0		0			1		
5430	6737	Moeskoker		1.0	7.0	Gerrit	0					0		0			1		
5431	6738	Loosen		1.0	7.0	Jacob	0					0		0			1		
5432	6739	Duivensz.		1.0	7.0	Jan	0					0		0			1		
5433	6740	Duivensz.		1.0	7.0	Cornelis François	0					0		0			1		
5434	6741	Loosen	van	1.0	7.0	Pieter	0					0		0			1		
5435	6742	Loosen	van	1.0	7.0	Dirk Elias	0					0		0			1		
5436	6744	Willige	van der	1.0	7.0	Cornelis	0					0		0			1		
5437	6752	Leck	van der	1.0	7.0	Daniel Adriaensz.	0					0	1626.0	1			1		
5438	6753	Horst	van der	1.0	7.0	Ewout Pietersz.	0					0	1624.0	1	Persoonsgegevens: overleden vóór 1624.		1		
5439	6754	Thoveling		1.0	7.0	Nicolaes Maertensz.	0					0	1625.0	0	Persoonsgegevens: geslachtsnaam ook als 't Hoveling.		1		
5440	6756	Visch		1.0	7.0	Hugo	0		Bloois			0	1639.0	0			1	11.0	6.0
5441	6763	Burgh	van der	1.0	7.0	Johan	0				1613.0	0	1688.0	0			1		
5442	6768	Bergh	van den	1.0	7.0	Cornelis	0					0	1664.0	0			1		
5443	6769	Coninck	de	1.0	7.0	Anthonis	0					0		0			1		
5444	6775	Sonmans		1.0	7.0	Arent	0					0	1683.0	0			1		
5445	6777	Elsevier		1.0	7.0	Abraham	0				1654.0	0	1707.0	0			1		
5446	6783	Snellen		1.0	7.0	Willem	0				1683.0	0	1729.0	0			1		
5447	6784	Eelbo		1.0	7.0	Hugo	0				1672.0	0	1755.0	0			1		
5448	5261	Essen	van	1.0	3.0	Johan	0				1644.0	0	1724.0	0			1	19.0	6.0
5449	6787	Senserff		1.0	7.0	Walter	0				1683.0	0	1752.0	0			1	14.0	8.0
5450	6800	Westervelt	van	1.0	7.0	Hendrik	0					0		0			1		
5451	6802	Jonge	de	1.0	7.0	Willem Czn.	0				1555.0	0	1618.0	0			1		
5452	6803	Gruytter		1.0	7.0	Hendrik	0				1550.0	0	1610.0	0			1		
5453	6805	Pelser		1.0	7.0	Dirk Dzn.	0				1553.0	0	1616.0	0			1		
5454	6806	Steenhuysen		1.0	7.0	Barhthout Jzn.	0					0		0			1		
5455	6807	Hinloopen		1.0	7.0	Jacob Jbzn.	0				1550.0	0	1613.0	0			1	17.0	9.0
5456	6808	Gardijn	du	1.0	7.0	François	0					0		0			1		
5457	6809	Brasser		1.0	7.0	Willem	0					0		0			1		
5458	6810	Scharlaken		1.0	7.0	Seger Dzn.	0					0	1636.0	0			1	24.0	3.0
5459	6811	Vesterman		1.0	7.0	Jacob Maertszn.	0					0	1637.0	0			1	5.0	7.0
5460	6812	Brouwer		1.0	7.0	Jacob Dzn.	0				1554.0	0	1635.0	0			1	18.0	3.0
5461	6813	Loots		1.0	7.0	Jan Czn.	0					0	1640.0	0			1	13.0	8.0
5462	6814	Ysbrands		1.0	7.0	Jacob	0					0		0			1		
5463	6815	Hagha		1.0	7.0	Jan	0				1583.0	0	1630.0	0			1	16.0	9.0
5464	6816	Gerritsz.		1.0	7.0	Lucas	0					0		0			1		
5465	6817	Blaeuhulk		1.0	7.0	Jan Simonsz.	0				1578.0	0	1640.0	0			1	16.0	1.0
5466	6818	Semeyns		1.0	7.0	Wybrant. Szn.	0				1598.0	0	1636.0	0			1	24.0	3.0
5467	6820	Gent	van	1.0	7.0	Hendrik	0					0	1683.0	0			1	20.0	9.0
5468	6821	Lucasz.		1.0	7.0	Albert	0					0		0			1		
5469	6822	Huygh		1.0	7.0	Pieter	0				1605.0	0	1652.0	0			1	31.0	5.0
5470	6823	Proost		1.0	7.0	Jan	0					0		0			1		
5471	6824	Timman		1.0	7.0	Thijs Pzn.	0				1587.0	0	1659.0	0			1	1.0	4.0
5472	6825	Jewel		1.0	7.0	Wybrandt	0					0	1670.0	0			1	24.0	3.0
5473	6826	Hardebol		1.0	7.0	Pieter	0					0	1655.0	0			1		
5474	6827	Roodvelt		1.0	7.0	Simon Semeyns	0				1610.0	0	1666.0	0			1	6.0	11.0
5475	6828	Jager	de	1.0	7.0	Adolf	0					0		0			1		
5476	6829	Vossen	van	1.0	4.0	Andries	0				1635.0	0	1702.0	0			1	19.0	6.0
5477	6831	Mul		1.0	7.0	Hendrik	0				1685.0	0	1739.0	0			1	30.0	10.0
5478	6832	Reneman		1.0	4.0	Daniel Hermannus	0				1766.0	0	1809.0	1	Persoonsgegevens: overleden na 1809.		1		
5479	6839	Smits		1.0	7.0	Leonard Jan	0					0		0			1		
5480	6840	Nagel	van	1.0	7.0	Jacob Aalbrecht Lodewijk Frederik Carel	0					0		0			1		
5481	6843	Cremer		1.0	7.0	Christoffel Jacob	0					0		0			1		
5482	6846	Schock		1.0	7.0	Pieter Jzn.	0					0		0			1		
5483	6848	Sweers		1.0	7.0	Hans	0				1570.0	0		0			1		
5484	6850	Coen		1.0	7.0	Jan Pietersz.	0				1587.0	0	1629.0	0			1	21.0	9.0
5485	6859	Nagel	van	1.0	7.0	Jan	0					0		0			1		
5486	6860	Diest	van	1.0	7.0	Adriaan Hendrik	0					0		0			1		
5487	6862	Cooth	van	1.0	7.0	Marten Steven	0					0		0			1		
5488	6864	Betoin	de	1.0	7.0	Gijsbertus Cornelis	0					0		0			1		
5489	6865	Engelen		1.0	7.0	Willem	0					0		0			1		
5490	6867	Steen	van den	1.0	7.0	Arend Fançois	0				1766.0	0	1842.0	0			1	23.0	1.0
5491	6868	Gordon		1.0	7.0	Fredrik Wilhelm	0				1770.0	0	1845.0	0			1	9.0	3.0
5492	6869	Hardus		1.0	7.0	Gerrit	0				1704.0	0		0			1		
5493	6870	Grootennaaij		1.0	7.0	Willem	0					0		0			1		
5494	6871	Steen	den	1.0	7.0	Diederik Gerhard	0					0		0			1		
5495	6872	Haesebroek		1.0	7.0	Pieter	0					0		0			1		
5496	6874	Raschen		1.0	7.0	Bernhard Johan	0					0		0			1		
5497	6875	Steen	van den	1.0	3.0	Jacob	0				1616.0	0	1683.0	0			1	26.0	1.0
5498	6876	Ommeren	van	1.0	7.0	Hendrick	0					0		0			1		
5499	6878	Bögel		1.0	4.0	Jan Arnold Nering	0					0		0			1		
5500	2652	Rees		1.0		Mattheus Mattheusz.	0				1713.0	0	1785.0	0			1	10.0	10.0
5501	6879	Soldner		1.0	7.0	Gerhard	0					0		0			1		
5502	6881	Wijnen		1.0	7.0	Jan	0					0		0			1		
5503	6883	Klinkenberg van Echten		1.0	7.0	Willem Hendrik	0					0		0			1		
5504	6884	Dam	van	1.0	7.0	Bruno	0					0		0			1		
5505	6885	Bijland	van	1.0	7.0	Otto Anne	0					0		0			1		
5506	6886	Schimmelpenninck		1.0	7.0	Assueer Jan	1					0		0			1		
5507	6889	Boeijer		1.0	7.0	Frans	0					0		0			1		
5508	6890	Wijntgis		1.0	4.0	Joan	0					0	1680.0	0			1	30.0	6.0
5509	6891	Bruynvis		1.0	4.0	Bruno	0					0	1681.0	0			1	23.0	6.0
5510	6896	Avenhoorn		1.0	4.0	Pieter	0				1720.0	0	1772.0	0			1	30.0	4.0
5511	6898	Akerlaken	van	1.0	7.0	Cornelis Christoffel	0				1752.0	0	1800.0	0			1	24.0	1.0
5512	6899	Verloren		1.0	4.0	Reep	0				1746.0	0	1813.0	0			1	24.0	8.0
5513	6902	Raedt		1.0	7.0	Johan	0					0		0			1		
5514	6903	Dussen	van der	1.0	7.0	Dirk Bruynsz.	0					0	1623.0	0			1		
5515	6905	Lodensteyn		1.0	7.0	Jan Jansz.	0					0	1626.0	0			1		
5516	6906	Meerman		1.0	7.0	Gerrit Dirksz.	0				1570.0	0	1615.0	0			1		
5517	6907	Willigen	van	1.0	7.0	Hendrik Ottens	0					0		0			1		
5518	6908	Balbiaen		1.0	7.0	Jacob Zanders	0					0	1606.0	0			1		
5519	6909	Dedel		1.0	7.0	Willem Joostzn.	0				1557.0	0	1632.0	0			1		
5520	6911	Adrichem	van	1.0	7.0	Joost Jacobsz.	0				1574.0	0	1653.0	0			1		
5521	6757	Sonmans		1.0	7.0	Pieter	0				1588.0	0	1660.0	0			1	22.0	10.0
5522	6928	Bogaert		1.0	4.0	Nicolaes Adriaensz.	0		Bloois		1662.0	0	1746.0	0			1		
5523	6933	Bleyswijck	van	1.0	4.0	Maerten Francoz.	0				1679.0	0	1751.0	0			1		
5524	6934	Vredenburch		1.0	4.0	Gerard Adriaensz.	0				1710.0	0		0			1		
5525	6936	Buren		1.0	4.0	Isaac Arentsz.	0				1708.0	0	1773.0	0			1		
5526	6937	Kraeijevanger		1.0	4.0	Nicolaes Everhardsz.	0				1724.0	0	1796.0	0			1		
5527	6938	Vredenburch	van	1.0	4.0	Adriaen Gerardsz.	0				1739.0	0	1781.0	0			1		
5528	6939	Straaten	van der	1.0	4.0	Campegius Cornelis	0				1762.0	0	1821.0	0			1		
5529	6940	Lesage		1.0	7.0	Joan	0					0		0			1		
5530	6946	Helm	van der	1.0	7.0	Arnoldus	0					0		0			1		
5531	6949	Brouwer		1.0	7.0	Willem	0					0	1677.0	0			1		
5532	6954	Auber		1.0	7.0	Johan	0					0	1683.0	0			1	25.0	3.0
5533	6958	Schut		1.0	3.0	Henrick	0					0		0			1		
5534	6962	Vos		1.0	7.0	F.	0					0		0			1		
5535	6963	Vletscher		1.0	7.0	Thomas	0					0		0			1		
5536	6966	Mijnden	van	1.0	7.0		1					0		0			1		
5537	6967	Aa	van der	1.0	7.0		1					0		0			1		
5538	8035	Abbekerk		1.0	7.0	Jan Frederiksz.	0					0		0			1		
5539	6679	Harderwijk		1.0	7.0	Gijsbertus	0				1717.0	1	1793.0	1			1	30.0	3.0
5540	6977	Boddaert		1.0	7.0	Pieter	0				1659.0	0	1732.0	0			1		
5541	6978	Schorer		1.0	7.0	Steven	0				1651.0	0	1698.0	0			1		
5542	6980	Munq	de	1.0	7.0	Alexander	0				1665.0	0	1719.0	0			1		
5543	6985	Barnevelt		1.0	7.0	Hendrik	0					0		0			1		
5544	6986	Borger		1.0	7.0	Gijsbert Gerard Lambrecht	0					0		0			1		
5545	6990	Rauwenhoff		1.0	4.0	Jan Hendrik	0				1730.0	0	1815.0	0			1	6.0	10.0
5546	6992	Middachten	van	1.0	7.0	Hendrick	0					0		0			1		
5547	6993	Schassert		1.0	4.0	Hendrik Jan	0					0		0			1		
5548	6995	Heeckeren	van	1.0	7.0	Johan	1					0		0			1		
5549	6996	Zeli		1.0	7.0	Johan	0					0		0			1		
5550	6998	Tengbergen		1.0	7.0	Hendrick	0					0		0			1		
5551	7006	Schoock		1.0	7.0	Arent	0					0		0			1		
5552	7007	Cocq van Kerckwijck	de	1.0	7.0	Adriaen	0					0		0			1		
5553	7008	Hegeman		1.0	7.0	Roeloff	0					0		0			1		
5554	7010	Ommeren	van	1.0	3.0	Wijnandt	0					0		0			1		
5555	7011	Roeth		1.0	7.0	Roderick	0					0		0			1		
5556	7013	Pronck		1.0	7.0	Gerard	0					0		0			1		
5557	7015	Rheen	van	1.0	7.0	Johannes	0					0		0			1		
5558	7016	During	van	1.0	7.0	Egbert	0					0		0			1		
5559	7017	Basque		1.0	7.0	Riner Ulbes	0					0		0			1		
5560	7018	Staveren		1.0	7.0	Reynier Jelles	0					0		0			1		
5561	7019	Nieuburgh	van der	1.0	4.0	Jan Gerritsz.	0					0		0			1		
5562	7020	Stutler van Surck		1.0	7.0	Antonij	0		Bergen			0		0			1		
5563	7021	Chastelain	le	1.0	7.0	Willem Jan	0					0		0			1		
5564	7248	Vos		1.0	7.0	Johannes	0					0		0			1		
5565	6685	Methorst		1.0	7.0	Anthonij	0				1716.0	0		0	Persoonsgegevens: overlijdendatum volgens Nederland's Patriciaat 26 februari 1789. Zat echter volgens Hormann in 1794 nog in de vroedschap van  Amersfoort.		1		
5566	7039	Bronckhorst tot de Pol	van	1.0	7.0	Cornelis	1		de Pol	De Beringen		0	1671.0	0			1	18.0	5.0
5567	7047	Greve		1.0	7.0	Andries	0					0		0			1		
5568	7048	Brienen	van	1.0	7.0	Gijsbert	0					0		0			1		
5569	7051	Galen	van	1.0	7.0	Gerrit	1					0		0			1		
5570	7052	Dibbits		1.0	7.0	Diederik	0					0		0	"Persoonsgegevens: voornaam ook wel Dir(c)k en Der(c)k.
Overig: was nog in leven in 1641."		1		
5571	7057	Ruyter	de	1.0	7.0	Roelof	0					0		0			1		
5572	7060	Vrede	de	1.0	7.0	Willem	0					0		0			1		
5573	7066	Muys		1.0	3.0	Jacob	0					0		0			1		
5574	7067	Feith		1.0	7.0	Henrick	0					0		0			1		
5575	7070	Galen	van	1.0	7.0	Johan	0					0		0			1		
5576	7071	Herberts		1.0	7.0	Herbert	0					0		0			1		
5577	7074	Bigge		1.0	7.0	Cornelis	0					0		0			1		
5578	7075	Cruijner		1.0	7.0	Engelbert	0					0		0			1		
5579	7077	Avercamp		1.0	7.0	Derck	0					0		0			1		
5580	7078	Swaen		1.0	3.0	Valenus	0					0		0			1		
5581	7079	Eijgel		1.0	3.0	Peter	0					0		0			1		
5582	7080	Wilbrenninck		1.0	7.0	Johan	0					0		0			1		
5583	7082	Busch	ten	1.0	7.0	Alard	0					0		0			1		
5584	7083	Amerongen	van	1.0	3.0	Cornelis	0					0		0			1		
5585	7085	Suijck		1.0	7.0	Franck	0					0		0			1		
5586	7086	Schrassert		1.0	7.0	Otto Jacob	0					0		0			1		
5587	7088	Thiel	van	1.0	7.0	Arent	0					0		0			1		
5588	7089	Wilbrenninck		1.0	7.0	Stephan	0					0		0			1		
5589	7090	Oostbaen		1.0	7.0	Peter	0					0		0			1		
5590	7091	Cloeck		1.0	7.0	Derk Willem	0					0		0			1		
5591	7092	Schimmelpenninck van der Oye		1.0	7.0	Alexander	1		Holthuizen	Voorstonden, Roderlo	1669.0	0	1724.0	0			1	15.0	4.0
5592	7094	Meijlink		1.0	7.0	Johan	0					0		0			1		
5593	7095	Eck	van	1.0	7.0	Henrik Jan	0					0		0			1		
5594	7096	Menthen		1.0	7.0	Adriaan	0					0		0			1		
5595	7098	Suurmont		1.0	7.0	Barthold	0					0		0			1		
5596	7100	Geltsaijer		1.0	7.0	Arnold	0					0		0			1		
5597	7102	Graaff	van de	1.0	7.0	Jacob Winter	0					0		0			1		
5598	7103	Apeldoorn		1.0	7.0	Andreas	0					0		0			1		
5599	7104	Schuijlenborch		1.0	7.0	Jacobus	0					0		0			1		
5600	7106	Coets		1.0	3.0	Gerhard	0					0		0			1		
5601	7110	Ingen	van	1.0	7.0	Ernst Andries	0					0		0			1		
5602	7112	Wolfsen		1.0	7.0	Johan Pelgrom	0					0		0			1		
5603	7113	Hoff		1.0	7.0	Wilhelmus Theodorus	0					0		0			1		
5604	7114	Wolfsen		1.0	7.0	Johan	0					0		0			1		
5605	7117	Westerveld		1.0	7.0	Willem Jan	0					0		0			1		
5606	7121	Pannekoek		1.0	7.0	Hermen Hendrik	0					0		0			1		
5607	7123	Mosburger		1.0	3.0	Daniel Bernard	0					0		0			1		
5608	7125	Hoff		1.0	3.0	Frederik Hendrik Christiaan	0					0		0			1		
5609	7126	Martinius		1.0	7.0	Franciscus	0					0		0			1		
5610	7127	Wijnen		1.0	7.0	Lubbert	0					0		0			1		
5611	6888	Coster		1.0	7.0	Ludolph	0					0		0			1		
5612	7129	Nooyen		1.0	7.0	Jan	0					0		0			1		
5613	7133	Haegen	van	1.0	7.0	Balthasar	0					0		0			1		
5614	7138	Verheul		1.0	7.0	Everhard	0				1665.0	0	1738.0	1			1		
5615	7142	Visser		1.0	7.0	Andries	0					0		0			1		
5616	7149	Sluijsken		1.0	7.0	Paul	0					0		0			1		
5617	7153	Bigge		1.0	7.0	H.A.	0					0		0			1		
5618	7155	Passaart		1.0	3.0	Arnold	0					0		0			1		
5619	7162	Verheijden		1.0	7.0	Willem	0					0		0			1		
5620	7166	Leeuwens		1.0	7.0	Jacob	0					0		0			1		
5621	7167	Lennep	van	1.0	3.0	Johan	0					0		0			1		
5622	7175	Roy	de	1.0	3.0	Joachim	0					0		0			1		
5623	7179	Voort	van der	1.0	7.0	Gerit	0					0		0	Persoonsgegevens: geslachtsnaam ook als Vervoort, Ververt.		1		
5624	7180	Eck	van	1.0	7.0	Wilhem	0					0		0			1		
5625	7190	Bouwens		1.0	7.0	Dirck	0					0		0			1		
5626	7194	Campen	van	1.0	7.0	Johan	0					0		0			1		
5627	7196	Wal	van de	1.0	7.0	Godert	0					0		0			1		
5628	7197	Lynden	van der	1.0	7.0		0					0		0	Persoonsgegevens: mogelijk gaat het hier om Diederik van Lynden (-1652), eveneens in deze database.		1		
5629	7198	Pauli		1.0	7.0	Johan	0					0		0			1		
5630	7199	Cock van Delwijnen	de	1.0	7.0	Willem	0	Jonkheer				0		0	Persoonsgegevens: voornaam ook Guilhelm.		1		
5631	7200	Corneliss		1.0	7.0	Jan	0					0		0			1		
5632	7209	Gendt	van	1.0	7.0	Bartold	1	Jonkheer	Wolferen	Loenen		0		0			1		
5633	7212	Vries	de	1.0	7.0	Johan	0					0		0			1		
5634	7215	's Gravenweert	van	1.0	3.0	Johan	0					0		0			1		
5635	7218	Vladeracken	van	1.0	7.0	Mattheus	0					0		0			1		
5636	7227	Meurs	van	1.0	7.0	Diderick	0					0		0			1		
5637	6692	Metz		1.0	7.0	Adam Christiaan	0				1736.0	0	1790.0	0			1	26.0	10.0
5638	7236	Coijman		1.0	7.0		0					0		0			1		
5639	7243	Schoock		1.0	7.0	Peter	0					0		0			1		
5640	7244	Eck	van	1.0	7.0	Antony	0					0		0			1		
5641	7245	Balveren	van	1.0	7.0	Jan Willem	0					0	1717.0	0			1	23.0	2.0
5642	7246	Ingenool		1.0	7.0		0					0		0			1		
5643	7250	Swaefken		1.0	7.0		0					0		0			1		
5644	7251	Ham	ten	1.0	7.0	Berndt	0					0		0			1		
5645	7253	Sendt		1.0	7.0	Hugen	0					0		0			1		
5646	7256	Bueckefort		1.0	7.0		0					0		0			1		
5647	7257	Munster	van	1.0	7.0	Evert	0					0		0			1		
5648	7258	Petersen		1.0	7.0	Servaes	0					0		0			1		
5649	7264	Keppel	van	1.0	7.0		0					0		0			1		
5650	7268	Keijser		1.0	7.0	Rutger	0					0		0			1		
5651	7329	Pronck		1.0	7.0	Jan Reynder	0					0		0			1		
5652	7330	Hasselt	van	1.0	7.0	Gerard	0					0		0			1		
5653	6694	Wijngaarden	van	1.0	7.0	Olivier	0				1709.0	0	1801.0	0			1	21.0	1.0
5654	7340	Eem	van der	1.0	7.0	Goyert	0					0		0			1		
5655	7347	Alting		1.0	7.0	Menso	0				1617.0	0	1678.0	0			1		
5656	7349	Erpecum	van	1.0	7.0	Jan	0				1641.0	0	1685.0	0			1	14.0	11.0
5657	7350	Heuvel	van	1.0	7.0	Isaäc	0				1640.0	0	1686.0	0			1	19.0	9.0
5658	7351	Godin		1.0	7.0	Paulus	0				1615.0	0	1690.0	0	Persoonsgegevens: begraven 2 oktober 1690.		1		9.0
5659	7352	Broen		1.0	7.0	Marcus	0				1619.0	0	1688.0	0			1	15.0	8.0
5660	7355	Wickevoort	van	1.0	7.0	Pieter	0				1629.0	0	1721.0	0			1	14.0	10.0
5661	7356	Horn	van der	1.0	7.0	Andries	0				1600.0	0	1677.0	0			1	1.0	9.0
5662	7359	Temminck		1.0	7.0	Adriaen	0				1635.0	0	1688.0	0			1	23.0	1.0
5663	7366	By	de	1.0	4.0	Nicolas	0					0		0			1		
5664	7370	Scott		1.0	7.0	Jacob	0				1647.0	0	1708.0	0			1	27.0	5.0
5665	7373	Oosterwijck	van	1.0	7.0	Joan	0				1640.0	1	1699.0	0			1	2.0	10.0
5666	7375	Doetinchem tot Hogenhof	van	1.0	7.0	Willem	1					0	1705.0	1	Persoonsgegevens: overleden 1705 of 1706.		1		
5667	7378	Aarssen van Juchem		1.0	4.0	Cornelis	0					0		0			1		
5668	7380	Adriaensz.		1.0	7.0	Joris	0					0		0			1		
5669	7383	Reael		1.0	7.0	Reynier	0				1588.0	0	1648.0	0			1	17.0	4.0
5670	7384	Hamel		1.0	7.0	Hendrick	0					0		0			1		
5671	7385	Belten		1.0	7.0	Pieter	0					0		0	Persoonsgegevens: mogelijk Pieter Belten genoemd in J.E. Elias, De vroedschap van Amsterdam, 1578-1795 (2 dln., Haarlem 1903-1905) II, 764 (de vader).		1		
5672	7386	Pels		1.0	7.0	Elias	0					0		0			1		
5673	6688	Lijnden	van der	1.0	7.0	Frans	0				1653.0	1	1743.0	0			1	5.0	4.0
5674	7388	Godijn		1.0	7.0	Samuel	0					0		0	Persoonsgegevens: mogelijk de in J.E. Elias, De vroedschap van Amsterdam, 1578-1795 (2 dln., Haarlem 1903-1905) II, 549 genoemde dr. Samuel Godin.		1		
5675	7389	Broen		1.0	7.0	Henrick	0				1574.0	0	1639.0	0			1	21.0	10.0
5676	7390	Spranger		1.0	7.0	Gommer	0				1577.0	0	1640.0	0			1		
5677	7391	Bloemaert		1.0	7.0	Samuel	0				1583.0	0	1654.0	0			1		
5678	7394	Everwijn	van	1.0	7.0	Guilliam	0					0		0			1		
5679	7396	Moerberghen	van	1.0	7.0	Willem	0					0		0			1		
5680	7397	Laet	de	1.0	7.0	Johannes	0				1582.0	0	1649.0	0			1		
5681	7399	Uyttenhove		1.0	7.0	Olivier	0					0		0			1		
5682	7400	Rensselaer	van	1.0	7.0	Kiliaen	0				1580.0	1	1646.0	0			1		
5683	7401	Ranst		1.0	7.0	Pieter	0				1590.0	0	1641.0	0	Persoonsgegevens: begraven 14 mei 1641.		1		5.0
5684	7402	Does	van der	1.0	7.0	Simon Willemsz.	0				1584.0	0	1652.0	0			1	21.0	9.0
5685	7403	Valckenburgh	van	1.0	7.0	Marcus	0					0		0			1		
5686	7406	Pauw		1.0	7.0	Pieter	0				1584.0	0	1647.0	0			1	26.0	11.0
5687	7407	Mijne	de la	1.0	7.0	Jacques	0					0		0			1		
5688	7408	Gras		1.0	7.0	Jehan	0					0		0			1		
5689	7409	Oyens		1.0	7.0	Abraham	0					0		0			1		
5690	7410	Bassen	van	1.0	7.0	Warner Ernst	0				1581.0	0	1630.0	0	Persoonsgegevens: begraven 14 september 1630.		1		9.0
5691	7411	Hulft		1.0	7.0	Pieter Evertsz.	0				1578.0	0	1639.0	0			1	11.0	11.0
5692	7412	Bruyn		1.0	7.0	Willem	0					0		0			1		
5693	7413	Swanenburgh	van	1.0	7.0	Dirck Cornelisz.	0					0		0			1		
5694	7414	Harinckhouck	van	1.0	7.0	Johan	0					0		0			1		
5695	7415	Sitterich	van	1.0	7.0	Nicolaes	0					0		0			1		
5696	7416	Ceulen	van	1.0	7.0	Mathias	0					0		0			1		
5697	7418	Spiers		1.0	7.0	Abraham	0					0		0	Persoonsgegevens: mogelijk Abraham Spiers in J.E. Elias, De vroedschap van Amsterdam, 1578-1795 (2 dln., Haarlem 1903-1905) II, 729.		1		
5698	7420	Vogelaer		1.0	7.0	Marcus	0					0		0	Persoonsgegevens: waarschijnlijk de Marcus de Vogelaer in J.E. Elias, De vroedschap van Amsterdam, 1578-1795 (2 dln., Haarlem 1903-1905) II, 645.		1		
5699	7421	Lieberghen	van	1.0	7.0	Daniel	0					0		0			1		
5700	7422	Reepmaker		1.0	7.0	Jacob	0				1599.0	0	1651.0	0			1	23.0	6.0
5701	7423	Raye		1.0	7.0	Jehan	0					0		0			1		
5702	7424	Blaeuwenhaen		1.0	7.0	Pieter Jansz.	0					0		0			1		
5703	7425	Pauw	de	1.0	7.0	Matheus	0					0		0			1		
5704	7428	Helsdingh	van	1.0	7.0	Dirck	0					0		0			1		
5705	7429	Key	de	1.0	7.0	Jacob	0					0		0			1		
5706	7430	Broekhoven	van	1.0	4.0	Jacob	0				1577.0	0	1642.0	0			1	16.0	6.0
5707	7432	Wentolt Bartels		1.0	7.0	Johan	0					0		0			1		
5708	7433	Man		1.0	7.0	Edward	0					0		0			1		
5709	7434	Schuylenburgh		1.0	7.0	Ferdinando	0					0		0			1		
5710	7435	Vries	de	1.0	4.0	Frederik	0				1600.0	0	1679.0	0	Persoonsgegevens: begraven 9 september 1679.		1		9.0
5711	7436	Bartringh		1.0	7.0	Johan	0					0		0			1		
5712	4936	Klerck		1.0	4.0	Dirk	0				1738.0	0	1807.0	0			1	26.0	6.0
5713	7437	Gheel	van	1.0	7.0	Jean	0		Spanbroek	Spierdijk, Zuydermeer	1589.0	0		0			1		
5714	7439	Cobbert		1.0	7.0	Rogier	0					0		0			1		
5715	7441	Beurdt		1.0	7.0	Pieter	0					0		0			1		
5716	7442	Ketelaer	de	1.0	7.0	Adriaen	0					0		0			1		
5717	7443	Droogbroodt		1.0	7.0	Abraham	0					0		0			1		
5718	7446	Haeff	ten	1.0	7.0	Galeyn	0					0		0			1		
5719	7447	Snellen		1.0	7.0	Willem	0					0		0			1		
5720	7448	Waelens		1.0	7.0	Jeremias	0					0		0			1		
5721	7450	Porrenaer		1.0	4.0	Job	0					0		0			1		
5722	7451	Essen	van	1.0	7.0	Pieter	0					0		0			1		
5723	7452	Velinx		1.0	7.0	Jan	0					0		0			1		
5724	7453	Barents		1.0	7.0	Christoffel	0					0		0			1		
5725	7455	Teunemans		1.0	7.0	Woulter	0					0		0			1		
5726	7456	Pere	van	1.0	7.0	Abraham	0					0		0			1		
5727	7457	Schot		1.0	7.0	Bouwen Melssen	0					0		0			1		
5728	7459	Coornne		1.0	7.0	Cornelis	0					0		0			1		
5729	7460	Elfsdijck		1.0	7.0	Cornelis Claesz.	0					0		0			1		
5730	7461	Velde	van de	1.0	7.0	Pieter	0					0		0			1		
5731	7462	Gijsselingh		1.0	7.0	Jehan	0					0		0			1		
5732	7463	Bisschop		1.0	7.0	Abraham	0					0		0			1		
5733	7464	Duyvelaer		1.0	7.0	Pieter Joosten	0					0		0			1		
5734	7465	Alleman		1.0	7.0	Pieter	0					0		0			1		
5735	7466	Schooren		1.0	7.0	Abraham	0					0		0			1		
5736	7467	Velinx		1.0	7.0	Nicolaes	0					0		0			1		
5737	7468	Liens		1.0	7.0	Hendrick	0					0		0			1		
5738	7469	Serooskercke		1.0	7.0	Pauwels Jansz.	0					0		0			1		
5739	7470	Louijs		1.0	7.0	Jan	0					0		0			1		
5740	7471	Swancke		1.0	7.0	Nicolaes	0					0		0			1		
5741	7472	Taetse		1.0	7.0	David	0					0		0			1		
5742	7473	Pompe		1.0	7.0	Michiel	0					0		0			1		
5743	7474	Burchvliet		1.0	7.0	Cornelis Pietersz.	0				1581.0	0	1622.0	0	Persoonsgegevens: begraven 24 augustus 1622.		1		8.0
5744	7477	Reynst		1.0	7.0	Jacobus	0				1621.0	0	1667.0	0			1	4.0	9.0
5745	7479	Pater		1.0	7.0	Albert Dircksz.	0				1602.0	0	1659.0	0			1	7.0	3.0
5746	7481	Nicolaï		1.0	7.0	Cornelis	0				1586.0	0		0			1		
5747	7483	Testart		1.0	4.0	Pieter Cypriaan	0				1717.0	0	1798.0	0			1	9.0	2.0
5748	7484	Dedel		1.0	4.0	Willem Gerrit	0				1675.0	0	1715.0	0			1	22.0	1.0
5749	7485	Graeff	de	1.0	4.0	Gerrit	0				1711.0	0	1752.0	0			1	10.0	11.0
5750	7487	Lestevenon		1.0	4.0	Matheus	0		Strijen		1674.0	0	1743.0	0			1	27.0	7.0
5751	6700	Kolff		1.0	4.0	Nicolaas Christiaan	0				1750.0	0	1821.0	0			1	27.0	3.0
5752	7488	Lestevenon	Backer	1.0	7.0	Jacob	0				1678.0	0	1735.0	0			1	4.0	6.0
5753	7489	Hasselaer		1.0	4.0	Gerard Nciolaasz.	0					0		0			1		
5754	7490	Röell		1.0	3.0	Willem	0				1700.0	0	1775.0	0			1	27.0	10.0
5755	7491	Fay	du	1.0	4.0	Jan Noach	0				1683.0	0	1737.0	0			1		
5756	7492	Loon	van	1.0	4.0	Jan	0				1677.0	0	1763.0	0			1	9.0	10.0
5757	7493	Berewout		1.0	7.0	Frederik	0				1692.0	0	1777.0	0			1	13.0	11.0
5758	7494	Berewout		1.0	4.0	Jan Fredrik	0				1722.0	0	1785.0	0			1	26.0	7.0
5759	7496	Temminck		1.0	7.0	Adriaen	0				1718.0	0	1758.0	0			1	14.0	4.0
5760	7497	Harn	van	1.0	4.0	Willem	0				1659.0	0	1716.0	0			1	27.0	1.0
5761	7499	Hooft		1.0	7.0	Hendrik Gerritsz.	0				1710.0	0	1801.0	0			1	2.0	8.0
5762	7501	Peyrou	du	1.0	7.0	Daniel Jacob	0				1709.0	0	1748.0	0			1	20.0	2.0
5763	7502	Waeyen	van der	1.0	7.0	Arend	0				1685.0	0	1767.0	0			1	1.0	8.0
5764	7503	Poll	van de	1.0	7.0	Jan	0				1760.0	0		0			1		
5765	7504	Elias		1.0	4.0	David Willem	0				1758.0	0	1828.0	0			1	7.0	12.0
5766	7505	Graafland		1.0	4.0	Joan Pietersz.	0				1733.0	0	1821.0	0			1	17.0	1.0
5767	7506	Bicker		1.0	4.0	Jan Bernd	0				1746.0	0	1812.0	0			1	16.0	12.0
5768	7508	Weede	van	1.0	7.0	Hendrik Maurits	0		Lutteke Weede		1737.0	0	1796.0	0			1	22.0	4.0
5769	7509	Quesne		1.0	7.0	Jan Philippe	0		Bruchem		1746.0	0	1795.0	0			1	4.0	12.0
5770	7510	Hooft	Corver	1.0	4.0	Gerrit	0				1744.0	0	1807.0	0			1	18.0	9.0
5771	7511	Warin		1.0	4.0	Nicolaas Antonisz.	0		Schonauwen		1744.0	0	1815.0	0			1	11.0	10.0
5772	7512	Poll	Wolters van de	1.0	4.0	Jan	0				1759.0	0	1826.0	0			1	30.0	1.0
5773	7513	Hudde		1.0	7.0	Gerrit	0				1595.0	0	1647.0	0	Persoonsgegevens: begraven 2 april 1647 (Elias). Valentyn geeft overlijden maart 1646.		1		
5774	7515	Hasselaer		1.0	7.0	Dirck	0				1581.0	0	1645.0	0			1	30.0	12.0
5775	7516	Dam	van	1.0	4.0	Pieter	0				1621.0	0	1706.0	0			1	17.0	5.0
5776	7518	Lange	de	1.0	7.0	Anthony	0				1594.0	0	1652.0	0			1	27.0	10.0
5777	7520	Beresteyn	van	1.0	7.0	Nicolaes	0					0		0			1		
5778	7523	Tulp		1.0	7.0	Dirck	0				1624.0	0	1682.0	0	Buitenlandse adelstitels: op 5 november 1674 door Karel II van Engeland tot Ridder, en op 23 april 1675 tot Baronet verheven.		1	6.0	3.0
5779	7524	Tholincx		1.0	7.0	Diederick	0				1589.0	0		0	Persoonsgegevens: overleden na 1654.		1		
5780	7526	Reael		1.0	3.0	Laurens	0				1583.0	0	1637.0	0			1	21.0	10.0
5781	7527	Roch		1.0	7.0	Jacob Jacobsz.	0				1586.0	0	1670.0	0			1	12.0	12.0
5782	7528	Valckenier		1.0	4.0	Wouter Jacobsz.	0				1659.0	0	1710.0	0			1	8.0	1.0
5783	7530	Bicker		1.0	7.0	Roelof	0				1611.0	0	1656.0	0			1	2.0	6.0
5784	4935	Deventer	van	1.0	7.0	Huibert Jan	0				1743.0	0	1828.0	0			1	2.0	4.0
5785	7531	Loon	van	1.0	7.0	Pieter	0				1607.0	0	1679.0	0			1	14.0	11.0
5786	7532	Loon		1.0	7.0	Hans	0				1577.0	0	1658.0	0			1	7.0	4.0
5787	7533	Vrij	de	1.0	7.0	Cornelis	0				1580.0	0	1650.0	0			1	9.0	9.0
5788	7534	Swerius	van	1.0	7.0	Nicolaes	0					0		0			1		
5789	7537	Aaij		1.0	7.0	Jan	0					0		0			1		
5790	7539	Halewijn	van	1.0	7.0	Benjamin	0					0		0			1		
5791	7540	Damme	van	1.0	7.0	Nicolaus	0					0		0			1		
5792	7541	Cosijnsen		1.0	7.0	Willem	0					0		0			1		
5793	7542	Gesscher	van	1.0	7.0	Jan	0				1605.0	0	1656.0	0			1		
5794	7543	Hamel		1.0	7.0	Jacob	0					0		0			1		
5795	7544	Specx		1.0	7.0	Jacob	0					0		0			1		
5796	7546	Richaert		1.0	7.0	Johannes	0					0		0			1		
5797	7547	Wijck	van	1.0	7.0	Zeger	0					0		0			1		
5798	7549	Bus		1.0	7.0	Elbert	0					0		0			1		
5799	7550	Beec	van	1.0	7.0	Isaac	0					0		0			1		
5800	7551	Bloer		1.0	7.0	Bon Antonien	0					0		0			1		
5801	7552	Halewijn	van	1.0	7.0	Jan	0					0		0			1		
5802	7553	Valckenier		1.0	7.0	Pieter Ranst	0				1661.0	0	1704.0	0			1	29.0	12.0
5803	7557	Graafland		1.0	4.0	Cornelis Jansz.	0				1686.0	0	1769.0	0			1	24.0	7.0
5804	7558	Dam	van	1.0	4.0	Willem	0				1652.0	0	1713.0	0			1	17.0	4.0
5805	7559	Hulft		1.0	7.0	Joan	0				1610.0	0	1677.0	0			1	30.0	12.0
5806	7560	Trip		1.0	7.0	Louys	0				1605.0	0	1684.0	0			1	14.0	7.0
5807	7561	Trip		1.0	7.0	Elias	0				1570.0	0	1636.0	0			1	5.0	1.0
5808	7562	Trip		1.0	7.0	Pieter	0				1724.0	0	1786.0	0			1	6.0	8.0
5809	7563	Sautijn		1.0	4.0	Willem	0				1678.0	0	1731.0	0			1	10.0	11.0
5810	7564	Wachtmans		1.0	7.0	Huybert	0					0	1613.0	0	Persoonsgegevens: begraven 29 juni 1613.		1		6.0
5811	7565	Vicq	de	1.0	4.0	René	0				1683.0	0	1737.0	0			1	10.0	3.0
5812	7567	Reael		1.0	7.0	Jan	0		Vreeland		1685.0	0	1740.0	0			1	15.0	12.0
5813	7568	Bernard		1.0	7.0	Daniel	0				1594.0	0	1681.0	0			1	5.0	10.0
5814	7569	Bernard		1.0	7.0	Andries	0				1632.0	0	1704.0	0			1	25.0	1.0
5815	7571	Schuylenburch	van	1.0	4.0	Joan	0				1675.0	0	1735.0	0			1	13.0	6.0
5816	7572	Hochepied		1.0	7.0	Isaäc	0				1627.0	0		0			1		
5817	7573	Loon	van	1.0	4.0	Willem	0				1633.0	0	1695.0	0			1	27.0	4.0
5818	7574	Loon	van	1.0	7.0	Adriaan	0				1681.0	0	1754.0	0			1	24.0	5.0
5819	7575	Geelvinck		1.0	4.0	Joan	0		Castricum	Croonenburg	1644.0	0	1707.0	0			1	21.0	5.0
5820	7577	Blaeu		1.0	4.0	Joan	0				1650.0	0	1712.0	0			1	13.0	8.0
5821	6683	Ash van Wijk	van	1.0	7.0	Hendrik	0				1707.0	0	1784.0	0			1	17.0	4.0
5822	7580	Witt	de	1.0	7.0	Pieter	0				1652.0	0	1712.0	0			1	7.0	1.0
5823	7581	Velters		1.0	7.0	Jeronimus	0				1645.0	0	1707.0	0			1	18.0	12.0
5824	7582	Huydecoper		1.0	4.0	Joseph	0		Maarseveen	Neerdijk	1667.0	0	1709.0	0			1	11.0	1.0
5825	7583	Muyssart		1.0	7.0	Abraham	0				1676.0	0	1724.0	0			1	19.0	11.0
5826	7584	Backer		1.0	7.0	Willem Cornelis	0				1702.0	0	1756.0	0			1	26.0	6.0
5827	7586	Trip		1.0	4.0	Jan	0		Berkenrode		1664.0	0	1732.0	0			1	4.0	12.0
5828	7587	Karsseboom		1.0	4.0	Jacob	0				1673.0	0	1727.0	0			1	5.0	12.0
5829	7588	Scott		1.0	4.0	Balthasar	0				1672.0	0	1741.0	0			1	8.0	6.0
5830	7589	Lestevenon		1.0	7.0	Mattheus	0				1633.0	0	1693.0	0			1	9.0	8.0
5831	7590	Lestevenon		1.0	7.0	Abraham	0				1675.0	0	1728.0	0			1	28.0	4.0
5832	7591	Buys		1.0	7.0	Jan Elias	0				1723.0	0	1763.0	0			1	24.0	12.0
5833	7592	Blocquery	van de	1.0	7.0	Josias	0				1674.0	0	1719.0	0			1	18.0	12.0
5834	7593	Blocquery	van de	1.0	7.0	Salomon	0				1641.0	0	1701.0	0			1	20.0	10.0
5835	7594	Blocquery	van de	1.0	7.0	Hendrik	0				1667.0	0	1715.0	0			1	21.0	9.0
5836	7595	Buren	van	1.0	4.0	Diderik	0				1684.0	0	1756.0	0			1	28.0	4.0
5837	7596	Six		1.0	4.0	Pieter	0				1686.0	0	1755.0	0			1	11.0	11.0
5838	7597	Fay	du	1.0	7.0	Jacob Fredrik	0				1682.0	0	1734.0	0			1	5.0	2.0
5839	7598	Poll	van de	1.0	4.0	Jacobus	0				1724.0	0	1807.0	0			1	5.0	5.0
5840	7599	Ghesel	van	1.0	4.0	Jacob	0				1707.0	0	1773.0	0			1	19.0	6.0
5841	7600	Alewijn		1.0	7.0	Dirk	0		Boekhorstenburg		1719.0	0	1757.0	0			1	30.0	11.0
5842	7601	Boudaen		1.0	4.0	Jan	0				1735.0	0	1768.0	0			1	26.0	10.0
5843	7602	Romswinckel		1.0	4.0	Matthijs	0				1741.0	0	1796.0	0			1	8.0	3.0
5844	7603	Hasselaer		1.0	4.0	Gerard Aarnout	0				1698.0	0	1766.0	0			1	12.0	7.0
5845	7605	Meerman		1.0	4.0	Jan	0				1687.0	0	1746.0	0			1	29.0	3.0
5846	7606	Slicher		1.0	4.0	Jan Baptista	0				1689.0	0	1766.0	0			1	21.0	1.0
5847	7607	Calkoen		1.0	7.0	Jan	0				1694.0	0	1768.0	0			1	9.0	1.0
5848	7608	Clifford		1.0	7.0	Jan	0				1710.0	0	1772.0	0			1	21.0	9.0
5849	7609	Straalman		1.0	4.0	Matthijs	0				1722.0	0	1808.0	0			1	12.0	8.0
5850	7611	Hartsinck		1.0	4.0	Pieter	0				1722.0	0	1775.0	0			1	15.0	10.0
5851	7612	Hartsinck		1.0	7.0	Jan Casper	0				1749.0	0	1824.0	0			1	18.0	9.0
5852	7613	Elias		1.0	4.0	Gerbrand	0				1728.0	0	1769.0	0			1	5.0	2.0
5853	7614	Faas		1.0	4.0	Nicolaas	0				1736.0	0	1795.0	0			1	8.0	2.0
5854	7615	Orville	d'	1.0	7.0	Joan Frederik	0				1732.0	0	1809.0	0			1	25.0	3.0
5855	7616	Hoop	van der	1.0	4.0	Adriaan Salomon	0				1740.0	0	1793.0	0			1	10.0	5.0
5856	7617	Lampsins		1.0	7.0	Lieve	0					0		0			1		
5857	7619	Elias		1.0	4.0	Pieter	0				1756.0	0	1813.0	0			1	20.0	12.0
5858	7620	Bourcourd		1.0	4.0	Johannes	0				1757.0	0	1842.0	0			1	14.0	2.0
5859	4737	Pesters	van	1.0	7.0	Balthasar Constantijn	1	Jonkheer	Lunenburg	Sandenburg	1731.0	0	1822.0	0			1	8.0	1.0
5860	7621	Muyden	van	1.0	7.0	Everard Adriaan	0				1745.0	0	1790.0	0			1	28.0	12.0
5861	7622	Herzeele	van	1.0	7.0	Jan Jacob	0				1749.0	0	1813.0	0			1	12.0	10.0
5862	7623	Schuyt		1.0	7.0	Arnout	0				1663.0	0	1735.0	0			1	3.0	5.0
5863	7624	Abeleven		1.0	7.0	Arnoldus	0				1681.0	0	1752.0	0			1	8.0	2.0
5864	7625	Scholten van Aschat		1.0	7.0	Joan Petrus	0				1754.0	0	1816.0	0			1	24.0	7.0
5865	7626	Nooten	van	1.0	7.0	Sebastiaan Jansz.	0				1748.0	0		0			1		
5866	7627	Oudermeulen	van	1.0	4.0	Cornelis junior	0				1760.0	0	1828.0	0			1	27.0	6.0
5867	7630	Rutgers		1.0	7.0	Wijnandt Jansz.	0					0		0			1		
5868	7631	Haeghe	van der	1.0	7.0	Dirck	0					0		0			1		
5869	7632	Mast	van der	1.0	7.0	Johan	0					0		0			1		
5870	7633	Martensz.		1.0	7.0	Arendt	0					0		0			1		
5871	7634	Francken		1.0	7.0	Roeloff	0					0		0			1		
5872	7635	Milligem	van	1.0	7.0	Hendrick	0					0		0			1		
5873	7636	Hoghenhoeck		1.0	7.0	Jacob	0					0		0			1		
5874	7637	Fockenstaert	van	1.0	7.0	Geerard	0					0		0			1		
5875	7638	Heuvel	van den	1.0	7.0	Pieter Antheunisz.	0					0		0			1		
5876	7640	Pieterssons		1.0	7.0	Adriaen	0					0		0			1		
5877	7641	Schade		1.0	4.0	Willem	0					0		0			1		
5878	7642	Graeff	van der	1.0	7.0	Arendt Jacobsz.	0					0		0			1		
5879	7643	Velthuysen		1.0	7.0	Jacob	0					0		0			1		
5880	7644	Veen	van	1.0	7.0	Dirck Pietersz.	0					0		0			1		
5881	7645	Robberts		1.0	7.0	Johan	0					0		0			1		
5882	7647	Varver		1.0	7.0	Thomas	0					0		0			1		
5883	7648	Dusse	van der	1.0	7.0	Adriaen	0					0		0			1		
5884	7649	Hairwijck		1.0	7.0	Sarich	0					0		0			1		
5885	7650	Nieuwburgh	van der	1.0	7.0	Gerrit Jansz.	0					0		0			1		
5886	7651	Foreest		1.0	7.0	Johan	1	Jonkheer				0		0			1		
5887	7652	Lantman		1.0	7.0	Cornelis Pietersz.	0					0		0			1		
5888	7653	Menten		1.0	7.0	Jacob	0					0		0			1		
5889	7654	Heynsz.		1.0	7.0	Boudewijn	0					0		0			1		
5890	7655	Mieuses		1.0	7.0	Jacob Pieter	0					0		0			1		
5891	7656	Dolphijn		1.0	7.0	Claes Symonsz.	0					0		0			1		
5892	7657	Roch		1.0	7.0	Claes Jacobsz.	0					0		0			1		
5893	7658	Sus		1.0	7.0	Jan Jansz.	0					0		0			1		
5894	7659	Thomasz.		1.0	7.0	Meyndert	0					0		0			1		
5895	7660	Schaghen		1.0	7.0	Adriaen Cornelisz.	0					0		0			1		
5896	7661	Volckertsz.		1.0	7.0	Jacob	0					0		0			1		
5897	7662	Sweerssz.		1.0	7.0	Cornelis	0					0		0			1		
5898	7663	Teenghs		1.0	7.0	Pieter Claesz.	0					0		0			1		
5899	7664	Neck	van	1.0	7.0	Jan	0					0		0			1		
5900	7665	Codde van der Burgh		1.0	7.0	Dirck	0					0		0			1		
5901	7666	Juel		1.0	3.0	Johan Gerritsz.	0					0		0			1		
5902	7667	Swanenburgh		1.0	4.0	Pauwels	0					0		0			1		
5903	7668	Clock		1.0	7.0	Claes Adriaensz.	0					0		0			1		
5904	7669	Boschschieter		1.0	7.0	Pieter Claesz.	0					0		0			1		
5905	7670	Everhart		1.0	7.0	Dirck Willemsz.	0					0		0			1		
5906	7671	Schaghen		1.0	7.0	Sasker Cornelisz.	0					0		0			1		
5907	7920	Tjaarde van Starkenburg		1.0	7.0	Lambert	0					0		0			1		
5908	7921	Sickinge		1.0	7.0	Peter	0					0		0			1		
5909	7922	Jarges		1.0	7.0	Eyse	0					0		0			1		
5910	7924	Gosson		1.0	7.0	Pasquier	0					0		0			1		
5911	7925	Grève	's	1.0	7.0	Guillaume	0					0		0	Persoonsgegevens: abt van St. Michiel		1		
5912	7926	Loots		1.0	7.0	Ambrosius	0					0		0	Persoonsgegevens: prelaat van Parck (bij Leuven)		1		
5913	7928	Aremberg	van	4.0	7.0	Charles	1					0		0			1		
5914	7930	Croy	de	13.0	7.0	Charles	1					0		0	"Persoonsgegevens: mogelijk gaat het om Karel van Croy (1560-1612), in A.J. van der AA, Biographisch woordenboek der Nederlanden (12 dln., Haarlem 1852-1878) 3, 273, al is dit gezien zijn leeftijd in 1577 niet waarschijnlijk.
Binnelandse adelstitels: prins van Chimay."		1		
5915	7931	Hannart	de	3.0	7.0	Charles	1					0		0	Binnelandse adelstitels: baron van Liedekercke.		1		
5916	7932	Hornes	van	3.0	7.0	Gerard	1		Bancignies			0		0	Binnelandse adelstitels: baron van Boxtel.		1		
5917	7934	Berlaimont	de	4.0	7.0	Lancelot	1					0		0	Binnelandse adelstitels: graaf van Megen.		1		
5918	7935	Locquenghien	de	3.0	7.0	Philippe	1		Oudenaarden			0		0	Binnelandse adelstitels: baron van Pamele.		1		
5919	7936	Mol	de	1.0	7.0	P.F.	1					0		0			1		
5920	7938	Bailleul	de	1.0	7.0	Adrien	1		Evre			0		0			1		
5921	7939	Senselle	de	1.0	7.0	Gille	1					0		0			1		
5922	7940	Pret	du	1.0	7.0	Charles	1					0		0	Persoonsgegevens: de geslachtsnaam is onzeker.		1		
5923	7941	Griecken	van	1.0	7.0	Gerard	0					0		0			1		
5924	7942	Hert	van der	1.0	7.0	Antoine	0					0		0			1		
5925	7943	Beckere	de	1.0	7.0	Nicolas	0					0		0			1		
5926	7945	Leefdale	van	1.0	7.0	Rogier	0		Eethen	Meeuwen		0		0			1		
5927	7947	Masius		1.0	7.0	Ingelbert	0					0		0			1		
5928	7949	Roeloffs		1.0	7.0	Jan	0					0		0			1		
5929	7950	Voocht	de	1.0	7.0	J.	0					0		0			1		
5930	7951	Martini		1.0	7.0	Egidius	0					0		0			1		
5931	7956	Busschen		1.0	7.0	Andries	0					0		0			1		
5932	6708	Dam	van	1.0	4.0	Willem	0					0	1673.0	0			1	6.0	6.0
5933	7957	Kreynck	van	1.0	7.0	Johan	0				1541.0	0	1584.0	0	Persoonsgegevens: overleden 25 of 26 maart 1584.		1		3.0
5934	7961	Rythovius		1.0	7.0	Martinus	0					0		0	Persoonsgegevens: bisschop van Ieper.		1		
5935	7962	Druitius		1.0	7.0	Remigius	0					0		0	Persoonsgegevens: bisschop van Brugge.		1		
5936	7963	Ayta	van	1.0	7.0	Bucho	0					0	1599.0	0	Overig: aartsdiaken van Ieperen, proost van St. Bavo.		1	31.0	10.0
5937	7964	Liedekercke	de	3.0	7.0	Antoine	1					0		0	Binnenlandse adelstitels: baron van Heule.		1		
5938	7968	Noyelle	de	1.0	7.0	Ponthus	1		Bours			0		0			1		
5939	7969	Noyelle	de	1.0	7.0	Paul	1		Noyelles sur l'Escault			0		0			1		
5940	7970	Ghistelle	de	1.0	7.0	Charles	1		Provene			0		0			1		
5941	7972	Pardieu	de	1.0	7.0	Valentin	1		la Motte	Ekelbeke		0		0			1		
5942	7973	Aubermont	d'	1.0	7.0	Charles	1		Ribaucourt	Plancques		0		0	Overig: groot-baljuw van Dendermonde.		1		
5943	7974	Ongnies	d'	1.0	7.0	Philippe	1					0		0	Overig: baljuw van Brugge en het Vrije.		1		
5944	7975	Varick	van	1.0	7.0	Hendrik	1		Libersart			0		0			1		
5945	7976	Lalaing	de	10.0	7.0	Antoine	1		la Mouillerie			0		0	Overig: burggraaf van Oudenaarden.		1		
5946	7978	Borluut		1.0	7.0	Gille	0					0		0			1		
5947	7979	Brune	de	1.0	7.0	Pieter	0					0		0			1		
5948	7980	Roose		1.0	7.0	Philippe	0		Straetseele			0		0			1		
5949	7981	Haghen	van der	1.0	7.0	Gerlof	0					0		0			1		
5950	7982	Hembyse		1.0	7.0	François	0					0		0			1		
5951	7984	Groote	de	1.0	7.0	François	0					0		0			1		
5952	7985	Bracle	de	1.0	7.0	George	0		Hauterive			0		0			1		
5953	7989	Wyts		1.0	7.0	Gille	0					0		0			1		
5954	7990	Kayngeart		1.0	7.0	Guillaume	0					0		0			1		
5955	7991	Rhyne	van den	1.0	7.0	Charles	0					0		0	Persoonsgegevens: de naam is onzeker.		1		
5956	7993	Kerckhove	van de	1.0	7.0	Willem	0		Vaulx			0		0			1		
5957	7994	Lansaem		1.0	7.0	J.	0					0		0			1		
5958	7995	Clercq	le	1.0	7.0	Caesar	0					0		0			1		
5959	7996	Ourssin		1.0	7.0	François	0					0		0			1		
5960	7997	Provins	de	1.0	7.0	Isembart	0					0		0	Persoonsgegevens: geslachtsnaam ook wel als 'Provijn'.		1		
5961	6718	Does	van der	1.0	4.0	Willem Jan	0				1745.0	0	1812.0	0			1	12.0	7.0
5962	7999	Caron	de	1.0	7.0	Noël	0		Schonewal			0	1624.0	0			1		12.0
5963	8002	Schouteete	de	1.0	7.0	François	0		Erpe			0		0			1		
5964	8004	Boogaert		1.0	7.0	Cornelis Adriaensz.	0					0	1626.0	0	Persoonsgegevens: begraven 23 november 1626.		1		11.0
5965	6910	Meerman		1.0	7.0	Gasper	0					0		0	Persoonsgegevens: voornaam ook wel 'Jasper'. Geslachtsnaam ook wel 'Moerman'.		1		
5966	8007	Somer-Tulleken		1.0	7.0	Henry	0					0	1741.0	0			1		
5967	8008	Huyssen		1.0	7.0	Joh. Hieronym.	0					0	1754.0	0			1		
5968	8009	Cocquelle		1.0	7.0	Johan	0					0	1750.0	0			1		
5969	8010	Poort	van der	1.0	7.0	Joh. Gualt.	0					0	1784.0	0			1		
5970	8012	Visvliet	van	1.0	7.0	Pieter	0					0	1787.0	0			1		
5971	8014	Citters	Kien van	1.0	7.0	Corn.	0					0		0			1		
5972	8016	Paspoort		1.0	7.0	Corn. Gal.	0					0	1778.0	0			1		
5973	8017	Parker		1.0	7.0	Johan Willem	0					0	1780.0	0			1		
5974	8018	Huysman		1.0	7.0	Anthonij	0					0		0			1		
5975	8019	Godin		1.0	7.0	Guill. Frederik	0					0	1793.0	0			1		
5976	8020	Buteux		1.0	7.0	Pieter	0					0	1778.0	0			1		
5977	8022	Borssele van der Hooge	van	1.0	7.0	Adr. Jansz.	0					0		0			1		
5978	8023	Noiret		1.0	7.0	Dav. Gren. Ver.	0					0	1778.0	0			1		
5979	8024	Schorer		1.0	7.0	Daniël Steven	0					0	1790.0	0			1		
5980	8025	Hurgronje	Snouck	1.0	7.0	Steven Matthijs	0					0	1788.0	0			1		
5981	8026	Lesage		1.0	7.0	Joh. David Ghijselin	0					0	1792.0	0			1		
5982	8027	Caen		1.0	7.0	Cornelis	0					0		0			1		
5983	8028	Perre	Veth van de	1.0	7.0	Mart. Joh.	0					0		0			1		
5984	8029	Dishoek	van	1.0	7.0	Anth. E.	0					0		0			1		
5985	8030	Bomme	de Haze	1.0	7.0	Huibrecht	0					0		0			1		
5986	8031	Schorer		1.0	7.0	Joh. Will.	0					0		0			1		
5987	8032	Superville	de	1.0	7.0	Dan. Jaq.	0					0		0			1		
5988	8034	Huygens		1.0	7.0	Gerrit	0					0		0			1		
5989	8037	Waerden		1.0	7.0	Cornelis	0					0	1665.0	0			1	6.0	4.0
5990	8040	Drielenburg	van	1.0	7.0	Willem	0					0		0			1		
5991	8041	Sneeck	van	1.0	7.0	Frans	0					0		0			1		
5992	8044	Deuverden	van	1.0	4.0	Cornelis	0					0	1670.0	0			1	24.0	3.0
5993	8045	Wijck		1.0	7.0	Andries	0					0	1663.0	0			1		7.0
5994	8046	Nellesteyn	van	1.0	7.0	Jan	0					0	1667.0	0			1		5.0
5995	8048	Someren	van	1.0	4.0	Johan	0					0	1669.0	0			1	28.0	12.0
5996	6719	Heuvel	van den	1.0	7.0		0					0		0	Persoonsgegevens: mogelijk Jacob Adriaan van den Heuvel (1733-1800), eveneens in deze database.		1		
5997	8049	Nellesteyn	van	1.0	4.0	Johan	0				1617.0	1	1677.0	0			1	1.0	12.0
5998	8050	Eyck		1.0	7.0	Adriaan Hendrik	0				1725.0	0	1802.0	0			1	17.0	7.0
5999	8052	Houflin		1.0	4.0	Johan	0					0		0			1		
6000	8053	Hennin	de	1.0	7.0	Mattheus	0					0		0			1		
6001	8058	Melun	de	1.0	7.0	Robert	1					0		0	Overig: vicomte van Gent en stadhouder van Artois.		1		
6002	8059	Omer	de St.	5.0	7.0	Jean	1		Moerbeke			0		0	Overig: burggraaf en gouverneur van Aire.		1		
6003	8060	Lievin	de	1.0	7.0	Charles	1		Famars			0		0	Persoonsgegevens: de naam is onzeker.		1		
6004	8061	Viefville	de la	1.0	7.0	Eustache	1		Watou			0		0			1		
6005	8062	Viefville	de la	1.0	7.0	Guislain	1					0		0			1		
6006	8063	Bailleul		1.0	7.0	Antoine	1		Lesdain			0		0	Heerlijkheden/adellijke huizen: naam Lesdain onzeker.		1		
6007	8064	Maisnil	du	1.0	7.0	Loys	1					0		0			1		
6008	8066	Couronnel	de	1.0	7.0	Jean	0					0		0			1		
6009	8067	Hournes		1.0	7.0	Hugues	0					0		0			1		
6010	8068	Obert		1.0	7.0	Waleran	0					0		0			1		
6011	8073	Lalaing	van	4.0	7.0	Philips	1		Waurin			0		0	Binnenlandse adelstitels: graaf van Lalaing, baron van Escornaix.		1		
6012	8074	Soumaing	de	5.0	7.0	Louis	1		Louvignies			0		0			1		
6013	8075	Hennin-Liétard	de	1.0	7.0	Jacob	1		Bossu	Auxi		0		0			1		
6014	8077	Peyssant	de	1.0	7.0	Lancelot	1		la Haye			0		0			1		
6015	8078	Trazegnies	de	1.0	7.0	Robert	1		Sepmeries			0		0			1		
6016	8079	Lens	de	3.0	7.0	Gilles	1					0		0	Binnenlandse adlestitels: baron van Aubigny.		1		
6017	8081	Ongnies	de	1.0	7.0	Jacques	1		Estrée			0		0			1		
6018	8083	Roysin		1.0	7.0	Antoine	1		Rongies			0		0			1		
6019	8085	Fornye	de	1.0	7.0	Michel	1		Cruxelly			0		0			1		
6020	8086	Montigny dict de Siry	de	1.0	7.0	Louys	1		Méricourt			0		0			1		
6021	8088	Pierre	de la	1.0	7.0	Robert	1		Bousies			0		0			1		
6022	8089	Barlaymont	van	1.0	7.0	Floris	1		Floyon			0	1620.0	0			1		
6023	8091	Gaultier		1.0	7.0	François	0					0		0			1		
6024	8092	Monissart		1.0	7.0	Laurent	0					0		0			1		
6025	8093	Givry	de	1.0	7.0	Jean	0		Brevillers			0		0			1		
6026	8094	Chamart		1.0	7.0	Nicolas	0					0		0			1		
6027	8096	Hauchin	de	1.0	7.0	David	0					0		0			1		
6028	6720	Methorst		1.0	7.0	Gijsbert Jan	0				1755.0	0	1821.0	0			1	19.0	6.0
6029	8099	Petrus		1.0	7.0		0					0		0	Persoonsgegevens: 'Petrus, abbas Beatae Mariae'.		1		
6030	8100	Bouchout		1.0	7.0	André	0					0		0			1		
6031	8102	Merode	de	1.0	7.0	Jan	0					0		0			1		
6032	8104	Lys	de le	1.0	7.0	Nicolas	0					0		0	Persoonsgegevens: geslachtsnaam ook als 'Lelys'.		1		
6033	8105	Bruart	de	1.0	7.0	Adrien	0					0		0	Persoonsgegevens: de geslachtsnaam is onzeker.		1		
6034	8107	Barlaymont	van	1.0	7.0	Claude	1		Haultepenne			0	1587.0	1	Persoonsgegevens: overleed volgens Van der Aa 'kort' na zijn inname van Geldern in 1587.		1		
6035	8109	Hennin	de	1.0	7.0	Jacques	1		Gislengien			0		0			1		
6036	8111	Cromhout		1.0	7.0	Adriaen Reynertsz.	0				1516.0	1	1588.0	0			1	6.0	7.0
6037	8112	Jonge	de	1.0	7.0	Andries Jakobsz.	0					0		0			1		
6038	8113	Mulder		1.0	7.0	Gaspar	0					0		0			1		
6039	8114	Romeignoz		1.0	7.0	François	0					0		0	Overig: abt van Waulsort en Hastière.		1		
6040	8116	Davré	de	1.0	7.0	Hector	1		Witterzies			0		0			1		
6041	8119	Werchin	de	1.0	7.0	Pierre	0					0		0	Overig: sénéchal van Henegouwen, stadhouder van Doornik en het Doornikse.		1		
6042	8120	Hovyne	de	1.0	7.0	Laurent	0					0		0			1		
6043	8121	Clercq	le	1.0	7.0	Jacques	0					0		0			1		
6044	8122	Frayere		1.0	7.0	H.	0					0		0	Persoonsgegevens: de naam is onzeker.		1		
6045	8125	Voecht van Rijneveld	de	1.0	7.0	Hendrik	0					0		0			1		
6046	8126	Foeyt		1.0	7.0	Peter	0					0		0			1		
6047	8127	Haer	van der	1.0	7.0	Louff	0					0		0			1		
6048	8128	Leemput	van	1.0	7.0	Jan Jacobsz.	0					0		0			1		
6049	8129	Merode	van	5.0	7.0	Willem	1		Royenburg			0		0			1		
6050	8130	Roelants		1.0	7.0		0					0		0			1		
6051	8131	Verstrepen		1.0	7.0	Frederik	0					0		0			1		
6052	8132	Bentinck		1.0	7.0	Eusebius	1		ter Velde			0		0			1		
6053	8133	Ripperda		1.0	7.0	Johan	1					0		0			1		
6054	8135	Vecht	van der	1.0	7.0	Coenraad	0					0		0			1		
6055	8136	Burmania	van	1.0	7.0	Claes	0					0		0	Persoonsgegevens: hoveling te Grijpskerk.		1		
6056	8137	Verrutius		1.0	7.0	Hieronymus	0					0		0			1		
6057	8139	Veltsacker		1.0	7.0	Jacques	0					0		0	Persoonsgegevens: de naam is onzeker.		1		
6058	8143	Mol		1.0	7.0		0					0		0			1		
6059	8144	Stralen	van	1.0	7.0	Jan	0					0		0			1		
6060	8145	Halewijn	de	1.0	7.0	Jean	1		Voxvrye			0		0			1		
6061	8146	Utenhove		1.0	7.0	Jacques	0					0		0			1		
6062	8147	Mastaert		1.0	7.0	Jacques	0					0		0			1		
6063	8149	Kethele		1.0	7.0	Gheleyn	0					0		0			1		
6064	6707	Schaik	van	1.0	7.0	Leendert	0				1755.0	0	1832.0	0			1	18.0	7.0
6065	8151	Aumont	d'	1.0	7.0	Gilles	0					0		0			1		
6066	8152	Cherff	du	1.0	7.0	Enguerrand	0					0		0	Persoonsgegevens: voornaam ook Ingelram.		1		
6067	8153	Hondt	de	1.0	7.0	Jacques	0					0		0			1		
6068	8154	Kyndt		1.0	7.0	Nicolas	0					0		0			1		
6069	8155	Nans		1.0	7.0	François	0					0		0			1		
6070	8156	Bosch	du	1.0	7.0	Hendrik	0					0		0			1		
6071	8158	Goulatre		1.0	7.0	Jean	0					0		0	Overig: was kanunnik van Atrecht.		1		
6072	8160	Roisin	de	1.0	7.0	Baudri	1		Angre			0		0			1		
6073	8161	Guillebert	de	1.0	7.0	Denis	0					0		0			1		
6074	8162	Chambge	de	1.0	7.0	Gérard	0					0		0			1		
6075	8163	Cazier		1.0	7.0	Pierre	0					0		0			1		
6076	8164	Chapelle	de la	1.0	7.0	Denis	0					0		0			1		
6077	8165	Bouvekercke	de	1.0	7.0	Charles	0					0		0			1		
6078	8166	Marotelles	de	1.0	7.0	Philippe	0					0		0			1		
6079	8167	Clermes	de	1.0	7.0	Jean	0					0		0			1		
6080	8168	Clerq	le	1.0	7.0	Matthieu	0					0		0			1		
6081	8170	Manningha		1.0	7.0	Hayo	0					0		0			1		
6082	8171	Ripperda	van	1.0	7.0	Adriaan	0		Uitwierde	Delfzijl		0		0			1		
6083	8175	Masin		1.0	7.0	Victor	1		Coudenburg			0		0			1		
6084	8177	Hecke	van der	1.0	7.0	Leonard	0					0		0			1		
6085	8178	Haghen	van der	1.0	7.0	Guillaume	0					0		0			1		
6086	8179	Cotthen		1.0	7.0	Dierick	0					0		0			1		
6087	8184	Mews		1.0	7.0	Johan	0					0		0			1		
6088	8185	Have	van den	1.0	7.0	Johan	0					0		0			1		
6089	8186	Jacobs		1.0	7.0	Matthijs	0					0		0			1		
6090	8187	Ghier	die	1.0	7.0	Hellebrandt	0					0		0			1		
6091	8189	Goer	van	1.0	7.0	Adolf	1		Kaldenbroek			0		0			1		
6092	8190	Loenen	van	1.0	7.0	Matthijs	0					0		0			1		
6093	8191	Houffsleger		1.0	7.0	Rombout	0					0		0			1		
6094	8194	Barner		1.0	7.0	Godert	0					0		0			1		
6095	8195	Overcamp		1.0	7.0	Johan	0					0		0			1		
6096	8196	Broickhuysen	van	1.0	7.0	Gijsbert	0					0		0			1		
6097	8197	Meeckeren	van	1.0	7.0	Coenrad	1					0		0			1		
6098	8198	Hueckelom	van	1.0	7.0	Sweer	0					0		0			1		
6099	8199	Heuriblocq		1.0	7.0	Louis	0					0		0	Persoonsgegevens: mogelijk identiek met de gelijknamige persoon elders in deze database.		1		
6100	8201	Pottelberge	de	1.0	7.0	Jean	0					0		0			1		
6101	8202	Mayaert		1.0	7.0	Lucas	0					0		0			1		
6102	6801	Gerritz		1.0	7.0	Lucas	0					0	1622.0	0			1		
6103	8203	Steppe		1.0	7.0	Lieven	0					0		0			1		
6104	8204	Blende	de	1.0	7.0	Pierre	0					0		0			1		
6105	8205	Gruutere	de	1.0	7.0	Joos	0					0		0			1		
6106	8206	Mertens	de	1.0	7.0	Christien	0					0		0			1		
6107	8207	Sion		1.0	7.0	Vincent	0					0		0			1		
6108	8208	Pape	de	1.0	7.0		0					0		0			1		
6109	8209	Utenhove		1.0	7.0	Nicolaas	0					0		0			1		
6110	8211	Onin		1.0	7.0	Jacques	0					0		0			1		
6111	8212	Balde		1.0	7.0	Michel	0					0		0	Persoonsgegevens: geslachtsnaam ook als 'Baelde'.		1		
6112	8214	Leeschot		1.0	7.0		0					0		0			1		
6113	8215	Mol	de	1.0	7.0	Denys	0					0		0			1		
6114	8217	Smalinck		1.0	7.0	Dirck Gerritsz.	0					0		0			1		
6115	8218	Swieten	van	5.0	7.0	Adriaan	1	Jonkheer	Swieten	Kalslagen, Schrevelsrecht	1532.0	0	1584.0	0	Heerlijkheden/adellijke huizen: verkoop Kalslagen en Schrevelsrecht 1557.		1		
6116	8219	Laan	van der	1.0	7.0	Nicolaas	0					0		0			1		
6117	8221	Cotereau		1.0	7.0	Maximiliaan	1		Glabeek			0		0			1		
6118	8222	Oyenbrugghe	d'	1.0	7.0	Erardt	1					0		0			1		
6119	8223	Schoonhoven	van	1.0	7.0	Joris	1					0		0			1		
6120	8224	Brimeu	van	1.0	7.0	Jhean	1		Poederlé			0		0			1		
6121	8225	Leefdael	van	1.0	7.0	Anthonis	1					0		0			1		
6122	8228	Renesse	van	1.0	7.0	Frederik	1		Malle			0		0			1		
6123	8229	Brecht	van	1.0	7.0	Jan	1					0		0			1		
6124	8230	Nassaw	de	1.0	7.0	René	1		Conroy			0		0			1		
6125	8231	Hornes	van	1.0	7.0	Maximiliaan	1		Lokeren			0	1613.0	0			1		
6126	8232	Pipenpoy		1.0	7.0	Peeter	1					0		0			1		
6127	8233	Facuwez	de	1.0	7.0	Charles	1		Wissemant	la Haye à Gay le Piéton		0		0	Persoonsgegevens: onzeker, als gedeputeerde ter Staten-Generaal alleen als 'Haie'.		1		
6128	8234	Malsen	van	1.0	7.0	Karel	0					0		0			1		
6129	8235	Junius de Jonghe		1.0	3.0	Johan	0		Boerheim	Cormaillon		0	1590.0	1			1		
6130	8237	Goiree	de	1.0	7.0	W.	0					0		0			1		
6131	8238	Cretic		1.0	7.0	Marc	0					0		0			1		
6132	8239	Lichveld	van	1.0	7.0	D.	0					0		0			1		
6133	8240	Mierde	van	1.0	7.0	Jan	0					0		0			1		
6134	8241	Eynde	van den	1.0	7.0	Jeronimus	0					0		0			1		
6135	8242	Hubrechts		1.0	7.0	Hendrik	0					0		0			1		
6136	8243	Coninxloo	van	1.0	7.0	Adriaan	0					0	1582.0	0			1		
6137	8244	Trello	van	5.0	7.0	Charles	0					0		0	Persoonsgegevens: mogelijk de Charles van Trello in Nieuw Nederlandsch Biografisch Woordenboek. P.C. Molhuysen en P.J. Blok ed. (10 dln., Leiden 1911-1937) 1, 1503.		1		
6138	8245	Santvoert	van	1.0	7.0	Jan	0					0		0			1		
6139	8246	Baseliers		1.0	7.0	Jan	0					0		0			1		
6140	8247	Back		1.0	7.0	Christiaen	0					0		0			1		
6141	8248	Ancelmus		1.0	7.0	Anthonis	0					0		0			1		
6142	8249	Muelen	van der	1.0	7.0	Andries	0					0		0			1		
6143	8250	Bloeyere	de	1.0	7.0	Henrij	0					0		0			1		
6144	8252	Renty		1.0	7.0	Peter	0					0		0			1		
6145	8254	Gheffen		1.0	7.0		1					0		0			1		
6146	6804	Loosen	van	1.0	7.0	Jan Laurenszn.	0				1550.0	0	1617.0	0			1	13.0	5.0
6147	8255	Staebroeck	van	1.0	7.0	Jan	1		Houthem			0		0			1		
6148	8256	Suerius		1.0	7.0	Jacob	0					0		0			1		
6149	8257	Aelst	van	1.0	7.0	Pieter	0					0		0	Persoonsgegevens: geslachtsnaam ook als 'Alostanus'.		1		
6150	8258	Marnix	van	1.0	7.0	Philips	0		St. Aldegonde		1540.0	0	1598.0	0			1	15.0	12.0
6151	8259	Hoffman		1.0	7.0	Gillis	0					0		0			1		
6152	8264	Dylsen	van	1.0	7.0	Pieter	0					0		0			1		
6153	8265	Wall	van der	1.0	7.0	Arent	0				1533.0	0	1603.0	0			1	10.0	1.0
6154	8266	Heteren	van	1.0	7.0	Otto	0					0		0	Overig: was secretaris van Nijmegen.		1		
6155	8268	Berch	van den	1.0	7.0	Arnt	0					0		0			1		
6156	8270	Lennep	van	1.0	7.0	Roeloff	0					0		0			1		
6157	8273	Ingebetue		1.0	7.0		0					0		0			1		
6158	8274	Wijnbergen	van	1.0	7.0	Johan	0					0		0			1		
6159	8275	Diericx		1.0	7.0	Lievin	0					0		0			1		
6160	8276	Tayaert		1.0	7.0	Jacques	0					0		0			1		
6161	8277	Wytz		1.0	7.0	Jehan	0					0		0			1		
6162	8279	Meersch	van	1.0	7.0	Guillein	0					0		0			1		
6163	8281	Terlinck		1.0	7.0	Leonaerd	0					0		0			1		
6164	8283	Tessele		1.0	7.0	Lieven	0					0		0			1		
6165	8284	Cabeliau		1.0	7.0	Jacques	0					0		0			1		
6166	8286	Boot	de	1.0	7.0	Cornelis	0					0		0			1		
6167	8287	Casembroot		1.0	7.0	Nicolas	0					0		0			1		
6168	8290	Elle		1.0	7.0	Louis	0					0		0			1		
6169	8291	Godtschalck		1.0	7.0	Walrave	0					0		0			1		
6170	8292	Keignart		1.0	7.0	Jan	0					0		0			1		
6171	8293	Matruyt		1.0	7.0	Joris	0					0		0			1		
6172	8294	Baltin		1.0	7.0	Adrien	0					0		0			1		
6173	8296	Humblot		1.0	7.0	François	0					0		0			1		
6174	8297	Schildere	de	1.0	7.0	François	0					0		0			1		
6175	8298	Rommeyns	de	1.0	7.0	Charles	0					0		0			1		
6176	8299	Vleeschhouwere	de	1.0	7.0	Laurens	0					0		0			1		
6177	8300	Bursant		1.0	7.0		0					0		0			1		
6178	8301	Capelle	van de	1.0	7.0	Lenaert	0					0		0			1		
6179	8302	Cabotene		1.0	7.0		0					0		0			1		
6180	8303	Breucq	du	1.0	7.0	Guy	0					0		0			1		
6181	8304	Schotis	de	1.0	7.0	Thomas	0					0		0			1		
6182	8305	Meulenare	de	1.0	7.0	Laureys	0					0		0			1		
6183	8306	Fagel		1.0	7.0	François	0					0	1587.0	0			1		
6184	8307	Wilde		1.0	7.0	de	0					0		0			1		
6185	6819	Loosen	van	1.0	7.0	Hendrik	0				1582.0	0	1652.0	0			1	26.0	2.0
6186	8308	Priem		1.0	7.0	Paschier	0					0		0			1		
6187	8310	Duvenede	van	1.0	7.0	Maximiliaen	0					0		0			1		
6188	8311	Cameren	van de	1.0	7.0	Andries	0					0		0			1		
6189	8313	Loo	van	1.0	7.0	Jan	0					0		0			1		
6190	8314	Soetens		1.0	7.0	Erasmus	0					0		0	Persoonsgegevens: geslachtsnaam ook als 'Soetins', of 'De Soete'.		1		
6191	8315	Rockeghem	van	1.0	7.0	Jacques	0					0		0			1		
6192	8316	Guysy		1.0	7.0	David	0					0		0			1		
6193	8317	Cerf	de	1.0	7.0	Philips	0					0		0			1		
6194	8318	Grutere	de	1.0	7.0	Philips	0		Appoele	Hansbeke		0		0			1		
6195	8319	Heylinck		1.0	7.0	Lieven	0					0		0			1		
6196	8320	Somere	de	1.0	7.0	Jacques	0					0		0			1		
6197	8321	Dominicle		1.0	7.0	Pieter	0					0		0			1		
6198	8322	Greboval		1.0	7.0	Jan	0		Bakelrode			0		0			1		
6199	8323	Boom	de	1.0	7.0	Martin	0					0		0			1		
6200	8324	Nieuwlant		1.0	7.0	Olivier	0					0		0			1		
6201	8325	Blomme	de	1.0	7.0	Pieter	0					0		0			1		
6202	8326	Praet	van	1.0	7.0		0					0		0			1		
6203	8327	Stalins		1.0	7.0	Jacques	0					0		0			1		
6204	8328	Stuperare		1.0	7.0	Pieter	0					0		0			1		
6205	8329	Laurens		1.0	7.0	Jacques	0					0		0			1		
6206	8330	Broecke	van den	1.0	7.0	Joris	0					0		0			1		
6207	8332	Beveren	van	1.0	7.0	Michiel	0					0		0			1		
6208	8336	Graeff		1.0	7.0	Dirck Jansz.	0				1529.0	0	1589.0	0			1	25.0	7.0
6209	8338	Ruwen		1.0	7.0	Job Pietersz.	0					0		0			1		
6210	8339	Hoogerbeets	van	1.0	7.0	Dirck	0					0		0			1		
6211	8340	Jacobsz.		1.0	7.0	Jan	0					0		0			1		
6212	8342	Buys		1.0	7.0		0					0		0	Persoonsgegevens: onduidelijk wie hier is bedoeld. Resolutiën der Staten-Generaal 3 (1580-1582) N. Japikse ed. ('s-Gravenhage 1918) 186, n. 8 meent mr. Willem Buys dan wel Bartholomeus Buys, pensionaris van Gorinchem.		1		
6213	8345	Ruychaver		1.0	7.0	Gerard	0					0		0			1		
6214	8346	Stoop		1.0	7.0	Willem	0					0		0			1		
6215	8348	Heussen	van	1.0	7.0	Claes	0					0		0			1		
6216	8350	Joppen		1.0	7.0	Adriaan	0					0		0			1		
6217	8355	Weresteyn	van	1.0	7.0	Adriaan	0					0		0			1		
6218	8357	Vlooswijck	van	1.0	7.0	Claes Cornelisz.	0					0	1611.0	0			1	23.0	9.0
6219	8360	Baerse	van den	1.0	7.0	Pieter	0					0		0			1		
6220	8361	Lannoy	de	5.0	7.0	Nicolas	0		Lesdain			0		0			1		
6221	6844	Albink		1.0	7.0	Bernhard Engelbert	0					0		0			1		
6222	8364	Bernard		5.0	7.0	Philippes	0		Baudegnies			0		0			1		
6223	8365	Grunevelt	de	1.0	7.0	Arnold	0		Fallenyes			0		0			1		
6224	8366	Oyembrugge	d'	1.0	7.0	Conrad	0					0		0			1		
6225	8367	Louchier	le	5.0	7.0	François	0		Constantin			0		0			1		
6226	8371	Buys		1.0	7.0	Johan	0					0		0	Persoonsgegevens: mogelijk identiek met de gelijknamige persoon (? -1601) elders in dit bestand.		1		
6227	8373	Lantscroon	van	1.0	7.0	Roetert	0					0		0			1		
6228	8375	Zuylen van Drakenborch	van	1.0	7.0	Nicolaas	0					0		0			1		
6229	8376	Potter	de	1.0	7.0	Jacob	0					0		0	Persoonsgegevens: geslachtsnaam ook als 'De Pottre'.		1		
6230	8377	Rysenberch	van	1.0	7.0	Willem	0					0		0			1		
6231	8378	Tseraerts		5.0	7.0	Antoine	1					0		0			1		
6232	8379	Boels		1.0	7.0	Jean	0					0		0			1		
6233	8380	Clercq	le	1.0	7.0	Philippe	0					0		0			1		
6234	8381	Courtois		1.0	7.0		0					0		0			1		
6235	8382	Hertoghe van Orsmale	de	1.0	7.0	Willem	0					0		0			1		
6236	8383	Vekene	van de	1.0	7.0	Hendrik	0					0		0			1		
6237	8384	Doubleth		1.0	7.0	Philippe	0		Wambeke			0		0			1		
6238	8385	Bricqueny	de	1.0	7.0	Philippe	0					0		0			1		
6239	8386	Hertoghe	de	1.0	7.0	Simon	0					0		0			1		
6240	8387	Bombergen	van	1.0	7.0	Karel	0					0		0			1		
6241	8388	Roussel		1.0	7.0	Jacques	0					0		0			1		
6242	8389	Voet		1.0	7.0	George	0					0		0	Overig: was secretaris van Deventer.		1		
6243	8390	Steinwigk toe der Scheren	van	1.0	7.0	Johan	0					0		0			1		
6244	8391	Ittersum van Nyenhuys		1.0	7.0	Robert	0					0		0			1		
6245	8392	Voorst then Grimbergen	van	1.0	7.0	Johan	0					0		0			1		
6246	8393	Gouda	de	1.0	3.0	Johan	0					0		0	Overig: was syndicus van Groningen.		1		
6247	8395	Sickinghe		1.0	7.0	Herman	0		Uithuizen			0		0			1		
6248	8397	Hoorenken thoe Lutkegast		1.0	7.0	Johan	0					0		0			1		
6249	5787	Brienen	van	1.0	3.0	Johan	0				1661.0	0	1715.0	0			1	10.0	10.0
6250	7318	Tollicken		1.0	7.0	Rutger	0				1537.0	1	1586.0	0			1	27.0	6.0
6251	7084	Lutteken		1.0	3.0	Egbert	0				1665.0	0	1714.0	0			1	6.0	9.0
6252	7101	Grothe		1.0	7.0	Jacob	0				1672.0	0	1751.0	0			1	23.0	3.0
6253	6968	Tulleken		1.0	7.0	Derk	0				1675.0	1	1748.0	0			1		
6254	4819	Tulleken		1.0	7.0	Gijsbert	0				1714.0	0	1789.0	1	Persoonsgegevens: Gijsbert Tulleken senior, ter onderscheiding met junior (1720-1782).		1		
6255	7116	Hart	van der	1.0	7.0	Cornelis	0				1706.0	0	1783.0	0			1	13.0	4.0
6256	7131	Balveren tot den Oldenhof	van	1.0	7.0	Johan Walraven	1				1675.0	0	1746.0	0			1	16.0	8.0
6257	6734	Broeke	ten	1.0	7.0	Ioan	0					0		0			1		
6258	6730	Everwijn		1.0	7.0	Gillis	0					0		0			1		
6259	6309	Ham		1.0	7.0	Jan	0				1654.0	0	1725.0	0			1	10.0	1.0
6260	4580	Verbolt		1.0	4.0	Francois	0					0		0			1		
6261	6695	Heeckeren	van	3.0	7.0	Walraven	1		Nettelhorst		1643.0	0	1701.0	0			1	21.0	8.0
6262	5682	Ripperda		1.0	7.0	Johan Willem	1	Jonkheer	Jensema	Poelgeest, Aduard, Englumborg, De Eest	1682.0	1	1737.0	0	"Heerlijkheden/adellijke huizen: verwerving Jensema 1704, Aduard van 1710 tot 1712, Englumborg 1705, De Eest 1710 tot 1714.
Persoonsgegevens: de Wapenheraut geeft geboortejaar 1684, het NNBW en De Nederlandsche Leeuw 1682 en Formsma '1680?'.
Adelstitel: in Spaanse staatsdienst verkreeg hij de titel 'Hertog van Ripperda'."		1	17.0	10.0
6263	6893	Suchtelen	van	1.0	7.0	Nicolaas	0				1656.0	0	1715.0	0			1	15.0	2.0
6264	6904	Sasbout		1.0	7.0	Michiel Jansz.	0				1548.0	0	1610.0	0			1		
6265	6895	Bredehoff	van	1.0	4.0	François	0		Pijlsweert		1703.0	0	1761.0	0			1	9.0	12.0
6266	6745	Drakenburg		1.0	7.0	Rutger Evertsz.	0					0	1675.0	0			1	24.0	4.0
6267	6873	Hoeckelom	van	1.0	4.0	Willem	0				1602.0	0	1679.0	0			1	16.0	6.0
6268	6882	Adam		1.0	7.0	Caldenbach	0					0	1671.0	0			1		
6269	6852	Hoeclum	van	1.0	7.0	Johan	0					0		0			1		
6270	6897	Schagen		1.0	4.0	Pieter	0				1729.0	0	1791.0	0	Directeur Levantse handel 1758.		1	3.0	6.0
6271	7151	Edingh		1.0	3.0	Engelbert	0					0		0			1		
6272	6853	Goris		1.0	7.0	Jacob	0					0	1669.0	0			1		
6273	6900	Kaldenbach		1.0	3.0	Adam	0				1613.0	0	1670.0	0			1		10.0
6274	2395	Santen	van	1.0		Pieter Gerritsz.	0					0	1658.0	0			1	7.0	11.0
6275	6955	Appeldoorn		1.0	7.0	Jan Hendrik	0				1745.0	0	1790.0	1	Persoonsgegevens: begraven 10 mei 1790.		1	10.0	5.0
6276	6929	Huijghens tot Clarenbeeck		1.0	7.0	Wilhem Gooswijn	0					0		0			1		
6277	6877	Bije tot Waijestein	de	1.0	7.0	Johan	0					0		0			1		
6278	4569	Schrassert		1.0	7.0	Johan	0				1618.0	0	1668.0	0			1	9.0	2.0
6279	6948	Hoorn	van	1.0	7.0	Jacob	0				1629.0	0	1691.0	0			1		
6280	7185	Wart	van der	1.0	7.0	Cornelis	0					0		0			1		
6281	6953	Cau		1.0	7.0	Johan	0		Domburg		1635.0	0	1708.0	0			1		
6282	7109	Bentinck tot Berenkamp en Aa		1.0	7.0	Gerrit Casijn	1					0		0			1		
6283	4599	Winckel	te	1.0	7.0	Jan	0					0		0			1		
6284	6972	Roman		1.0	7.0	Walterus	0					0	1690.0	0	Persoonsgegevens: voornaam ook 'Qualtherius', 'Gualterus'.		1		
6285	6974	Maertens		1.0	7.0	Johan	0					0	1695.0	0			1		
6286	2897	Huybert	de	1.0	4.0	David	0		Soetelingskerken		1658.0	0	1719.0	0	Persoonsgegevens: mogelijk identiek met de persoon genoemd in Algemeen Nederlandsch Familieblad 11 (1894) 42 en F. Nagtglas, Levensberichten van Zeeuwen 1 (Middelburg 1890) 446 en M. van der Bijl, Idee en interest. Voorgeschiedenis, verloop en achtergronden van de politieke twisten in Zeeland en vooral in Middelburg tussen 1702 en 1715 (Groningen 1981) bijlage IX, leefjaren 1658-1719, heer van Burg en Kraaienstein.		1		
6287	3121	Winckelman		1.0	4.0	Jacob	0		Nieuwstrien			0	1694.0	0	Persoonsgegevens: Enthoven en Valentyn geven 1695 als jaar van overlijden en daarmee einde van als bewindhebber van de VOC ter Kamer Zeeland.		1		
6288	6311	Schull		1.0	3.0	Gerhard	0				1644.0	0	1716.0	0	Persoonsgegevens: begraven 17 december 1716.		1		12.0
6289	4686	Lynden	van	3.0	7.0	Diederik	1		Zwanenburg	Brugge	1735.0	0	1792.0	0			1	8.0	5.0
6290	6971	Schimmelpenninck van der Oye		1.0	7.0	Andries	1				1705.0	0	1776.0	0			1	18.0	11.0
6291	4342	Gockinga		1.0	7.0	Scato	0					0	1737.0	0			1	9.0	11.0
6292	6390	Bom		1.0	4.0	Arnold Hendrik	0				1699.0	0	1787.0	0			1	23.0	2.0
6293	2168	Splinter		1.0	4.0	Cornelis	0					0		0	Persoonsgegevens: het is niet geheel zeker dat het bij de twee functies om dezelfde persoon gaat.		1		
6294	1954	Haksteen		1.0	4.0	Jacob	0		Cadier	Blankenberg	1744.0	0	1809.0	0			1	21.0	4.0
6295	7040	Greve		1.0	7.0	Dibbelt	0					0		0			1		
6296	6957	Borre van Amerongen		1.0	7.0	Diderick	1		Coninxvrij	Sandenburch		0		0			1		
6297	6961	Diemerbrouck	van	1.0	7.0	Dirck	0					0		0			1		
6298	6959	Wulven Serooskercke	van	1.0	7.0		1					0		0			1		
6299	6964	Lobbrecht	van	1.0	4.0	Albrecht	0					0		0			1		
6300	7005	Tengnagell van Gellekom		1.0	7.0	Alexander	1		Gellekom			0	1679.0	0	"Ridderschap: jaren van verschijning.
Heerlijkheden/adellijke huizen: verwerving Gellekom 1626."		1		
6301	4576	Lawick	van	1.0	7.0	Zeger	1					0	1670.0	0			1	19.0	10.0
6302	7012	Huss tot Rees	van	1.0	7.0	Coenrad	1					0		0			1		
6303	7054	Hell tot Holthuys	van der	1.0	7.0	Johan	1		Holthuis		1587.0	0	1649.0	0			1		
6304	6965	Tamelinck		1.0	7.0	Hendrick	0					0	1673.0	0			1		
6305	6835	Neukirchen genaamd Nijvenheim	van	1.0	7.0	Karel Joost	1					0		0	Persoonsgegevens: geslachtsnaam ook Nieuwkerken Nijvenheim.		1		
6306	6572	Pallandt	van	4.0	7.0	Floris	1		Culemborg	Pallandt, Wittem, Lienden, Lede, Oudeweerd	1577.0	0	1639.0	0	Ridderschap: jaren van verschijning.		1	4.0	6.0
6307	6575	Renssen	van	1.0	3.0	Reynier	0					0		0			1		
6308	5006	Lintelo tot de Marsch en de Ehze	van	1.0	7.0	Evert	1		Marsch	de Ehze		0	1637.0	0	Heerlijkheden/adellijke huizen: beleend met de Marsch 5 april 1592, erft de Ehze van zijn oom (1598).		1		2.0
6309	6530	Neukirchen genaamd Nijvenheim	van	1.0	7.0	Evert Jan	1		Eck en Wiel	Wadenoyen	1736.0	0	1812.0	0	"Heerlijkheden/adellijke huizen: verwerving Eck en Wiel 1771, Wadenoyen 1787, overgedragen 1789. 
Ridderschap: als patriot niet verschreven sinds 22 april 1788."		1		
6310	4520	Nassau	van	4.0	7.0	Willem Adriaan	1		Bergen	Blickenburg, Zeist en Driebergen, Kortgene, Mijlpolder, Krabbe en Middelharnis	1704.0	0	1759.0	0			1	10.0	11.0
6311	7265	Westerholt	van	1.0	7.0	Hendrik Willem	1		Hackfort	Scherpenzeel, Bahr, Lathum		0	1721.0	0	Persoonsgegevens: overleden vóór 23 april 1721.		1		
6312	7261	Winshem	van	1.0	7.0	Andries Steven	0				1646.0	0	1705.0	0			1	24.0	8.0
6313	7030	Voeth		1.0	7.0	Albert	0					0		0			1		
6314	7031	Goris		1.0	3.0	Lambert	0					0	1651.0	0	Persoonsgegevens: overleden op 18 of 20 juni 1651.		1		6.0
6315	7676	Sandick	van	1.0	7.0	Jan	0				1688.0	0	1722.0	0			1	27.0	4.0
6316	4592	Gendt	van	1.0	7.0	Frederik Henrik	1				1668.0	0	1713.0	0			1	7.0	4.0
6317	7035	Eck	van	1.0	7.0	Henrick	0					0		0			1		
6318	7037	Dorth	van	1.0	7.0	Willem	1		St. Aldegonde	Horst, Pesch, Oolde	1609.0	0		0			1		
6319	7032	Wijnhoff		1.0	3.0	Everhard	0					0		0			1		
6320	7042	Wyntges		1.0	7.0	Hendrick	0					0		0			1		
6321	7043	Apeltorn		1.0	7.0		0					0		0			1		
6322	7045	Lawick	van	1.0	7.0	Jorden	1					0		0			1		
6323	7046	Buddingh		1.0	7.0	Johan	0					0	1627.0	0			1		
6324	7041	Wijnbergen	van	1.0	7.0	Wichman	1					0		0			1		
6325	6991	Witte		1.0	7.0	Gerhard	1					0		0			1		
6326	7050	Everwijn		1.0	3.0	Johan	0					0	1637.0	1			1		
6327	5402	Holte	ten	1.0	7.0	Johan	1	Jonkheer				0	1616.0	0	Persoonegegevens: volgens De Nederlandsche Leeuw overleden voor 8 oktober 1616.		1		
6328	7049	Cruijner		1.0	7.0	Jacob	0					0		0			1		
6329	5254	Greve		1.0	7.0	Gerhard	0					0		0	Persoonsgegevens: ook wel bekend als Gijsbert.		1		
6330	7093	Deijs van Voorn		1.0	7.0	Paulus Jacob	0					0		0			1		
6331	5790	Eck	van	1.0	3.0	Lambert	0				1682.0	1	1736.0	0			1	28.0	11.0
6332	7097	Elspeet		1.0	7.0	Wolterus	0				1680.0	0	1734.0	0			1	17.0	2.0
6333	7068	Harskamp		1.0	7.0	Berent	0					0		0			1		
6334	7004	Ommeren	van	1.0	7.0	Rudolph	0					0	1689.0	0			1	16.0	2.0
6335	4884	Schimmelpenninck van der Oye		1.0	7.0	Frans Alexander	1		Voorstonde		1703.0	0	1769.0	0			1		
6336	7064	Noort	op ten	1.0	3.0	Johan	0				1627.0	0	1705.0	1	Raad: minstens tot en met 1700 lid van de raad van Arnhem.		1		
6337	4424	Lewe		1.0	7.0	Evert Joost	1		Hoogkerk	Aduard		0	1768.0	0	Heerlijkheden/adellijke huizen: verwerving Aduard 1753 (na de dood van zijn vader).		1	14.0	1.0
6338	7062	Dans	van	1.0	7.0	Arnolt	0					0		0			1		
6339	4637	Goltstein tot Grunsfort, Appel en Oldenhave	van	1.0	7.0	Philips Hendrik	1				1715.0	0	1775.0	0	Persoonsgegevens: Röell geeft overlijden 28 september 1775, d'Ablaing 1776. Röell zal het juist hebben, gezien de opvolging van Goltstein in de Provinciale Rekenkamer wegens zijn overlijden.		1	28.0	9.0
6340	6392	Bentinck tot Aller		1.0	7.0	Goossen Geurt	1				1715.0	0	1786.0	0			1		7.0
6341	6361	Munster	van	1.0	7.0	Coenraad	0				1683.0	0	1733.0	0	Persoonsgegevens: Röell geeft aanvang lidmaatschap van de Raad van Zutphen 1714.		1	10.0	3.0
6342	6349	Baijen	van	1.0	7.0	Willem	0				1692.0	1	1740.0	1			1		
6343	7099	Renesse	van	1.0	7.0	Derck	1					0		0	Persoonsgegevens: vermoedelijk de in A.J. van der Aa, Biographisch woordenboek der Nederlanden 10, 78 genoemde Dirk van Renesse tot Wilp. Daarin ook vermeld dat hij zitting had in de Admiraliteit op de Maze, maar dit wordt door andere bronnen niet bevestigd.		1		
6344	6336	Wentholt		1.0	3.0	Barthold	0				1655.0	0	1731.0	0			1	1.0	6.0
6345	6970	Brienen	van	1.0	7.0	Wijnand Jacob	0				1697.0	0	1740.0	0			1	15.0	5.0
6346	7105	Tulleken		1.0	7.0	Derck Christiaan	0					0	1777.0	0			1	10.0	12.0
6347	7108	Zuijlen	van	1.0	7.0		0					0		0			1		
6348	6157	Zuylen van Nyevelt	van	1.0	7.0	Frederik	1	Jonkheer	Aartsbergen	Bergambacht, Ammers, den Engh, Berkoude		0	1629.0	0			1		
6349	7111	Duykenburg	van	1.0	7.0		0					0		0			1		
6350	6339	Cock		1.0	7.0	Adriaan	0					0	1739.0	0			1		
6351	6378	Westervelt	van	1.0	3.0	Heribert	0					0	1792.0	0			1	18.0	10.0
6352	2731	Hove	ten	1.0	4.0	Nicolaas	0				1693.0	0	1738.0	0	Persoonsgegevens: Elias geeft overlijden 31 januari 1738.		1	30.0	1.0
6353	6482	Horst	van der	1.0	3.0	Johan	0				1701.0	0	1796.0	0			1	22.0	6.0
6354	4707	Hoeclum	van	1.0	7.0	Dirk Gerrit	0					0		0			1		
6355	5505	Ham	van	1.0	7.0	Pieter	0					0		0	Persoonsgegevens: mogelijk Peter Willem ten Ham in De Nederlandsche Leeuw 67 (1950) 41, geboren 1693.		1		
6356	6386	Eck	van	1.0	7.0	Anthony George	1		Nergena	Litzauwe, Rijswijk	1703.0	1	1774.0	0			1	4.0	11.0
6357	7115	Hoeclum	van	1.0	7.0	Derk Gerrit	0				1700.0	1	1774.0	0			1	16.0	8.0
6358	343	Goes	van der	1.0		Philip Jacob	0				1728.0	0	1789.0	0	Vroedschap: ontslagen 1788.		1		
6359	5245	Barnevelt		1.0	7.0	Antonij	0					0		0			1		
6360	7120	Umbgrove		1.0	7.0	Gerhard	0				1733.0	0	1797.0	0			1		
6361	6442	Holthe	van	1.0	7.0	Aalt	0				1716.0	0	1782.0	0			1	5.0	12.0
6362	6983	Apeldoorn		1.0	7.0	Jan Hendrik	0					0		0			1		
6363	6441	Otters		1.0	4.0	Harmen Hendrik	0					0	1768.0	0			1	23.0	9.0
6364	6989	Daandels		1.0	4.0	Burchard Johan	0					0		0			1		
6365	7124	Broekhuijsen tot Quickborn en Beele		1.0	7.0	Willem Hermen	1		Quickborn	Beele	1745.0	0	1788.0	0			1		
6366	4830	Westenberg		1.0	4.0	Gijsbert	0				1721.0	0	1792.0	0			1	7.0	9.0
6367	7672	Gruyter	de	1.0	7.0	Bartholomeus	0				1660.0	0	1737.0	0			1	25.0	10.0
6368	5131	Broersema		1.0	7.0	Mello	1	Jonkheer				0		0	Persoonsgegevens: de identifictie met de Mello Broersema in De Nederlandsche Leeuw is niet zeker.		1		
6369	7128	Vijgh		1.0	7.0	Arent Johan	1		Snor	de Woerd,  Wolfsweerd te Dodewaard	1650.0	0	1725.0	0			1	21.0	11.0
6370	7143	Singendonck		1.0	7.0	Johan	0					0		0			1		
6371	7132	Capellen	van der	1.0	4.0	Frederik	1		Boedelhof	Haghen, Esselt	1629.0	0	1706.0	0	Heerlijkheden/adellijke huizen: verwerving Boedelhof 1660, Haghen en Esselt 1680.		1	26.0	9.0
6372	7130	Ardesch		1.0	4.0	Engelbert George	0				1768.0	0	1849.0	0			1	18.0	4.0
6373	6358	Bijlandt	van den	4.0	7.0	Otto Frederik Roeleman	1		Ooij	Persingen, Palsterkamp, Spaldorp, Werkeren, Lede, Lienden, Oudeweerd, Vuren, Dalem, Mariënsweerd, Maasbommel	1688.0	0	1768.0	0	Heerlijkhden: verwerving Ooij, Persingen 1740, Palsterkamp, Spaldorp, Werkeren, Lede 1733 Lienden, Oudeweerd, Vuren 1735 Dalem, Mariënsweerd, Maasbommel 1734.		1	23.0	2.0
6374	7135	Jongkint		1.0	6.0	Gerrit Jacob	0					0	1760.0	1			1		
6375	4824	Hasselt	van	1.0	4.0	Barthold	0				1700.0	0	1767.0	0			1	1.0	9.0
6376	5086	Borch	van der	1.0	7.0	Alhard Philips	1		Verwolde	Holthuysen, Langentrier	1690.0	0	1766.0	0			1	13.0	9.0
6377	7134	Veldinck		1.0	3.0	Johan Hendrik	0					0	1730.0	0			1		
6378	4626	Olmius		1.0	3.0	Gerard Jozias	0				1688.0	0	1744.0	1	Persoonsgegevens: overleden tussen 27 mei 1743 en 23 augustus 1745.		1		
6379	4518	Gruyter	de	1.0		Bartholomeus	0		Groenewoude			0	1685.0	0			1	7.0	12.0
6380	7139	Niel	van	1.0	7.0	Anthony	0					0		0			1		
6381	6491	Pieck		1.0	4.0	Hendrik	0					0		0			1		
6382	7154	Beijer	de	1.0	7.0	Jacob	0					0		0			1		
6383	7118	Pieck		1.0	7.0	Coenraad	0		Portingen		1682.0	0	1757.0	0			1	22.0	1.0
6384	7144	Herwijnen	van	1.0	7.0	Johan	0					0		0			1		
6385	7145	Steen	van den	1.0	4.0	Arent	0		Ommeren	Wadestein	1668.0	0	1723.0	0			1	6.0	2.0
6386	4657	Olmius		1.0	3.0	Josias	0				1716.0	0	1797.0	0	Persoonsgegevens: begraven 27 september 1797.		1		9.0
6387	4602	Sloet		1.0	7.0	Wolter Harmen	0				1676.0	0	1736.0	0			1	15.0	3.0
6388	7069	Delen tot Crumseler	van	1.0	7.0	Steven	1		Crumseler		1655.0	1	1716.0	0			1	17.0	2.0
6389	4867	Heerdt tot Craijevelt	van	1.0	7.0	Adriaen	1		Kraayeveld	de Pol, de Beringen	1637.0	0	1714.0	0	Persoonsgegevens: Schneeloch geeft overlijden 16 juli, d'Ablaing 13 juli 1714.		1	16.0	7.0
6390	6411	Beijer	de	1.0	7.0	Justinus	0		Hulsen			0		0			1		
6391	7158	Reinders		1.0	3.0	Willem	0					0	1733.0	1			1	22.0	5.0
6392	4581	Beijer	de	1.0	7.0	Justinus	0		Hulsen		1635.0	0	1715.0	0	Heerlijkheden/adellijke huizen: verwerving Hulsen 1681.		1	15.0	7.0
6393	5559	Broersema		1.0	7.0	Menno	1	Jonkheer	Hankema			0	1646.0	0	Heerlijkheden/adellijke huizen: verwerving Hankema 1646.		1	6.0	5.0
6394	6310	Eck van Panthaleon	van	1.0	7.0	Diederik	1		Gent	Erlekum		0	1711.0	0			1	19.0	12.0
6395	7160	Teffelen	van	1.0	7.0	Peter	0					0	1683.0	0			1		
6396	7161	Bijstervelt	van	1.0	7.0	Jurriaen	0					0	1683.0	0			1		
6397	7202	Bronckhorst	van	1.0	7.0	Gerrit	1		Waardenburg			0	1660.0	0			1	20.0	8.0
6398	7163	Beeckman		1.0	7.0	Cornelis	0					0	1668.0	0			1		
6399	4181	Burch	van der	1.0	4.0	Diderik	1	Jonkheer	Spieringshoek		1758.0	0	1825.0	0	Adelstitels: predicaat 1816.		1	30.0	1.0
6400	7231	Bergh	van den	1.0	7.0	Laurens	0				1618.0	0	1679.0	0			1	2.0	9.0
6401	7173	Raet	de	1.0	7.0	Arent	0					0	1632.0	0	Persoonsgegevens: voornaam ook als Arnold.		1	7.0	12.0
6402	6999	Singendonck		1.0	7.0	Pontiaen	0					0	1669.0	0	Persoonsgegevens: overleden vóór 17 april 1668 (de commissiedatum van zijn opvolger in Gedeputeerde Staten van Nijmegen).		1		
6403	7673	Gruyter	de	1.0	7.0	Bartholomeus	0				1706.0	0	1782.0	0	Overig: werd op 1 mei 1737 door de Staten van Utrecht benoemd in de Admiraliteit op de Maze, maar heeft deze functie hoogswaarschijnlijk niet uitgeoefend, aangezien er geen commissie van de Staten-Generaal bekend is, en Roeland Albert Roelands op 12 oktober 1737 namens Utrecht in de Admiraliteit op de Maze werd benoemd.		1	1.0	7.0
6404	5735	Tamminga		1.0	7.0	Onno	1		Ludema		1614.0	0	1684.0	0	"Heerlijkheden/adellijke huizen: verwerving 1642 (door zijn huwelijk met Elisabeth Rengers).
Overig: niet te verwarren met zijn gelijknamige vader Onno Tamminga van Bellingeweer."		1		
6405	7156	Fagel		1.0	7.0	Nikolaas	0		Oude Tempel		1620.0	0	1695.0	0			1		10.0
6406	755	Calkoen		1.0	6.0	Nicolaas	1	Jonkheer	Kortenhoef		1753.0	0	1817.0	0	Adelstitels: predicaat 1816.		1	1.0	1.0
6407	6274	Schagen		1.0	6.0	Gerbrand	0				1615.0	1	1704.0	0			1	15.0	12.0
6408	7159	Moelen	van der	1.0	7.0	Jan	1					0	1688.0	0	Persoonsgegevens: geslachtsnaam ook wel als Van der Meulen en Vermeulen.		1	25.0	7.0
6409	7232	Lynden van de Parck	van	1.0	7.0	Nicolaas Herman	1					0	1676.0	1	Persoonsgegevens: overlijdensdatum mogelijk 3 augustus 1676.		1	2.0	8.0
6410	4800	Lynden	van	1.0	7.0	Caspar Antonie	1	Jonkheer	Ressen		1631.0	0	1718.0	0			1	8.0	11.0
6411	7171	Heuck		1.0	7.0	Rijck	0					0		0	Persoonsgegevens: naam ook als Riek Huyck/Heuc		1		
6412	7187	Spijcken	ter	1.0	7.0	Christiaan	0					0		0	Persoonsgegevens: geslachtsnaam ook Verspick.		1		
6413	4561	Heeckeren	van	1.0	7.0	Everhard	1		Enghuizen	Nettelhorst, Barlham	1613.0	0	1680.0	0	Persoonsgegevens: d'Ablaing geeft geboortejaar 1614.		1	23.0	4.0
6414	7188	Mandeville	a	1.0	6.0	Michael	0					0	1635.0	0			1	11.0	10.0
6415	7230	Aertsen		1.0	7.0	Johan	0					0	1672.0	0	Persoonsgegevens: overlijden in februari 1672 blijkens benoeming en opvolging in Gedeputeerde Staten van Nijmegen.		1		2.0
6416	7191	Kerckman		1.0	7.0	Elbert	0					0		0			1		
6417	7170	Beest	van	1.0	7.0	Gijsbert	1	Jonkheer				0		0	Ridderschap: jaren van verschijning.		1		
6418	7169	Welderen	van	1.0	7.0	Arndt	1	Jonkheer			1544.0	1		0			1		
6419	4589	Goltstein	van	1.0	4.0	Evert Jan Benjamin	1		Appel	Vanenburg, Grunsforth	1751.0	0	1816.0	0	Ridderschap: geadmitteerd ad audiendum 1772.		1	3.0	12.0
6420	5827	Welderen	van	10.0	7.0	Bernhard	1	Jonkheer				0	1652.0	0	Ridderschap: jaren van verschijning.		1	14.0	5.0
6421	7176	Scherpenseel	van	1.0	7.0	Johan	0	Jonkheer	Rumpt			0		0			1		
6422	5240	Olmius		1.0	7.0	Herman	0					0		0	Persoonsgegevens: mogelijk betreft het Nicolaes Herman Olmius (1697-1776) eveneens in deze database.		1		
6423	5731	Maneel	van	1.0	7.0	Ackema	0					0		0	Persoonsgegevens: mogelijk Warmolt Ackema van Maneel (1668-1730), genoemd in Groninger Archieven, inventaris 551 Familie van Maneil, 1602-1804 (inleiding).		1		
6424	7183	Poitou		1.0	3.0	Guerhaerdt	0					0		0			1		
6425	5202	Munster	van	1.0	7.0	Vijt	1		Selle	Averenck		0		0	Ridderschap: aanvang is eerste jaar van verscijning. Geweerd 1622.		1		
6426	7208	Gendt	van	1.0	7.0	Cornelis	1		Loenen	Neerijnen		0		0	Ridderschap: 1682 laatste jaar van verschijning.		1		
6427	4962	Kaldenbach		1.0	7.0	Adam	0					0	1610.0	1	Persoonsgegevens: overleden vóór 18 september 1610.		1		
6428	7193	Mulicom	van	1.0	7.0	Johan	0				1580.0	1	1632.0	1			1		
6429	7297	Lauwick	van der	1.0	7.0	Gosen	1		Geldermalsen			0		0	Ridderschap: jaren van verschijning.		1		
6430	7195	Welderen	van	10.0	7.0	Diederik	1	Jonkheer	Leeuwenberg			0	1678.0	0			1	24.0	12.0
6431	7186	Druten	van	1.0	7.0	Adriaan	0	Jonkheer				0	1652.0	0			1	26.0	9.0
6432	6588	Lynden	van	1.0	7.0	Diederik	1	Jonkheer	Hemmen	Blitterswijk		0	1652.0	0			1		
6433	6316	Lidth de Jeude	van	1.0	7.0	Hendrik	0					0		0			1		
6434	4792	Heeckeren	van	1.0	7.0	Walraven	1		Nettelhorst	Enghuizen	1570.0	0	1645.0	0	Ridderschap: jaren van verschijning.		1	21.0	10.0
6435	6901	Vijgh		1.0	7.0	Cornelis	1	Jonkheer				0	1674.0	0			1	11.0	6.0
6436	6039	Ormea		1.0	4.0	Justus	0		Papenhoven	Bergesteyn, Zevenhoven	1672.0	0	1746.0	0	Persoonsgegevens: het is onzeker of alle functies bij deze persoon horen; Ormea had een gelijknamige zoon (1699-), eveneens in deze database.		1	25.0	8.0
6437	7213	Vos		1.0	7.0	Anthonis	0					0	1660.0	0			1	17.0	8.0
6438	4564	Lawick	van	1.0	7.0	Lumen	1					0	1666.0	0			1	19.0	11.0
6439	7216	Lingen	van der	1.0	7.0	Cornelis	0					0	1659.0	1			1		
6440	7217	Lynden	van	1.0	7.0	Herbert	1	Jonkheer	Serooskerke	Est		0	1667.0	0			1		
6441	7164	Gendt	van	1.0	7.0	Joost	1	Jonkheer	Opijnen			0	1663.0	0			1	15.0	4.0
6442	7646	Eck		1.0	7.0	Hendrick	0					0		0	Persoonsgegevens: vermoedelijk gaat het hier om een van de twee gelijknamige personen elders in deze database, uit Gelderland.		1		
6443	4799	Randwijck	van	10.0	7.0	Frederick Henrick	1	Jonkheer	Rossum	Heessel, Beek en Gameren	1625.0	0	1697.0	0			1	30.0	5.0
6444	7220	Elias		1.0	7.0	Jacobus	0					0		0			1		
6445	5196	Boshoff		1.0	7.0	Hendrik	1		Suideras			0		0	Persoonsgegevens: overleden in de periode 1661-1663.		1		
6446	7214	Poll	van der	1.0	7.0		0					0		0	Persoonsgegevens: voornaam onbekend; was een broer van Dr. Adriaan van der Poll.		1		
6447	5753	Tulleken		1.0	7.0	Arndt	0				1562.0	1	1605.0	0	Persoonsgegevens: geboortejaar onzeker.		1	14.0	11.0
6448	7219	Goris		1.0	3.0	Anthonis	0					0		0			1		
6449	7222	Tengnagell van Gellekom		1.0	7.0	Gijsbert	1	Jonkheer	Gellekom			0	1705.0	0	Persoonsgegevens: Nederland's Adelsboek geeft afwijkende overlijdensdatum 24 juni 1705.		1	24.0	7.0
6450	7201	Pol	van der	1.0	3.0	Adriaan	0					0	1652.0	0	Persoonsgegevens: overleden vóór 22 november 1652.		1		
6451	7223	Welderen	van	10.0	7.0	Johan	1	Jonkheer	Leeuwenberg			0	1681.0	0			1	5.0	4.0
6452	7229	Man	de	1.0	7.0	Rutger Adriaensz.	0					0	1661.0	0			1		
6453	6696	Els	van	1.0	7.0	Diederick	1	Jonkheer	Boelenham	Enspijck		0	1703.0	0			1	17.0	3.0
6454	7225	Cuyck van Meteren	van	1.0	4.0	Jan	1		Meteren	Kerkwijk, Drakenburg		0	1668.0	0	"Persoonsgegevens: overleden vóór 15 juli 1668, blijkens opvolging in Gedeputeerde Staten van Nijmegen.
Heerlijkheden/adellijke huizen: Kerkwijk 1655 door koop, Drakenburg door koop,"		1		
6455	7221	Broeckhuysen	van	1.0	7.0	Wilt	1	Jonkheer	Eck	Wiel		0	1680.0	1	Heerlijkheden/adellijke huizen: bezit 1668-1679.		1		
6456	7226	Balveren	van	1.0	7.0	Jacob Christoffel	1		Rosande	de Rooden toren		0		0			1		
6457	4549	Varick	van	1.0	7.0	Goossen	1		Wijenrade		1535.0	1	1623.0	0	"Persoonsgegevens: overleden vóór 1 september 1623, blijkens zijn opvolging in de Provinciale Rekenkamer van Gelderland.
Ridderschap: aanvang is eerste jaar van verschijning."		1		
6458	7240	Gendt	van	1.0	7.0	Bartold	1		Meinerswiijk		1657.0	0		0			1		
6459	7044	Franckensz.		1.0	7.0	Brant	0					0		0			1		
6460	7224	Cocq Quirinsz.	de	1.0	7.0	Johan	0					0		0			1		
6461	5230	Rengers tot Arentshorst		1.0	7.0	Johan	1	Jonkheer				0	1646.0	0			1	5.0	6.0
6462	6326	Spaen tot Cruisfort	van	1.0	7.0	Frederik Willem	1		Cruisfort	Moyland, Til, Rosande, Biljoen, Hulshorst, Over- en Nederhagen, Kemmena	1667.0	0	1735.0	0	Buitenlandse adelstitels: Rijks-Vrijheer.		1	19.0	2.0
6463	5791	Essen tot Vanenburg	van	1.0	7.0	Lucas Willem	1				1686.0	0	1737.0	0	Persoonsgegevens: Nederlandse Leeuw geeft overlijdensdatum 23 maart, d'Ablaing 23 mei 1737. Had volgens d'Ablaing ook zitting in een kamer van de VOC tussen 1714 en 1717, maar vermeldt niet welke.		1	23.0	3.0
6464	4536	Heeckeren van Brantsenburg	van	3.0	7.0	Derk Jan	1				1742.0	0	1796.0	0			1		
6465	6308	Reede	van	1.0	7.0	Godert Adriaan	1		Herreveld		1674.0	0	1730.0	0			1	2.0	5.0
6466	6729	Wijnbergen	van	1.0	7.0	Sijwert	1		Horssen	Oldenaller		0	1703.0	0			1		
6467	4986	Capellen tot den Boedelhoff	van der	1.0	7.0	Alexander	1		Hagen	Boedelhof, 's Heeraartsbergen, Esselt	1668.0	0	1730.0	0	"Persoonsgegevens: Schneeloch geeft overlijden 17, d' Ablaing 30 januari.
Heerlijkheden/adellijke huizen: verwerving Hagen 1687, Boedelhof 1707, 's Heeraartsberg 1700."		1	17.0	1.0
6468	824	Bempden	van den	1.0		Aegidius	0				1667.0	0	1737.0	0			1	16.0	6.0
6469	786	Pauw		1.0		Reynier Adriaansz.	0				1564.0	0	1636.0	0	Buitenlandse adelstitels: Engelse riddertitel 12 februari 1621, Franse riddertitel februari 1622.		1	19.0	2.0
6470	5834	Arnhem tot Harselo	van	1.0	7.0	Johan	1		Rosendael		1636.0	0	1716.0	0	Heerlijkheden/adellijke huizen: verwerving Rosendael vermoedelijk via zijn echtgenote (zie d'Ablaing).		1	12.0	12.0
6471	5762	Arnhem	van	1.0	7.0	Robbert	1		Rosendael		1596.0	0	1649.0	0			1	6.0	9.0
6472	7262	Valck		1.0	3.0	Willem	0				1588.0	0	1658.0	0			1		
6473	6365	Rasch		1.0	7.0	Johan	0				1674.0	0	1739.0	0			1	2.0	11.0
6474	4875	Hummelinck		1.0	7.0	Derck	0				1693.0	0	1767.0	0			1		11.0
6475	6861	Lynden tot Hoevelaken	van	1.0	7.0	Jan Elias Nicolaas	1				1766.0	0	1841.0	0			1	16.0	1.0
6476	7286	Schomaaker		1.0	7.0	Bernard	0					0		0	Persoonsgegevens: hoewel bij zijn benoeming  in Gedeputeerde Staten van Zutphen 'Bernard' genoemd, gaat het mogelijk om burgemeester van Lochem Barthold Schomaaker (1653-1726, zie De Nederlandsche Leeuw 42 (1924) 4.		1		
6477	7267	Diemen	van	1.0	3.0	Barthold	0				1642.0	1	1714.0	0			1	15.0	2.0
6478	4579	Haersolte tot Yrst	van	1.0	7.0	Willem	1				1644.0	0	1728.0	0			1	1.0	7.0
6479	6557	Westerholt	van	1.0	7.0	Burchard	1		Hackfort	Entingen, Baeck, Empte		0	1631.0	0	Ridderschap: was niet gereformeerd en daarom niet in de Ridderschap van Zutphen verschreven na 1620.		1	26.0	8.0
6480	4605	Becquer		1.0	3.0	Harrmen Adolph	0				1666.0	1	1723.0	0	"Persoonsgegevens: geslachtsnaam ook als Becker.
Academische titel: doctor in de beide rechten."		1	9.0	5.0
6481	7271	Ripperda	van	1.0	7.0	Willem Hendrik Carel	1		Leemcule	Verwolde, Veenhuys		0	1717.0	0			1		
6482	6540	Gendt	van	1.0	7.0	Cornelis	1		Meinerswijk	Loenen		0	1614.0	0			1	21.0	2.0
6483	7272	Brendel		1.0	7.0	Daniel Adam	0					0	1712.0	0			1		
6484	6281	Both		1.0	7.0	Johan	0					0		0			1		
6485	7274	Sloet tot Kerssenberg, Oije en Westerborgh		1.0	7.0	Adriaan	1				1641.0	0	1723.0	0			1	17.0	3.0
6486	7819	Gerlings		1.0	7.0	Hermanus	0					0	1716.0	0			1	6.0	12.0
6487	4627	Olmius		1.0	7.0	Nicolaes Herman	0		Westerholt		1697.0	0	1776.0	0	Overig: was mogelijk ook gecommitteerde in de Admiraliteit van Friesland vanaf 1769 (zie 'Herman Olmius' in deze database).		1	17.0	6.0
6488	4983	Rouwenoort	van	1.0	7.0	Hendrick	1		Ulenpas	Holthuysen, 't Veer	1664.0	0	1735.0	0			1	27.0	1.0
6489	7137	Gesselaer	van	1.0	7.0		0					0		0	Persoonsgegevens: mogelijk Herman van Gessel(a)er. Het is niet zeker dat de twee genoemde functies door dezelfde persoon zijn uitgeoefend; in beide gevallen is de voornaam niet vermeld.		1		
6490	4587	Heeckeren	van	1.0	7.0	Jacob Dirck	1		Barlham	Enghuizen, De Heest, Nettelhorst, Suideras, Ruurlo, Brandsenburg, Ruerlo	1665.0	0	1749.0	0	Persoonsgegevens: d'Ablaing geeft overlijdensdatum 22 april 1749.		1	23.0	4.0
6491	6320	Hummelinck		1.0	7.0	Dirck	0				1667.0	0		0			1		
6492	6334	Essen	van	1.0	7.0	Hendrik	0				1661.0	0	1722.0	0			1	29.0	11.0
6493	4883	Essen	van	1.0	4.0	Jan	0				1690.0	0	1760.0	0			1	21.0	10.0
6494	4870	Verstege		1.0	3.0	Goswinus	0				1676.0	0	1748.0	0			1	5.0	7.0
6495	7275	Hasebroeck		1.0	7.0	Gerhard	0				1659.0	0	1719.0	0			1	11.0	8.0
6496	7288	Noort	opten	1.0	3.0	Johan	0				1667.0	0	1725.0	0			1	16.0	3.0
6497	7289	Westenberg		1.0	4.0	Bernard Rudolph	0				1726.0	0	1812.0	0			1	14.0	12.0
6498	4717	Utenhove	van	1.0	7.0	Charles	1	Jonkheer	Rijnestein	Tienhoven		0	1641.0	0	"Persoonsgegevens: Groot Placaatboek geeft overlijden 7 januari 1661, exact dezelfde datum als de erboven genoemde Philibert van Tuyll van Serooskerken. Waarschijnlijk is hier per abuis de overlijdensdatum van Tuyll overgenomen.
Heerlijkheden/adellijke huizen: verwerving Rynestein 1626."		1	7.0	1.0
6499	4630	Löben Sels	van	1.0	4.0	Ernst	0		Spaansweerd		1709.0	0	1777.0	0			1	21.0	7.0
6500	5776	Tilleman Groote		1.0	3.0	Engelbart	0				1631.0	0	1698.0	0	Persoonsgegevens: Röell geeft overlijden 8 december, Maris 8 november.		1	8.0	11.0
6501	6509	Hummelinck		1.0	4.0	Diederick	0				1731.0	0	1783.0	0			1	13.0	9.0
6502	6450	Cremer		1.0	4.0	Jan	0				1713.0	0	1783.0	0			1	2.0	2.0
6503	6709	Schimmelpenninck van der Oye		1.0	7.0	Alexander	1		Engelenburg		1642.0	0	1694.0	0			1	6.0	2.0
6504	7270	Valck		1.0	4.0	Adriaan Balthasar	0				1668.0	0	1730.0	0	Persoonsgegevens: Nederlandsche Leeuw geeft overlijden 1738.		1	27.0	8.0
6505	4648	Schimmelpenninck van der Oye		1.0	7.0	Hendrik Frederik	1				1704.0	0	1763.0	0	Persoonsgegevens: d'Ablaing geeft geboorte 24 oktober 1703 en overlijden 1762, Röell geboorte 23 maart 1704, overlijden 23 april 1763.		1	23.0	4.0
6506	7285	Heeckeren	de Rode van	1.0	7.0	Herman Frederik	1		Averlaer			0	1730.0	1	Persoonsgegevens: d'Ablaing is niet zeker over het jaar van overlijden.		1		
6507	5183	Dorth	van	3.0	7.0	Johan Adolph Hendrik Sigismund	1		Holthuizen	Velde		0		0	Heerlijkheden/adellijke huizen: verwerving Velde 1766.		1		
6508	4816	Hasebroeck		1.0	3.0	Herman	0				1689.0	0	1746.0	0			1	18.0	1.0
6509	5788	Hasselt	van	1.0	3.0	Johan	0				1668.0	0	1739.0	0	Persoonsgegevens: het Nederland's Patriciaat en Röell geven overlijdensdatum 24 januari 1739, Maris en Driessen 25 januari 1739.		1	24.0	1.0
6510	7276	Altetus		1.0	3.0	Gosuinus	0				1656.0	0	1723.0	0	Persoonsgegevens: Nederland's Patriciaat geeft overlijden 1721.		1	4.0	1.0
6511	5258	Schimmelpenninck van der Oye tot den Blanckena		1.0	7.0	Derck	1				1645.0	0	1721.0	0			1	17.0	9.0
6512	6345	Wentholt		1.0	3.0	Willem	0				1685.0	0	1746.0	0			1		
6513	6372	Wentholt		1.0	7.0	Johan Ludolf ten Behm	0				1688.0	0	1746.0	0			1		4.0
6514	7278	Grothe		1.0	7.0	Hendrik Jan	0				1676.0	0	1723.0	0			1	3.0	9.0
6515	4628	Wentholt		1.0	7.0	Derk Joost	0				1693.0	0	1742.0	0			1		8.0
6516	6360	Couleman		1.0	4.0	Johan	0				1692.0	0	1754.0	0			1	12.0	11.0
6517	7266	Broeck	ten	1.0	7.0	Johan Evert	0				1658.0	0	1714.0	0			1	4.0	12.0
6518	4595	Baijen	van	1.0	7.0	Harmen	0					0	1714.0	0			1	3.0	3.0
6519	6833	Hasselt	van	1.0	4.0	Barthold	0				1741.0	0	1819.0	0			1	24.0	2.0
6520	6432	Löben Sels	van	1.0	7.0	Jan	0					0		0	Persoonsgegevens: een persoon met deze naam had geen zitting in de Raad van Zutphen. Mogelijk gaat het om Ernst van Löben Sels, elders in deze database.		1		
6521	6429	Sloet		3.0	7.0	Jan Adriaan Joost	1		Diepenbroek	Viersen, Kersenborg, Oye, Oldhuis en Westerholt	1709.0	0	1768.0	0			1	7.0	3.0
6522	6472	Vatebender		1.0	4.0	Gerhard	0				1704.0	0	1790.0	0			1	23.0	8.0
6523	6414	Wentholt		1.0	4.0	Arnold	0				1715.0	0	1786.0	0	Persoonsgegevens: Gabriëls geeft aanvang lidmaatschap Raad van Zutphen 1746.		1	22.0	11.0
6524	4642	Lathum	van	1.0	4.0	Frederick Robert	0				1689.0	0	1759.0	0			1	21.0	11.0
6525	6436	Huinink		1.0	3.0	Bernard	0				1705.0	0	1754.0	0			1	1.0	12.0
6526	7141	Santbergen	van	1.0	7.0	Gerhard Johan	0				1701.0	0	1775.0	0			1	24.0	11.0
6527	6483	Huinink		1.0	4.0	Abraham	0				1715.0	0	1774.0	0			1	13.0	1.0
6528	4660	Opgelder		1.0	4.0	Gerhard Everard	0				1736.0	0	1788.0	0			1	13.0	9.0
6529	6517	Heeckeren	de Roode van	3.0	7.0	Wigbold Alexander	1				1741.0	0	1805.0	0			1	13.0	11.0
6530	6863	Heeckeren	van	1.0	7.0	Ludolph	1					0		0	Overig: het is  niet zeker dat de twee deputaties naar de Staten-Generaal bij bij dezelfde persoon horen.		1		
6531	6446	Capellen	van der	3.0	7.0	Godart Philisp Cornelis Theodorus	1		Dorth	Berkenwoude, Achterbroek	1733.0	0	1779.0	0	Persoonsgegevens: d' Ablaing en Röell geven overlijden 1 mei 1779.		1	13.0	4.0
6532	6524	Hasselt	van	1.0	4.0	Johan	0		Hoeneken tot Warnsfelde		1727.0	0	1781.0	0	"Heerlijkheden/adellijke huizen:verwerving 1768.
Overig: Van Hasselt werd op 13 april 1780 benoemd tot gedeputeerde ter Staten-Generaal voor de periode 1 mei 1782-1 mei 1783, maar overleed daarvoor."		1	24.0	9.0
6533	6532	Staring		1.0	4.0	Rudolph Jan	0				1727.0	0	1801.0	0			1	18.0	3.0
6534	6452	Löben Sels	van	1.0	4.0	Maurits Derk	0				1729.0	0	1804.0	0			1		4.0
6535	6842	Nagell	van	3.0	7.0	Jacques Albert Louis Frederik Carel	1				1762.0	0	1831.0	0			1	4.0	10.0
6536	6855	Leeuw van Coolwijk	de	1.0	4.0	Herman	0				1736.0	0	1808.0	0			1	18.0	3.0
6537	6856	Hasebroek		1.0	4.0	Pieter	0				1748.0	0	1818.0	0			1	14.0	5.0
6538	6857	Crookeeüs		1.0	4.0	Engelbert Gerhard Johan	0				1744.0	0	1831.0	0			1	31.0	10.0
6539	3610	Cuper van Holthuisen		1.0		Johan	0				1672.0	0	1749.0	0			1	6.0	8.0
6540	6539	Hell tot Hogenboerel	van der	1.0	7.0	Herman	1		Hell	Hogenboerel	1541.0	0	1613.0	0	Heerlijkheden/adellijke huizen: verwerving Hell door koop met zijn broer Casijn 1589.		1		
6541	5201	Schimmelpenninck van der Oye		1.0	7.0	Herman	1		Cloese		1584.0	0	1658.0	0			1	16.0	10.0
6542	6471	Lane de Duthay	de la	1.0	4.0	Claudius Anthonius Henricus	0					0		0			1		
6543	4981	Schimmelpenninck van der Oye		1.0	7.0	Jacob	1		Cloese	Langen	1629.0	0	1702.0	0			1	13.0	1.0
6544	4965	Capellen	van der	1.0	7.0	Hendrik	1		Rijsselt	Meijerinck, Esselt		0	1659.0	1	Persoonsgegevens: overleden vóór 6 juni 1659.		1		
6545	5198	Noort	op ten	1.0	3.0	Engelbert	0				1585.0	0	1636.0	0	Persoonsgegevens: geslachtsnaam ook als 'Optenoort'.		1	3.0	5.0
6546	4559	Winsem	van	1.0	7.0	Jacob	0					0	1673.0	0			1	3.0	5.0
6547	4566	Schimmelpenninck van der Oye		1.0	7.0	Jacob	1		Holthuizen	Voorstonden	1608.0	1	1677.0	0			1	7.0	9.0
6548	4864	Kreynck		1.0	7.0	Gerhard	0				1612.0	0	1692.0	0			1	25.0	2.0
6549	4977	Lochteren	van	1.0	3.0	Hendrik	0				1612.0	0	1683.0	0			1	30.0	11.0
6550	7259	Wall tot Volhorst	van	1.0	7.0	Diederik	0				1630.0	0	1684.0	0			1		1.0
6551	4801	Schimmelpenninck van der Oye		1.0	7.0	Alexander	1		Engelenburg	Kell	1611.0	0	1667.0	0	Persoonsgegevens: Röell geeft geboorte 1613 en overlijden 18 september 1670.		1		
6552	5264	Valck		1.0	3.0	Adriaan	0				1619.0	0	1700.0	0			1	2.0	11.0
6553	6526	Heeckeren	van	3.0	7.0	Evert Ludolf	1		Kemnade	Walien	1734.0	0	1804.0	0	Persoonsgegevens: was voor 1772 vermoedelijk lid van de raad van Doesburg, gezien zijn afvaardiging voor die stad in Gedeputeerde Staten van Zutphen in 1764. d'Ablaing geeft overlijden 25 juni 1804.		1	22.0	6.0
6554	7295	Gelre	van	1.0	7.0	Karel	1	Jonkheer				0	1601.0	0			1		
6555	4974	Ripperda tot Vorden		1.0	7.0	Maurits Herman	1		Vorden	Welle en Modenberg		0	1689.0	0			1	2.0	7.0
6556	6553	Beucker		1.0	7.0	Jacob	0					0		0			1		
6557	6562	Lennep tot Biljjoen	van	1.0	7.0	Johan	1		Biljoen			0	1623.0	0	Heerlijkheden/adellijke huizen: erfde Biljoen in 1616 van zijn broer.		1		
6558	7299	Nagel		1.0	7.0	Joost	1		Ampsen			0		0	"Persoonsgegevens: leefde nog in juli 1645.
Ridderschap: jaren van verschijning."		1		
6559	6447	Lindenberg		1.0	7.0	Jan Lodewijk Willem	0				1723.0	0	1795.0	0			1	8.0	1.0
6560	7255	Stenderinck		1.0	7.0	Johan	0					0		0			1		
6561	6559	Brinck van Vanevelt	van	1.0	7.0	Amelrinck	0					0		0	Persoonsgegevens: geslachtsnaam ook Vanneman, Swanevelt.		1		
6562	7252	Duinsbergh		1.0	7.0	Johan	0					0		0	Geslachtsnaam: ook 'Duisborch'/'Duusborch'.		1		
6563	6722	Lange		1.0	7.0	Dirk	0					0		0	Persoonsgegevens: het is onzeker of het bij beide functies om dezelfde persoon gaat.		1		
6564	5757	Kelffken		1.0	3.0	Johan	0				1583.0	0	1652.0	0	Persoonsgegevens: geslachtsnaam: ook wel 'Calffken'		1	15.0	6.0
6565	6581	Ruitenborch tot Presickhaven	van	1.0	3.0	Dirk	1		Staveren			0	1629.0	0	Persoonsgegevens: geslachtsnaam ook Rijsenburch.		1		
6566	5830	Glimmer		1.0	7.0	Johan	0					0	1658.0	0	Persoonsgegevens: geslachtsnaam ook als 'Glummer'.		1		
6567	6560	Lochteren	van	1.0	7.0	Johan	0				1583.0	0	1636.0	0			1	23.0	6.0
6568	6549	Renesse	van	1.0	7.0	Johan	1		Wilp	Wulven	1560.0	0	1620.0	0	Heerlijkheden/adellijke huizen: verkoopt Wulven en huis bij St. Jans Kerkhof te Utrecht 1592.		1	28.0	9.0
6569	6576	Pieck van Tienhoven		1.0	7.0	Joost	1		Zuilinchem			0		0			1		
6570	6583	Eck	van	1.0	7.0	Diederick	1	Jonkheer				0	1631.0	0	"Persoonsgegevens: geslachtsnaam ook 'van Eyck'.
Ridderschap: bij het kwartier Nijmegen jaren van verschijning."		1	9.0	12.0
6571	7304	Hekeren tot Ruerlo	de Rode van	1.0	7.0	Wibbolt	1					0	1635.0	0			1	16.0	4.0
6572	4854	Lintelo tot de Ehze	van	1.0	7.0	Willem	1		Ehze			0		0	Persoonsgegevens: overleden na 3 november 1692.		1		
6573	6565	Feith		1.0	4.0	Hendrik	0					0		0			1		
6574	2183	Paets		1.0	4.0	Adriaen	0		Oudkarspel	beide Koedijken, Schoten, Schoterbosch	1631.0	0	1686.0	0	Persoonsgegevens: Grimm geeft 1668 als jaar van overlijden, wat een verschrijving zal zijn voor 1686.		1	5.0	10.0
6575	6567	Essen tot Langeler	van	1.0	7.0	Hendrik	1				1579.0	0	1640.0	0	"Persoonsgegevens: d'Ablaing vermeldt 'te voren Gerrit' en geeft als overlijdensdatum 21 oktober 1643. Omdat Van Essen echter in 1641 als raadsheer in het Hof van Gelre en Zutphen wordt opgevolgd wegens zijn overlijden, zal 1640 (Maris) juist zijn.
Overig: mogelijk was deze Hendrik van Essen ook gecommitteerde in de Raad van State 1640-1643. Omdat onzeker is of de overlijdensdatum die d'Ablaing geeft juist is, is deze functie in deze database toegeschreven aan naamgenoot Hendrik van Essen (1608-1681)."		1	21.0	10.0
6576	7036	Flodorp	van	4.0	7.0	Adriaan Balthasar	1		Leuth	Well		0		0	Persoonsgegevens: geslachtsnaam ook Flodorff.		1		
6577	5007	Vijgh		4.0	7.0	Aarnd	1		Ubbergen	Zoelen, Aldenhage		0	1666.0	0	Heerlijkheden/adellijke huizen: beleend met Zoelen 1627.		1	1.0	1.0
6578	7003	Schrassert		1.0	7.0	Otto	0				1602.0	0	1650.0	0			1	26.0	10.0
6579	7053	Sluysken		1.0	7.0	Everhart	0					0	1653.0	1	Persoonsgegevens: is blijkens de resoluties van de Gelderse Landdag overleden vóór 19 oktober 1653.		1		
6580	4563	Haeften	van	1.0	7.0	Derk	1		Verwolde		1592.0	0	1654.0	0			1	3.0	12.0
6581	6590	Schrassert		1.0	4.0	Henrick	0				1600.0	0		0	Persoonsgegevens: overleden na 4 augustus 1648.		1		
6582	7306	Lynden	van	1.0	7.0	Anton	1		Sinderen	Teckoop		0		0			1		
6583	4555	Verbolt		1.0	3.0	Niclaes	0					0	1662.0	1	Persoonsgegevens: overleden vóór 11 mei 1662.		1		
6584	7675	Ormea		1.0	7.0	Justus	0				1699.0	0		0	Overig: bekleedde mogelijk nog meer functies voor 1746, zie zijn gelijknamige vader (-1746) eveneens in deze database.		1		
6585	7321	Schrassert		1.0	7.0	Coop Philipsz.	0					0	1647.0	0			1	5.0	9.0
6586	7312	Kreijnck		1.0	7.0	Gerrit	1		Groot Sueren			0	1606.0	0	"Persoonsgegevens: Röell geeft admisie in de Ridderschap 1595, d'Ablaing 1597.
Heerlijkheden/adellijke huizen: verwerving Groot Sueren 1581."		1		
6587	7313	Schimmelpenninck van der Oije		1.0	7.0	Alexander	1					0	1666.0	0			1	27.0	5.0
6588	790	Witsen		1.0		Gerrit Jacob	0					0	1626.0	0			1	24.0	1.0
6589	1868	Broucke	van den	1.0		Mattheus Eliasz.	0					0		0	Overig: was mogelijk ook gedeputeerde ter Staten-Generaal 1682-1684; zie Mattheus Mattheusz. van den Broucke, eveneens in dit bestand.		1		
6590	6582	Gendt	van	1.0	7.0	Barthold	1		Meinerswijk	Loenen		0	1650.0	0	Persoonsgegevens: Jaarboek CBG geeft 1658 als jaar van overlijden. 1650 is echter juist, aangezien zijn overlijden in de Gelderse Landdagsrecessen van 1 november 1650 wordt vermeld.		1	22.0	9.0
6591	767	Pauw		1.0	4.0	Adriaan	0		Heemstede	Nieuwerkerk, Rietwijk en Rietwijkeroord , Zuid-Schalkwijk , Vijfhuizen, Hoogersmilde, Schakenbosch	1585.0	0	1653.0	0	"Buitenlandse adelstitels: Engelse riddertitel 19 oktober 1613, Franse riddertitel (orde van St. Michiel) 27 augustus 1624.
Heerlijkheden/adellijke huizen: verwerving Heemstede 1620, Nieuwerkerk, Rietwijk en Rietwijkeroord, Zuid-Schalkwijk, Vijfhuizen, Hoogersmilde 1633."		1	21.0	2.0
6592	7316	Schimmelpenninck van der Oye		1.0	7.0	Alexander	1				1611.0	0		0			1		
6593	801	Backer		1.0		Willem	0				1595.0	0	1652.0	0	Buitenlandse adelstitels: Venetiaanse riddertitel (St. Marcus) 3 mei 1647.		1	5.0	10.0
6594	7314	Ommeren	van	1.0	7.0	Jacob	0					0	1593.0	0			1	4.0	1.0
6595	7059	Keppel	van	1.0	7.0	Lambert	1					0	1666.0	0			1	28.0	9.0
6596	809	Valckenier		1.0	4.0	Gilles	0				1623.0	0	1680.0	0			1	5.0	11.0
6597	7315	Brienen	van	1.0	7.0	Hendrik Woltersz.	1		Lathmer	Zwalmenburg		0	1620.0	0	Persoonsgegevens: beleend met Zwalmenburg 1581.		1	11.0	2.0
6598	7073	Schimmelpenninck van der Oye		1.0	7.0	Alphert	1				1656.0	0	1691.0	0			1		
6599	800	Graeff	de	1.0		Cornelis	0		Zuid-Polsbroek		1599.0	0	1664.0	0			1	4.0	5.0
6600	4979	Baer	van	1.0	7.0	Vincent Adolf	1		Brandsenburg			0	1681.0	0			1	7.0	2.0
6601	805	Hoorn	van	1.0	4.0	Simon	0				1618.0	0	1667.0	0			1	19.0	8.0
6602	7360	Leeuw	de	1.0	4.0	Gerard	0					0		0	Persoonsgegevens: overleden vóór 9 juni 1684.		1		
6603	816	Hinlopen		1.0	4.0	Jacob Jacobsz.	0				1644.0	0	1705.0	0			1	14.0	3.0
6604	822	Geelvinck		1.0	4.0	Lieve	0		Castricum	Mijnden, beide Loosdrechten, Bakkum, Croonenburg	1676.0	0	1743.0	0			1	22.0	8.0
6605	6348	Steen	van den	1.0	4.0	Jacob Nicolaas	0					0	1777.0	0			1	21.0	1.0
6606	7322	Dibbets		1.0	7.0	Reiner	0					0	1598.0	0			1	12.0	11.0
6607	810	Witsen		1.0	4.0	Nicolaes Cornelisz.	0				1641.0	0	1717.0	0			1	10.0	8.0
6608	7309	Sande	van de	1.0	3.0	Diederick	0					0	1662.0	0	Persoonsgegevens: overleden vóór 3 november 1662, blijkens zijn opvolging als auditeur van de Provinciale Rekenkamer van Gelderland.		1		
6609	829	Boreel		1.0		Balthasar	0				1673.0	0	1744.0	0			1	28.0	6.0
6610	323	Court	de la	1.0	4.0	Pieter	0				1692.0	0	1772.0	0			1	11.0	4.0
6611	325	Huyghens		1.0	4.0	Willem	0		Honkoop		1714.0	0	1786.0	0			1	7.0	7.0
6612	2091	Poppen		1.0		Jacob	0				1576.0	0	1624.0	0	Persoonsgegevens: Elias geeft overlijden 14, Valentyn 15 november 1624.		1	14.0	11.0
6613	7323	Menthen		1.0	3.0	Willem	0					0	1739.0	0			1		11.0
6614	7326	Henricxs.		1.0	7.0	Johan	0					0	1633.0	0	Persoonsgegevens: overleden vóór 11 mei 1633, blijkens zijn opvolging als secretaris van de Provinciale Rekenkamer van Gelderland.		1		
6615	830	Hop		1.0	4.0	Cornelis	0				1685.0	0	1762.0	0			1	14.0	7.0
6616	329	Beels		1.0	4.0	Marten Adriaan	0				1728.0	0	1789.0	0			1	31.0	3.0
6617	780	Boelens		1.0		Jacob Andriesz.	0				1554.0	0	1621.0	0			1	8.0	6.0
6618	785	Benningh		1.0		Cornelis Jansz. Duyvesz.	0					0	1617.0	0			1	30.0	3.0
6619	783	Hooft		1.0		Cornelis Pietersz.	0				1547.0	0	1626.0	0			1	1.0	1.0
6620	1359	Bicker		1.0	3.0	Gerard	0		Swieten	Oud-Haarlem en Kortenbosch	1632.0	0	1716.0	0			1	8.0	3.0
6621	7324	Pronck		1.0	4.0	Gerhard	0				1673.0	0	1760.0	0	Persoonsgegevens: de identificatie van de secretaris en later auditeur van de Provinciale Rekenkamer van Gelderland met de in de Nederlandsche Leeuw genoemde is niet zeker, maar zeer waarschijnlijk. Na afstand van zijn auditeurschap werd bepaald dat Pronck tot aan zijn dood zijn salaris zou behouden. Dit liep door tot mei 1760, het jaar dus, waarin de in De Nederlandsche Leeuw genoemde stierf.		1		2.0
6622	7325	Eck	van	1.0	7.0	Engelbert	0				1715.0	0	1783.0	0			1		9.0
6623	1864	Backer		1.0		Jacob	0				1572.0	0	1643.0	0			1	22.0	4.0
6624	788	Bas		1.0	3.0	Dirck Jacobsz.	0				1569.0	0	1637.0	0	Buitenlandse adelstitels: Zweedse riddertitel 1616.		1	13.0	8.0
6625	7327	Menthen		1.0	7.0	Willem Hendrixssen	0					0	1663.0	0	Persoonsgegevens: overleden vóór 7 januari 1663, blijkens zijn opvolging als secretaris van de Provinciale Rekenkamer van Gelderland.		1		
6626	7328	Cock		1.0	7.0	Willem	0					0	1701.0	0	Persoonsgegevens: overleden vóór 12 maart 1701, blijkens zijn opvolging als secretaris van de Provinciale Rekenkamer van Gelderland.		1		
6627	787	Egbertsz.		1.0	3.0	Sebastiaen	0				1563.0	0	1621.0	0	Persoonsgegevens: begraven 16 april 1621.		1		4.0
6628	3029	Vlaming	de	1.0		Cornelis Cornelisz.	0				1544.0	0	1597.0	0	Persoonsgegevens: begraven 5 februari 1597.		1		2.0
6629	6418	Cock van Haaften	de	3.0	7.0	Johan Walraven	1		Ophemert	Wadenoijen, Delwijnen		0	1783.0	0	Heerlijkheden/adellijke huizen: verwerving Wadenoijen en Delwijnen 1773.		1		
6630	782	Cromhout		1.0		Barthold Adriaensz.	0				1550.0	0	1624.0	0			1	2.0	10.0
6631	794	Overlander		1.0	4.0	Volckert	0		Purmerland en Ilpendam		1571.0	0	1630.0	0	"Buitenlandse adelstitels: Engelse riddertitel 1620.
Heerlijkheden/adellijke huizen: verwerving 1612."		1	18.0	10.0
6632	793	Boom		1.0		Abraham Pietersz.	0				1575.0	0	1642.0	0			1	26.0	6.0
6633	4220	Lange	de	1.0		Dirck	0				1607.0	0	1671.0	0	Persoonsgegevens: begraven 7 april 1671.		1		4.0
6634	567	Oosdorp		1.0		Thijman	0					0	1668.0	0			1	28.0	2.0
6635	30	Hoorn	van	1.0		Quirijn Wilhelm	0		Noordwijkerhout	De Zilk	1730.0	0	1797.0	0			1	8.0	12.0
6636	806	Tulp		1.0	3.0	Nicolaes Pietersz.	0				1593.0	0	1674.0	0			1	12.0	9.0
6637	795	Geelvinck		1.0		Jan Cornelisz.	0				1579.0	0	1651.0	0			1	9.0	11.0
6638	803	Schaep		1.0	3.0	Gerard	0		Kortenhoef		1598.0	0	1666.0	0			1	2.0	7.0
6639	791	Vrij	de	1.0		Frederick	0				1579.0	0	1646.0	0			1	10.0	1.0
6640	2485	Spiegel		1.0		Dirk	0				1631.0	0	1685.0	0	Persoonsgegevens: begraven 22 mei 1685.		1		5.0
6641	2457	Schaep		1.0		Johan Bernard	0				1633.0	0	1666.0	0	Persoonsgegevens: begraven 6 juli 1666.		1		7.0
6642	2148	Boreel		1.0	4.0	Jacob	0				1746.0	0	1794.0	0	Persoonsgegevens: begraven 21 november 1794.		1		11.0
6643	875	Cattenburch	van	1.0	4.0	Willem Hendrik	0		Grijpskerke	Poppendamme	1684.0	0	1745.0	0			1	5.0	12.0
6644	2397	Loosen	van	1.0		Jan Jansz.	0				1591.0	0	1653.0	0	Persoonsgegevens: Bonke geeft 13 januari als overlijdens-, De Nederlandsche Leeuw als begraafdatum.		1		1.0
6645	1049	Westwoud		1.0	4.0	Simon	0				1674.0	0	1734.0	0	Persoonsgegevens: begraven in november 1734.		1		11.0
6646	1915	Spiering		1.0	4.0	François Ewoud	0				1675.0	0	1740.0	0			1	23.0	3.0
6647	1343	Schaep		1.0	4.0	Gerard Pietersz.	0				1599.0	0	1655.0	0			1	22.0	6.0
6648	4521	Renesse tot Lockhorst	van	1.0	7.0	Willem Jacob	1	Jonkheer	Lockhorst	Bergambacht, 's Heeraartsberg en Ammerstol		0	1767.0	0	Heerlijkheden/adellijke huizen: verwerving Lockhorst 1759.		1		
6649	1372	Harencarspel	van	1.0		Nicolaes	0				1636.0	0	1695.0	0			1	1.0	10.0
6650	2678	Poll	van de	1.0		Aegidius	0				1728.0	0	1795.0	0			1	3.0	10.0
6651	8354	Jaspersz.		1.0	7.0	Jan	0					0		0	Persoonsgegevens: mogelijk Jan jaspersz, Goutvelt, elders in dit bestand.		1		
6652	814	Geelvinck		1.0		Cornelis	0		Castricum	Croonenburg	1621.0	0	1689.0	0	Heerlijkheden/adellijke huizen: verwerving 1664.		1	16.0	12.0
6653	807	Hasselaer		1.0		Gerard	0				1620.0	0	1673.0	0			1	12.0	6.0
6654	808	Hooft		1.0	4.0	Henrick	0		Oudkarspel	Koedijk, Schoten, Schoterbosch	1617.0	0	1678.0	0	Heerlijkheden/adellijke huizen: verwerving 1667.		1	12.0	12.0
6655	813	Boreel		1.0	4.0	Jacob	0		Duinbeek	St. Aecht en Meerestein	1630.0	0	1697.0	0	Heerlijkheden/adellijke huizen: verwerving St. Aecht en Meerestein 1690.		1	21.0	8.0
6656	4775	Tuyll van Serooskerken	van	1.0	7.0	Diderick Jacob	1	Jonkheer	Zuylen	Westbroek, Swesereng	1707.0	0	1776.0	0	Persoonsgegevens: het Nederland's Adelsboek geeft als geboortedatum 2 november 1707, Genealogische  en Heraldische Bladen 2 november 1706.		1	1.0	9.0
6657	812	Heemskerck	van	1.0	4.0	Coenraad	0		Achttienhoven en den Bosch		1646.0	0	1702.0	0	"Buitenlandse adelstitels: graaf des Heiligen Roomse Rijk.
Heerlijkheden/adellijke huizen: verwerving 1676."		1	23.0	7.0
6658	2699	Backer		1.0	4.0	Willem Cornelis	0				1739.0	0	1809.0	0			1	12.0	4.0
6659	5748	Capellen	van der	1.0	7.0	Gerlach	1		Rijsselt	de Boedelhof, kerspel Warnsveld	1543.0	0	1625.0	0	"Ridderschap: aanvangsjaar is jaar van eerste verschijning.
Heerlijkheden/adellijke huizen: verwerving Rysselt 1584 en De Boedelhof 1601, kerspel Warnsveld 1601-1621."		1	22.0	9.0
6660	2604	Sautijn		1.0	4.0	Jan	0				1680.0	0	1750.0	0			1	10.0	5.0
6661	1063	Bas		1.0	4.0	Dirck	0				1640.0	0	1709.0	0			1	29.0	1.0
6662	821	Pancras		1.0		Gerbrand Michielsz.	0		Westerdijkshorn		1658.0	0	1721.0	0			1	26.0	8.0
6663	819	Bors van Waveren		1.0	4.0	Cornelis	0		Leusden	Hamersveld, Snorrenhoef, 't Heetveld en Donkelaar	1662.0	0	1722.0	0			1	3.0	2.0
6664	823	Bambeeck	van	1.0	4.0	Nicolaas	0				1665.0	0	1722.0	0			1	29.0	9.0
6665	399	Fabricius		1.0	4.0	Willem	0		Santhorst	Saalhoven	1642.0	0	1708.0	0	"Vroedschap: ontslag op eigen verzoek 1704.
Heerlijkheden/adellijke huizen: verwerving Santhorst 1694."		1	20.0	9.0
6666	400	Fabricius		1.0	4.0	Albert	0		Almkerk	Zandwijk, Uppel, Doorn	1676.0	0	1736.0	0	Heerlijkheden/adellijke huizen: bezit Uppel en Doorn 1724-1734.		1	20.0	4.0
6667	820	Velters		1.0		Alexander	0				1656.0	0	1719.0	0			1	4.0	11.0
6668	275	Testart		1.0		Elbert	0				1712.0	0	1776.0	0			1	5.0	11.0
6669	2163	Backer		1.0		Cornelis Cornelisz.	0				1738.0	0	1811.0	0			1	20.0	1.0
6670	32	Dedel		1.0		Abraham	0				1732.0	0	1798.0	0			1	11.0	12.0
6671	1397	Munter		1.0	4.0	Andries	0				1714.0	0	1771.0	0			1	3.0	8.0
6672	826	Huydecoper		1.0		Jan Elias	0		Maarseveen	Neerdijk	1669.0	0	1744.0	0			1	5.0	2.0
6673	319	Bicker van Swieten		1.0	4.0	Gerard	0		Swieten	Baronie, Kessel, Hei- en Boeicop.	1687.0	0	1753.0	0			1	7.0	12.0
6674	2119	Poll	van de	1.0	4.0	Jan	0				1721.0	0	1801.0	0			1	20.0	4.0
6675	827	Poll	van de	1.0	4.0	Harman Henrik	0				1697.0	0	1772.0	0	Vroedschap: ontslagen 1748.		1	30.0	4.0
6676	1393	Bors van Waveren		1.0	4.0	Gerard	0				1691.0	0	1769.0	0			1	16.0	1.0
6677	31	Rendorp		1.0	4.0	Joachim	0		Marquette		1728.0	0	1792.0	0			1	21.0	9.0
6678	131	Dieu	de	1.0		Daniel Carel	0				1748.0	0	1801.0	0	Persoonsgegevens: Bruinvis geeft afwijkend jaar van overlijden 1800.		1	9.0	1.0
6679	825	Backer		1.0	4.0	Willem Dircksz.	0				1681.0	0	1760.0	0	Vroedschap: ontslagen 1748.		1	5.0	5.0
6680	2676	Backer		1.0	4.0	Willem	0				1733.0	0	1803.0	0	Vroedschap: ontslagen 1787.		1	13.0	6.0
6681	321	Boudaen		1.0	4.0	Gualterus Petrus	0				1704.0	0	1781.0	0			1	3.0	1.0
6682	318	Dedel		1.0	4.0	Salomon	0				1711.0	0	1774.0	0	Vroedschap: ontslagen 1748.		1	4.0	10.0
6683	750	Schellinger		1.0	4.0	Elias	0				1717.0	0	1772.0	0			1	30.0	12.0
6684	2160	Graafland		1.0	4.0	Joan	0		Schotervlieland		1736.0	0	1799.0	0			1	11.0	7.0
6685	751	Bruyningh		1.0		Michiel	0				1690.0	0	1773.0	0			1	25.0	11.0
6686	28	Hoesen	Kuysten van	1.0	4.0	Leonard	0				1745.0	0	1808.0	0			1	29.0	11.0
6687	324	Warin		1.0	4.0	Anthoni	0				1712.0	0	1764.0	0			1	10.0	11.0
6688	326	Huydecoper van Maarseveen		1.0	4.0	Jan Elias	0		Maarseveen	Neerdijk	1735.0	0	1808.0	0			1	18.0	2.0
6689	753	Hop		1.0	4.0	Jacob	0		la Lecq	Lekkerkerk en Zuidbroek	1728.0	0	1776.0	0	Buitenlandse adelstitels: baron des Heiligen Roomse Rijk.		1	20.0	12.0
6690	2682	Alewijn		1.0	4.0	Frederick	0				1737.0	0	1804.0	0			1	10.0	11.0
6691	2118	Dedel		1.0	4.0	Willem Gerrit Salomonsz.	0				1734.0	0	1801.0	0			1	2.0	1.0
6692	328	Hope		1.0		John	0		Nederhorst den Berg	's Gravenambacht	1737.0	0	1784.0	0			1	20.0	4.0
6693	2677	Hooft		1.0	4.0	Daniël	0		Vreeland		1741.0	0	1803.0	0	Vroedschap: ontslagen op eigen verzoek 1787.		1	17.0	1.0
6694	754	Boreel		1.0	4.0	Willem	0				1744.0	0	1796.0	0			1	31.0	7.0
6695	330	Goes	van der	1.0		Franc	0				1737.0	0	1801.0	0			1	16.0	1.0
6696	7333	Mulerius		1.0	3.0	Nicolaas	0				1564.0	0	1630.0	0	Persoonsgegevens: hoogleraar te Groningen.		1	5.0	9.0
6697	4270	Sickinghe		1.0	7.0	Johan	0	Jonkheer			1576.0	0	1652.0	0			1	25.0	9.0
6698	6100	Tuyll van Serooskerken	van	3.0	7.0	Willem René	1		Zuylen	Westbroek	1743.0	0	1839.0	0	Binnelandse adelstitels: predicaat 1814, titel 1822.		1	24.0	3.0
6699	6686	Verbeeck		1.0	7.0	H.	0				1709.0	0	1788.0	0			1	4.0	12.0
6700	7507	Lampsins		1.0	4.0	Apollonius Jan Cornelis	0		Swieten		1754.0	0	1834.0	0			1	19.0	6.0
6701	7538	Hester		1.0	7.0	Jeronimo	0					0		0	Persoonsgegevens: vermoedelijk de Jeronimo Heesters in J.E. Elias, De vroedschap van Amsterdam, 1578-1795 (2 dln., Haarlem 1903-1905) I, 60.		1		
6702	1850	Hinojosa	de	1.0	4.0	Adriaan Pieter	1	Jonkheer			1667.0	0	1741.0	0	Persoonsgegevens: Elias geeft doop 3 november 1669. De Blécourt geeft 18 september als overlijdensdatum, De Riemer en Elias 28 december. De Blécourt lijkt hier ten onrechte de datum van de eedsaflegging als president van het Hof van Holland en Zeeland te hebben overgenomen.		1	28.0	12.0
6703	5580	Eiben		1.0	7.0	Hieronimus	0				1603.0	0	1648.0	0			1		6.0
6704	5414	Tamminga van Bellingeweer		1.0	7.0	Onno	1	Jonkheer			1577.0	0	1652.0	0			1		
6705	2013	Matenesse	van	1.0		Willem	1	Jonkheer	Rasquart		1579.0	0	1622.0	0			1		
6706	4562	Cockingen	van	1.0	7.0	Adriaen	0					0	1650.0	0			1		
6707	5424	Drews	de	1.0	7.0	Johan	0				1599.0	0	1652.0	0	Persoonsgegevens: Van Winter geeft overlijden 1653.		1	6.0	10.0
6708	4327	Alberda		1.0	7.0	Pabe	1	Jonkheer				0		0			1		
6709	5594	Alberda		1.0	7.0	Reint	1	Jonkheer				0		0			1		
6710	4317	Alberda		1.0	7.0	Mello	1	Jonkheer	Ringeweer	Menkema, Godlinze en Rensuma	1642.0	0	1699.0	0	Heerlijkheden/adellijke huizen: verwerving Ringeweer 1675, Menkema 1682 (door koop), Godlinze 1687 (door vererving) tot 1692 (afgestaan aan zijn zoon Onno Tamminga van Alberda), Rensuma 1695 (door koop).		1	3.0	7.0
6711	7341	Starkenborgh op Verhildersum		1.0	7.0	Allard	0	Jonkheer			1620.0	0	1673.0	0			1		
6712	5369	Rengers ten Post		1.0	7.0	Rempt	1	Jonkheer	Oldenhuis	Garrelsweer en 't Zandt		0	1633.0	1	Heerlijkheden/adellijke huizen: verwerving Oldenhuis 1631 (door koop).		1		
6713	2993	Reygersberge	van	1.0	4.0	Jacob	0	Jonkheer	Couwerve	Krabbendijke	1625.0	0	1662.0	0	"Persoonsgegevens: volgens Nagtglas overleden in 1660, leefde echter blijkens zijn commissie als ordinaris-gedeputeerde ter Staten-Generaal nog in 1662, en werd in die functie pas in 1676 opgevolgd. Wapenheraut geeft overlijden 1662, welk jaar hier is aangehouden.
Buitenlandse adelstitels: de herkomst van het predikaat jonkheer is niet duidelijk. Aangezien het adeldom van de familie betwist werd (zie F. Nagtglas, Levensberichten van Zeeuwen 2, 477) is Jacob van Reygersberge hier niet aagemerkt als zijnde van adel."		1		
6714	5767	Essen tot Helbergen en Oldenhave	van	1.0	7.0	Lucas Willem	1		Helbergen	Oldenhave	1643.0	0	1701.0	0			1	3.0	8.0
6715	5592	Berge	ten	1.0	7.0	Gerard	0				1621.0	0	1682.0	0			1	13.0	5.0
6716	5047	Sickinghe		1.0	7.0	Roeloff	0		Warffum		1643.0	0	1688.0	0	Heerlijkheden/adellijke huizen: verwerving 1667 tot 1683 (verkocht wegens schulden).		1		
6717	5065	Tamminga		1.0	7.0	Eilco	1					0	1719.0	0	Persoonsgegevens: Van Winter geeft overlijdensjaar 1720.		1		
6718	5061	Heeck	van	1.0	7.0	Johan Viglius	0				1653.0	0	1711.0	0			1		
6719	5018	Clant		1.0	7.0	Edzard Jacob	1	Jonkheer	Nijenstein	Scheltkema, Oldenzijl, Oosternijland, Rottum en Elswerd	1584.0	0	1648.0	0	Heerlijkheden/adellijke huizen: verwerving Schetlkema 1627 (tot 1633, wanneer hij de borg afbreekt en een nieuwe borg laat bouwen: Nijenstein).		1	6.0	8.0
6720	5016	Wicheringhe		1.0	7.0	Bartholt	0				1587.0	0	1652.0	0			1	15.0	10.0
6721	5019	Gruys		1.0	7.0	Hillebrant	1	Jonkheer	Wirdum	Loppersum, ten Buir	1603.0	1	1676.0	0	Persoonsgegevens: de Nederlandsche Leeuw geeft als overlijdensdatum na 13 november 1676, Formsma 1676.		1		
6722	5560	Cleve	van	1.0	7.0	Joost	0					0	1625.0	0			1		
6723	7338	Vyrssen	van	1.0	7.0	Willem	0					0	1630.0	0			1		
6724	5697	Alberda		1.0	7.0	Reint	1	Jonkheer	Enum	't Zandt, Leermens, Zeerijp, Eestrum, ten Post, ter Laan en in de Vierburen	1662.0	0	1724.0	0	Heerlijkheden/adellijke huizen: verwerving Enum 1694 (vererving).		1	15.0	1.0
6725	5385	Coenders		1.0	7.0	Albertus	0	Jonkheer				0	1644.0	0			1		
6726	5573	Aldringa		1.0	7.0	Jebbo	1	Jonkheer	Feerwerd	Faan, Niekerk en Humsterland	1602.0	1		0	Persoonsgegevens: overleden na 1655.		1		
6727	7335	Scharff		1.0	7.0	Diderick	0	Jonkheer			1578.0	0	1636.0	0			1		
6728	7331	Ewsum	van	1.0	7.0	Christoffer	1	Jonkheer				0	1644.0	0			1		
6729	5389	Horenken		1.0	7.0	Lodewijk	1					0	1623.0	0	Persoonsgegevens: voornaam ook als Loech.		1	12.0	12.0
6730	5023	Aldringa		1.0	7.0	Wigbolt	1	Jonkheer			1604.0	0	1644.0	0			1		10.0
6731	7332	Jansz.		1.0	7.0	Baerent	0					0	1628.0	0			1		
6732	5132	Aldringa		1.0	7.0	Gerhard	1	Jonkheer	Niekerk	Faan, Leegkerk en Dorkwerd	1626.0	1	1701.0	0	Heerlijkheden/adellijke huizen: verwerving Faan 1688 (door koop) tot 1689 (overgedragen aan zijn zoon Jebbo).		1	25.0	2.0
6733	4332	Aldringa		1.0	7.0	Jebbo	1	Jonkheer	Niekerk	Oldekerk en Faan	1649.0	1	1712.0	0	Heerlijkheden/adellijke huizen: verwerving Faan 1689.		1	22.0	1.0
6734	4415	Aldringa		1.0	7.0	Berend	1	Jonkheer	Wirdum		1715.0	1	1764.0	0	Heerlijkheden/adellijke huizen: verwerving Wirdum 1724.		1	12.0	9.0
6735	5567	Isebrants		1.0	7.0	Petrus	0					0	1658.0	0			1		
6736	7334	Royen	van	1.0	7.0	Hendrick	0					0	1667.0	0			1		
6737	5581	Horenken		1.0	7.0	Johan	1	Jonkheer	Baflo	Ranum, Marhuisen, Mensingeweer	1594.0	0	1652.0	0			1	31.0	8.0
6738	4279	Julsing		1.0	7.0	Berend	0					0	1646.0	0	Persoonsgegevens: Van Winter geeft overlijden 1647.		1		
6739	4292	Iddekingha	van	1.0	7.0	Tobias	0				1590.0	0	1663.0	0			1	9.0	11.0
6740	5564	Rengers ten Post		1.0	7.0	Edzard	1	Jonkheer	Tuwinga	Oldenhuis, Ten Post, Garrelsweer, Uskwerd en Harssens	1578.0	0	1652.0	0	"Persoonsgegevens: Kuiken geeft 1633 als aanvang lidmaatschap van de Raad van Groningen.
Heerlijkheden/adellijke huizen: verwerving Tuwinga 1636 (vererfing), Oldenhuis 1631 en 1635 (koop), Uskwerd en Harssens 1615 (via het huwelijk met Bawe Clant)."		1	18.0	9.0
6741	4320	Auwema		1.0	7.0	Elinck	1	Jonkheer			1648.0	0		0	Persoonsgegevens: overleden na 1 januari 1717.		1		
6742	5050	Berum	van	1.0	7.0	Berent	1	Jonkheer	Thedema	Luinga en Heerma	1636.0	1	1693.0	0	Heerlijkheden/adellijke huizen: verwerving Luinga 1666 per testament.		1	25.0	12.0
6743	4290	Sighers	de	1.0	7.0	Sigher	1	Jonkheer	Sappema			0	1657.0	0			1	29.0	12.0
6744	5020	Jensema		1.0	7.0	Rembt	0	Jonkheer				0	1634.0	0			1		
6745	4302	Coenders van Helpen		1.0	7.0	Bernard	1	Jonkheer	Fraam	Sauwerd en Huizinge	1601.0	0	1678.0	0	Heerlijkheden/adellijke huizen: verwerving Fraam in of na 1639 (na de dood van zijn schoonvader), Sauwerd in of na 1640 (koop) tot 1658 (overgedragen).		1	3.0	1.0
6746	6837	Haeften	van	1.0	7.0	Reinier	1		Ophemert	Zennewijnen	1729.0	0	1800.0	0	Heerlijkheden/adellijke huizen: verwerving Ophemert 1774.		1	1.0	3.0
6747	7336	Starkenborgh	van	1.0	7.0	Lambert	0	Jonkheer			1592.0	0	1646.0	0			1		
6748	5143	Broersema		1.0	7.0	Taco	1	Jonkheer	Scheltkema			0		0	"Persoonsgegevens: sterft tussen 1602 en 1605.
Heerlijkheden/adellijke huizen: verwerving Zandeweer op Scheltkema 1595."		1		
6749	5416	Broersema		1.0	7.0	Jacob	1	Jonkheer	Zandeweer	Oldenzijl en Oosterland		0		0	Persoonsgegevens: overleden vóór 1629.		1		
6750	4277	Broersema		1.0	7.0	Mello	1	Jonkheer	Zandeweer	Oldenzijl en Oosternieland		0	1636.0	0	"Persoonsgegevens: Nederlandsche Leeuw geeft als overlijdensdatum 30 mei 1636, Kuiken 31 mei 1636.
Heerlijkheden/adellijke huizen: verwerving Zandeweer circa 1605. Verkocht 1627."		1	30.0	5.0
6751	7337	Eyssingha	van	1.0	7.0	Pieter	0				1594.0	0	1658.0	0	Persoonsgegevens: De Navorscher vermeldt dat hij burgemeester in Friesland is.		1		
6752	5618	Clant		1.0	7.0	Lucas	1	Jonkheer	Aykema			0		0	Persoonsgegevens: Formsma en de Genealogische en Heraldische Bladen geven overlijdensjaar vóór 1706, het Algemeen Nederlandsch Familieblad geeft aan dat hij nog functies vervulde tot in 1720. Dit is echter onjuist; deze functies zijn uitgeoefend door Allard Joost Clant, heer van Aykema.		1		
6753	5271	Clant		1.0	7.0	Jan Remmert	1	Jonkheer	Aykema			0	1655.0	0	Heerlijkheden/adellijke huizen: verwerving door huwelijk met Ulcia Maria Auwema in 1652.		1		
6754	4282	Clant		1.0	7.0	Lucas	1	Jonkheer	Warfhuisen	Eenrum, Pieterburen, Nijland en Kloosterburen		0	1661.0	0	Heerlijkheden/adellijke huizen: Lulema (Warfhuizen) 1621-1644.		1		
6755	4339	Clant		1.0	7.0	Allard Joost	1	Jonkheer	Aykema			0	1722.0	1	"Persoonsgegevens: Formsma en de Genealogische en Heraldische bladen geven overlijdensjaar 1722, het Algemeen Nederlandsch Familieblad 1723.
Heerlijkheden/adellijke huizen: verwerving door vererving 1706."		1		
6756	5680	Coenders		1.0	7.0	Joost	1	Jonkheer	Fraam	Zandeweer	1658.0	0		0	"Persoonsgegevens: overleden vóór maart 1703.
Heerlijkheden/adellijke huizen: verwerving Fraam 1690; Zandeweer onbekend (publiekelijk verkocht in 1689)."		1		
6757	5876	Coenders van Helpen		1.0	7.0	Abel	1	Jonkheer				0		0			1		
6758	5318	Coenders van Helpen van Vervou		1.0	7.0	Abel	1	Jonkheer	Fraam	Onnema, Sauwerd	1627.0	0	1690.0	0	"Persoonsgegevens: het Jaarboek van het Centraal Bureau voor Genealogie geeft overlijdensdatum voor 5 januari 1691, Formsma 1690.
Heerlijkheden/adellijke huizen: verwerving Fraam 1678, Onnema verkregen door zijn huwelijk met Bijwe Lewe in 1649."		1		
6759	2222	Groot	de	1.0	4.0	Cornelis	0				1642.0	0	1697.0	0			1	22.0	2.0
6760	5032	Ewsum	van	1.0	7.0	Ulrich	1	Jonkheer	Tammingahuizen	Elmersma		0	1706.0	0	Heerlijkheden/adellijke huizen: verwerving Elmersma via zijn huwelijk met Johanna Emilia Macdowell.		1		
6761	5113	Grevinge		1.0	7.0	Sirco Rudolph	1	Jonkheer	Eelsum	Memminga	1639.0	0	1719.0	0	Heerlijkheden/adellijke huizen: verwerving Eelsum 1670. Erfde Memminga.		1	19.0	9.0
6762	5112	Grevingh		1.0	7.0	Luirt	1	Jonkheer				0		0	Persoonsgegevens: leefde nog in 1646.		1		
6763	5478	Grevingh		1.0	7.0	Edzard	1	Jonkheer	Leermens		1672.0	1	1758.0	0			1	11.0	10.0
6764	5582	Gruys		1.0	7.0	Hillebrand	1	Jonkheer	Lellens	Stedum, Uithuizermeden en Sebaldeburen		0	1671.0	0	Heerlijkheden/adellijke huizen: verwerving Lellens in of kort voor 1635 (door koop).		1		
6765	5832	Heeckeren	van	1.0	7.0	Robbert	1		Barlham	Enghuizen	1650.0	0	1699.0	0	Persoonsgegevens: datum van overlijden is die volgens de resoluties van Gedeputeerde Staten van Veluwe 5 december 1699 (elders 16 november 1699).		1	5.0	12.0
6766	5623	Gruys		1.0	7.0	Wigbolt	1	Jonkheer	Uithuizen		1652.0	0	1720.0	0			1	22.0	2.0
6767	5619	Gruys van Lellens		1.0	7.0	Geert	1	Jonkheer	Niekerk	Fromaborg	1640.0	0	1694.0	0			1	8.0	4.0
6768	4293	Ham	in den	1.0	7.0	Menno	1	Jonkheer	Noordhorn			0	1640.0	0			1		
6769	5593	Ham	ten	1.0	7.0	Rembt	1	Jonkheer	Dijkum	Klinkema en Garsthuizen	1622.0	0	1672.0	0	Heerlijkheden/adellijke huizen: bezit Dijkum tot 1669 (verkoop).		1	14.0	11.0
6770	5331	Hania	van	1.0	7.0	Titus	1	Jonkheer				0		0			1		
6771	5477	Hertoghe	de	1.0	7.0	Unico Michiel	0	Jonkheer	Feringa	Rikkerda	1676.0	0	1735.0	1	"Persoonsgegevens: Formsma geeft overlijdensjaar 1735, De Nederlandsche Leeuw 27 november 1736.
Heerlijkheden/adellijke huizen: verwerving Feringa door vererving in 1698, Rikkerda door vererving in 1718."		1		
6772	5039	Horenken		1.0	7.0	Egbert	1	Jonkheer	Dijksterhuis	Baflo, Ranum, Maarhuizen, Mensingeweer en Humsterland	1632.0	0	1679.0	0	Heerlijkheden/adellijke huizen: verwerving Dijksterhuis in of kort na 1668 door koop.		1	4.0	3.0
6773	4821	Delen	van	1.0	7.0	Nicolaas Hans Willem	1		Druten	de Lakenburg		0	1793.0	0			1	11.0	9.0
6774	7192	Reenen	van	1.0	7.0	Goossen Dircksz.	0					0	1636.0	0			1		9.0
6775	5297	Jarges		1.0	7.0	Coppen	1	Jonkheer				0		0			1		
6776	5474	Jarges		1.0	7.0	Jan	1	Jonkheer	Meyma			0		0	"Persoonsgegevens: vermoedelijk overleden vóór 1703.
Heerlijkheden/adellijke huizen: verwerving 1696."		1		
6777	5041	Jarges		1.0	4.0	Eyso	1	Jonkheer	Meyma		1628.0	0		0	"Heerlijkheden/adellijke huizen: verwerving door vererving in 1654.
Persoonsgegevens: het Nederland's Adelsboek geeft overlijden tussen 1 maart 1692 en 1703, Kuiken 1666."		1		
6778	5607	Ketel		1.0	7.0	Bocco	1	Jonkheer				0		0	Persoonsgegevens: overleden vóór 1683.		1		
6779	5115	Lewe		1.0	7.0	Hayo	1	Jonkheer	Meyma		1580.0	0		0	"Persoonsgegevens: overleden vóór 1648.
Heerlijkheden/adellijke huizen: verwerving Meyma door zijn huwelijk met Bauwe Jarges in 1619."		1		
6780	5121	Lewe		1.0	7.0	Abel Coenders	1	Jonkheer	Ulrum	Panser, Husinga, Vliedorp en Nijkerk		0	1664.0	0	Heerlijkheden/adellijke huizen: verwerving Asinga (Ulrum) 1648, Panser 1648.		1		
6781	6354	Delen tot Horssen	van	1.0	7.0	Jan Hendrik	1		Druten	Horssen	1693.0	0	1733.0	0	"Persoonsgegevens: geboortejaar uit handmatig bijschrift in gebruikt exemplaar d'Ablaing. Specifieke overlijdensdatum: idem.
Heerlijkheden/adellijke huizen: verwerving 1723."		1	26.0	6.0
6782	5056	Lewe		1.0	7.0	Reint Jan	1	Jonkheer	Middelstum		1656.0	0	1704.0	0	Heerlijkheden/adellijke huizen: verwerving 1680 door vererving van zijn broer Evert Lewe, die kinderloos stierf.		1	9.0	9.0
6783	5070	Lewe		1.0	7.0	Jan	1	Jonkheer	Ewsum	Middelstum	1683.0	0	1737.0	0	Heerlijkheden/adellijke huizen: verwerving Ewsum 1704.		1	21.0	7.0
6784	5310	Lewe van Kantens		1.0	7.0	Albert	1	Jonkheer	Klinkenborg	Hellum		0		0	"Persoonsgegevens: vermoedelijk zijn de geboorte- en overlijdensjaren uit  Genealogische en Heraldische Bladen (1660-1688) incorrect.
Heerlijkheden/adellijke huizen: verwerving Klinkenborg 1677, Hellum aangekocht samen met Gijsbert Herman Ripperda en Johan Clant."		1		
6785	5129	Manninga		1.0	7.0	Luirt	1	Jonkheer	Dijksterhuis	Eendrum en Tweesternijland	1624.0	0	1668.0	1	Heerlijkheden/adellijke huizen: verwerving Dijksterhuis 1652.		1		
6786	5324	Manninga		1.0	7.0	Doedo	1	Jonkheer	Schultinga			0	1671.0	0	Heerlijkheden/adellijke huizen: verwerving Schultinga 1663 (door huwelijk met Lucretia van Isselmuiden) tot 1674 (publiekelijk verkocht).		1		
6787	5460	Mepsche	de	1.0	7.0	Rudolph	1	Jonkheer				0		0			1		
6788	4309	Mepsche	de	1.0	7.0	Johan	1	Jonkheer	Loppersum			0		0			1		
6789	4289	Millinga	van	1.0	7.0	Claes	1	Jonkheer	Faan			0		0	"Persoonsgegevens: overleden vóór 19 juli 1651.
Heerlijkheden/adellijke huizen: verwerving van de borg Bijma (te Faan) in 1621 door overdracht van zijn vader Ernst Millinga."		1		
6790	4313	Millinga	van	1.0	7.0	Ernst	1	Jonkheer	Faan		1632.0	1	1671.0	0	"Persoonsgegevens: overleden vóór 9 oktober 1671.
Heerlijkheden/adellijke huizen: verwerving Faan 1662 (pas toen vond de boedelscheiding van de reeds vóór 1651 overleden Claes Millinga plaats)."		1		
6791	5626	Rengers		1.0	7.0	Evert	1	Jonkheer				0		0			1		
6792	5451	Rengers		1.0	7.0	Sicco	1	Jonkheer	Rengerda	Loppersum en Leermens		0	1676.0	0			1		
6793	5125	Rengers		1.0	7.0	Oesbrant Johan	1	Jonkheer	Slochteren		1620.0	0	1681.0	1	"Persoonsgegevens: Van Winter geeft afwijkend geboortejaar 1610.
Heerlijkheden/adellijke huizen: verwerving tussen 1633 en 1636."		1		
6794	5472	Rengers		1.0	7.0	Edzard	1	Jonkheer	Tuwinga	Oldenhuis, Baukema, Farmsum, Weiwerd, Oterdum en Meedhuizen	1658.0	0	1694.0	0	"Persoonsgegevens: het Nederland's Adelsboek geeft overlijdensdatum 25 december 1694, de Genealogische en Heraldische Bladen 26 december 1694.
Heerlijkheden/adellijke huizen: verwerving Tuwinga 1690, Oldenhuis 1690, Baukema 1690, Farmsum 1693 (door koop)."		1	25.0	12.0
6795	4349	Rengers		1.0	7.0	Jan Rempt	1	Jonkheer	Rengerda	Godlinze		0	1709.0	0	Heerlijkheden/adellijke huizen: verwerving Rengerda 1676 (door vererving).		1		
6796	5328	Rengers ten Post		1.0	7.0	Egbert	1	Jonkheer	Tuwinga	Oldenhuis, Ten Post, Usquert, Harssens, 't Zandt en Eenum	1616.0	0	1663.0	0	Heerlijkheden/adellijke huizen: verwerving Tuwinga en Oldenhuis in 1652.		1	11.0	2.0
6797	4280	Ripperda	van	1.0	7.0	Hero Maurits	1	Jonkheer	Farmsum			0	1633.0	0			1		
6798	7029	Lawick	van der	1.0	7.0	Johan	1	Jonkheer				0	1637.0	0	Persoonsgegevens: het is niet geheel zeker dat de personen genoemd in De Nederlandsche Leeuw en d'Ablaing dezelfde zijn.		1	16.0	9.0
6799	5404	Schaffer		1.0	7.0	Gosen	1	Jonkheer	Almersma			0	1637.0	0			1	11.0	7.0
6800	5116	Schaffer		1.0	7.0	Berent	1	Jonkheer	Losdorp		1595.0	0	1648.0	0	"Persoonsgegevens: overleden op 6 of 7 mei 1648.
Heerlijkheden/adellijke huizen: verwerving door opvolging bij het overlijden van zijn vader Claas Schaffer. Diens sterfdatum is echter niet bekend."		1		5.0
6801	5484	Schaffer		1.0	7.0	Gerhard	1	Jonkheer	Rusthoven		1675.0	0	1733.0	0	Persoonsgegevens: overleden op 8 of 9 september 1733.		1		9.0
6802	5317	Sighers	de	1.0	7.0	Wolter	1	Jonkheer				0		0	Persoonsgegevens: overleden vóór 12 januari 1681.		1		
6803	4806	Haeften	van	1.0	7.0	Reinier	1		Ophemert	Zennewijnen	1646.0	0	1733.0	0	Heerlijkheden/adellijke huizen: verweving Ophemert 1659 (toen onmondig beleend; 1672 mondig).		1	24.0	1.0
6804	4316	Tamminga		1.0	7.0	Onno	1	Jonkheer	Bellingeweer	Ludema tot Uskwerd, Uithuizen, Uithuizermeeden, Sandeweer, Kloosterburen, Obergum en Vierburen	1650.0	0	1689.0	0	Heerlijkheden/adellijke huizen: hij erfde de rechten in de borg Bellingeweer na de dood van zijn vader in 1663. De borg kwam na zijn dood aan zijn zoon Schotto.		1	2.0	10.0
6805	4341	Tamminga van Alberda		1.0	7.0	Onno	1	Jonkheer	Rensuma	Nijenstein	1669.0	0	1743.0	0	Heerlijkheden/adellijke huizen: verwerving Rensuma 1700 tot 1718 (toen deed hij Rensuma over aan zijn zoon Mello), Nijenstein 1711.		1	10.0	5.0
6806	5557	Tjarda van Starckenborgh		1.0	7.0	Lambert	1	Jonkheer	Verhildersum	Leens, Marne, Wehe en Zuurdijk	1592.0	0	1646.0	0	Heerlijkheden/adellijke huizen: verwerving Verhildersum 1618.		1		1.0
6807	5090	Tjarda van Starkenborgh		1.0	7.0	Allard	1	Jonkheer	Verhildersum	Wierhuizen, Leens, Wehe en Zuurdijk	1620.0	0	1673.0	0	Heerlijkheden/adellijke huizen: verwerving Verhildersum 1646.		1		
6808	4305	Tjarda van Starkenborgh		1.0	7.0	Ludolf	1	Jonkheer	Wehe	Zuurdijk, Nijenklooster		0	1686.0	1	"Persoonsgegevens: de Nederlandsche Leeuw geeft als overlijdensdatum vóór 20 augustus 1691, Formsma circa 1686.
Heerlijkheden/adellijke huizen: verwerving Wehe en Zuurdijk in 1649 (Formsma constateert echter dat er op dat moment geen huis te Wehe wordt genoemd in de boedelscheiding), heeft vermoedelijk zelf het Nijenklooster laten bouwen."		1		
6809	4346	Tjarda van Starkenborgh		1.0	7.0	Lambert	1	Jonkheer	Wetsinge		1658.0	1	1722.0	0	"Heerlijkheden/adellijke huizen: verwerving Onstaborg in Wetsinge 1695 (door koop).
Persoonsgegevens: de Nederlandsche Leeuw geeft geboortejaar 1658, Genealogische en Heraldische bladen 1653 of 1654."		1	30.0	7.0
6810	5301	Tjarda van Starkenborgh		1.0	7.0	Coppen	1	Jonkheer	Wehe	Zuurdijk	1654.0	0	1728.0	0	Heerlijkheden/adellijke huizen: verwerving Wehe 1691.		1	3.0	9.0
6811	5295	Ubbena	van	1.0	7.0	Willem	1	Jonkheer	Spijk		1660.0	0	1721.0	0	Heerlijkheden/adellijke huizen: verwerving Spijk (dan Reintsema geheten) na de dood van zijn vader bij erfscheiding in 1675. De borg kwam aan hem en zijn broer Reint toe. In 1678 viel het huis toe aan Reint, terwijl Willem het bij koopbrief van 1701 verkreeg.		1	4.0	1.0
6812	5627	Walrigh	de	1.0	7.0	Gerhard	1	Jonkheer	Bolsiersema			0		0			1		
6813	5287	Wichers		1.0	4.0	Hendrik Ludolf	0				1747.0	0	1840.0	0	"Raad: Kuiken geeft afwijkend aanvangsjaar 1780.
Buitenlandse adelstitels: Baron de l'Empire."		1	13.0	5.0
6814	6385	Lawick	van	1.0	7.0	Johan	1		Cortenberg			0	1741.0	0	Heerlijkheden/adellijke huizen: verwerving Cortenberg door koop 1726.		1		
6815	7152	Lawick	van	1.0	7.0	Hessel	1	Jonkheer	Heukelom		1647.0	0	1711.0	1			1		
6816	7076	Baer	van	1.0	7.0	Willem	1	Jonkheer			1656.0	0	1701.0	0	Persoonsgegevens: overleden vóór 16 november 1701 blijkens zijn opvolging in de Provinciale Rekenkamer van Gelderland.		1		
6817	5615	Isbrants		1.0	7.0	Johan	0				1621.0	0	1679.0	0			1		
6818	5059	In- en Kniphuisen		4.0	7.0	Carel Ferdinand	1		Nienoord	Vredewold	1669.0	0	1717.0	0	Heerlijkheden/adellijke huizen: verwerving Nienoord 1714.		1	27.0	12.0
6819	4348	Baurmester		1.0	7.0	Willem	0				1644.0	0	1720.0	0			1	17.0	9.0
6820	5066	Ludolphi		1.0	7.0	Ludolph	0				1652.0	0	1721.0	0			1	13.0	5.0
6821	6319	"Haeften
Haeften"	van	1.0	7.0	Bartold	1		Wadenoijen	Ophemert, Zennewijnen en Delwijnen	1692.0	0	1772.0	0	Heerlijkheden/adellijke huizen: verwerving Wadenoijen 1725, Ophemert 1747, Zennewijnen en Delwijnen 1747.		1	10.0	12.0
6822	5639	Hoeth		1.0	4.0	Albert Willem	0				1679.0	0	1728.0	0	Raad: Nederland's Patriciaat geeft van Kuiken afwijkend aanvangsjaar 1715.		1	2.0	5.0
6823	4297	Celos		1.0	7.0	Johan	0				1602.0	0	1660.0	0			1	17.0	3.0
6824	5608	Junius		1.0	7.0	Franciscus	0				1624.0	0	1678.0	0			1	19.0	9.0
6825	5110	Drews	de	1.0	7.0	Johan	0				1630.0	0	1709.0	0	Persoonsgegevens: De Nederlandsche Leeuw geeft geboortejaar omtrent 1635, Feenstra circa 1629, Van Winter 1630.		1	28.0	6.0
6826	5134	Berge	ten	1.0	7.0	Gerard Hendrik	0				1644.0	0	1699.0	0			1		
6827	5081	Laman		1.0	7.0	Paulus	0				1668.0	0	1747.0	0			1	30.0	5.0
6828	5646	Muntinghe		1.0	7.0	Herman	0				1677.0	0	1751.0	0	Raad: Kuiken geeft afwijkend aanvangsjaar 1718.		1		
6829	4414	Alberda		1.0	7.0	Mello	1		Nijenstein		1701.0	0	1764.0	0	Heerlijkheden/adellijke huizen: verwerving Nijenstein 1751.		1	15.0	10.0
6830	6116	Falck		1.0	4.0	Otto Willem Philippus	1	Jonkheer			1747.0	0	1822.0	0	Adelstitels: predicaat 1816.		1	25.0	1.0
6831	4395	Alstorphius		1.0	7.0	Petrus	0				1718.0	0	1780.0	0	Persoonsgegevens: Van Winter en Elias geven afwijkend geboortejaar 1712.		1	16.0	8.0
6832	4425	Hoorn	van	1.0	7.0	Johan	0					0	1788.0	0	Persoonsgegevens: de identificatie van deze persoon met de bewindhebber in de WIC ter kamer Stad en Lande is niet zeker; Van Winter geeft leefjaren 1704-1791.		1		
6833	4426	Borgh	ter	1.0	7.0	Arnolt Jan	0				1703.0	0	1780.0	0	Persoonsgegevens: voornaam bij Van Winter 'Ajolt Jan'.		1	1.0	12.0
6834	7348	Beeck	van	1.0	7.0	Nicolaes	0				1616.0	0	1693.0	0	Persoonsgegevens: begraven 3 maart 1693.		1		3.0
6835	7361	Scott		1.0	4.0	Everard	0				1639.0	0	1682.0	0			1	12.0	2.0
6836	7353	Nijs		1.0	7.0	Isaac Jan	0				1625.0	0	1690.0	0			1	17.0	2.0
6837	7354	Pellicorne		1.0	7.0	Gaspar	0				1628.0	0	1680.0	0			1	5.0	7.0
6838	7357	Noiret		1.0	4.0	Jeremias	0				1642.0	0	1678.0	0			1		4.0
6839	7358	Schuyl van Walhorn		1.0	7.0	Wynandt	0					0	1678.0	0			1	1.0	12.0
6840	880	Dussen	van der	1.0		Jacob	0				1631.0	0	1701.0	0			1	4.0	9.0
6841	882	Lange	de	1.0	3.0	Cornelis	0				1629.0	0	1682.0	0			1	5.0	3.0
6842	3390	Krull		1.0		Johan Hendrik	0				1616.0	0	1693.0	0	Persoonsgegevens: Van Velden en Wieinga geven geboorte 1627. Overijsselse Historische Bijdragen geeft overlijden 1699, Streng 1694, Schneeloch 24 september 1693. Vanwege deze specifieke datum is aangenomen dat het laatste juist is.		1	24.0	9.0
6843	7362	Delen	van	1.0	7.0	Albert	1		Maurik	Spankeren, Oldenaller	1652.0	0	1724.0	0			1	9.0	1.0
6844	7363	Orville	d'	1.0	7.0	Philippe	0				1622.0	1	1688.0	1	Persoonsgegevens: geboren 1622 of 1623, gestorven tussen 14 oktober 1687 en 27 februari 1688.		1		
6845	7365	Bempden	van den	1.0	4.0	Jan	0				1661.0	0	1722.0	0			1	30.0	5.0
6846	7364	Kerckrinck		1.0	7.0	Willem	0				1644.0	0	1692.0	0			1	4.0	7.0
6847	700	Steyn		1.0	4.0	Mattheus	0				1619.0	0	1680.0	0			1	29.0	2.0
6848	6732	Vossenburch		1.0	4.0	Arent	0					0	1693.0	0	Persoonsgegevens: begraven 28 september 1693.		1		9.0
6849	4584	Galen tot Bonenburg	van	1.0	7.0	Gerrit Jan	1					0	1718.0	0			1		
6850	6551	Voocht	de	1.0	4.0	"Johan
Johan"	0					0		0			1		
6851	7367	Coymans		1.0	7.0	Josephus	0				1656.0	0	1720.0	0			1	7.0	9.0
6852	1091	Dicx		1.0	4.0	Diederick	0				1650.0	0	1719.0	0	Persoonsgegevens: begraven 28 december 1719.		1	22.0	9.0
6853	7377	Famars	de	1.0	7.0	Johan Jacob	0				1653.0	0	1727.0	0			1	18.0	11.0
6854	7381	Hoyngh		1.0	7.0	Jacob Gerritsz.	0				1555.0	0	1625.0	0			1	6.0	7.0
6855	7368	Collen	van	1.0	4.0	Ferdinand	0		Gunterstein	Tienhoven	1651.0	0	1735.0	0			1	30.0	10.0
6856	7369	Geelvinck		1.0	4.0	Albert	0				1647.0	0	1693.0	0			1	27.0	9.0
6857	7371	Baerle	van	1.0	7.0	Hendrik	0				1643.0	0	1705.0	0			1	26.0	4.0
6858	7372	Baerle	van	1.0	7.0	David	0				1595.0	0	1671.0	0			1	1.0	9.0
6859	7376	Hoogenhouk		1.0	7.0	Justus	0				1644.0	0	1714.0	0			1	24.0	9.0
6860	4907	Hoogcamer		1.0	7.0	Henrick	0					0		0	Persoonsgegevens: mogelijk de Hendrik Hooghkamer genoemd in J.E. Elias, De vroedschap van Amsterdam, 1578-1795 (2 dln., Haarlem 1903-1905) I, 323, geboren in 1601.		1		
6861	7382	Hooghkamer		1.0	7.0	Jacob Pietersz.	0				1578.0	0	1641.0	0	Persoonsgegevens: begraven 12 juni 1641.		1		6.0
6862	7405	Pauw		1.0	7.0	Michiel	0		Achttienhoven	Den Bosch	1590.0	0	1640.0	0	Buitenlandse adelstitels: Ridder van Sint Marcus 1623 (Venetië).		1	20.0	3.0
6863	7387	Heuvel	van den	1.0	7.0	Willem	0				1560.0	0	1634.0	0	Persoonsgegevens: begraven 13 maart 1634.		1		3.0
6864	3206	Merct	van der	1.0	4.0	Johan	0				1623.0	0	1661.0	0	Persoonsgegevens: Elias geeft, anders dan Heraldieke Bibliotheek, overlijden maart 1663, maar aangezien Van der Merct op 29 maart 1661 wordt opgevolgd in de Admiraliteit van Amsterdam, is 1661 waarschijnlijker.		1		3.0
6865	7417	Blanche		1.0	7.0	Toussain	0					0		0	Persoonsgegevens: mogelijk de Toussain Blanche, 1561-1643 in 'The Montias Database of 17th Century Dutch Art Inventories' (https://research.frick.org/montias; geraadpleegd 7 augustus 2023). Ook wel als 'Cousijn Blancks'.		1		
6866	7431	Panhuyzen		1.0	4.0	Jehan	0					0		0			1		
6867	7419	Beurse		1.0	7.0	Jaques	0					0		0	Persoonsgegevens: geslachtsnaam ook als 'Boursse'. Een Jacques Boursse (ca. 1590-1651) genoemd bij het lemma 'Esaias Boursse' in RKDArtists (https://rkd.nl/nl/explore/artists/11559; geraadpleegd 9 augustus 2023).		1		
6868	7475	Wael	de	1.0	7.0	Jan	0				1594.0	0	1663.0	0	Persoonsgegevens: in 1650 op last van stadhouder Willem II gearresteerd en uit al zijn ambten ontzet, maar na diens dood hersteld.		1	23.0	9.0
6869	7438	Visscher	de	1.0	7.0	Abraham	0				1605.0	0	1667.0	0	Persoonsgegevens: begraven 17 september 1667.		1		9.0
6870	7478	Pergens		1.0	7.0	Jacob	0					0	1681.0	0	Persoonsgegevens: begraven 7 juli 1681.		1		7.0
6871	7480	Bontemantel		1.0	7.0	Hans	0				1613.0	0	1688.0	0	Persoonsgegevens: begraven 8 juni 1688.		1		6.0
6872	686	Backer		1.0	4.0	Laurens	0				1664.0	0	1704.0	0	Persoonsgegevens: Engelbrecht geeft overlijden 25 april, Elias 23 april.		1	25.0	4.0
6873	7482	Cloeck		1.0	4.0	Cornelis	0				1622.0	0	1693.0	0			1	12.0	4.0
6874	4525	Elias		1.0	4.0	Jacob Michielsz.	0				1698.0	0	1750.0	0			1	7.0	4.0
6875	7486	Hogendorp	van	1.0	4.0	Diderik Johan	0		Hofwegen	Tilburg, Goirle	1654.0	0	1803.0	0	Buitenlandse adelstitels: graaf des Heiligen Roomse Rijk.		1	25.0	3.0
6876	6845	Schilder		1.0	7.0	Frederik Gerritsz.	0					0	1617.0	0			1		
6877	2122	Lestevenon		1.0	4.0	Daniel Willem	0		Schonauwen		1681.0	0	1754.0	0	Persoonsgegevens: begraven 24 april 1754.		1	24.0	4.0
6878	7495	Meer	van der	1.0	7.0	Dirk	0				1686.0	0	1738.0	0			1	5.0	1.0
6879	7500	Huydecoper		1.0	4.0	Jan	0		Maarseveen	Neerdijk, Nigtevecht	1693.0	0	1752.0	0			1	2.0	4.0
6880	6917	Pauw		1.0	4.0	Engelbert Jacobz.	0				1585.0	0	1648.0	0			1	29.0	2.0
6881	335	Mey	de	1.0	4.0	François	0		Nieuw-Lekkerland	Limmen, Souburg	1726.0	0	1797.0	0			1		10.0
6882	7395	Joyen		1.0	7.0	Matheus	0					0		0	Persoonsgegevens: geslachtsnaam ook wel 'Joge'.		1		
6883	1275	Egmond van de Nijenburg	van	1.0		Johan Gerritsz.	1		Vleuten		1618.0	0	1712.0	0	"Persoonsgegevens: de adeldom van de familie Van Egmond van de Nijenburg was omstreden, zie J. Belonje, 'De afkomst van het geslacht Van Egmond van de Nyenburg', in: Jaarboek van het Centraal Bureau voor Genealogie deel 9 (1955) 39-76.
Vroedschap: ontslagen op eigen verzoek 1687.
Buitenlandse adelstitels: door keizer Joseph I verheven tot baron des Heiligen Roomse Rijk in 1705.
Overig: bekleedde mogelijk ook nog de functie van gecommitteerde in de Rekenkamer ter Auditie van Holland in het Noorderkwartier 1678-1680, in deze database bij naamgenoot Johan Johansz. (1646-1690) ondergebracht."		1	26.0	10.0
6884	7521	Schellinger		1.0	7.0	Hillebrand	0				1580.0	0	1633.0	0			1	22.0	6.0
6885	6788	Paets		1.0	7.0	Adriaen	0				1697.0	0	1765.0	0	Persoonsgegevens: begraven 19 oktober 1765.		1		10.0
6886	6727	Vrije	de	1.0	3.0	Jan	0				1627.0	0	1676.0	0			1		
6887	7458	Merckt	van der	1.0	7.0	Jehan	0					0		0	Persoonsgegevens: ook wel Jan of Hans van de Marck. Het is onzeker of de bewindhebber van de WIC en van de VOC dezelfde persoon zijn.		1		
6888	7393	Becker		1.0	7.0	Eduard	0					0		0	Persoonsgegevens: wordt in Stadsarchief Amsterdam, 5015 genealogie-handschriften, inv. nr. 55, geslachtsregister van Lodewijck Blommaert, p. 35. 'Gueraert Becker' genoemd.		1		
6889	7536	Dorhout	van den	1.0	7.0	Sijmon	0					0		0	Persoonsgegevens: Stadsarchief Amsterdam, 5015 genealogie-handschriften, inv. nr. 55, geslachtsregister van Lodewijck Blommaert, p. 47 noemt hem schepen; Dorhout komt echter niet voor in J.E. Elias, De vroedschap van Amsterdam, 1578-1795 (2 dln., Haarlem 1903-1905)		1		
6890	7548	Thor	le	1.0	7.0	Johannes	0				1601.0	0		0	Persoonsgegevens: overleden vóór 1654.		1		
6891	7517	Proost		1.0	7.0	Pieter Walichsz.	0		Achttienhoven		1581.0	0	1642.0	0	Heerlijkheden/adellijke huizen: verkocht Achttienhoven in 1620 aan Laurens Jansz. Spiegel.		1		
6892	6749	Loon	van	1.0	7.0	Willem Jansz.	0				1537.0	0	1618.0	0			1	16.0	7.0
6893	3080	Cooper		1.0	4.0	Adriaan	0					0		0	Overig: was pensionaris van Veere.		1		
6894	7555	Capelle	van	1.0	7.0	Nicolaes Rochusz.	0				1609.0	0	1695.0	0			1	28.0	10.0
6895	6359	Slichers		1.0	7.0	Wichbolt Anthonisz.	0					0		0			1		
6896	6015	Veldhuysen	van	1.0	4.0	Dirck	0		Heemstede	Willescop en Kort Heeswijk	1651.0	0	1716.0	0			1	20.0	7.0
6897	7585	Loon	van	1.0	7.0	Pieter	0				1667.0	0	1716.0	0			1	27.0	3.0
6898	5817	Heeckeren tot Beurse	van	1.0	7.0	Frans Jan	1		Beurse		1754.0	0	1783.0	0			1	1.0	9.0
6899	252	Karsseboom		1.0	4.0	Jeronimus Jacobsz.	0				1706.0	0	1771.0	0			1	22.0	11.0
6900	6951	Blocquery	van de	1.0	7.0	Josias	0				1638.0	0	1686.0	0			1	14.0	2.0
6901	6394	Pabst	van	1.0	7.0	Rudolph Willem	0		Wolfswaard	Bingerden	1706.0	0	1783.0	0	Persoonsgegevens: Elias geeft overlijden 23 juni 1782.		1	23.0	6.0
6902	6975	Boudaen Courten		1.0	7.0	Johan	0		Sint Laurens	Schellach, Popkensburg	1634.0	0	1716.0	0			1	22.0	1.0
6903	6235	Boudaen		1.0	4.0	Gideon	0		Hardenbroek		1686.0	1	1744.0	0			1	30.0	9.0
6904	4238	Boudaen		1.0	4.0	Abraham	0		Schellach			0	1745.0	0	Persoonsgegevens: overleden vóór 23 december.		1	23.0	5.0
6905	6944	Boudaen Courten		1.0	7.0	Pieter	0				1635.0	0	1684.0	0			1		
6906	7604	Radermacher		1.0	4.0	Daniel Jan	0		Nieuwerkerk		1722.0	0	1803.0	0			1	14.0	3.0
6907	4161	Hove	ten	1.0	4.0	Nicolaas	0				1732.0	0	1782.0	0			1	26.0	3.0
6908	1699	Matelieff		1.0		Cornelis Cornelisz. (de jonge_	0				1569.0	0	1632.0	0			1	17.0	10.0
6909	5850	Hove	ten	1.0	3.0	David	0		Rijnauwen		1642.0	0	1727.0	0	Persoonsgegevens: begraven 28 oktober 1727.		1		10.0
6910	7618	Lampsins		1.0	4.0	Apollonius	0				1674.0	0	1728.0	0	Persoonsgegevens: begraven 29 december 1728.		1		12.0
6911	7628	Hoogstraten	van	1.0	4.0	Cornelis Adriaan	0				1747.0	0	1824.0	0			1	14.0	1.0
6912	7629	Winter	van	1.0	7.0	Pieter Nicolaas Simonsz.	0					0		0			1		
6913	714	Timmers		1.0		Paulus (de jonge)	0				1622.0	0	1692.0	0			1		
6914	2464	Baen		1.0		Jacob Jansz.  (de jonge)	0					0		0	Vroedschap: ontslagen 1672.		1		
6915	1062	Berckel	van	1.0		Johan  (de jonge)	0				1603.0	1	1662.0	0	Persoonsgegevens: begraven 19 mei 1662.		1		5.0
6916	1677	Geniets		1.0		Anthonis  (de jonge)	0					0		0			1		
6917	1282	Heyndricksz.		1.0		Pieter  (de jonge)	0					0		0			1		
6918	7374	Hinlopen		1.0	4.0	Jacob Jacobsz.  (de jonge)	0				1668.0	0		0			1		
6919	7392	Jacobsz.		1.0	7.0	Rombout  (de jonge)	0				1585.0	0	1652.0	0			1	20.0	11.0
6920	1298	Laackeman		1.0		Pieter Pietersz.  (de jonge)	0					0	1653.0	0	Persoonsgegevens: begraven 18 februari.		1		2.0
6921	7498	Collen	van	1.0	4.0	Ferdinand  (de jonge)	0		Gunterstein	Tienhoven		0		0			1		
6922	658	Jongeneel		1.0		Cornelis Cornelisz. (de oude)	0				1543.0	0	1632.0	0			1		
6923	680	Mey	de	1.0		Jean (de oude)	0		IJsselmonde		1633.0	0	1721.0	0	Persoonsgegevens: begraven 18 april 1721.		1		4.0
6924	670	Berckel	van	1.0		Johan (de oude)	0				1592.0	1	1678.0	0	Persoonsgegevens: geboortejaar mogelijk 1593.		1		
6925	1528	Engel		1.0		Jan Jansz. (de oude)	0					0	1727.0	0	Persoonsgegevens: begraven 28 oktober 1727.		1		10.0
6926	7426	Varleth		1.0	7.0	Pieter	0					0		0	Persoonsgegevens: waarschijnlijk identiek aan Pieter Vallet, eveneens in deze database.		1		
6927	7535	Vallet		1.0	7.0	Pieter	0					0		0	Persoonsgegevens: waarschijnlijk identiek aan Pieter Varleth, eveneens in deze database.		1		
6928	7404	Loten		1.0	7.0	Charles	0				1584.0	0	1652.0	0	Persoonsgegevens: Elias geeft waarschijnlijk onjuist geboortejaar 1574.		1	1.0	10.0
6929	4487	Straten	van der	1.0	3.0	Willem	0		Willeskop	Kortheeswijk	1593.0	1	1681.0	0	Persoonsgegevens: was eerder professor in de medicijnen aan de Universiteit van Utrecht.		1	6.0	11.0
6930	4586	Plettenburgh tot Marhulsen	van	1.0	7.0	Casper Diderick	0					0	1689.0	0			1		
6931	5585	Lewe		1.0	7.0	Johan	1	Jonkheer	Middelstum		1622.0	0	1671.0	0	Heerlijkheden/adellijke huizen: verwerving 1648.		1	20.0	10.0
6932	3961	Manmaker	de	1.0		Jacob	0		Hofwegen			0	1612.0	0	Heerlijkheden/adellijke huizen: verwerving 1601.		1		
6933	3744	Jordens		1.0		Joan	0				1639.0	0	1693.0	0	Persoonsgegevens: begraven 4 september 1693.		1		
6934	2876	Mars van Hoorn		1.0	4.0	Joan	0					0	1692.0	0	Persoonsgegevens: begraven 6 november 1692.		1		
6935	4476	Aeswijn	van	1.0	7.0	Anthonis	1	Jonkheer	Wesenhorst	Braeckel, Sterkenburg, Wijnbergen en Kemenade	1615.0	0	1647.0	0	Persoonsgegevens: werd vermoord.		1	19.0	6.0
6936	6647	Temmink		1.0	7.0	Coenraad	0					0	1762.0	0			1	17.0	2.0
6937	4652	Heeckeren	van	1.0	7.0	Evert Ludolph Hendrick Borchard Sylvius	1		Waliën	Kamferbeek en Kemnade	1696.0	0	1762.0	0	"Persoonsgegevens: in d'Ablaing als Ludolf Hendrik Burchard Sylvius.
Overig: werd op de Gelderse Landdag van 27 oktober 1762 benoemd tot gedeputeerde ter Staten-Generaal per 1 november 1763, maar overleed voor die tijd."		1	7.0	11.0
6938	169	Beveren	van	1.0		Willem Cornelisz.	0		Strevelshoek		1556.0	0	1631.0	0	Heerlijkheden/adellijke huizen: verwerving 1593.		1	18.0	7.0
6939	799	Bicker		1.0	3.0	Andries	0		Engelenburg		1586.0	0	1652.0	0	Heerlijkheden/adellijke huizen: verwerving 1646.		1	24.0	6.0
6940	802	Bicker		1.0		Cornelis	0		Swieten		1592.0	0	1654.0	0	Heerlijkheden/adellijke huizen: verwerving 1632.		1	15.0	9.0
6941	1518	Vreck		1.0		Jan Cornelisz.	0					0	1678.0	0	Persoonsgegevens: begraven 22 december 1678.		1		12.0
6942	149	Brandwijk	van	1.0		Willem	0		Blokland		1626.0	0	1696.0	0	Heerlijkheden/adellijke huizen: verwerving 1646.		1	29.0	3.0
6943	3039	Bredehoff		1.0	4.0	Joan	0		Pijlsweert		1675.0	0	1720.0	0	Heerlijkheden/adellijke huizen: verwerving 1705.		1	6.0	10.0
6944	4276	Broersema		1.0	7.0	Pabe	0		Hankema		1586.0	0	1646.0	0	Heerlijkheden/adellijke huizen: verwerving 1607.		1	26.0	2.0
6945	5136	Clant		1.0	7.0	Derk	1		Hankema		1638.0	0	1700.0	0	Heerlijkheden/adellijke huizen: vewerving 1676.		1	10.0	4.0
6946	139	Eelbo		1.0		Roelof Roelofsz.	0		Molenaarsgraaf		1682.0	0	1738.0	0	Heerlijkheden/adellijke huizen: verwerving 1731.		1	13.0	1.0
6947	789	Graeff	de	1.0		Jacob Dirksz.	0		Zuid-Polsbroek		1571.0	0	1638.0	0	Heerlijkheden/adellijke huizen: verwerving 1610.		1	6.0	10.0
6948	1754	Graswinckel		1.0	4.0	Theodorus	0		Holy		1600.0	0	1666.0	0	Heerlijkheden/adellijke huizen: bezit 1646-1666.		1	12.0	10.0
6949	5699	Gruys		1.0	7.0	Pompejus	1	Jonkheer	ter Weer		1657.0	0	1718.0	0	Heerlijkheden/adellijke huizen: verwerving 1692.		1	16.0	10.0
6950	4940	Hardenbroek	van	1.0	7.0	Joachim	1		Hardenbroek		1565.0	1	1605.0	0	Heerlijkheden/adellijke huizen: verwerving 1577.		1	13.0	8.0
6951	3285	Hemert	van	1.0		Johan	0		Neder-Slingeland			0	1634.0	0	Heerlijkheden/adellijke huizen: verwerving 1578.		1	7.0	5.0
6952	5616	Huninga van Oostwold		1.0	7.0	Doedo Allard	1	Jonkheer	Englumborg		1647.0	0	1685.0	0	Heerlijkheden/adellijke huizen: verwerving 1669.		1		
6953	5553	Isselmuiden	van	1.0	7.0	Ernst	1	Jonkheer	Schultinga	Bedum, Ter Laen en Ten Boer		0	1646.0	0	Heerlijkheden/adellijke huizen: verwerving 1598.		1	10.0	3.0
6954	4241	Kinschot	van	1.0	4.0	Johan Anthonie	0		Kinschot		1708.0	0	1766.0	0	Heerlijkheden/adellijke huizen: verwerving 1763.		1	21.0	10.0
6955	5096	Marees	de	1.0	7.0	Renneke Busch	0		Allersma		1703.0	0	1763.0	0	Heerlijkheden/adellijke huizen: verwerving 1729.		1	7.0	6.0
6956	719	Mieden	van der	1.0	4.0	Aris	0		Opmeer		1726.0	0	1792.0	0	Heerlijkheden/adellijke huizen: verwerving 1765.		1		
6957	2704	Mieden	van der	1.0	4.0	Adriaen	0		Opmeer		1702.0	0	1764.0	0	Heerlijkheden/adellijke huizen: verwerving 1762.		1	13.0	11.0
6958	5530	Piccardt		1.0	7.0	Jan Louis	0		Harkstede			0	1807.0	0	Heerlijkheden/adellijke huizen: verwerving 1781.		1		
6959	4769	Quint		1.0	4.0	Cornelis	0		Heemstede		1666.0	0	1743.0	0	Heerlijkheden/adellijke huizen: verwerving 1720.		1	28.0	12.0
6960	3316	Rechteren	van	1.0		Johan	1		Almelo		1595.0	1	1641.0	0	Heerlijkheden/adellijke huizen: verwerving 1616.		1	7.0	1.0
6961	3318	Rechteren tot Almelo	van	1.0		Zeger	1		Almelo		1623.0	0	1674.0	0	Heerlijkheden/adellijke huizen: verwerving 1645.		1	17.0	3.0
6962	5655	Rengers		1.0	7.0	Lammert Schotto	1		Farmsum		1706.0	0	1779.0	0	Heerlijkheden/adellijke huizen: verwerving 1747.		1		3.0
6963	3198	Huyssen van Kattendijke		1.0	4.0	Willem Jacob	1	Jonkheer	Kattendijke	Wijtvliet	1758.0	0	1826.0	0	Adelstitels: predicaat 1814.		1	20.0	5.0
6964	5524	Idsinga	van	1.0	7.0	D.B.	0					0		0			1		
6965	1721	Roovere	de	1.0		Pompejus	0		Hardinxveld			0	1638.0	0	Heerlijkheden/adellijke huizen: verwerving 1625.		1		
6966	5027	Sickinghe		1.0	7.0	Feyo	0		Warffum		1610.0	0	1666.0	0	Heerlijkheden/adellijke huizen: verwerving 1646.		1	28.0	4.0
6967	2015	Swieten	van	1.0		Adriaen	1	Jonkheer	Swieten			0	1623.0	0	Heerlijkheden/adellijke huizen: bezit tot 1602.		1		
6968	5578	Tamminga		1.0	7.0	Schotto	1	Jonkheer	Bellingeweer			0	1663.0	0	Heerlijkheden/adellijke huizen: verwerving 1652.		1		
6969	2203	Thibaut		1.0	4.0	Wilhem	0		Aagtekerke		1732.0	0	1790.0	0	Heerlijkheden/adellijke huizen: verwerving 1761.		1	6.0	9.0
6970	5021	Wifringhe		1.0	7.0	Albert	1		Letteoord (voorheen De Valkenburg)		1585.0	0	1653.0	0	"Persoonsgegevens: geslachtsnaam ook Wifrin(c)k.
Heerlijkheden/adellijke huizen: verwerving 1602."		1	8.0	10.0
6971	282	Wilhem	le Leu de	1.0	4.0	Paul	0		Drongelen		1732.0	0	1781.0	0	Heerlijkheden/adellijke huizen: verwerving 1754.		1	15.0	11.0
6972	426	Wilhem	le Leu de	1.0	4.0	Maurits	0		Waalwijk		1643.0	0	1724.0	0	Heerlijkheden/adellijke huizen: verwerving 1712.		1		
6973	1878	Wilhem	le Leu de	1.0	4.0	Constantijn	0		Drongelen		1694.0	0	1733.0	0	Heerlijkheden/adellijke huizen: verwerving 1725.		1	9.0	1.0
6974	22	Aerssen van Voshol	van	1.0	7.0	Cornelis	1		Voshol		1698.0	1	1766.0	0	Heerlijkheden/adellijke huizen: verwerving 1719.		1	16.0	11.0
6975	5104	Alberda		3.0	4.0	Onno Tamminga	1		Rensuma		1754.0	0	1829.0	0	Heerlijkheden/adellijke huizen: verwerving 1786.		1	12.0	6.0
6976	5612	Alberda		1.0	7.0	Willem	1		't Zandt			0	1702.0	0	Heerlijkheden/adellijke huizen: verwerving 1670.		1		
6977	5925	Baexen	van	1.0	7.0	Henrick	1	Jonkheer	Leeuwen			0		0	Heerlijkheden/adellijke huizen: verwerving 1606.		1		
6978	4076	Basius		1.0	3.0	Johan	0		Holy		1575.0	1	1646.0	0	Heerlijkheden/adellijke huizen: verwerving 1614.		1		
6979	1639	Brederode	van	1.0		Artus	1					0	1592.0	0	Persoonsgegevens: bastaard.		1	8.0	10.0
6980	4682	Lynden	van	3.0	7.0	Jacob Karel	1				1738.0	0	1801.0	0			1	19.0	6.0
6981	5888	Scherius		1.0	7.0	Harm	0					0	1726.0	0			1		
6982	4869	Schimmelpenninck van der Oije		1.0	7.0	Adriaan Willem	1		Hunderen			0	1720.0	0			1	29.0	8.0
6983	5684	Sickes		1.0	7.0	Melis	0				1673.0	0	1755.0	0	Persoonsgegevens: gedoopt op 1 januari 1674.		1		
6984	5797	Wijnbergen tot de beide Pollen		1.0	7.0	Ditmar	1		Pollen	Horssen	1697.0	0	1739.0	0	"Persoonsgegevens: overleden vóór eind juli 1739.
Ridderschap: geadmitteerd ad audiendum 1718.
Heerlijkheden/adellijke huizen: verkoop Horssen 1723."		1		
6985	3143	Witte	de	1.0	4.0	Boudewijn	0					0	1641.0	0	"Persoonsgegevens: de overlijdensdatum is onzeker; zie 'bijzonderheden' bij de functie raadpensionaris van Zeeland.
Overig: was secretaris van Goes."		1	23.0	3.0
6986	1268	Egmond van de Nijenburg	van	1.0		Thomas	1	Jonkheer			1599.0	1	1675.0	0	Persoonsgegevens: de adeldom van de familie Van Egmond van de Nijenburg was omstreden, zie J. Belonje, 'De afkomst van het geslacht Van Egmond van de Nyenburg', in: Jaarboek van het Centraal Bureau voor Genealogie deel 9 (1955) 39-76.		1	24.0	9.0
6987	4186	Egmond van de Nijenburg	van	1.0		Dirk	1				1677.0	0	1717.0	0	Persoonsgegevens: de adeldom van de familie Van Egmond van de Nijenburg was omstreden, zie J. Belonje, 'De afkomst van het geslacht Van Egmond van de Nyenburg', in: Jaarboek van het Centraal Bureau voor Genealogie deel 9 (1955) 39-76.		1	2.0	6.0
6988	375	Egmond van de Nijenburgh	van	1.0		Willem	1	Jonkheer			1654.0	0	1728.0	0	Persoonsgegevens: de adeldom van de familie Van Egmond van de Nijenburg was omstreden, zie J. Belonje, 'De afkomst van het geslacht Van Egmond van de Nyenburg', in: Jaarboek van het Centraal Bureau voor Genealogie deel 9 (1955) 39-76.		1	21.0	2.0
6989	1443	Egmond van de Nijenburgh	van	1.0		Johan	1	Jonkheer			1684.0	0	1745.0	0	Persoonsgegevens: de adeldom van de familie Van Egmond van de Nijenburg was omstreden, zie J. Belonje, 'De afkomst van het geslacht Van Egmond van de Nyenburg', in: Jaarboek van het Centraal Bureau voor Genealogie deel 9 (1955) 39-76.		1	4.0	3.0
6990	5342	Entens		1.0	7.0	Hillebrant	1	Jonkheer	Jensemaborg	Lulema		0	1674.0	0	"Persoonsgegevens: het is onzeker of het bij de bewindhebber van de WIC (waarvan bekend is dat hij in 1674 overleed) om dezelfde persoon gaat als bij de overige functies.
Heerlijkheden/adellijke huizen: verwerving Lulema 1654 tot 1665."		1		
6991	5764	Hell tot de Wiltbaen	van der	1.0	7.0	Gerhard Casijn	1		Wildbaan		1598.0	0	1681.0	0	Persoonsgegevens: de Nederlandsche Leeuw geeft overlijdensdatum 22 april, d'Ablaing, Maris en Driessen, en Röell 21 april, van der Aa  21 mei 1681.		1	22.0	4.0
6992	6096	Hengst	van	1.0	4.0	Hendrik Jacob	0				1742.0	0	1817.0	0	Persoonsgegevens: de identificatie van de subsituut-griffier van het Hof van Utrecht met de persoon in 'Utrechtse bestuurders' is niet zeker.		1	27.0	2.0
6993	7072	Spoltman		1.0	7.0	Johan	1	Jonkheer				0		0	Raad: is nog lid in 1700.		1		
6994	2202	Lynden van Blitterswijk tot Kolverschoten	van			Willem Karel Hendrik	1	Jonkheer			1736.0	0	1816.0	0	"Ridderschap: ontslagen met bepaling tot herstel van rang wanneer hij geen ambt meer bekleedde dat met de sessie in de ridderschap incompatibel was (blijkbaar had dit betrekking op het ambt van secretaris van de Admiraliteit van Zeeland). Verzoekt 22 december 1778 wegens zijn benoeming tot representant van de Eersten Edele van Zeeland demissie. Verleend 1779.
Adelspredicaat: 1814.
Heerlijkheden/adellijke huizen: verkoop van Blitterswijk tot Kolverschoten 1779."		1	13.0	2.0
6995	7178	Meeckeren tot Andelst	van	1.0	7.0	Berd	1	Jonkheer				0		0			1		
6996	3979	Poll	van de	1.0	4.0	François	0				1611.0	1	1667.0	0	Persoonsgegevens: mogelijk identiek met de gelijknamige gecommitteerde in de Generaliteitsrekenkamer tussen 1646 en 1652, eveneens in deze database.		1	25.0	11.0
6997	6502	Randwijck	van	1.0	7.0	Frans Steven Karel	1		Beek	Rossum en Heessel	1697.0	0	1785.0	0	Heerlijkheden/adellijke huizen: verwerving Rossum en Heezel 1726.		1	26.0	12.0
6998	5823	Arnhem	van	1.0	7.0	Karel	0					0	1621.0	0	Persoonsgegevens: mogelijk de Carel van Arnhem (1551-?)  in W.J. d'Ablaing van Giessenburg,  De Ridderschap van Veluwe, of Geschiedenis der Veluwsche Jonkers (Den Haag 1899) 113.		1	17.0	9.0
6999	2760	Heim	van der	1.0	4.0	Gerlach Johan Herbert	1	Jonkheer			1761.0	0	1822.0	0	Adelstitel: predicaat 1816.		1	7.0	7.0
7000	2588	Hoogwerf	van	1.0		Pieter	0					0	1737.0	0	Vroedschap: ontslagen 1727.		1		
7001	4573	Jongbloet		1.0	7.0	Cornelis	0					0	1666.0	0	Persoonsgegevens: het overlijden blijkt uit een vermelding bij zijn opvolging in de Generaliteitsrekenkamer.		1		
7002	6344	Keppel	van	1.0	7.0	Willem	1		Oolde	Pekkendam	1698.0	0	1727.0	0			1	1.0	9.0
7003	5192	Meurs	van	1.0	7.0	Rogier	0					0		0	Persoonsgegevens: het is niet zeker dat het bij de gecommitteerde in de Admiraliteit van Amsterdam en de gedeputeerde ter Staten-Generaal om dezelfde persoon gaat.		1		
7004	7889	Duvelaer		1.0	7.0	Joos	0					0	1670.0	0			1		
7005	4502	Nassau-de Lek-Odijk	van	4.0	7.0	Maurits Lodewijk	1		Driebergen		1681.0	0	1745.0	0			1	23.0	5.0
7006	5236	Neukirchen genaamd Nijvenheim	van	1.0	7.0	Arnold Hendrik Derk	1		de Mussenberg		1708.0	0	1783.0	0			1	19.0	11.0
7007	4353	Steenhuysen	van	1.0	7.0	Pieter Jan	1				1663.0	0	1717.0	0			1	14.0	11.0
7008	5625	Steenhuysen	van	1.0	7.0	Hendrick	1	Jonkheer	Folkerda	Snelgersma en Appingedam	1636.0	0	1695.0	0	Heerlijkheden/adellijke huizen: verwerving Folkerda 1667 (toen pachtte hij deze borg) tot 1691 (gerechtelijk verkocht), Snelgersma 1680 (bij publieke verkoop een deel gekocht en in 1681 kwam de gehele borg en een deel van de rechten aan hem).		1	1.0	6.0
7009	7955	Stalbergen	van	1.0	3.0	Johan	1				1535.0	1	1584.0	1	Perssonegegevens: 'de jonge' ter ondescheiding van zijn gelijknamige vader.		1		
7010	5133	Borck	van	1.0	7.0	Nicolaas	1	Jonkheer			1619.0	0	1682.0	0	Persoonsgegevens: De Nederlandsche Leeuw geeft overlijden 14 juli 1682.		1	7.0	6.0
7011	5062	Borck	van	1.0	7.0	Willem	1	Jonkheer	Haykema		1654.0	0	1720.0	0			1	22.0	3.0
7012	5973	Weede	van	1.0	4.0	Everhard	0		Weede	Ratelis, Dijkveld	1626.0	0	1702.0	0	Heerlijkheden/adellijke huizen: verwerving Dijkveld 1665.		1	6.0	6.0
7013	4500	Weede	van	1.0	4.0	Everhard	0		Dijkveld	Rateles		0	1734.0	1	Overig: het is onzeker of alle genoemde functies bij deze persoon horen.		1		
7014	6420	Welderen	van	4.0	7.0	Jan Walraad	1		Welderen	Oploo	1725.0	0	1807.0	0	Heerlijkheden/adellijke huizen: beleend met Oploo 1775, verkoop met broer en zusters aan prins van Oranje 1778).		1	15.0	6.0
7015	6424	Tulleken		1.0	7.0	Willem Jan	0				1703.0	0	1798.0	0			1	30.0	8.0
7016	7087	Brantsen		1.0	7.0	Henrick	0				1665.0	0	1742.0	0			1	9.0	11.0
7017	6435	Brantsen		1.0	4.0	Hendrik Willem	0				1704.0	0	1789.0	0	Overig: stadssecretaris van Arnhem.		1	29.0	11.0
7018	5843	Brantsen		1.0	3.0	Everhard Jacob	0				1708.0	0	1764.0	0	Persoonsgegevens: de Heraldieke bibliotheek en Anspach geven overlijdensdatum 19 september 1764, Maris en Driessen 15 september 1709.		1	19.0	9.0
7019	6834	Brantsen		1.0	7.0	Johannes	0					0		0	Persoonsgegevens: mogelijk de Johan Brantsen, geboren 1749, in J. Anspach, De Veluwsche familie Tulleken en hare aanverwanten (z.p. 1882) 159.		1		
7020	7065	Everwijn		1.0	7.0	Jacob	0					0	1707.0	0			1		
7021	6351	Vree	de	1.0	7.0	Dirk	0					0	1743.0	0			1		
7022	7136	Verstegen		1.0	7.0	Peter	0				1667.0	0	1746.0	0			1	3.0	1.0
7023	5756	"Huygen


Huygen"		1.0	3.0	Anthonius	0				1585.0	0	1616.0	0			1	16.0	7.0
7024	4964	Huygen		1.0	7.0	Rutger	0		Clarenbeek		1586.0	0	1666.0	0	Persoonsgegevens: geboorte mogelijk 1587 (Anspach).		1	21.0	8.0
7025	4975	Huygen		1.0	3.0	Willem	0		Cronesteyn			0	1669.0	0			1	28.0	8.0
7026	5760	Hackfort van de Snorrenhof tot Schaffelaer		1.0	7.0	Johan	1					0	1643.0	0			1	9.0	11.0
7027	6355	Huygen		1.0	3.0	Everhard Rudolf	0		Schoonderlocht		1699.0	0	1749.0	0			1		
7028	8055	Oldenbarneveld genaamd Witte Tullingh	van	1.0	4.0	Johan Gerard	0				1737.0	0	1803.0	0			1		
7029	7705	Boeymer	van	1.0	7.0	Frederik	1					0		0	Persoonsgegevens: geslachtsnaam ook als 'Boymer'.		1		
7030	6851	Baer	van	1.0	7.0	Diederick	1					0		0	Persoonsgegevens: in W.J. d'Ablaing van Giessenburg, De Ridderschap van Veluwe, of Geschiedenis der Veluwsche Jonkers (Den Haag 1899) 296 een Dirk van Baer, lid van de Ridderschap van Veluwe vanaf 1649, maar deze overleed in 1683.		1		
7031	3866	Berchem	van	1.0		Johan	1	Jonkheer				0	1648.0	0			1		12.0
7032	7168	Bronckhorst	van	1.0	7.0	Arend	1	Jonkheer				0		0	Persoonsgegevens: voornaam ook Arndt. D'Ablaing noemt twee gelijknamige personen, zonder dat duidelijk is om wie het hier gaat. Gezien de einddatum als ordinaris-gedeputeerde in Gedeputeerde Staten van het kwartier Nijmegen lijkt de genoemde op p. 93 het meest waarschijnlijk, aangezien hij in 1609 overleden is.		1		
7033	4508	Borre van Amerongen		1.0	7.0	Coenraad	1		Bergestein		1690.0	0	1724.0	0			1		
7034	4765	Borre van Amerongen		1.0	4.0	Johan	1					0	1692.0	0			1	15.0	10.0
7035	4532	Borssele van der Hooge	van	1.0	7.0	Philip Jacob	1	Jonkheer				0		0	Persoonsgegevens: het adeldom van de familie werd betwist (Wikipedia, 'Van der Hooghe van Borssele' (geraadpleegd 4 oktober 2023).		1		
7036	4034	Borssele	van	1.0		Philip Jacob	1		Voorhout		1650.0	0	1735.0	0	Persoonsgegevens: het adeldom van de familie werd betwist (Wikipedia, 'Van der Hooghe van Borssele' (geraadpleegd 4 oktober 2023).		1	5.0	3.0
7037	2834	Borselen van der Hooge	van	1.0	4.0	Adriaan	1		Voorhout		1627.0	0	1694.0	0	Persoonsgegevens: het adeldom van de familie werd betwist (Wikipedia, 'Van der Hooghe van Borssele' (geraadpleegd 4 oktober 2023).		1	16.0	1.0
7038	3848	Borssele van der Hooge	van	1.0		Jacob	1		Geldermalsen	Kleverskerke	1622.0	0	1685.0	0	Persoonsgegevens: het adeldom van de familie werd betwist (Wikipedia, 'Van der Hooghe van Borssele' (geraadpleegd 4 oktober 2023).		1	2.0	8.0
7039	3838	Borssele van Geldermalsen	van	3.0		Adriaan Jan	1				1746.0	0	1806.0	0	Persoonsgegevens: het adeldom van de familie werd betwist (Wikipedia, 'Van der Hooghe van Borssele' (geraadpleegd 4 oktober 2023).		1		
7040	3060	Borssele van der Hooghe	van	3.0		Jan	1		Borssele	Hooge	1707.0	0	1764.0	0	Persoonsgegevens: het adeldom van de familie werd betwist (Wikipedia, 'Van der Hooghe van Borssele' (geraadpleegd 4 oktober 2023).		1	14.0	3.0
7041	6513	Eck tot Overbeek	van	1.0	7.0	Jacob Willem	1		Overbeek		1727.0	0	1789.0	0			1	10.0	12.0
7042	6994	Brakell tot Karmenstein	van	1.0	7.0	Johan	1					0	1680.0	0			1	30.0	8.0
7043	4966	Keppel tot Molecaten	van	1.0	7.0	Joachim	1					0		0	"Persoonsgegevens: d'Ablaing geeft overlijden 1632, maar dit is twijfelachtig, omdat Keppel pas eind 1633 wordt opgevolgd in de Raad van State.
Ridderschap: jaren van verschijning."		1		
7044	5766	Essen tot Langeler	van	1.0	7.0	Frederick	1		Langeler			0	1671.0	0	"Persoonsgegevens: de Nederlandsche Leeuw (1967) geeft overlijdensdatum 5 oktober 1671,  de Nederlandsche Leeuw (1927) 6 oktober 1671, Maris en Driessen en d'Ablaing 5 juli 1671.
Heerlijkheden/adellijke huizen: verwerving Langeler 11 april 1641."		1	5.0	7.0
7045	5181	Bronkhorst tot de Hooge Eest	van	1.0	7.0	Jan	1		Hoge Eest			0	1767.0	0			1	27.0	5.0
7046	4803	Bronckhorst tot de Pol	van	3.0	7.0	Eustacius	1		de Pol	Assumburg, Pollenbering, Berkenwoude, Achterbroek		0	1697.0	0			1	31.0	3.0
7047	4607	Essen tot Vanenburg	van	1.0	7.0	Hendrik	1				1682.0	0	1710.0	0	Persoonsgegevens: overleden vóór 10 februari 1710. d' Ablaing zegt dat hij in 1710 op 25-jarige leeftijd is overleden; De Nederlandsche Leeuw geeft geboortejaar 1682.		1		
7048	6573	Appeldoorn tot de Poll	van	1.0	7.0	Sweer	1		de Pol			0	1645.0	0	"Persoonsgegevens: voornaam ook Assueer.
Ridderschap: jaren van verschijning."		1		
7049	6004	Capellen	van der	1.0	7.0	Gerlach	1	Jonkheer	Mervelt	's Heeren Arensbergen, Schalkwijk	1627.0	0	1685.0	0	Heerlijkheden/adellijke huizen: verwerving Schalkwijk 1667.		1	31.0	12.0
7050	4300	Clant		1.0	7.0	Herman	1					0		0	Persoonsgegevens: waarschijnlijk Hermanus Clant tho Warfhuisen in Algemeen Nederlandsch Familieblad 17 (1905) 329, al wordt daar een ander aanvangsjaar gegeven in Gedeputeerde Staten van Groningen (1654) en een zitting in de Raad van State in plaats van de Generaliteitsrekenkamer in 1648-1649. Deze bron geeft geen leefjaren.		1		
7051	5662	Clant		1.0	7.0	Daniel Jacob	1				1735.0	1	1768.0	0	Persoonsgegevens: bij zijn dood in zijn 34e levensjaar; mogelijk dus geboren in 1734.		1	25.0	11.0
7052	6586	Dedem	van	1.0	7.0	Coenraad	1		Bürwinkel	Kalvelo	1574.0	0	1638.0	0	Persoonsgegevens: geslachtsnaam ook 'van Diede(re)n'.		1	14.0	6.0
7053	6487	Delen tot Druten	van	1.0	7.0	Nicolaas Hans Willem	1		Druten	den Lakenburg		0	1793.0	0			1	11.0	9.0
7054	1808	Dorp	van	1.0		Charles Philips	1	Jonkheer	Maasdam		1659.0	0	1726.0	0	"Persoonsgegevens: De Blécourt geeft als einddatum van zitting in het Hof van Holland 4 oktober 1732, wat afwijkt van De Riemer en d'Ablaing. De laatste geeft overlijdensdatum 14 juli 1726, wat niet strookt met de einddatum van De Blécourt; aldaar lijken de laatste twee cijfers van het jaartal omgedraaid (1732 in plaats van 1723).
Ridderschap: De Riemer geeft aanvangsjaar 1715."		1	14.0	7.0
7055	4273	Ewsum	van	1.0	7.0	Georg	1				1577.0	0	1631.0	0			1		
7056	4482	Geer	de	1.0	7.0	Louis	0		Rijnhuizen	Finspång, Ringstaholm, Fossala, Ekesund, Wenden, Pryssgård en Nieuwaal	1622.0	0	1695.0	0	Buitenlandse adelstitels: door Koningin Christina van Zweden verheven in de Zweedse adelstand  1641.		1	22.0	12.0
7057	6103	Geer van Rijnhuizen	de	1.0	7.0	Jan Jacob	1	Jonkheer	Rijnhuizen	Wynesteyn en Vliet	1750.0	0	1819.0	0	Binnenlandse adelstitels: benoemd in de Utrechtse Ridderschap 1814.		1	13.0	5.0
7058	4972	Haersolte tot Yrst	van	1.0	7.0	Wolf	1		Yrst		1617.0	0	1683.0	0			1	14.0	11.0
7059	5117	Hooftman van Eychelbergh		1.0	7.0	Albert	1				1594.0	0	1652.0	0			1	18.0	9.0
7060	6163	Goltstein	van	1.0	7.0	Reinier	1	Jonkheer	Doorn			0	1641.0	0	Heerlijkheden/adellijke huizen: verwerving Doorn 1635.		1	23.0	10.0
7061	7055	Goltstein	van	1.0	7.0	Philip	1		Doorn	den Dam		0	1675.0	0	Heerlijkheden/adellijke huizen: bezit Doorn 1644-1649, den Dam 1646-1675.		1	4.0	11.0
7062	5321	Holzapfel	van	1.0	7.0	Adolf	1	Jonkheer	Blauwborg	Hankema		0	1667.0	0			1	1.0	2.0
7063	6836	Heeckeren tot de Cloese	van	3.0	7.0	Evert Frederik	1		Cloese	Enghuizen, Beurse	1755.0	0	1831.0	0			1	13.0	1.0
7064	7107	Hell tot de Hoeve	van der	1.0	7.0	Rutger	1		Hoeve			0	1748.0	0	Ridderschap: geadmitteerd ad audiendum 1708.		1		
7065	5641	Berum	van	1.0	7.0	Onno Joachim	1	Jonkheer	Luinga		1679.0	0	1733.0	0	Heerlijkheden/adellijke huizen: verwerving Luinga 1695.		1	17.0	10.0
7066	5312	Borck	van	1.0	7.0	Johan	1	Jonkheer			1647.0	0	1684.0	0			1	10.0	8.0
7067	6854	Heeckeren	van	1.0	7.0	Jacob Derk Burchard	1		Langen		1765.0	0	1789.0	0			1	30.0	5.0
7068	5263	Hell tot 't Holthuys	van der	1.0	7.0	Casijn	1		Hell		1624.0	0	1675.0	1	Heerlijkheden/adellijke huizen: verwerving Hell door vererving van zijn neef 1672.		1		
7069	4828	Heeckeren	van	1.0	7.0	Adolph Jacob Hendrik	1		Nettelhorst	Clooster en Batinge	1715.0	0	1765.0	0	Persoonsgegevens: d'Ablaing geeft voornamen Jacob Adolf Hendrik.		1	15.0	9.0
7070	3425	Hemert tot Dingshof	van	3.0	4.0	Wolf Floris	1		Dingshof		1753.0	0	1832.0	0	Adelstitel: predicaat 1814, titel 1819.		1	22.0	8.0
7071	5609	Asschendorp	van	1.0	7.0	Everhard Johan	1					0		0	Persoonsgegevens: mogelijk Johan Evert van Asschendorp in De Nederlandsche Leeuw 77 (1960) 86, overleden 17 maart 1692.		1		
7072	7189	Hemert	van	1.0	7.0	Eustaas	1	Jonkheer	Alden Avezaath	Wijchen		0		0	Heerlijkheden/adellijke huizen: verwerving Alden Avezaath 1622, Wijchen 1639 (verkocht 1640).		1		
7073	5690	Wifringhe		1.0	7.0	Herman	1					0		0	Persoonsgegevens: de identificatie met Herman Wifringhe uit De Nederlandsce Leeuw is niet zeker. Geslachtsnaam ook Wifrin(c)k. Voornaam ook Harm.		1		
7074	5740	Lewe van Aduard		1.0	7.0	Evert Joost	1		Aduard		1743.0	0	1804.0	0			1		
7075	5262	Keppel	van	1.0	7.0	Osewolt	1		Voorst			0	1685.0	0	Overig: d'Ablaing meent dat hij in 1667 gecommiteerde ter Admiraliteit in Amsterdam was, maar dat wordt door andere bronnen niet bevestigd.		1	11.0	10.0
7076	5689	Wifringhe		1.0	7.0	Johan	1					0	1620.0	0	Persoonsgegevens: De Nederlandsche Leeuw geeft overlijdensdatum 15 februari 1620, Kuiken 15 januari 1620. Geslachtsnaam ook Wifrin(c)k.		1	15.0	2.0
7077	5739	Lewe		1.0	7.0	E.J.	0					0		0	Persoonsgegevens: het niet duidelijk om wie het hier gaat. Voor de hand liggend is Evert Joost Lewe van Aduard (1743-1804), eveneens in deze database, maar het is onwaarschijnlijk dat deze tegelijk zitting had in de Raad van State en de Admiraliteit van Friesland en in de Raad van State en de Staten-Generaal.		1		
7078	5526	Lewe		1.0	7.0	Geert	0					0		0	Persoonsgegevens: mogelijk Gerhard Lewe van Nyenstein (1751-1793) in Genealogische en Heraldische Bladen 4 (1909) 24.		1		
7079	5405	Lewe		1.0	7.0	Geert	0					0		0	Persoonsgegevens: mogelijk Geert Wigbold Lewe, overleden 1635, in Genealogische en Heraldische Bladen 4 (1909) 12.		1		
7080	5497	Lewe		1.0	7.0	Reint Jan	1		Middelstum	Westerwijtwerd	1710.0	0	1742.0	0	Heerlijkheden/adellijke huizen: verwerving Ewsum (Middelstum) 1737.		1	15.0	11.0
7081	4971	Lintelo van de Marsch	van	1.0	7.0	Johan	1		Marsch		1603.0	0	1652.0	0			1	22.0	7.0
7082	2447	Mathenesse	van	1.0		Willem	1		Rasquart		1605.0	1	1670.0	1			1		
7083	6702	Perponcher de Sedlnitzky	de	1.0	7.0	Jan Emmery	1		Wolfaartsdijk			0		0	Buitenlandse adelstitels: uit een Frans-Boheems adellijk geslacht.		1		
7084	5771	Ripperda		1.0	7.0	Georg	1		Verwolde		1630.0	1	1702.0	0			1	10.0	11.0
7085	4547	Perponcher Sedlnitsky	de	1.0	7.0	Arend Jacob Diederik	1	Jonkheer	Watervliet	Ellewoutsdijk, Everingen, Coudorpe, Driewegen enz.	1765.0	0	1822.0	0			1	15.0	9.0
7086	4026	Perponcher	de	1.0		Willem Emmery	1		's-Heer Hendrikskinderen		1664.0	0	1713.0	0	Buitenlandse adelstitels: uit een Frans-Boheems adellijk geslacht.		1		
7087	2744	Perponcher Sedlnitsky	de	1.0	4.0	Cornelis	1		Ellewoutsdijk	Watervliet, Everinge, Koudorpe, Driewegen, Heinkenszand	1733.0	0	1776.0	0	Buitenlandse adelstitels: uit een Frans-Boheems adellijk geslacht.		1	27.0	10.0
7088	6101	Perponcher Sedlnitsky	de	3.0	4.0	Willem Emmery	1		Wolfaartsdijk		1740.0	0	1819.0	0	Buitenlandse adelstitels: uit een Frans-Boheems adellijk geslacht.		1	25.0	6.0
7089	7476	Petersen	de	3.0	4.0	Jacob	0				1703.0	0	1780.0	0	Buitenlandse adelstitels: vader door Keizer Leopold I in de Rijksadelstand verheven 1676.		1	21.0	1.0
7090	7379	Ripperda tot Beurse	van	1.0	7.0	Pieter Hieronimus	1		Pettekum	Heerjansdam	1667.0	0	1724.0	0			1		11.0
7091	4978	Pieck		1.0	7.0	Jacob	1		Brakel en Rodinchem	ter Does		0	1675.0	0	Heerlijkheden/adellijke huizen: beleend met Brakel en Rodinchem 1670.		1	12.0	10.0
7092	6170	Rossem	van	1.0	7.0	Adriaan	1				1596.0	0	1660.0	0			1	4.0	8.0
7093	1849	Sluysken		1.0	4.0	Frederick	0		ter Horst		1644.0	0	1710.0	0	Heerlijkheden/adellijke huizen: verwerving Ter Horst 1700.		1	11.0	10.0
7094	6265	Tuyll van Serooskerken		1.0	7.0	Philibert	1	Jonkheer	Serooskerke	Popkensburg, Wulven	1602.0	0	1661.0	0			1	7.0	1.0
7095	4999	Spaen tot Ringenberg	van	3.0	7.0	Johan Frederik Willem	1		Ringenberg	Haminkelen, Rosande, Biljoen, Werfhorst, Over- en Nederhagen	1746.0	0	1827.0	0			1	18.0	11.0
7096	4361	Tamminga		1.0	7.0	Eger	1		Moersbergen		1682.0	0	1752.0	0	Persoonsgegevens: Van der Aa geeft geboortejaar 1680.		1	12.0	2.0
7097	1439	Teylingen	van	1.0	4.0	Cornelis	1	Jonkheer	Harenkarspel	Oudkarspel, Koedijk	1692.0	0	1738.0	0	Heerlijkheden/adellijke huizen: volgens Bossaers heerlijkheid Harencarspel in plaats van Oudcarspel.		1	22.0	1.0
7098	376	Teylingen	van	1.0	3.0	Floris	1	Jonkheer	Oudkarspel	Koedijk, Harenkarspel	1658.0	0	1728.0	0	Heerlijkheden/adellijke huizen: verwerving Harenkarspel 1689.		1	7.0	4.0
7099	2195	Teylingen	van	1.0	4.0	Isaack	0				1735.0	0	1813.0	0	Binnenlandse adelstitels: de verwantschap van de Rotterdamse familie met de adellijke familie te Alkmaar, Amsterdam en Haarlem werd betwist, zie de inleiding bij inventaris 37-01 Collectie Van Teylingen (Rotterdamse regentencollecties) in het Stadsarchief Rotterdam.		1		
7100	5206	Tuyll van Serooskerken	van	3.0	7.0	Diederik Jacob	1				1772.0	0	1826.0	0	Persoonsgegevens: de identificatie met de in het Nederland's Adelsboek genoemde is niet geheel zeker; deze volgde een militaire carrière.		1	11.0	4.0
7101	6239	Tuyll van Serooskerken		1.0	7.0	Godart Willem	1	Jonkheer	Welland	Zoelekerke	1647.0	0	1708.0	0			1	19.0	2.0
7102	6058	Tuyll van Serooskerken	van	1.0	7.0	Godard	1	Jonkheer	Welland		1691.0	0	1757.0	0			1		
7103	5205	Tuyll van Serooskerken	van	1.0	7.0	Hendrick	1				1773.0	0	1805.0	0			1		
7104	6340	Verkerck		1.0	7.0	Steven	0					0		0	Persoonsgegevens: een persoon met deze naam had in deze periode geen zitting in de raad van Tiel blijkens het Jaarboek van het Centraal Bureau voor Genealogie en het Iconographisch Bureau 6 (1952) 65-110.		1		
7105	4955	Tuyll van Serooskerken		1.0	7.0	Hendrick Jacob	1		Zuylen	Nederhorst, Westbroek, Cockengen, Nederhorst	1642.0	0	1692.0	0			1	24.0	7.0
7106	4777	Tuyll van Serooskerken	van	1.0	7.0	Hendrick Reinoud	1				1715.0	0	1750.0	0	Persoonsgegevens: voornamen ook Reinoud Gerard Hendrik.		1		
7107	7000	Vogel		1.0	3.0	Everhard	0					0		0	Persoonsgegevens: overleden voor 7 maart 1654.		1		
7108	6258	Valckenaer		1.0	7.0	Henrick	1		Dukenburg	Lis, Bottestein	1601.0	0	1669.0	0			1		
7109	6945	Kien		1.0	7.0	Cornelis	0				1640.0	0	1708.0	0			1	14.0	4.0
7110	4968	Vijgh		4.0	7.0	Nicolaas	1		Ubbergen	Sleeburg		0	1663.0	0			1		
7111	6585	Arnhem tot Harsseloe	van	1.0	7.0	Gerard	1		Harslo		1598.0	0	1648.0	0			1		
7112	6778	Wassenaer	van	1.0	7.0	Jacob Emmery	1				1674.0	0	1724.0	0			1	26.0	11.0
7113	6150	Zuylen	van	1.0	7.0	Gijsbrecht	0					0		0	Binnenlandse adelstitels: het is niet bekend of deze persoon verwant was met de adellijke Van Zuylens.		1		
7114	1889	Zuylen van Nyevelt	van	1.0	4.0	Arnout	0				1664.0	0	1731.0	0	Binnenlandse adelstitels: de verwantschap van de Rotterdamse Van Zuylens met de Utrechtse adellijke familie werd betwist.		1	15.0	1.0
7115	100	Zuylen van Nyevelt	van	1.0	4.0	Jacob	0				1699.0	0	1753.0	0	Binnenlandse adelstitels: de verwantschap van de Rotterdamse Van Zuylens met de Utrechtse adellijke familie werd betwist.		1	28.0	3.0
7116	685	Zuylen van Nyevelt	van	1.0	4.0	Jacob	0				1642.0	0	1695.0	0	Binnenlandse adelstitels: de verwantschap van de Rotterdamse Van Zuylens met de Utrechtse adellijke familie werd betwist.		1	24.0	6.0
7117	4794	Fries		1.0	7.0	Lucas	0					0	1642.0	0			1	9.0	10.0
7118	4822	"Cock
Cock"		1.0	7.0	Bernardus	0					0	1764.0	0	Persoonsgegevens: overleden voor 12 april 1764.		1		
7119	4823	Pagniet	de	3.0	7.0	Carel Lodewijk	1		Carmesteijn	IJsendoorn	1715.0	0	1789.0	0	Heerlijkheden/adellijke huizen: verwerving IJsendoorn door koop 1774.		1	26.0	3.0
7120	7241	Lynden	van	1.0	7.0	Derk	1		Ressen		1670.0	0	1711.0	0	Persoonsgegevens: overleden voor 24 september 1711, toen hij werd opgevolgd in Gedeputeerde Staten van het Kwartier Nijmegen.		1		
7121	6366	Biell		1.0	7.0	Jan Jacob	0					0	1735.0	0	Persoonsgegevens: geslachtsnaam ook Bijl.		1		
7122	5180	Leeuwen	van	1.0	7.0	Arnoldus	0				1697.0	0	1775.0	0	Persoonsgegevens: De Nederlandsche Leeuw geeft voornaam Arnoldus, Jaarboek van het Centraal Bureau voor Genealogie bij benoeming tot schepen eveneens 'Arnoldus', maar vervolgens afwisselend 'Arnoldus' en 'Adriaan', terwijl het vermoedelijk toch om dezelfde persoon gaat.		1	22.0	8.0
7123	6400	Verkerk		1.0	7.0	Marcus	0				1710.0	1		0			1		
7124	6505	Lidth de Jeude	van	1.0	4.0	Cornelis Christiaan	0				1728.0	0	1809.0	0			1		
7125	6387	Brakell tot den Brakell	van	1.0	7.0	Diederik Louis	1		Vredestein	Grijsoord	1712.0	0	1761.0	0	"Persoonsgegevens: vermoord door zijn schoonzoon, mr. Isaäc Steven van Delen (1761).
Raad: het is onduidelijk of Van Brakell zitting heeft gehad in de raad van Tiel."		1	12.0	5.0
7126	7157	Bodeck	van	1.0	7.0	Johan Carel	0	Jonkheer	Wintersheim			0	1699.0	0	Persoonsgegevens: begraven op 21 december 1699.		1		12.0
7127	7172	Buchel	van	1.0	7.0	Marten	0	Jonkheer				0	1611.0	0			1	24.0	8.0
7128	7207	Eck	van	1.0	7.0	Johan	0					0	1650.0	0			1	21.0	12.0
7129	7639	Goes	van der	1.0	7.0	Adriaen	0					0		0	Persoonsgegevens: hooogstwaarschijnlijk identiek aan een der andere gelijknamige personen in deze database.		1		
7130	7239	Leeuwen	van	1.0	7.0	Johan	0					0	1719.0	0			1	21.0	4.0
7131	7298	Buren	van	1.0	7.0	Johan	1	Jonkheer				0	1621.0	0	Persoonsgegevens: overleden op of voor 16 juni 1621 (handmatige aantekening in gebruikt exemplaar van d'Ablaing).		1		
7132	4612	Brakell tot den Brakell	van	1.0	4.0	Floris Adriaan	1	Jonkheer			1680.0	0	1722.0	0	Persoonsgegevens: Jaarboek van het Centraal Bureau voor Genealogie geeft overlijden 13 juni 1722.		1	9.0	6.0
7133	6141	Cuyck	van	1.0	4.0	Anthonis	0				1535.0	1		0	Persoonsgegevens: het Nieuw Nederlandsch Biografisch Woordenboek geeft geboortejaar circa 1535, Van der Aa circa 1530. Het exacte jaar van overlijden is onbekend; Nieuw Nederlandsch Biografisch Woordenboek geeft 19 juni 160?.		1	19.0	6.0
7134	5234	Pasques de Chavonnes		1.0	4.0	Maurits Cornelis	0				1726.0	0	1792.0	0			1	17.0	1.0
7135	6535	Torck		3.0	7.0	Lubbert Pieter Adolph	1		Harslo		1760.0	0		0	Ridderschap: geadmitteerd ad audiendum.		1		
7136	6406	Bijlandt	van den	4.0	7.0	Karel Neomagus Jan Frederik Lodewijk	1		Ooij	Persingen, Palsterkamp,Werkeren, Lede, Oudeweerd, Vuren, Dalem	1718.0	0	1785.0	0	Heerlijkheden/adellijke huizen: verwerving Ooy, Persingen, Palsterkamp, Werkeren, Leden, Vuren 1768. Verkoop Lede en Oudeweerd, verkoop Vuren en Dalem 1771.		1	31.0	12.0
7137	6460	Randwijck	van	1.0	7.0	Godert Adriaan	1	Jonkheer	Beek	de Pol, de Beringen	1735.0	0	1821.0	0	Heerlijkheden/adellijke huizen: verwerving 1763 (in 1765 overgedragen aan Steven Walraven van Randwijck).		1	5.0	4.0
7138	6506	Randwijck	van	4.0	7.0	Steven Walraven	1		de Pol	de Beringen, Homoet	1742.0	0	1805.0	0	Heerlijkheden/adellijke huizen: verwerving Pol en de Beringen 1765.		1	20.0	7.0
7139	4583	Blancken		1.0	7.0	Adolph	0				1640.0	0	1692.0	0	Persoonsgegevens: overleden vóór 7 mei 1692.		1		
7140	6546	Arnhem tot Nederhagen en Hulshorst	van	1.0	7.0	Paul	1		Nederhagen	Hulshorst	1553.0	0	1621.0	0			1	1.0	9.0
7141	6564	Both van der Eem		1.0	7.0	Jacob	1	Jonkheer				0	1627.0	0	Ridderschap: jaar van verschijning.		1	5.0	6.0
7142	5763	Essen tot Helbergen en Vanenburg	van	1.0	7.0	Hendrick	1		Kortenoever	Helbergen, Vanenburg	1608.0	0	1681.0	0			1	21.0	1.0
7143	7210	Balveren	van	1.0	7.0	Jan	1		Lakenburg			0	1654.0	0	Persoonsgegevens: d'Ablaing geeft jaren van verschijning in de Ridderschap van het Kwartier Nijmegen 1630-1657, waaruit zou volgen dat het jaar van overlijden in het Nederland's Adelsboek onjuist is.		1		
7144	7233	Moelen	van der	1.0	7.0	Henrik	1	Jonkheer				0	1676.0	0	Persoonsgegevens: geslachtsnaam ook Van der Meulen.		1	24.0	2.0
7145	7237	Cock van Delwijnen	de	1.0	7.0	Johan	1		Delwijnen	Wadenoyen	1655.0	1	1724.0	0	Persoonsgegevens: bij overlijden 69 jaar.		1	26.0	12.0
7146	7242	Lynden	van	1.0	7.0	Derk Wolter	1		Hemmen	Blitterswijk, Clörath		0	1712.0	0	Heerlijkheden/adellijke huizen: verwerving Blitterswijk 1712.		1	6.0	9.0
7147	6563	Pieck tot het Hooge huis te Beest		1.0	7.0	Willem	1		het Hooge huis te Beest			0	1634.0	0	"Ridderschap: jaren van verschijning.
Heerlijkheden/adellijke huizen: verwerving 1592."		1	23.0	7.0
7148	7296	Beynhem op den Appelenburg	van	1.0	7.0	Hendrik	1		de Appelenburg			0	1605.0	0	"Ridderschap: jaren van verschijning.
Heerlijkheden/adellijke huizen: verwerving 1569."		1	20.0	4.0
7149	7027	Torck		1.0	7.0	Johan	1		Nederhemert	Delwijnen, Kerkwijk (half)		0	1638.0	1	"Persoonsgegevens: geslachtsnaam ook als 'Turck'.
Ridderschap: jaren van verschijning.
Heerlijkheden/adellijke huizen: verwerving Nederhemert 1601, Delwijnen en Kerkwijk 1613."		1		
7150	7061	Gendt tot Winssen	van	1.0		Johan	1	Jonkheer	Winssen		1624.0	0	1702.0	0	Ridderschap: jaren van verschijning.		1		6.0
7151	7063	Delen tot Laer	van	1.0	7.0	Everhard	1		Laer		1615.0	1	1680.0	0			1	24.0	12.0
7152	7203	Els	van	1.0	7.0	Rutger	1	Jonkheer				0	1650.0	0	Ridderschap: jaren van verschijning.		1		2.0
7153	7038	Gendt	van	3.0	7.0	Jan	1		Oosterwedde			0	1679.0	0	Persoonsgegevens: Van der Aa geeft overlijden 1697.		1	24.0	11.0
7154	7182	Gendt	van	1.0	7.0	Godefroi	1	Jonkheer	Loenen			0		0	"Persoonsgegevens: voornaam ook wel Godefrid, Godert, Godhart.
Ridderschap: jaren van verschijning."		1		
7155	7002	Raesfeld tot Cortenberg	van	1.0	7.0	Willem	1		Cortenberg			0		0			1		
7156	7228	Balveren tot Wamel en den Lakenburg	van	1.0	7.0	Jan	1		Wamel	De Lakenburg		0	1689.0	0			1	12.0	2.0
7157	6584	Randwijck tot Bemmel	van	1.0	3.0	Arnold	1	Jonkheer	Bemmel		1574.0	0	1641.0	0			1	21.0	3.0
7158	7184	Bronckhorst te Bemmel	van	1.0	7.0	Johan	1	Jonkheer	Bemmel			0	1648.0	0			1	13.0	3.0
7159	3719	Heerdt tot Eversberg	van	1.0		Adam	1				1556.0	0	1640.0	0	Ridderschap: jaren van verschijning.		1	9.0	7.0
7160	6166	Aeswijn	van	1.0	7.0	Anthonis	1	Jonkheer	Sterkenburg	Brakel, Duringen, Kemenade, Wesenhorst		0	1646.0	0			1	2.0	2.0
7161	7181	Beest van Renoy	van	1.0	7.0	Dirk	1	Jonkheer				0		0	Ridderschap: jaren van verschijning.		1		
7162	7028	Bemmel tot Florenstein	van	1.0	7.0	Casijn	1		Florenstein			0	1660.0	0			1	11.0	10.0
7163	7009	Brienen tot den Musschenberg	van	1.0	7.0	Hendrik Jan	1		Musschenberg	Clörath	1592.0	1	1662.0	0	Persoonsgegevens: was 70 jaar bij overlijden.		1	8.0	8.0
7164	4610	Steenhuys van Heumen	van	1.0	7.0	Walraad	1		Oploo	Heumen, Malden		0	1722.0	0	Heerlijkheden/adellijke huizen: verwervin Oploo, Heumen 1681.		1	17.0	5.0
7165	5792	Lynden tot Ressen	van	4.0	7.0	Adriaan	1		Pollenbering		1674.0	1	1754.0	0	"Heerlijkheden/adellijke huizen: verwerving Pollenbering 1730. 
Buitenlandse adelstitels: Graaf des Heiligen Roomse Rijk (Adriaan graaf van Lynden van Ressen).
Overig: Burggraaf van Nijmegen 1726."		1	3.0	8.0
7166	5795	Vijgh		1.0	7.0	Jan	1		de Snor	de Appelenburg	1697.0	0	1772.0	0	Heerlijkheden/adellijke huizen: verwerving Snor en de Appelenburg 1741.		1	26.0	9.0
7167	4910	Appeldoorn tot Wolthuys	van	1.0	7.0	Frans	1					0	1679.0	0			1	25.0	11.0
7168	6379	Lawick tot Kolverschoten	van	1.0	7.0	Zeger Jan	1				1710.0	0		0			1		
7169	6449	Tengnagell van Gellekom	van	3.0	7.0	Alexander Gijsbert	1		Gellekom	Groot Bullesheim	1713.0	0	1779.0	0	"Persoonsgegevens: d'Ablaing geeft overlijdensdatum 11 januari 1779, Gens Nostra 11 juni.
Heerlijkheden/adellijke huizen: met zijn broers uit het huis Gellekom onmondig beleend (1725), mondig alleen (1737)."		1	11.0	6.0
7170	4672	Lynden	van	4.0	7.0	Otto Frederick	1		Nederhemert	de Voorst, Delwijnen en Kerkwijk	1716.0	0	1788.0	0	Heerlijkheden/adellijke huizen: verwerving Nederhemert (huis en heerlijkheid) 1752, De Voorst 1759. Dagelijks heer van Delwijnen en de helft van Kerkwijk (1781).		1	21.0	5.0
7171	6417	Bronckhorst tot de Hoge Eest	van	3.0	7.0	Jan	1					0	1767.0	0			1	27.0	5.0
7172	6469	Neukirchen genaamd Nijvenheim	van	1.0	7.0	Johan Gijsbert Ludolf Adriaan	1		Diesberg	Mook, Kessel	1705.0	0	1792.0	0	Heerlijkheden/adellijke huizen: verkoopt Diesberg.		1	22.0	5.0
7173	4970	Wijnbergen tot het Zandt	van	1.0	7.0	Johan	1					0	1673.0	0			1	3.0	12.0
7174	6997	Essen tot Oldenhaven	van	1.0	7.0	Geerligh	1				1618.0	0	1691.0	0			1		
7175	6462	Randwijck	van	4.0	7.0	George	1		Gameren		1737.0	0	1812.0	0			1		
7176	6485	Randwijck	van	1.0	7.0	Reindert	1	Jonkheer	Hul	Rossum, Heessel	1738.0	0	1816.0	0	Heerlijkheden/adellijke huizen: verwerving Rossum en Heessel 1792.		1	4.0	3.0
7177	6511	"Bijlandt-Palsterkamp 
Bylandt"	van den	4.0	7.0	Willem Hendrik	1		Zoelen	Spaldorp en Aldenhage	1732.0	0	1786.0	0	Heerlijkheden/adellijke huizen: verwerving Zoelen, Spaldorp en Aldenhage 1770. Draagt Zoelen en Aldenhage over 1773.		1	24.0	9.0
7178	4984	Dedem tot Vosbergen en Werfhorst	van	3.0	7.0	Alexander	1		Vosbergen	Werfhorst		0	1741.0	0			1	11.0	9.0
7179	5765	Hell tot de Wildbaan en Vieracker	van der	1.0	7.0	Casijn	1		Wildbaan	Klaerenbeek, Veenacker (Vieracker)	1644.0	0	1732.0	0	Persoonsgegevens: de Nederlandsche Leeuw geeft overlijdensdatum 25 september 1732, Maris en Driessen 26 september 1732.		1	25.0	9.0
7180	6307	Broeckhuysen tot Lathmer en Wilp	van	1.0	7.0	Wilt Johan	1		Lathmer	Wilp		0	1729.0	0			1		
7181	4601	Broeckhuysen tot den Gelderschen Toren	van	1.0	7.0	Wilt Gerrit Jan	1				1677.0	0	1729.0	0	Ridderschap: geadmitteerd ad audiendum 1702.		1	28.0	9.0
7182	4650	Renesse tot Zuyleveld	van	1.0	7.0	Wijnand Jan	1		Zuyleveld			0	1762.0	0	Overig: was volgens d'Ablaing ook 'gecommitteerd' in de VOC 1729-1735, maar zonder vermelding van kamer.		1		
7183	6356	Lawick tot Cortenberg	van	1.0	7.0	Willem	1		Cortenberg		1704.0	0	1745.0	0			1	4.0	5.0
7184	6381	Broeckhuysen tot Lathmer	van	1.0	7.0	Willem Herman	1				1710.0	0	1763.0	0	Ridderschap: verkoopt zijn goederen en wordt niet meer als lid van de Ridderschap beschouwd (1756).		1		
7185	4996	Spaen tot Biljoen	van	1.0	7.0	Alexander Diderik	1		Spaen	Biljoen, Hulshorst, Over- en Nederhagen, Ringberg, Haminkelen, Rosande	1710.0	0	1764.0	0			1	30.0	8.0
7186	4671	Haersolte tot Elsen, Bredenhorst, Staverden en Zwaluwenborg	van	3.0	7.0	Coenraad Willem	1		Elsen	Bredenhorst, Staverden en Zwaluwenborg	1727.0	0	1799.0	0	Heerlijkheden/adellijke huizen: verwerving Elsen 1755, Bredenhorst 1759, Staverden en Zwaluwenborg 1786.		1	24.0	8.0
7187	4998	Lynden tot Onsteyn en Lantfort	van	1.0	7.0	Heilwig Derk	1		Onstein	Lantfort	1737.0	0	1782.0	0			1	14.0	4.0
7188	4674	Essen tot Helbergen, Schaffelaer en Abbenbroek	van	1.0	7.0	Lucas Willem	1		Helbergen	Schaffelaar, Abbenbroek	1739.0	0	1791.0	0	Persoonsgegevens: Nederlandsche Leeuw geeft geboortejaar 1739, d'Ablaing 1740.		1	23.0	9.0
7189	4895	Haersolte tot Staveren	van	3.0	7.0	Antony Frederik Robbert Evert	1		Staveren		1756.0	0	1830.0	0	Ridderschap: geadmitteerd ad audiendum.		1	14.0	7.0
7190	4909	Riemsdijck	van	1.0	7.0	Dirck	0					0	1684.0	0	Persoonsgegevens: overleden voor 17 april 1684.		1		
7191	6632	Teschemaker		1.0	7.0	Johan	0					0		0	Persoonsgegevens: Hormann geeft overlijden 12 februari 1754, maar blijkens de mededeling in het De Nederlandsche Leeuw leefde hij nog in 1755.		1		
7192	1348	Drept	van der	1.0		Jan Jansz.	0					0		0	Persoonsgegevens: overleden in de jaren 1650.		1		
7193	8108	Hennin	van	4.0	7.0	Maximiliaan	1				1542.0	0	1578.0	0	Binnenlandse adelstitels: graaf van Bossu.		1	21.0	12.0
7194	7754	Carpentier		1.0	7.0	Pierre	0					0		0	Persoonsgegevens: abt van Los.		1		
7195	7693	Meeren	van der	1.0	7.0	Philippe	1		Zaventhem			0		0			1		
7196	7898	Cotterel		5.0	7.0	Jean	0		Esplechin			0	1576.0	0			1		
7197	7740	Pret	du	1.0	7.0	Quentin	0					0		0			1		
7198	7677	Metsius		1.0	7.0	Laurens	0					0		0	Overig: bisschop van Den Bosch, prelaat van Tongerlo.		1		
7199	5870	Alberda op 't Zandt		1.0	7.0	Reint	1				1586.0	0	1653.0	0			1	4.0	2.0
7200	7695	Schore	de	1.0	7.0	Jean	0					0		0			1		
7201	7696	Quarré		1.0	7.0	Antoine	0		Salmslach			0		0			1		
7202	279	Boogaert		1.0	4.0	Adriaen Nicolaesz.	0		Bloois		1634.0	0	1708.0	0	"Persoonsgegevens: Boitet geeft afwijkende overlijdensdatum 21 januari. Valentyn geeft overlijden 6 mei 1699.
Vroedschap: ontslagen 1672."		1	28.0	1.0
7203	294	Boogaert		1.0	4.0	Adriaan Nicolaesz.	0		Bloois		1693.0	0	1769.0	0	Persoonsgegevens: Algemeen Nederlandsch Familieblad geeft afwijkende overlijdensdatum 16 in plaats van 22 november.		1	22.0	11.0
7204	7682	Linden	van der	1.0	7.0	Charles	0					0		0	Overig: abt van Parck (d.i. de abdij in het Park bij Leuven).		1		
7205	4408	Sijtzema	van	1.0	7.0	Pier Willem	0		Bellingeweer			0	1759.0	0	Heerlijkheden/adellijke huizen: verwerving Bellingweer via zijn huwelijk in 1732.		1		
7206	7685	Hanckaert		1.0	7.0	Lambert	0		Gembloux			0		0	Overig: abt en heer van Gembloux.		1		
7207	7686	Hornes	de	1.0	7.0	Guillaume	1		Heze	Geldorp		0		0			1		
7208	7905	Schooffs		1.0	7.0	Jean	0					0		0			1		
7209	7689	Witthem	de	1.0	7.0	Antoine	1		Issche	Arkenne		0		0			1		
7210	7694	Ryke	de	1.0	4.0	Roelant	0					0		0			1		
7211	7697	Malcote		1.0	7.0	Jean	0					0		0			1		
7212	7698	Berchem	van	5.0	7.0	Henry	0		Berchem			0		0			1		
7213	7699	Schoonhoven	de	5.0	7.0	Jean	0					0		0			1		
7214	7702	Loquemans		1.0	7.0	Roeloff	0					0		0			1		
7215	7703	Weellemans		1.0	7.0	Cornelis	0					0		0			1		
7216	7708	Gendt	van	1.0	7.0	Bartold	0		Loenen	Wolferen		0	1593.0	0			1		
7217	5069	Alberda		1.0	7.0	Willem	1		't Zandt en Godlinze	Dijksterhuis, Oosterhuizen en de Weer	1674.0	0	1721.0	0	Heerlijkheden/adellijke huizen: verwerving 't Zand en Godlinze 1701-1706, Dijksterhuis 1706, Oosterhuizen 1718, De Weer 1719.		1	19.0	11.0
7218	7711	Till	van	1.0	7.0	Hendrik	0					0		0			1		
7219	7718	Borluut		1.0	7.0	Josse	0		Boucle			0		0			1		
7220	7725	Luykx		5.0	7.0	Loys	1		Swevezele			0		0			1		
7221	7743	Mont	du	1.0	7.0	Philippe	0		Rampemont			0		0			1		
7222	7744	Carlier		1.0	7.0	Louis	0					0		0	Persoonsgegevens: griffier van de Staten van Henegouwen.		1		
7223	7946	Asseliers		1.0	7.0	Johannes	0					0	1587.0	0			1		
7224	7747	Haynin	de	5.0	7.0	François	0		Breucq			0		0	Persoonsgegevens: geslachtsnaam ook als 'De Hennin'. Baljuw van de châtellenie van Rijssel.		1		
7225	7749	Croix	de	5.0	7.0	Baudouin	0		Oyenburg			0		0			1		
7226	7752	Broide		1.0	7.0	Philippe	0					0		0			1		
7227	7763	Carel		1.0	7.0	Jan Jansz.	0				1545.0	1	1616.0	0			1	28.0	10.0
7228	7765	Poppen		1.0	7.0	Jan	0				1545.0	1	1616.0	0			1	7.0	8.0
7229	7768	Hongers		1.0	7.0	Hans	0				1553.0	0	1616.0	0			1	2.0	12.0
7230	7525	Rijck	de	1.0	7.0	Simon	0				1565.0	0	1652.0	0	Persoonsgegevens: Elias geeft overlijden 10, Valentyn 8 mei 1652.		1	10.0	5.0
7231	7777	Cloeck		1.0	7.0	Jacob Florisz.	0				1569.0	0	1611.0	0	Persoonsgegevens: Valentyn geeft 7, Elias 6 maart 1611 als overlijdensdatum.		1	6.0	3.0
7232	7778	Bicker		1.0	7.0	Gerrit Pietersz.	0				1554.0	0	1604.0	0			1	20.0	5.0
7233	7792	Voet		1.0	7.0	Henrik	0					0	1652.0	0			1	23.0	6.0
7234	7522	Burch	van der	1.0	7.0	Arent Pietersz.	0				1564.0	0	1623.0	0	Persoonsgegevens: geslachtsnaam ook wel 'Verburg'.		1		
7235	7784	Hellemont	van	1.0	7.0	Jan Jansz.	0				1573.0	0	1617.0	0			1	22.0	3.0
7236	7794	Carpentier	de	1.0	7.0	Pieter	0				1588.0	1	1659.0	0			1	5.0	9.0
7237	7610	Rothé		1.0	7.0	Sacharias	0				1595.0	0	1656.0	0	Persoonsgegevens: geslachtsnaam bij Valentyn 'Zacharias Roode'.		1	26.0	10.0
7238	7795	Reynst		1.0	7.0	Hendrick	0				1583.0	0	1648.0	0			1	29.0	6.0
7239	621	Druyvesteyn		1.0	4.0	Jacob	0				1612.0	0	1691.0	0			1	13.0	10.0
7240	7781	Maire	le	1.0	7.0	Isaac	0					0	1624.0	0			1		
7241	7514	Hasselaer		1.0	7.0	Pieter Dircksz.	0				1554.0	0	1616.0	0	Persoonsgegevens: Elias geeft 27, Valentyn 17 augustus als overlijdensdatum.		1	27.0	8.0
7242	7770	Beecq	de la	1.0	7.0	Louis	0					0	1631.0	0			1	30.0	7.0
7243	7772	Raye		1.0	7.0	Lenard	0					0	1619.0	0	Persoonsgegevens: Elias meent dat hij 'denkelijk' in 1618 is overleden. François Valentyn, Oud en nieuw Oostindiën I (Dordrecht/Amsterdam 1724) 301 geeft echter als einddatum van zijn bewindhebberschap van de VOC ter Kamer Amsterdam 2 juni 1619.		1	2.0	6.0
7244	784	Oetgens		1.0		Frans Hendricksz.	0				1558.0	0	1625.0	0	Persoonsgegevens: Elias geeft overlijdensdatum 12 mei, Valentyn 12 maart 1625.		1	12.0	5.0
7245	7786	Rijckaert		1.0	7.0	Andries	0					0	1638.0	0			1		
7246	7802	Broers		1.0	7.0	Thomas	0					0	1668.0	0			1	25.0	4.0
7247	7804	Haze	de	1.0	7.0	Jeronimus	0		Stabroek		1613.0	0	1681.0	0			1	16.0	1.0
7248	7769	Os	van	1.0	7.0	Dirck	0					0	1615.0	0			1	20.0	5.0
7249	7771	Hermansz.		1.0	7.0	Jan	0					0	1631.0	0			1	31.0	8.0
7250	7785	Schoonhoven		1.0	7.0	Simon Jansz.	0					0	1635.0	0			1	8.0	3.0
7251	7789	Bicker		1.0	7.0	Jacob	0		Engelenburg		1588.0	0	1646.0	0			1	28.0	7.0
7252	7519	Papenbroeck	van	1.0	7.0	Gerard	0				1618.0	0	1670.0	0			1	24.0	1.0
7253	7529	Graeff	de	1.0	7.0	Pieter	0		Zuid-Polsbroek		1638.0	0	1707.0	0	Persoonsgegevens: Elias geeft overlijden 3, Valentyn 4 juni 1707.		1	3.0	6.0
7254	2100	Huydecoper		1.0	4.0	Joan	0		Maarseveen	Neerdijk	1625.0	0	1704.0	0	Persoonsgegevens: Elias geeft overlijden 1 december, Valtentyn 30 november 1704.		1	1.0	12.0
7255	7809	Becker		1.0	7.0	Hendrick	0				1621.0	0	1688.0	0	Persoonsgegevens: Valentyn geeft overlijden 17 mei 1688, Elias begraven 17 juli 1688.		1		7.0
7256	7554	Backer		1.0	7.0	Cornelis	0				1633.0	0	1681.0	0	Persoonsgegevens: Elias geeft overlijden 26, Valentyn 25 februari 1681.		1	26.0	2.0
7257	7556	Graafland		1.0	7.0	Cornelis	0				1619.0	0	1677.0	0	Persoonsgegevens: Elias geeft overlijden 25, Valentyn 26 oktover 1677.		1	25.0	10.0
7258	7810	Clarenbeek	van	1.0	7.0	Gillis	0				1637.0	0	1678.0	0			1		11.0
7259	804	Vlaming van Oudtshoorn	de	1.0		Cornelis	0		Oudshoorn	Gnephoek	1613.0	0	1688.0	0	Buitenlandse adelstitels: door Lodewijk XIII van Frankrijk verheven tot 'chevalier de l'accolade' 20 september 1636.		1	10.0	2.0
7260	7566	Hooft		1.0	4.0	Gerrit	0				1649.0	0	1717.0	0	Persoonsgegevens: Elias geeft overlijden 7, Valentyn 6 augustus  1717.		1	7.0	8.0
7261	2099	Hudde		1.0		Joannes	0		Waveren	Botshol, Ruige Wilnis	1628.0	0	1704.0	0	Persoonsgegevens: Valentyn geeft overlijden mei 1704, Elias 15 april 1704.		1	15.0	4.0
7262	7814	Akeren	van	1.0	7.0	Magnus	0					0	1685.0	0			1		2.0
7263	7579	Collen	van	1.0	4.0	Caspar	0				1655.0	0	1704.0	0	Persoonsgegevens: Elias geeft overlijden 21, Valentyn 19 maart 1704.		1	21.0	3.0
7264	7811	Guldewagen		1.0	4.0	Daman	0				1626.0	0	1685.0	0			1	27.0	1.0
7265	7578	Decquer		1.0	7.0	Henrick	0				1634.0	0	1697.0	0	Persoonsgegevens: geslachtsnaam ook 'Decker'.		1	11.0	3.0
7266	4734	Elias	Wildschut	1.0	4.0	Michiel	0				1699.0	0	1731.0	0			1	7.0	11.0
7267	7817	Fabritius		1.0	4.0	Auwel	0				1657.0	0		0			1		
7268	7818	Elias		1.0	7.0	Jacob	0				1655.0	0	1701.0	0	Persoonsgegevens: Elias geeft overlijden 29, Valentyn 28 november 1701.		1	29.0	11.0
7269	7570	Hemert	van	1.0	7.0	Gillis	0				1650.0	0	1702.0	0	Persoonsgegevens: Elias geetf overlijden 21, Valentyn 20 oktober 1702.		1	21.0	10.0
7270	7825	Maas d'Avenrode	van der	1.0	4.0	Wynand	0					0	1729.0	0			1	19.0	1.0
7271	7830	Essen	van	1.0	7.0	Lucas	1				1577.0	0	1632.0	0	Ridderschap: jaren van comparitie.		1		
7272	7831	Capellen	van der	1.0	7.0	Gerrit Johan	1		den Dam			0	1645.0	0			1		
7273	4585	Lidt de Jeude	van	1.0	7.0	Johan	0					0		0	Persoonsgegevens: mogelijk de Johan van Lidt de Jeude (1645-1708) in Regionaal Archief Rivierenland, 0415 archief van de familie Van Lidth de Jeude (II), 1659-2002, 2.1.1., al strookt de laatste zitting als gecommitteerde in de Generaliteitsrekenkamer niet met zijn jaar van overlijden.		1		
7274	7836	Grovestins	van	1.0	7.0	Johan	1	Jonkheer				0		0	Persoonsgegevens: geslachtsnaam ook wel 'van Grovesteyn'.		1		
7275	4698	Spaen tot Voorstonde	van	1.0	7.0	Gerrit Carel	1				1756.0	0	1841.0	0	Buitenlandse adelstitels: Rijks-Vrijheer.		1	9.0	3.0
7276	7840	Petit		1.0	4.0	Jacob	0					0	1653.0	0			1		
7277	7845	Domburgh	van	1.0	7.0	Dirk	0					0	1712.0	0			1	25.0	8.0
7278	6023	Muelen	van der	1.0	4.0	Willem	0		Oud-Broekhuizen	Spangen, Gieltjensdorp, Portengen, Niecoop, Geverskop, Vijfhoeken	1658.0	0	1739.0	0	Persoonsgegevens: geslachtsnaam ook 'van der Meulen'.		1	9.0	11.0
7279	7853	Pompe van Meerdervoort		1.0	4.0	Michiel	0		Meerdervoort			0	1721.0	0			1	19.0	9.0
7280	7867	Moucheron	de	1.0	7.0	Balthasar	0				1552.0	0		0	Persoonsgegevens: overleed na 1609		1		
7281	4049	Resen	van	1.0		Pieter	0					0		0	Persoonsgegevens: het is onzeker of de gedeputeerde ter Staten-Generaal en de bewindhebber van de VOC dezelfde persoon zijn.		1		
7282	7856	Coolen		1.0	7.0	Jan Lambrechtsen	0		Aagtekerke		1554.0	0	1619.0	0	Persoonsgegevens: geslachtsnaam ook als 'Colve'. Nieuw Nederlandsch Biografisch Woordenboek geeft overlijden 19, Jaarboek Centraal Bureau voor Genealogie 9 maart 1619.		1	9.0	3.0
7283	7857	Muenicx		1.0	7.0	Cornelis	0					0	1618.0	1	Persoonsgegevens: gesalchtsnaam ook wel als 'Muenincx', 'Munnier' of 'Meuninx'.		1		
7284	7283	Becker		1.0	7.0		0					0		0			1		
7285	7454	Poorten	van der	1.0	7.0	Jean	0					0		0	Persoonsgegevens: het is onzeker of de bewindhebber bij de WIC en bij de VOC dezelfde persoon zijn.		1		
7286	7444	Velters		1.0	7.0	Adriaen	0					0		0	Persoonsgegevens: het is onzeker of de bewindhebber van de WIC en van de VOC dezelfde persoon zijn.		1		
7287	7872	Altena		1.0	4.0	Arnoldus	0					0	1642.0	0			1	19.0	4.0
7288	7879	Cardon		1.0	7.0	Jean	0					0	1670.0	0			1		
7289	7880	Guiseling		1.0	7.0	Everardus	0					0	1666.0	0	Persoonsgegevens: geslachtsnaam ook 'Ghijseling'.		1	8.0	10.0
7290	7449	Boudaen Courten		1.0	4.0	Pieter	0		Sint Laurens	Popkensburg	1594.0	0	1668.0	0	Persoonsgegevens: Elias geeft overlijden 1663, Valentyn en Enthoven 1668.		1		
7291	7881	Hayman		1.0	7.0	Jacob Claasz.	0				1593.0	0	1667.0	0			1		
7292	7884	Maartens		1.0	7.0	Isaac	0					0	1665.0	0			1		
7293	7887	Godin		1.0	7.0	Henry	0				1615.0	0	1670.0	0			1		
7294	7885	Merct	van der	1.0	7.0	Nicolaes	0				1601.0	0	1669.0	0	Persoonsgegevens: Valentyn geeft overlijden 1666, Elias 1669.		1	29.0	11.0
7295	3071	Godin		1.0	4.0	Johan	0				1652.0	0	1718.0	0			1		
7296	6288	Beeck		1.0	7.0	Pieter	0				1641.0	0	1684.0	0	"Persoonsgegevens: Utrechts Archief, archief Staten van Utrecht 1581-1810, inv. nr. 246-1, f. 43 geeft overlijden 31-3-1685 (n.b. uit Groot Utrechts Placaatboek I (Utrecht 1729), 211 blijkt dat de opvolger van Van Beeck in het college van Geëligeerden op 31 maart is benoemd; dit n.a.v. een brief van Willem III van 21 maart. De overlijdensdatum 21 november 1684 zal dus vermoedelijk juist zijn).

RS zitting in Ged. Staten lijkt onjuist, want dan tegelijk in Kamer van Financie (wat zeker juist is)"		1	21.0	11.0
7297	7888	Borgh	van	1.0	7.0	Adriaan	0					0	1671.0	0	Persoonsgegevens: bij Valentyn heet hij Adriaan van Goch.		1		
7298	4942	Borre van Amerongen		1.0	7.0	Willem	1	Jonkheer	Sandenburg			0	1640.0	0	Ridderschap: Leupen geeft aanvang 1626 in plaats van 1627.		1	21.0	1.0
7299	6285	Both van der Eem		1.0	4.0	Pieter	0				1646.0	0	1677.0	0			1	4.0	12.0
7300	7886	Lampsins		1.0	7.0	Adriaan	0					0	1666.0	0			1		
7301	5961	Does	van der	1.0	7.0	Diederik	1	Jonkheer	Noordwijk	Bergestein, Woudenberg	1580.0	0	1663.0	0	Heerlijkheden/adellijke huizen: verwerving Bergestein 1606.		1	9.0	6.0
7302	5987	Does	van der	1.0	7.0	Johan	1	Jonkheer	Bergestein		1621.0	0	1704.0	0			1		
7303	4915	Dussen	van der	1.0	7.0	Abraham	0					0	1676.0	0			1		
7304	5996	Voet van Winssen		1.0	4.0	Paulus	0				1651.0	0	1720.0	0	Vroedschap: ontslag genomen wegens benoeming tot secretaris van de Staten van Utrecht.		1	17.0	7.0
7305	3218	Kien		1.0		Nicolaes	0				1622.0	0	1674.0	1	Persoonsgegevens: overleden vóór 13 maart 1674. De Nederlandsche Leeuw geeft overlijden 17 januari 1651, wat echter gezien de aanvangsdatum als gecommitteerde in de Admiraliteit op de Maze niet juist kan zijn.		1		
7306	4484	Gerobulus		1.0	4.0	Samuel	0					0	1686.0	0			1	25.0	7.0
7307	7440	Godijn		1.0	7.0	Antonio	0					0		0	Persoonsgegevens: mogelijk Antoine Godin (1573-1639) in P.H.D. Leupen e.a. (red.), Nederlandse historische bronnen 9, 187.		1		
7308	6943	Muenicx		1.0	7.0	Gillis	0				1628.0	0	1692.0	0			1	12.0	9.0
7309	6942	Reigersberg	van	1.0	7.0	David	0		Clarabeek		1640.0	0		0	Persoonsgegevens: Valentyn geeft overlijden 1678, Enthoven, V., ''Veel vertier’. De Verenigde Oostindische Compagnie in Zeeland, een economische reus op Walcheren’, Archief. Mededelingen van het Koninklijk Zeeuwsch Genootschap der Wetenschappen (1989) 112 meent dat hij in dat 'quiteerde' als bewindhebber van de VOC ter Kamer Zeeland.		1		
7310	4025	Godin		1.0		Jacob	0				1646.0	0	1697.0	0	Persoonsgegevens: geslachtsnaam ook 'Godijn'.		1		
7311	6941	Munck	de	1.0	7.0	Alexander	0					0	1691.0	0	Persoonsgegevens: geslachtsnaam ook als 'De Munq', 'de Muynck', 'De Muincq', 'De Muncq'.		1		
7312	6272	Goyer	de	1.0	7.0	Dirck	0				1569.0	0	1648.0	0			1		
7313	6228	Sijpesteyn		1.0	3.0	Everhardt	0				1636.0	0	1713.0	0	Vroedschap: ontslagen 1674.		1	21.0	8.0
7314	7445	Muenicx		1.0	7.0	Pieter	0				1584.0	0	1656.0	0			1	11.0	5.0
7315	6123	Goyer	de	1.0	4.0	Johan	0		Amelisweerd			0	1656.0	0			1		
7316	4730	Jong	Haack de	1.0	4.0	Pieter	0				1664.0	0	1721.0	0	Persoonsgegevens: d'Ablaing geeft overlijden 23 juni 1724.		1	23.0	6.0
7317	6283	Klerck		1.0	7.0	Frederick	0				1635.0	0	1703.0	0			1		
7318	5957	Leeuw	de	1.0	4.0	Dirck	0				1618.0	0	1678.0	0	Vroedschap: Leupen geeft aanvang 1632, Utrechtse bestuurders 1632.		1	22.0	10.0
7319	3134	Muenicx		1.0	4.0	Pieter	0				1628.0	0	1691.0	0			1	3.0	12.0
7320	7846	Luchtenburg	van	1.0	7.0	Mattheüs	0				1648.0	0	1698.0	0			1	24.0	10.0
7321	6256	Mansvelt	van	1.0	7.0	Johan	0				1621.0	0	1673.0	0			1	2.0	4.0
7322	6043	Nellesteyn	van	1.0	7.0	Hendrik	0				1671.0	0	1747.0	0	Persoonsgegevens: de identificatie met de Hendrik van Nellesteyn uit Haslinghuis en Peeters waaruit het jaar van overlijden afkomstig is), is niet geheel zeker.		1		
7323	2880	Muenicx		1.0	4.0	Cornelis	0				1633.0	0	1678.0	0	Persoonsgegevens: overleden vóór 27 oktober 1678.		1	17.0	11.0
7324	6238	Nijpoort	van der	1.0	4.0	Anthony	0		Hogelande		1634.0	0	1710.0	0	Persoonsgegevens: Utrechtse bestuurders geeft doopdatum 4 januari 1635, Leupen geboortejaar 1634.		1	8.0	10.0
7325	6002	Nijpoort	van der	1.0	4.0	Cornelis	0				1640.0	0	1715.0	0	Persoonsgegevens: komt niet voor in de Lijste van de heeren geëligeerden, representerende den Eersten Staat van den lande van Utrecht (Utrecht 1723).		1	19.0	7.0
7326	4908	Pauw		1.0	4.0	Lambert	0					0		0	Persoonsgegevens: mogelijk Lambert de Pauw (1628-1671)  in P.H.D. Leupen e.a. (red.), Nederlandse historische bronnen 9, 193.		1		
7327	6177	Reede van Amerongen	van	1.0	7.0	Ernst	1	Jonkheer			1599.0	0	1635.0	0			1		
7328	6245	Reede	van	1.0	7.0	Hendrick Adriaen	1	Jonkheer				0		0	Persoonsgegevens: mogelijk Hendrik Adriaan van Reede van Drakesteyn (1636-1691) in P.H.D. Leupen e.a. (red.), Nederlandse historische bronnen 9, 194 en 202.		1		
7329	7890	Crane		1.0	7.0	Adriaan	0					0	1671.0	0	Persoonsgegevens: mogelijk Mr. Adriaan Crane (1614-?) in De Nederlandsche Leeuw 8 (1890) 60.		1		
7330	6257	Reede van Nederhorst	van	1.0	7.0	Gerard	1	Jonkheer	Nederhorst		1624.0	0	1670.0	0			1	11.0	9.0
7331	6251	Reede van Renswoude	van	3.0	7.0	Johan	1		Renswoude		1593.0	0	1682.0	0	"Buitenlandse Adelstitels; door de Engelse Koning Karel I op 24 maart 1644 verheven tot baron.
Heerlijkheden/adellijke huizen: verwerving 1623 (tot 1640, toen afgestaan aan zoon Gerard)."		1	7.0	2.0
7332	5969	Renesse van Moermont	van	1.0	7.0	Johan	1	Jonkheer	der Haar	Cockengen, Spengen		0	1664.0	0			1		
7333	6952	Thibault		1.0	7.0	Christiaan	0					0	1686.0	0	Persoonsgegevens: Enthoven en Valentyn geven overlijden (en daarmee einde bewindhebberschap) 1687.		1		10.0
7334	6880	Ripperda tot Buerse		1.0	7.0	Adolf Hendrik	1		Beurse	Heerjansdam	1624.0	1		0			1		
7335	6033	Roelands		1.0	4.0	Adriaen	0				1654.0	0	1727.0	0	"Persoonsgegevens: Utrechtse bestuurders geeft geboortejaar 1654, Leupen 1651.
Vroedschap: Utrechtse bestuurders geeft aanvang 1684, Leupen 1678."		1	16.0	6.0
7336	5965	Schadé		1.0	4.0	Gasper	0		Tull	't Waal	1623.0	0	1692.0	0	"Persoonsgegevens: voornaam in de 'lijste van de heeren geë|eligeerden' 'Casper'
Heerlijkheden/adellijke huizen: verwerving Tul en 't Waal 1684."		1	25.0	10.0
7337	4903	Someren	van	1.0	7.0	Jan Willemsz.	0					0	1635.0	0			1		
7338	4901	Someren	van	1.0	7.0	Willem	0					0		0			1		
7339	6947	Ingels		1.0	7.0	Appolonius	0					0	1693.0	0	Persoonsgegevens: Valentyn geeft overlijden 1691.		1		
7340	4953	Strick		1.0	4.0	Johan	0				1628.0	0	1693.0	0	Persoonsgegevens: Utrechtse bestuurders geeft overlijden 1693, Leupen 1685		1	13.0	5.0
7341	5971	Tuyll van Serooskerken	van	1.0	7.0	Hiëronymus	1		Welland	Serooskerken, Moermond, Wulven	1635.0	1	1677.0	0			1		
7342	6266	Tuyll van Serooskerken	van	1.0	7.0	Reinoud	1	Jonkheer	Stavenisse	Rijnhuijzen, Tienhoven	1618.0	0	1652.0	0	Persoonsgegevens: voornaam ook 'René'.		1		
7343	5977	Valckenaer		1.0	7.0	Carel	1	Jonkheer	Valckenaer-Dukenburg		1637.0	0	1684.0	0	Persoonsgegevens: de identificatie met de in de inventaris van het Huis Hardenbroek genoemde is niet geheel zeker.		1		
7344	5953	Weede	van	1.0	4.0	Everard	0		Dijkveld		1595.0	0	1665.0	0			1		
7345	6009	Weede	van	1.0	7.0	Willem	0				1633.0	0	1686.0	0	Persoonsgegevens: Gens Nostra geeft geboortejaar 1637, Nederland's Adelsboek en Leupen 1633.		1	6.0	10.0
7346	7427	Wijckersloot	van	1.0	7.0	Cornelis	0				1589.0	0	1652.0	0			1		
7347	6950	Duvelaer		1.0	7.0	Pieter	0					0	1713.0	0			1		
7348	4462	Schade		1.0	4.0	Willem	0					0	1651.0	0	Persoonsgegevens: overlijden aangegeven 23 juni 1651		1		6.0
7349	4471	Werckhoven	van	1.0	7.0	Cornelis	0					0	1655.0	0	Persoonsgegevens: Utrechtse bestuurders geeft geboortjaar circa 1615, maar dit zal eerder zijn geweest, gezien de periode waarin hij lid van de vroedschap was, en bovenlokale functies bekleedde. Overlijden aangegeven 24 december 1655.		1		12.0
7350	4472	Goyer	de	1.0	7.0	Floris	0					0	1656.0	0	Persoonsgegevens: overlijden aangegeven 5 mei 1656.		1		5.0
7351	4480	Moreelse		1.0	4.0	Hendrik	0				1615.0	0	1666.0	0	Persoonsgegevens: geslachtsnaam ook 'Morelisse'.		1	26.0	5.0
7352	4501	Casembroot	de	1.0	4.0	Johan	0				1655.0	0	1706.0	0			1	1.0	4.0
7353	4506	Pesters		1.0	4.0	Nicolaas	0				1671.0	0	1723.0	0			1	9.0	12.0
7354	6973	Tresel		1.0	7.0	Galenus	0					0	1688.0	0			1		
7355	4515	Spoor		1.0	7.0	Henrick	0				1677.0	0	1729.0	0			1	2.0	6.0
7356	6976	Huyssen		1.0	7.0	Johan Hieronymus	0				1660.0	0	1720.0	0			1		
7357	6981	Hurgronje		1.0	7.0	Isaac	0				1652.0	0	1706.0	0	Persoonsgegevens: Gaastra en Valentyn geven overlijden 1706, Enthoven 1705.		1		
7358	8056	Lengaigne	de	1.0	7.0	Nicolas	0					0		0	Overig: deken van Notre Dame te Atrecht.		1		
7359	7891	Hoorn	van	1.0	7.0	Nicolaas	0		Koudekerke		1652.0	0	1734.0	0			1	1.0	9.0
7360	4522	Leeuw	de	1.0	4.0	Anthony	0				1679.0	0	1741.0	0			1	23.0	8.0
7361	6979	Thyssen		1.0	7.0	Gillis	0					0	1709.0	0			1		
7362	2914	Buysero		1.0	4.0	Johan	0		Hulshout			0		0	Persoonsgegevens: geslachtsnaam ook 'Buijsers'. Het is niet geheel zeker dat de raadsheer in de Raad van Vlaanderen en de gecommitteerde in de Generaliteitsrekenkamer dezelfde persoon zijn.		1		
7363	4542	Wieling		1.0	4.0	Carel Balthasar	0				1728.0	0	1796.0	0			1	16.0	6.0
7364	4715	Nijendael	van	1.0	3.0	Goswijn	0					0		0	Persoonsgegeven: voornaam ook 'Goossen'.		1		
7365	4716	Foeyt		1.0	4.0	Peter	0					0	1635.0	0	Persoonsgegevens: ook als 'Pieter Feith'. Overlijden aangegeven 13 juli 1635		1		7.0
7366	1876	Fagel		1.0	4.0	François	0		ter Meer		1674.0	0	1718.0	0	Heerlijkheden/adellijke huizen: Nieuw Nederlandsch Biografisch Woordenboek geeft 'Ter Weer'.		1	6.0	9.0
7367	4747	Senden	van	1.0	4.0	Jan Frederik	0				1728.0	0	1805.0	0			1	27.0	1.0
7368	4763	Blanckendael	van	1.0	7.0	Simon	0					0	1670.0	0	Persoonsgegevens: overlijden aangegeven 27 december 1670		1		12.0
7369	4767	Zas van den Bossche		1.0	7.0	Jacob	0				1650.0	0	1690.0	0			1	16.0	2.0
7370	4778	Burman		1.0	4.0	Caspar	0				1696.0	0	1755.0	0			1	22.0	8.0
7371	4926	Copes		1.0	4.0	Henrick	0				1641.0	0	1722.0	0			1	31.0	8.0
7372	4937	Verschoor		1.0	4.0	Reinier	0				1739.0	0	1796.0	0	Persoonsgegevens: Utrechtse bestuurders geeft afwijkend overlijdensjaar 1797.		1	26.0	1.0
7373	4945	Lingen	van der	1.0	7.0	Peter Cornelisz.	0					0	1638.0	0	Persoonsgegevens: overlijden aangegeven 13 augustus 1638.		1		8.0
7374	5152	Harscamp	van	1.0	4.0	Evert	0				1714.0	0	1775.0	0			1	17.0	8.0
7375	5157	Walkier		1.0	4.0	Lucas	0					0	1713.0	0			1	14.0	1.0
7376	5161	Lieftinck		1.0	4.0	Jacob	0				1620.0	1	1672.0	0	Persoonsgegevens: geslachtsnaam ook 'Lieftingh'.		1	3.0	6.0
7377	5218	Wijck	van	1.0	4.0	Antony	0				1662.0	0	1728.0	0			1	14.0	6.0
7378	5939	Zoesius		1.0	4.0	Elbertus	0					0	1622.0	0	Persoonsgegevens: geslachtsnaam ook 'Sosius'.		1	20.0	1.0
7379	5955	Dael	van	1.0	4.0	Godert	0					0	1661.0	0	Persoonsgegevens: geslachtsnaam ook 'van Daelen'. Overlijden aangegeven 16 april 1661.		1		4.0
7380	6142	Huchtenbroeck	van	1.0	7.0	Johan	1	Jonkheer				0		0			1		
7381	6715	Musschenbroek		1.0	7.0	Jan Willem	0				1729.0	0	1807.0	0			1	5.0	6.0
7382	3207	Reygersberge	van	1.0	4.0	Johan	0				1630.0	0	1716.0	0			1		
7383	7893	Labiestrate		1.0	7.0	Adriaan	0					0	1718.0	0			1		
7384	7894	Hurgronje		1.0	4.0	Steven	0				1682.0	0	1733.0	0			1	13.0	2.0
7385	7910	Vos	de	1.0	7.0	Pieter	0					0	1727.0	0			1		
7386	7911	Tulleken		1.0	7.0	Isaac	0					0	1738.0	0			1		
7387	7912	Steengracht		1.0	7.0	Johan	0				1692.0	0	1743.0	0	Overig: was pensionaris van Middelburg.		1	14.0	5.0
7388	7909	Ockerse		1.0	7.0	Johan	0		Schonewalle		1666.0	0	1723.0	0	Persoonsgegevens: Valentyn geeft 1623 als jaar van overlijden, maar dat moet gezien zijn aanvangsjaar als bewindhebber van de VOC ter Kamer Zeeland 1723 zijn.		1	24.0	5.0
7389	2910	Huybert	de	1.0		Pieter	0					0	1721.0	0	Persoonsgegevens: het is niet zeker dat de twee functies door dezelfde persoon werden uitgeoefend. Van der Bijl geeft overlijden 1719 of 1720, Enthoven en Valentyn 1721.		1		
7390	7913	Boudaen Courten		1.0	7.0	Hieronymus Josephus	0					0	1737.0	0			1		
7391	7576	Homoet		1.0	7.0	Barend Gerbrand	0				1695.0	0	1768.0	0	Persoonsgegevens: Enthoven geeft overlijden 1769.		1	1.0	5.0
7392	7914	Hoorn	van	1.0	7.0	Pieter	0					0	1729.0	0			1		
7393	7915	Veth		1.0	7.0	Martinus Johan	0					0	1755.0	0	Persoonsgegevens: Enthoven geeft voornaam 'Maxtimus' wat onjuist lijkt.		1	24.0	10.0
7394	7916	Putte	van der	1.0	7.0	Cornelis	0					0	1730.0	0			1		
7395	7917	Radermacher		1.0	7.0	Samuel	0				1693.0	0	1761.0	0			1	29.0	10.0
7396	7918	Schorer		1.0	7.0	"Johan Gulielmus
Johan Gulielmus"	0				1688.0	0	1747.0	0	Persoonsgegevens: Nagtglas geeft overlijden 1749, Enthoven 1747; het is niet geheel zeker (maar wel waarschijnlijk) dat het hier om dezelfde persoon gaat.		1		
7397	7919	Dishoeck	van	1.0	7.0	Ewout	0		Domburg		1678.0	0	1744.0	0			1		
7398	7745	Mesureur	le	1.0	7.0	François	0					0		0			1		
7399	7948	Brecht	van	1.0	7.0	Charles	0					0		0			1		
7400	7953	Boucholt	de	1.0	7.0	Goudeston	0		Grevenbroek			0	1577.0	0			1		
7401	7954	Empt	tot	1.0	7.0	Hendrik	0		Empt			0		0			1		
7402	7952	Appeltern	van	1.0	7.0	Otto	0		Persingen	Pouderoyen		0		0			1		
7403	8159	Sarrazin		1.0	7.0	Jan	0				1539.0	0	1598.0	0			1	3.0	3.0
7404	8072	Lalaing	van	4.0	7.0	George	1				1540.0	1	1581.0	0	Binnenlandse adelstitels: graaf van Rennenburg, baron van Ville.		1	23.0	7.0
7405	8227	Vladeracken	van	1.0	7.0	Johan	1					0		0			1		
7406	7977	Heriselle	 van	1.0	7.0	Philip	1		Monsbroeck	Boeselles		0		0	Persoonsgegevens: geslachtsnaam ook als 'Van Herzele'.		1		
7407	7983	Gruytere	de	1.0	7.0	Adolf	0					0		0	Persoonsgegevens: gesalchtsnaam ook als 'de Gruutere'.		1		
7408	7986	Andeians		1.0	7.0	Andriesz	0					0		0			1		
7409	7987	Cerf	 de	1.0	7.0	Tobias	0					0		0			1		
7410	7988	Boodt	de	1.0	7.0	Anselmus	0				1550.0	0	1632.0	0			1		
7411	7992	Utendaele		1.0	7.0	Charles	0					0		0			1		
7412	7998	Provins	de	1.0	7.0	Charles	0					0		0			1		
7413	8001	Bosch	du	1.0	7.0	Philippe	0		Maasdam	Overham		0		0			1		
7414	8003	Herve	d'	1.0	7.0	François	0					0		0	Persoonsgegevens: de naam is onzeker.		1		
7415	7895	Citters	van	1.0	4.0	Wilhem	0				1685.0	0	1758.0	0	"Persoonsgegevens: Enthoven geeft overlijden, en daarmee het einde van de zitting als bewindhebber van de VOC ter Kamer Zeeland in 1757.
Overig: de functie als bewindhebber van de VOC ter Kamer Zeeland van 1713 wel bij Valentyn (zie de institutionele toelichting bij dat college), maar niet bij Enthoven. Onzeker of het om dezelde persoon gaat bij de zitting vanaf 1733."		1	28.0	11.0
7416	6913	Berckel		1.0	7.0	Pieter Clemensz.	0					0	1630.0	0			1	4.0	6.0
7417	8006	Mathias		1.0	7.0	Joh. Const.	0					0	1765.0	0			1		
7418	6914	Bleyswijck	van	1.0	7.0	Ewout Evertsz.	0				1572.0	0	1657.0	0			1		
7419	8011	Campen	Duvelaer van	1.0	4.0	Pieter	0				1704.0	0	1770.0	0			1	7.0	7.0
7420	8013	Verwout Noiret		1.0	7.0	David	0					0	1769.0	0	Persoonsgegevens: was secretaris en pensionaris-honorair van Middelburg.		1	18.0	9.0
7421	8015	Hoorn	van	1.0	4.0	Nicolaas	0		Burgh	Crayesteyn	1703.0	0	1776.0	0			1	2.0	10.0
7422	8021	Hoorn	van	1.0	4.0	Jan Cornelis	0				1744.0	0	1786.0	0			1	15.0	3.0
7423	8005	Mandere	van der	1.0	4.0	Jacob	0		Ouwerkerk	Nieuwerkerk, Capelle, Vianen, ter Boede	1707.0	0	1775.0	0			1	19.0	5.0
7424	6919	Meerman		1.0	7.0	Frans Jansz.	0				1605.0	0	1678.0	0	Overig: Valentyn (p. 313) vermeldt hem ook als bewindhebber van de VOC ter Kamer Rotterdam, maar voor zover bekend hadden Delftenaren daarin geen zitting.		1	16.0	9.0
7425	6915	Welhouk		1.0	7.0	Geraldo Cornelisz.	0				1593.0	1	1665.0	0			1	7.0	2.0
7426	6747	Meyden	van der	1.0	7.0	Fop Pietersz	0				1549.0	0	1616.0	0			1	5.0	9.0
7427	6780	Belle	van	1.0	7.0	Josua	0				1680.0	0	1738.0	0	Persoonsgegevens: Josua van Belle de Jonge. Begraven 4 augustus 1738.		1		
7428	6785	Braets		1.0	7.0	Hendrik Jacobsz.	0				1702.0	0	1741.0	0			1	22.0	9.0
7429	6748	Aa	van der	1.0	7.0	Willem Jan Vranckensz.	0				1551.0	1	1613.0	0			1	6.0	12.0
7430	6912	Gijsen van Overmaas	van der	1.0	7.0	Anthony Hendriksz.	0					0	1654.0	0			1	17.0	2.0
7431	6746	Veeken	van der	1.0	7.0	Johan	0				1549.0	0	1616.0	0			1	16.0	8.0
7432	6789	Bois	du	1.0	7.0	Hugo	0				1680.0	0	1740.0	0			1	9.0	11.0
7433	6755	Busch		1.0	7.0	Leonard Pietersz.	0					0	1650.0	0			1	25.0	12.0
7434	6790	Groot	Cornets de	1.0	4.0	Hugo	0				1709.0	0	1777.0	0	"Persoonsgegevens: begraven 6 mei 1777.
Vroedschap: op verzoek ontslagen 1773."		1		5.0
7435	6792	Bois	du	1.0	4.0	Abraham Adriaan	0		Molenaarsgraaf	Giessen, Steenhuysen	1713.0	0	1774.0	0			1	12.0	9.0
7436	6117	Rijsenborch	van	1.0	7.0	Justus	1	Jonkheer	Rijsenburg			0		0			1		
7437	6751	Jonge	de	1.0	7.0	Cornelis Cornelisz. Matelieff	0				1569.0	0	1632.0	0			1	17.0	10.0
7438	6916	Bossaerd		1.0	7.0	Pieter Isaaksz.	0					0	1633.0	0	Persoonsgegevens: geslachtsnaam bij Boitet 'Buschart'.		1	10.0	8.0
7439	6750	Vredenburch	van	1.0	7.0	Gerrit Hugensz.	0				1542.0	0	1609.0	0			1	27.0	1.0
7440	6758	Meyden	van der	1.0	7.0	Pieter Foppen	0				1579.0	0	1638.0	0			1	27.0	9.0
7441	6760	Besemer		1.0	7.0	Adriean Lenerts	0				1584.0	1	1657.0	0			1	7.0	9.0
7442	6762	Coninck	de	1.0	7.0	Cornelis	0				1600.0	0	1658.0	0			1	21.0	6.0
7443	6765	Bergen	van	1.0	7.0	Gerard	0				1610.0	0	1663.0	0			1	5.0	6.0
7444	6766	Sonmans		1.0	7.0	Jacob	0					0	1661.0	0			1	1.0	8.0
7445	6759	Hartingsvelt		1.0	7.0	Cornelis Jansz.	0				1586.0	0	1641.0	0			1	12.0	11.0
7446	6918	Beresteijn	van	1.0	4.0	Cornelis Pouwelsz.	0				1586.0	0	1638.0	0			1	13.0	8.0
7447	6761	Rammelman		1.0	7.0	Henrick	0					0	1658.0	0			1	18.0	1.0
7448	6764	Verschuer		1.0	7.0	Paulus	0				1606.0	0	1667.0	0			1	15.0	12.0
7449	6767	Hartigsvelt		1.0	7.0	Willem	0					0	1664.0	0			1	19.0	3.0
7450	6771	Hennekyn		1.0	7.0	Jan Batista	0				1616.0	0	1670.0	0			1		
7451	1051	Schonen	van	1.0	4.0	Jacob Wormersz.	0					0	1670.0	0	Persoonsgegevens: 'Genealogie van de Familie Boelisz en aanverwante geslachten' geeft 1669 als jaar van overlijden, wat blijkens de vroedschapsresoluties (zie Bronnen) van Hoorn onjuist is. Bonke en Bossaers geven geslachtsnaam 'Wormers van Schoonwoud'.		1		
7452	6773	Couwenhoven	van	1.0	7.0	Cornelis Willemsz.	0				1632.0	0	1692.0	0	Persoonsgegevens: begraven 10 januari 1692.		1		1.0
7453	6920	Bleyswijck		1.0	7.0	Evert Ewoutsz.	0				1611.0	0	1653.0	0			1	6.0	8.0
7454	6921	Chijs	van der	1.0	7.0	Johan Adriaensz.	0					0	1652.0	0			1	12.0	11.0
7455	6770	Prins		1.0	4.0	Adriaen Ewoutsz.	0				1625.0	0	1668.0	0			1	22.0	12.0
7456	5172	Helsdingen	van	1.0	7.0	Allard	0					0	1610.0	0	Overig: Resolutiën der Staten-Generaal, Nieuwe reeks 1 (1610-1612) A.Th. van Deursen ed. ('s-Gravenhage 1971) 704 meent dat hij ook nog gedeputeerde ter Staten-Generaal was in 1612. Het ging toen echter hoogstwaarschijnlijk om Steven van Helsdingen (zie ook de index op p. 837).		1	5.0	9.0
7457	6772	Vries	de	1.0	4.0	Johan	0				1609.0	0	1674.0	0	Vroedschap: op verzoek van de burgerij afgetreden 1672.		1		8.0
7458	8038	Langewagen		1.0	7.0	Reijnier	0				1626.0	0	1675.0	0			1	30.0	4.0
7459	8042	Bijler	van	1.0	7.0	Elbert	0					0	1626.0	0			1		4.0
7460	4939	Berck	van	1.0	4.0	Nicolaas	0					0	1619.0	0	Persoonsgegevens: het is niet geheel zeker dat het lid van het College van Geëligeerden van Utrecht identiek is aan het lid van de Raad van Utrecht.		1	27.0	8.0
7461	8043	Nijpoort	van der	1.0	7.0	Johan Florisz.	0					0	1651.0	0			1	5.0	5.0
7462	6924	Lodesteijn	van	1.0	7.0	Dirk Joosten	0				1615.0	0	1679.0	0	Persoonsgegevens: Houtzager geeft, in afwijking van Valentyn en Boitet, overlijden 1678.		1	6.0	8.0
7463	6793	Prins		1.0	4.0	Willem	0				1730.0	0	1807.0	0			1	26.0	8.0
7464	6776	Belle	van	1.0	7.0	Josua	0		St. Hubregtsgerecht	Noord-Waddinxveen, Groenwaard, Peulie, Suydelswijk, Sleeuwijki	1637.0	0	1710.0	0			1	2.0	9.0
7465	6795	Ysendoorn	van	1.0	7.0	Pieter	0				1749.0	0	1818.0	0			1	17.0	12.0
7466	8039	Someren	van	1.0	7.0	Willem	0					0	1644.0	0			1		
7467	6597	Haack de Jong		1.0	4.0	Pieter	0				1664.0	0	1721.0	0			1	23.0	6.0
7468	4941	Buth		1.0	7.0	Hendrik	0					0		0	Persoonsgegevens: 'Utrechtse bestuurders' heeft hier twee personen, Hendrik Both en Hendrik Buth, waar het Groot Placaatboek van Utrecht uitgaat van één persoon. Ook in de Lijste van de heeren geëligeerden, representerende den Eersten Staat van den lande van Utrecht (Utrecht 1723) 5 komt een Hendrik Buth voor, als lid van het college van Geëligeerden te Utrecht (1582-1586 en 1588-1592). Onbekend is of dit dezelfde persoon is, en zo niet, welke van de twee gedeputeerde ter Staten-Generaal was in 1583 en 1586-1587.		1		
7469	6126	Baexen	van	1.0	7.0	Frederik	1	Jonkheer	Kersbergen	Coninxvrij		0	1625.0	0			1	3.0	12.0
7470	6925	Meerman		1.0	7.0	Maarten	0					0	1684.0	0			1	31.0	5.0
7471	6926	Briell		1.0	7.0	Jacob Jacobsz.	0				1627.0	0	1679.0	0	Vroedschap: ontslagen 1672.		1	13.0	11.0
7472	413	Dussen	van der	1.0	4.0	Pieter Ewoutsz.	0				1632.0	0	1703.0	0	Persoonsgegevens: Valentyn geeft afwijkende overlijdensdatum 15 april 1703.		1	14.0	4.0
7473	6779	Schepers		1.0	4.0	Bastiaen	0				1650.0	0	1704.0	0			1	8.0	3.0
7474	8033	Graaf	van der	1.0	4.0	Willem Albregtsz.	0				1644.0	1	1725.0	0			1		11.0
7475	6794	Staveren	van	1.0	4.0	Reinier Frederik	0		Herkingen	Roxenisse	1740.0	0	1809.0	0			1	28.0	8.0
7476	6782	Beyer	de	1.0	4.0	Samuel	0				1657.0	0	1729.0	0	"Persoonsgegevens: Samuel de Beyer de jonge.
Vroedschap: ontslagen 1692, maar later weer in de vroedschap."		1	1.0	9.0
7477	6849	Rippersz.		1.0	7.0	Jacob	0				1559.0	0	1629.0	0			1	17.0	4.0
7478	6781	Noordhey		1.0	7.0	Jacob	0				1673.0	0	1733.0	0	Persoonsgegevens: begraven 5 oktober 1733		1		10.0
7479	6927	Burch	van der	1.0	4.0	Franco Reijersz.	0				1658.0	0	1715.0	0	Persoonsgegevens: Boitet geeft overlijden 15, Valentyn 13 januari 1715.		1	15.0	1.0
7480	6675	Dussen	van	1.0	7.0	Abraham Jacob	0				1705.0	0	1791.0	0			1	21.0	4.0
7481	7398	Wttewaall		1.0	7.0	Jan Antonisz.	0					0	1630.0	0	Persoonsgegevens: geslachtsnaam ook als Uyttewael.		1	7.0	10.0
7482	6172	Foeyt		1.0	7.0	Aernt	0					0	1643.0	0			1		6.0
7483	7967	Ligne	de	4.0	7.0	George	1		Estumbruges	Montreuil		0		0	Binnenlandse adelstitels: graaf van Fauquemberghe.		1		
7484	7687	Rubempré	de	3.0	7.0	Adrien	1		Bièvre			0		0	Binnenlandse adelstitels: baron van Reves.		1		
7485	7691	Merode	van	3.0	7.0	Jan	1		Petershem			0		0	Persoonsgegevens: A.J. van der Aa, Biographisch woordenboek der Nederlanden (12 dln., Haarlem 1852-1878) 8, 203 noemt 'Jan baron de Merode, heer van Petershem, Perwys, Duffel, Leefdaal, Westerloo etc.', maar uit Resolutiën der Staten-Generaal 1 (1576-1577) N. Japikse ed. ('s-Gravenhage 1915) 1 blijkt dat het om twee gelijknamige personen gaat.		1		
7486	283	Meerman		1.0		Johan Fransz.	0				1643.0	0	1724.0	0	Persoonsgegevens: Valentyn geeft overlijden mei 1724.		1	28.0	3.0
7487	6255	Hamel		1.0	7.0	Nicolaas	0		Stoetwegen			0	1677.0	0	Vroedschap: ontslagen 1674.		1	9.0	5.0
7488	8051	Blijleven		1.0	4.0	Adolf	0					0	1581.0	0			1		
7489	8054	Bidlo		1.0	4.0	Godefridus	0					0		0	Persoonsgegevens: was een zoon van de gelijknamige hoogleraar medicijnen te Leiden.		1		
7490	8065	Ongnies	d'	1.0	7.0	François	1		Beaumont	Beaurepaire		0		0			1		
7491	4733	Ewyck	van	1.0	7.0	Johan Cyprianus	0		den Engh	Themaat	1682.0	0	1741.0	0			1	4.0	1.0
7492	7929	Croy	van	13.0	7.0	Filips	1				1526.0	0	1595.0	0	Persoonsgegevens: prins van Château-Porcien en Chimay, hertog van Aerschot.		1	11.0	12.0
7493	7923	Halewijn	de	1.0	7.0	François	1		Zwevegem			0	1585.0	0			1		
7494	6259	Leeuw	de	1.0	4.0	Diederick	0					0	1678.0	0	Vroedschap: ontslagen 1674.		1	22.0	10.0
7495	5972	Goyer	de	1.0	4.0	Dirck	0		Amelisweerd		1616.0	1	1679.0	0	Vroedschap: ontslagen 1674.		1		
7496	8047	Voordt	van de	1.0	3.0	Cornelis	0					0	1674.0	0			1	10.0	10.0
7497	6704	Dussen	van der	1.0	4.0	Jacob	0				1621.0	0	1686.0	0	Vroedschap: ontslagen 1674.		1	19.0	11.0
7498	8076	Croy	van	14.0	7.0	Karel Filips	1				1549.0	0	1613.0	0	Binnenlandse adelstitels: markies van Hervé.		1	25.0	11.0
7499	7730	Croy	van	1.0	7.0	Eustache	1		Crecques			0		0			1		
7500	7966	Croy	van	4.0	7.0	Eustache	1		Rumenghien			0	1609.0	0	Overig: graaf van Roeulx en Meghen, gouverneur van St. Omer.		1	25.0	3.0
7501	7933	Perrenot van Granvelle		3.0	7.0	Frederik	1		Champagney		1536.0	0	1602.0	0	Binnelandse adelstitels: baron van Renaix en Aspremont.		1		
7502	7965	Croy	van	1.0	7.0	Jan	1		Roeulx			0	1581.0	0	Overig: stadhouder van Vlaanderen.		1		
7503	8080	Lalaing	de	14.0	7.0	Emmanuel Philibert	1		Condé	Leuze	1557.0	0	1590.0	0	"Persoonsgegevens: Nieuw Nederlandsch Biografisch Woordenboek geeft geboorte 1557, Van der Aa 1537.
Binnenlandse adelstitels: markies van Renty, baron van Montigny,"		1	27.0	12.0
7504	8082	Carondelet	de	5.0	7.0	Jehan	1		Solre sur Sambre			0		0			1		
7505	7738	Gavre	de	4.0	7.0	Charles	1		Fresin		1525.0	0	1611.0	0	Adellijke titels: graaf van Beaurieu.		1		
7506	8084	Gavre	de	3.0	7.0	Bauduin	1					0	1581.0	0	"Persoonsgegevens: stierf volgens Van der Aa korte tijd na 18 augustus 1581.
Binnenlandse adelstitels: baron van Inchy."		1		
7507	8087	Goignies	van	1.0	7.0	Anthony	1		Vendegise au Bois			0		0			1		
7508	8090	Croix	de la	1.0	7.0	Jacques	0		Caulmont			0	1600.0	0	Persoonsgegevens: niet geheel duidelijk is of Van der Aa bedoelt of De la Croix in 1600 overleed.		1		
7509	8110	Vliet	van		7.0	Johan van Woerden	1	Jonkheer	Heiloo	Hoencoop		0		0			1		
7510	8095	Buisson	du	1.0	7.0	J.	0		Oisy			0		0			1		
7511	8097	Offegnies	d'	1.0	7.0	Jean	0		Marque			0		0			1		
7512	8098	Offegnies	d'	1.0	7.0	Thierry	0		Callenelle			0		0	Overig: griffier van de Staten van Henegouwen.		1		
7513	7746	Oultreman	d'	1.0	7.0	François Henry	0				1546.0	0	1605.0	0	Persoonsgegevens: de identificatie met de in Van der Aa genoemde is niet geheel zeker.		1	1.0	10.0
7514	7690	Merode	van	3.0	7.0	Jean	1		Duffel	Perwez		0		0	Persoonsgegevens: A.J. van der Aa, Biographisch woordenboek der Nederlanden (12 dln., Haarlem 1852-1878) 8, 203 noemt 'Jan baron de Merode, heer van Petershem, Perwys, Duffel, Leefdaal, Westerloo etc.', maar uit Resolutiën der Staten-Generaal 1 (1576-1577) N. Japikse ed. ('s-Gravenhage 1915) 1 blijkt dat het om twee gelijknamige personen gaat, de een is heer van Duffele en Perwez, de ander van Petershem.		1		
7515	8103	Fontaines	de	1.0	7.0	Jehan	0					0		0	Overig: griffier van de Staten van Lille, Douai en Orchies (Waals Vlaanderen)		1		
7516	7761	Yve	d'	1.0	7.0	Henry	1		Yve	Neufville		0		0			1		
7517	7759	Marbais	van	1.0	7.0	Philibert	1		la Haye à Brigode			0		0			1		
7518	8115	Salmier	de	1.0	7.0	Nicolaas	1		Melroy			0		0			1		
7519	8117	Berlo	de	1.0	7.0	Denis	1		Brus			0		0	.		1		
7520	8123	Olivier		1.0	7.0	F.	0					0		0	Overig: abt van Chasteau l'Abbaie		1		
7521	6135	Thin		1.0	4.0	Floris	0					0	1590.0	0	Overig: was pensionaris van de Staten van Utrecht.		1	31.0	8.0
7522	8134	Winssem	van	1.0	7.0	Barend	0					0		0			1		
7523	8140	Merode	van	1.0	7.0	Richard	1		Frentz	Oirschot		0		0			1		
7524	8141	Merode	van	5.0	7.0	Bernart	1		Sedernich	Rummen		0	1591.0	0			1		
7525	4063	Warmelo	van	1.0		Gerhard	1					0	1610.0	0	Overig: was drost van Salland.		1	31.0	12.0
7526	7701	Bloyman		1.0	7.0	Hendrik	0		Helvoort			0	1584.0	0	Persoonsgegevens: naam ook als 'Henry Bloeyman'.		1	13.0	4.0
7527	2683	Ewijck	van	1.0	4.0	Johannes Cyprianus	0		den Engh	Themaat	1736.0	0	1811.0	0			1	20.0	11.0
7528	3227	Hesselt van Dinther		1.0	4.0	Andries	0				1544.0	0	1600.0	0	Persoonsgegevens: Van der Aa geeft overlijden oktober 1600. Zowel Van der Aa (die in deel 6, p. 222 ook een lemma Andries Hesselsz. heeft) als Resolutiën der Staten-Generaal 2 (1578-1579) N. Japikse ed. ('s-Gravenhage 1917) 3 beschouwen hem en Andries Hesselsz. als verschillende personen, maar uit Nederland's Adelsboek en Genealogische en Heraldische Bladen blijkt dat het om één persoon gaat.		1	21.0	9.0
7529	7731	Assignies	d'	5.0	7.0	Antoine	1		Alloigne			0	1590.0	0			1		
7530	8101	Collard		1.0	7.0	Antoine	0					0		0			1		
7531	8169	Keermans		1.0	7.0	Baptiste	0					0		0			1		
7532	8174	Hinckart	van	5.0	7.0	Jan	1		Ohain	Corbaix, Wattingies		0	1585.0	0			1	24.0	1.0
7533	8176	Merode	van	1.0	7.0	Willem	1		Duffel	Waroux		0	1589.0	0			1		
7534	8180	Schuermans		1.0	7.0	Paulus	0					0		0			1		
7535	8182	Bonenberch genoemd van Hoenstein	van	1.0	7.0	Arnoud	1		Ubbergen			0		0			1		
7536	7958	Lyere	van	1.0	7.0	Joachim	1					0		0			1		
7537	8157	Tollenaere	de	1.0	7.0	Jean	0		Cuerne			0		0			1		
7538	8183	Cock van Delwijnen	de	1.0	7.0	Adriaan	1		Delwijnen	Wadenoyen		0		0	Ridderschap: jaren van verschijnen.		1		
7539	8192	Ripperda		1.0	7.0	Maurits	1		Vorden			0		0	"Persoonsgegevens: overleden tussen 1605 en 1617.
Ridderschap: jaren van verschijning."		1		
7540	8188	Wittenhorst	van	1.0	7.0	Johan	1		ter Horst			0	1585.0	0			1	13.0	8.0
7541	8193	Keppel	van	1.0	7.0	Diederik	1					0		0	Ridderschap: jaren van verschijning.		1		
7542	8253	Schoonhoven	van	1.0	7.0	Philips	0		Wanroij			0		0			1		
7543	7960	Steenbergen	van	1.0	7.0	Hendrik	1		Nijenbeek			0	1581.0	0	Ridderschap: jaren van verschijning.		1		
7544	8200	Gryse	de	1.0	7.0	Jean	0					0		0			1		
7545	8210	Carpentier	de	1.0	7.0	Roeland	0				1546.0	0	1618.0	0			1	6.0	10.0
7546	8213	Heyns		1.0	7.0	Michiel	0					0		0	Persoonsgegevens: mogelijk identiek met de gelijknamige persoon elders in deze database.		1		
7547	2188	Huerenblocq		1.0	4.0	Louis	0					0		0	Persoonsgegevens: mogelijk identiek met de gelijknamige persoon elders in deze database.		1		
7548	189	Schagen	van Beyeren van	1.0		Johan	1	Jonkheer	Schagen	Oud- en Nieuw-Goudriaan, Borcharen, Barsingerhorn	1544.0	0	1618.0	0	Heerlijkheden/adellijke huizen: verwerving Schagen 1550, Oud- en Nieuw-Goudriaan 1572.		1		
7549	6013	Baerle	van	1.0	4.0	Johan	0				1642.0	0	1711.0	0			1	14.0	5.0
7550	8251	Furneau		1.0	7.0	Charles	0		Cruyckenborg			0		0	Persoonsgegevens: geslachtsnaam ook als 'Fourneau'.		1		
7551	8236	Montens		1.0	7.0	Godefroy	0					0		0	Persoonsgegevens: het niet is geheel zeker dat het bij de twee deputaties naar de Staten-Generaal om dezelfde persoon gaat.		1		
7552	8260	Meulen	van der	1.0	7.0	Daniel	0				1554.0	0	1600.0	0			1	25.0	7.0
7553	8261	Maschereel	van	1.0	7.0	Hendrik	1		Balgoy	Keent, Opijnen, Oyen	1527.0	0	1592.0	0			1		
7554	8226	Berches	de	1.0	7.0	Gerardt	1		Grimbergen			0		0	Persoonsgegevens: geslachtsnaam ook 'van Bergen'.		1		
7555	8262	Bentinck tot Aller		1.0	7.0	Alexander	1		Aller		1548.0	0	1582.0	0			1		
7556	8263	Heeckeren	van	1.0	7.0	Joost	1		Diepenbroek	Roderlo		0	1619.0	0	"Ridderschap: jaren van verschijning.
Heerlijkheden/adellijke huizen: verwerving Roderlo 1579."		1	20.0	10.0
7557	4959	Leoninus		1.0	3.0	Elbertus	0				1519.0	1	1598.0	0			1	6.0	12.0
7558	8220	Valcke		1.0	7.0	Jacob	0		Kats	Wolfaartsdijk		0	1623.0	0	Overig: was pensionaris van Goes.		1	2.0	6.0
7559	7177	Stepraedt	van	1.0	7.0	Jan	0		Doddendaal	Ewijk		0		0	"Ridderschap: jaren van verschijning.
Heerlijkheden/adellijke huizen: verwerving 1593.
Overig: graaf in Doornik."		1		
7560	8267	Stepraedt	van	1.0	7.0	Reynier	0		Ewijk	Doddendaal, Walbeek		0	1586.0	0	Overig: graaf in Doornik.		1		
7561	8271	Geraert		1.0	7.0	Voet	0					0		0	Persoonsgegevens: mogelijk identiek met de ook in dit bestand opgenomen Gerhard Voet, kanselier van het Hof van Gelre.		1		
7562	8272	Delen tot Laer	van	1.0	7.0	Evert	1		Laer			0	1586.0	0			1	8.0	2.0
7563	8269	Haersolte	van	1.0	7.0	Rutger	0					0		0	Persoonsgegevens: het is niet geheel zeker dat de gedeputeerden ter Staten-Generaal van 1582-1582 en die van 1585-1586 dezelfde persoon zijn.		1		
7564	8148	Grouff	de	1.0	7.0	Hendrik	0					0		0	Persoonsgegevens: geslachtsnaam ook wel als 'Crouf'.		1		
7565	8150	Santrainnes, gezegd De Broucqsaulx	de	1.0	7.0	Jacques	0					0		0			1		
7566	8280	Quaetjonck		1.0	7.0	Jaques	0		Zuythove			0		0			1		
7567	8282	Pueteman		1.0	7.0	Sebastiaan	0					0		0	Persoonsgegevens: geslachtsnaam ook als 'Peuteman'.		1		
7568	8312	Houte	van den	1.0	7.0	Michiel	0					0		0			1		
7569	8285	Utenhove		1.0	7.0	Karel	0		Hoogewalle			0		0	Persoonsgegevens: overleden 1 augustus 1600 of 1608		1		
7570	8288	Schoore	van	1.0	7.0	Jan	0		Marckhove	Rostuyne		0		0			1		
7571	8289	Triest		1.0	7.0	Joost Joosz.	0					0		0			1		
7572	8295	Winckere	de	1.0	7.0	Bernard	0		Prieke			0		0			1		
7573	8309	Maulde	de	1.0	7.0	Guillaume	0		Mansart			0		0	Persoonsgegevens: leefde nog in 1599.		1		
7574	8331	Borchgrave	de	1.0	7.0	Daniël	0					0		0	Overig: was procureur-generaal van Vlaanderen.		1		
7575	8341	Duijst van Zanten		1.0	7.0	Adriaen Cornelisz.	0					0		0			1		
7576	1318	Wiere	van der	1.0		Bartholomeus	0				1534.0	0	1603.0	0	Overig: was secretaris van Amsterdam.		1		
7577	8333	Biese	de	1.0	4.0	Gerrit	0					0		0	Overig: was pensionaris van Delft.		1		
7578	8334	Heemskerck	van	1.0	7.0	Willem	0				1526.0	0	1592.0	0			1	28.0	2.0
7579	8335	Cant		1.0	7.0	Reynier	0				1536.0	0	1595.0	0			1	10.0	12.0
7580	8344	Coster		1.0	3.0	Martin Jansz.	0				1520.0	1	1592.0	0			1	21.0	1.0
7581	175	Boetzelaer	van den	1.0		Rutger	1	Jonkheer	Asperen	Langerak, Merwede, Carnisse	1534.0	0	1604.0	0	Heerlijkheden/adellijke huizen: verwerving Langerak 1588-1598, Merwede 1591-1598.		1		
7582	8347	Claesz.		1.0	4.0	Ruysch	0					0	1600.0	0	Overig: was pensionaris van Amsterdam.		1	26.0	2.0
7583	2706	Hallinc		1.0	4.0	Jacob Paulusz.	0				1532.0	0	1596.0	0	Overig: was pensionaris van Dordrecht.		1	25.0	10.0
7584	8349	Wutiers		1.0	7.0	Govert Dircksz.	0					0		0	Persoonsgegevens: geslachtsnaam ook als ' Weitiers'.		1		
7585	8343	Brasser		1.0	7.0	Govert Willemsz.	0					0	1600.0	0			1		11.0
7586	8351	Verlane		1.0	7.0	Egbert	0					0		0	Persoonsgegevens: geslachtsnaam ook als ' Van der Laen'. Mogelijk de 'Mr. E(n)gbert Gerritsz. De Jonge' in het 'Naam-register van de heeren van de regeering der stad Haarlem [...] (Haarlem 1733).		1		
7587	8124	Eng	uten	1.0	7.0	Frederik	1		den Engh			0	1582.0	0			1		
7588	8356	Adrichem	van	1.0	7.0	Claes Adriaensz.	0					0	1607.0	0			1		
7589	8216	Almonde	van		7.0	Abraham	1	Jonkheer				0		0			1		
7590	1105	Thomasz.		1.0		Thomas	0					0	1603.0	0	Vroedschap: aanvang in of voor 1583.		1		
7591	8359	Cooman		1.0	7.0	Jan	0					0		0	Persoonsgegevens: het is niet geheel zeker dat het bij de twee deputaties naar de Staten-Generaal om dezelfde persoon gaat; in 1583 zit hij namens Vlissingen, in 1585 namens Middelburg.		1		
7592	8337	Souburgh		1.0	7.0	Dirk Dirk Hoense	0					0	1592.0	0	"Persoonsgegevens: ook als 'Dirk Dirkz. 't Hoen'. Begraven 20 december 1592.
Vroedschap: aanvangsjaar is 'circa'."		1		12.0
7593	2708	Mathenesse	van	1.0		Johan	1	Jonkheer	Lisse	Giessen		0	1625.0	0			1	21.0	9.0
7594	8353	Brederode	van	1.0	7.0	Floris	1		Kloetinge			0	1599.0	0			1		
7595	1965	Baerdesen		1.0	4.0	Wilhem	0				1528.0	0	1601.0	0	Persoonsgegevens: geslachtsnaam ook als 'Bardes(ius)'.		1	21.0	3.0
7596	8363	Bernard		5.0	7.0	Floris	1		Esquelmes			0		0			1		
7597	8358	Mock		1.0	4.0	Laurens	0					0		0	Overig: was pensionaris van Middelburg 1580-1595.		1		
7598	8362	Cordes	de	1.0	7.0	Guillaume	0					0		0			1		
7599	8369	Drunen	van	1.0	7.0	Jan Robbertsz,	0					0		0	Persoonsgegevens: Utrechtse bestuurders beschouwt Jan Robbertsz. Van Drunen (lid van de Raad van Utrechts 1576-1577) en Johan van Drunen (idem 1577-1586) als verschillende personen. Blijkens Resolutiën der Staten-Generaal 3 (1580-1582) N. Japikse ed. ('s-Gravenhage 1918) 6, dat hem als gedeputeerde ter Staten-Generaal in 1580 opvoert als 'Johan Robbrecht van Druenen, schepen van Utrecht', zal het echter om dezelfe persoon gaan.		1		
7600	8394	Roelefs		1.0	7.0	Lulofs	0					0		0	Overig: was raadsheer van Groningen.		1		
7601	8368	Aeswijn	van	1.0	7.0	Reinier	1		Brakel	Kemnade, Duringen, Wesenhorst		0	1620.0	0			1	30.0	9.0
7602	8370	Reede		5.0	7.0	Godard	1		Saasveld	Amerongen, Zuilenstein, Nederhorst	1516.0	0	1585.0	0	Heerlijkheden/adellijke huizen: verwerving 1557, Zuilenstein 1558, Nederhorst 1579.		1	19.0	4.0
7603	4709	Buys		1.0	7.0	Johan	0					0	1601.0	1	Persoonsgegevens: mogelijk identiek met de gelijknamige persoon elders in dit bestand, gedeputeerde ter Staten-Generaal in 1582.		1		
7604	8372	Duvenvoorde		1.0	7.0	Johan	1	Jonkheer				0	1600.0	0			1	26.0	3.0
7605	8374	Peter		1.0	7.0	Ruysch	1	Jonkheer				0		0			1		
7606	6133	Berch	van den	1.0	7.0	Johan	0					0		0	Persoonsgegevens: mogelijk de Johan van den Berg in de Lijste van de heeren geëligeerden, representerende den Eersten Staat van den lande van Utrecht (Utrecht 1723) 5, lid van het college van Geëligeerden van Utrecht 1587-1588.		1		
7607	8142	Dieve	van	1.0	7.0	Petrus	0				1536.0	0	1581.0	0	Persoonsgegevens: Resolutiën der Staten-Generaal 3 (1580-1582) N. Japikse ed. ('s-Gravenhage 1918) 5 acht het waarschijnlijk dat de gedeputeerde voor Brussel en die voor Mechelen dezelfde persoon is.		1		12.0
7608	8396	Ufkens		1.0	7.0	Popko	1	Jonkheer				0	1580.0	0			1	17.0	6.0
7609	7927	Egmond	van	4.0	7.0	Philippe	1					0		0	Persoonsgegevens: mogelijk de in Nieuw Nederlandsch Biografisch Woordenboek. P.C. Molhuysen en P.J. Blok ed. (10 dln., Leiden 1911-1937) 3, 340 genoemde.		1		
7610	7937	Hoorn	van	4.0	7.0	George	1		Gaesbeke			0	1608.0	0	"Persoonsgegevens: Geslachtsnaam ook als 'De Horne'. 
Binnenlandse adelstitels: Graaf van Houtekercke, burggraaf van Furnes."		1		
7611	7971	Barre	de la	5.0	7.0	Ferdinand	1		Mouscron			0		0	Overig: groot-baljuw van Gent.		1		
7612	8057	Balduinus		1.0	7.0	Hennin	0					0		0	Overig: abt van Hennin-Liétard.		1		
7613	8069	Froye		1.0	7.0	Jacques	0					0		0	Overig: abt van Hasnon.		1		
7614	8070	Ostelart	d'	1.0	7.0	Robert	0					0		0	Overig: abt van Cambron.		1		
7615	8071	Mesny	du	1.0	7.0	Jean	0					0		0	Overig: abt van Crespin.		1		
7616	7683	Couwenbergh	de	1.0	7.0	Livine	0					0		0	Overig: abt van Dielegem.		1		
7617	8106	Arnould		1.0	7.0		0					0		0	Overig: abt van Marchienne.		1		
7618	8118	Burlen		1.0	7.0	Guillaume	0					0		0	Overig: was waarschijnlijk pensionaris van Namen.		1		
7619	1928	Corver		1.0	4.0	Gerrit	0		Velsen	Santpoort	1690.0	0	1756.0	0			1	10.0	10.0
7620	8138	Noot	van der	1.0	7.0	Jan	0					0		0	Overig: was abt van St. Bernard.		1		
7621	8173	Motmans		1.0	7.0	Arnoult	0					0		0	Overig: abt van Affligem.		1		
7622	8172	Clant		1.0	7.0	Egbert	0		Nittersum tot Stedum	Westerwolde		0	1590.0	0	Heerlijkheden/adellijke huizen: verwerving Westerwolde 1577 en 1586.		1	11.0	11.0
7623	7729	Bournonville	de	5.0	7.0	Oudart	1		Capres			0		0	Overig: vicomte van Barlin.		1		
7624	7707	Boetbergen	van	1.0	7.0	Cornelis	0					0		0	Overig: maarschalk in Den Haag.		1		
7625	7680	Campenhout		1.0	7.0	Gerard	0					0		0	Overig: abt van Grimbergen.		1		
7626	7679	Vleeschhouwer	de	1.0	7.0	François	0					0		0	Overig: abt van Villers.		1		
7627	7678	Coels gezegd Glymes		1.0	7.0	Petrus	0					0	1580.0	0	Overig: prelaat van Vlierbeek.		1		
7628	6175	Lienden	van	1.0	7.0	Jasper	1	Jonkheer	Mijnden	Geerestein		0		0	Persoonsgegevens: ook wel Jasper van Lynden.		1		
7629	6711	Rechteren	van	1.0	7.0	Rudolph Christiaan	1		Westerveld	Geerestein	1749.0	0	1812.0	1			1		
7630	2743	Hoogstraten	van	1.0	4.0	Jan Willem	0		Hei- en Boeicop		1722.0	0	1770.0	0	Persoonsgegevens: De Blécourt geeft afwijkende overlijdensdatum 12 in plaats van 11 februari 1770.		1	11.0	2.0
7631	91	Cats	van	1.0		Jacob	1	Jonkheer	Heiloo	Oosdom, ter Coulster, Kats, Veenhuizen	1703.0	0	1773.0	0	Overig: werd op 14 januari 1773 door de Staten van Holland benoemd tot gecommitteerde in de Admiraliteit in het Noorderkwartier. Een commissie van de Staten-Generaal werd voor deze functie echter niet aangetroffen, waarschijnlijk omdat Van Cats overleed vóór sessiename.		1		
7632	6332	Sloet		1.0	7.0	Adriaan	1		Kerssenberg	Oye, Westerborg	1641.0	0	1723.0	0			1	17.0	3.0
7633	5589	Lewe ter Hansouwe		1.0	7.0	Joost	1		Klinkenborg		1626.0	1	1677.0	0	"Persoonsgegevens: het Nederland's Adelsboek geeft geboortejaar 1626, Genealogische en Heraldische Bladen 1624.
Heerlijkheden/adellijke huizen: vermoedelijk zelf gebouwd in 1658."		1	2.0	2.0
7634	4770	Renesse	van	1.0	7.0	Adolph	1	Jonkheer	Lockhorst			0		0			1		
7635	4744	Reede tot de Parkelaar	van	3.0	7.0	Diederik Jacob	1		Nijeveld		1725.0	0	1797.0	0			1	15.0	12.0
7636	242	Nobeling		1.0	4.0	Wolfert	0		Oud-, Nieuw-, en Zuid-Beijerland		1665.0	0	1733.0	0			1	29.0	11.0
7637	797	Vlaming van Oudtshoorn		1.0		Dierick	0		Oudshoorn	Gnephoek	1574.0	0	1643.0	0	"Vroedschap: ontslagen 1618.
Heerlijkheden/adellijke huizen: verwerving 1627."		1	8.0	8.0
7638	5003	Gendt	van	3.0	7.0	Johan	1		Oijen	Dieden	1540.0	1	1613.0	0	"Persoonsgegevens: Van der Aa geeft als geboortejaar circa 1530, Bijdragen en Mededelingen Gelre 1540. Wordt soms aangeduid als 'Johan van Oyen'.
Heerlijkheden/adellijke huizen: verwerving 1594."		1	16.0	12.0
7639	8181	Ooy	van	10.0	7.0	Gerhard	1		Ooij			0	1588.0	0	Persoonsgegevens: geslachtsnaam ook als 'van Oyen'.		1		
7640	4286	Mepsche	de	1.0	7.0	Johan	0		Piloersema			0	1653.0	1	Heerlijkheden/adellijke huizen: verwerving Piloersma van zijn vader Frederik, die voor 1609 is overleden.		1		
7641	3023	Vleugels		1.0	4.0	Jacob	0		Vrijberge		1692.0	0	1748.0	0	Heerlijkheden/adellijke huizen: Vrijberge gedeeld.		1	6.0	9.0
7642	4912	Ruijsch		1.0	7.0	Peter	1	Jonkheer	Waaienstein			0	1700.0	0			1	2.0	2.0
