	IDRegent	IDBron	deel en paginanummer
0	463	191	148.
1	464	10	368.
2	464	19	224.
3	465	10	313.
4	465	19	224.
5	465	81	45.
6	466	15	17 (1927) 152.
7	466	125	9 (1955) 127.
8	467	4	44 (1951) 307.
9	468	134	46 (1928) 264.
10	468	192	archief Raad van Brabant, inv. nr. 6, f. 101.
11	469	135	9 (1892) 170.
12	469	136	6 (1902) 106.
13	470	48	78.
14	470	134	33 (1915) 21.
15	471	48	226.
16	472	46	
17	473	15	52 (1966) 352.
18	474	137	1 (1906) 64.
19	475	10	296.
20	475	19	224.
21	475	135	9 (1892) 99.
22	475	191	150.
23	476	10	364.
24	476	19	225.
25	476	191	151.
26	477	10	298.
27	477	15	20 (1931-1932) 10.
28	477	19	225.
29	477	191	151
30	478	10	323.
31	478	19	225.
32	478	191	152.
33	479	10	314.
34	479	19	225.
35	480	10	303.
36	480	19	225.
37	480	191	153.
38	481	10	347.
39	481	19	225.
40	481	191	152.
41	482	19	239.
42	482	191	127.
43	483	19	239.
44	483	191	127.
45	484	19	239.
46	484	134	88 (1971) 288.
47	484	191	128.
48	485	19	239.
49	485	114	
50	485	191	127.
51	486	19	239.
52	486	114	
53	486	191	128.
54	487	19	239.
55	487	114	
56	487	191	129.
57	488	19	239.
58	488	191	129.
59	489	19	226.
60	489	114	
61	489	191	130.
62	490	19	239.
63	490	114	
64	491	19	226.
65	491	114	
66	492	19	226.
67	492	114	
68	492	191	130.
69	493	19	226.
70	493	114	
71	494	19	226.
72	494	114	
73	495	15	43 (1957) 44.
74	495	19	226.
75	495	114	
76	495	191	130.
77	496	19	226.
78	496	114	
79	496	191	131.
80	497	19	226.
81	497	114	
82	498	19	226.
83	498	114	
84	499	19	227.
85	499	114	
86	500	19	227.
87	500	114	
88	500	191	132.
89	501	19	227.
90	501	114	
91	502	19	227.
92	502	114	
93	502	191	133.
94	503	19	227.
95	503	114	
96	503	125	24 (1970) 233.
97	504	19	227.
98	504	114	
99	505	19	227.
100	505	114	
101	506	19	227.
102	506	114	
103	506	150	Oud archief Enkhuizen, inv. nr. 271, 30 juni-1 september 1764.
104	507	19	227.
105	507	114	
106	507	191	135.
107	508	19	227.
108	508	114	
109	508	135	9 (1892) 99.
110	508	136	22 (1918) 303.
111	508	191	134.
112	509	19	227.
113	509	114	
114	509	191	134.
115	510	19	227.
116	510	114	
117	511	19	227.
118	511	114	
119	511	191	135.
120	513	19	227.
121	513	191	135.
122	514	19	227.
123	514	125	24 (1970) 277.
124	515	19	240.
125	515	129	5.
126	516	19	241.
127	516	129	5.
128	517	19	241.
129	517	129	5.
130	518	19	241.
131	518	129	5.
132	519	19	241.
133	519	129	5.
134	520	19	241.
135	520	129	5.
136	521	19	241.
137	521	129	5.
138	522	19	228.
139	523	19	228.
140	524	19	241.
141	524	129	5v.
142	525	19	228.
143	526	15	43 (1957) 15.
144	526	19	228.
145	527	19	228.
146	528	19	229.
147	529	19	228.
148	530	19	228.
149	531	19	229.
150	532	19	229.
151	532	134	43 (1925) 377, 45 (1927) 254.
152	532	135	9 (1892) 100.
153	23	141	44 (1989) 194.
154	24	6	2, 742.
155	25	9	401.
156	26	5	560.
157	26	33	1, 216.
158	27	6	1, 491.
159	28	6	2, 899.
160	29	6	2, 904.
161	30	6	1, 333.
162	30	15	42 (1956) 155.
163	31	6	2, 779.
164	32	5	562.
165	32	6	2, 682.
166	33	7	LII.
167	33	14	5 (1893) 99.
168	34	4	79 (1988) 294.
169	34	15	58 (1972) 23.
170	34	33	1, 215.
171	35	4	79 (1988) 295.
172	35	33	1, 216.
173	36	4	80 (1989) 418.
174	36	16	4, 286.
175	36	33	1, 217.
176	37	5	561.
177	37	33	1, 216.
178	38	33	1, 214.
179	38	134	46 (1928) 265.
180	39	15	58 (1972) 27.
181	39	33	1, 216.
182	40	15	1 (1910) 391.
183	40	33	1, 215.
184	41	24	
185	41	33	1, 216.
186	42	16	4, 1141.
187	42	33	1, 216.
188	42	136	14 (1910) 367.
189	43	9	414.
190	44	9	384.
191	45	9	388.
192	46	9	383.
193	46	15	2 (1911) 97.
194	47	9	391.
195	47	131	
196	48	9	403.
197	48	16	4, 956.
198	49	9	378.
199	51	15	31 (1945) 75.
200	52	67	19.
201	52	141	44 (1989) 196.
202	53	8	240.
203	53	48	92.
204	54	15	2 (1911) 87, 3 (1912) 63.
205	55	15	32 (1946) 272.
206	55	19	227.
207	55	114	
208	55	191	134.
209	56	15	13 (1923) 337.
210	56	125	40 (1986) 207.
211	57	15	42 (1956) 27.
212	57	26	4, 338.
213	58	4	46 (1953) 3.
214	58	125	25 (1971) 168.
215	59	125	40 (1986) 208.
216	60	122	
217	60	134	56 (1938) 498.
218	60	136	1 (1897) 3, 4 (1900) 184.
219	60	149	8 (1999) 270.
220	61	136	22 (1918) 300.
221	62	135	15 (1902) 267.
222	62	148	Collectie Van der Lely, inv. nr. 7, f.129v.
223	63	4	87 (1998) 140.
224	63	134	33 (1915) 233.
225	63	149	7 (1998) 185.
226	64	5	561.
227	64	24	exemplaar CBG.
228	66	11	372.
229	67	5	564.
230	67	136	15 (1911) 10.
231	67	149	9 (2000) 99.
232	68	10	340.
233	68	19	225.
234	68	191	153.
235	69	5	564.
236	69	26	4, 158.
237	70	134	33 (1915) 311.
238	70	149	6 (1997) 284.
239	71	5	563.
240	71	11	345.
241	72	24	
242	72	124	
243	72	149	9 (2000) 166.
244	73	24	
245	73	115	
246	74	24	exemplaar CBG.
247	74	141	44 (1989) 197.
248	75	5	563.
249	75	15	22 (1935-1936) 179.
250	75	148	Collectie Van der Lely, inv. nr. 7, f. 134.
251	76	132	183.
252	76	135	15 (1902) 271.
253	76	148	Collectie Van der Lely, inv. nr. 7, f.132.
254	77	19	235.
255	77	116	28 (1996) 20.
256	78	10	330.
257	78	19	225.
258	78	191	154.
259	79	10	323.
260	79	19	225.
261	80	10	350.
262	80	19	225.
263	81	10	361.
264	81	19	225.
265	81	191	151.
266	82	11	373.
267	83	11	336.
268	84	15	5 (1914) 290.
269	84	135	15 (1902) 267, 271-272.
270	85	4	81 (1990-1991) 264.
271	85	148	Collectie Van der Lely, inv. nr. 7, f. 135.
272	86	4	79 (1988) 484.
273	86	134	33 (1915) 280.
274	86	149	8 (1999) 7.
275	87	134	34 (1916) 23.
276	87	149	6 (1997) 283.
277	88	134	33 (1915) 284.
278	88	149	8 (1999) 11.
279	89	120	91.
280	89	123	
281	89	134	33 (1915) 228.
282	89	149	7 (1998) 24.
283	90	134	33 (1915) 341.
284	90	149	7 (1998) 179.
285	91	19	222.
286	91	117	20.
287	92	19	233.
288	93	19	231.
289	93	147	(1995) 101.
290	94	4	82 (1992) 514.
291	94	19	222.
292	94	81	46.
293	95	19	229.
294	95	141	12 (1957) 150.
295	96	19	235.
296	96	116	28 (1996) 20.
297	97	15	75 (1991) 262.
298	97	19	229.
299	97	141	12 (1957) 149.
300	98	19	231.
301	98	147	(1995) 101.
302	99	19	233.
303	100	29	332.
304	101	5	563.
305	101	29	330.
306	101	125	8 (1954) 37.
307	102	16	1, 1148.
308	102	29	342.
309	102	134	46 (1928) 312.
310	103	29	349.
311	104	29	351.
312	105	16	2, 209.
313	105	29	354.
314	106	15	19 (1930) 73.
315	106	29	358.
316	107	15	16 (1926) 130.
317	107	29	363.
318	108	19	222.
319	108	134	59 (1941) 182.
320	108	178	10 (1974) 116.
321	109	19	222.
322	109	149	4 (1995) 125.
323	110	26	5, 281.
324	111	26	4, 142.
325	112	15	49 (1963) 260.
326	112	141	44 (1989) 197.
327	113	5	564.
328	113	149	8 (1999) 187.
329	114	136	1 (1897) 4.
330	114	149	9 (2000) 102.
331	115	26	5, 315.
332	116	135	9 (1892) 265.
333	117	19	232.
334	117	147	(1995) 102.
335	118	19	232.
336	118	147	(1995) 102.
337	119	19	235.
338	119	116	28 (1996) 20.
339	120	19	236.
340	120	116	28 (1996) 21.
341	121	19	235.
342	121	116	28 (1996) 20.
343	122	19	235.
344	122	116	28 (1996) 21.
345	123	15	75 (1991) 262.
346	123	19	234.
347	124	19	234.
348	125	15	65 (1980/1981) 250.
349	125	19	234.
350	125	134	94 (1977) 338.
351	126	19	230.
352	126	141	12 (1957) 155.
353	128	19	230.
354	128	134	45 (1927) 258.
355	128	141	12 (1957) 150.
356	129	10	359.
357	129	19	228.
358	129	191	136.
359	130	19	227.
360	130	114	
361	130	191	135.
362	131	6	2, 783.
363	131	19	222.
364	131	81	181.
365	131	117	22, 23.
366	132	15	41 (1955) 108.
367	132	19	222.
368	132	138	3 (1874) 333.
369	133	19	223.
370	133	117	23.
371	134	19	227.
372	134	191	135.
373	135	16	8, 817.
374	135	134	46 (1928) 261.
375	136	16	8, 816.
376	136	134	46 (1928) 263.
377	137	16	8, 816.
378	137	134	46 (1928) 265.
379	138	4	80 (1989) 417.
380	138	16	4, 286.
381	138	33	1, 214.
382	139	16	1, 792.
383	140	16	8, 672.
384	140	125	5 (1951) 143.
385	141	16	3, 1450.
386	142	16	3, 1454.
387	143	16	3, 1449.
388	144	16	3, 1470.
389	145	16	3, 1455.
390	146	4	85 (1995) 217.
391	146	16	7, 596.
392	147	16	3, 1458.
393	148	33	1, 213.
394	149	16	4, 289.
395	149	33	1, 211.
396	150	16	4, 174.
397	150	33	1, 211.
398	151	16	5, 897.
399	152	16	9, 911.
400	153	16	4, 347.
401	153	33	1, 211.
402	153	36	1007.
403	154	16	5, 60.
404	154	36	1007.
405	155	16	1, 265.
406	156	4	46 (1953) 255.
407	156	16	2, 1536.
408	156	127	115.
409	157	4	46 (1953) 238.
410	157	16	2, 1525.
411	158	16	2, 1540.
412	158	127	121.
413	159	4	80 (1989) 46.
414	159	8	213.
415	159	16	8, 150.
416	159	113	260.
417	160	16	8, 153.
418	160	113	238.
419	161	16	4, 262.
420	162	16	5, 523.
421	162	127	59.
422	163	16	6, 441.
423	164	16	6, 439.
424	165	16	1, 652.
425	165	36	959.
426	165	134	75 (1958) 441.
427	165	145	57 (1908) tussen 603, 604.
428	166	35	13.
429	167	16	3, 106.
430	167	134	62 (1944) 131.
431	168	16	3, 108.
432	168	36	965.
433	168	133	11.
434	169	16	3, 113.
435	169	36	961.
436	169	134	62 (1944) 83.
437	170	16	3, 110.
438	170	36	976.
439	171	120	91.
440	171	134	33 (1915) 148.
441	171	149	6 (1997) 285.
442	172	120	91.
443	172	123	
444	172	134	33 (1915) 150.
445	172	149	7 (1998) 182.
446	173	120	91.
447	173	134	33 (1915) 154.
448	173	149	6 (1997) 283.
449	174	38	1 (1900) 141.
450	174	120	87.
451	174	134	33 (1915) 151.
452	174	149	7 (1998) 221.
453	174	176	
454	175	4	80 (1989) 44.
455	175	113	183.
456	176	120	88.
457	176	134	32 (1914) 365.
458	176	149	7 (1998) 25.
459	176	176	
460	177	120	89.
461	177	123	
462	177	134	32 (1914) 368.
463	177	149	7 (1998) 129.
464	177	176	
465	178	120	87.
466	178	132	144.
467	178	134	32 (1914) 290.
468	178	149	7 (1998) 188.
469	178	176	
470	179	120	90.
471	179	123	
472	179	134	33 (1915) 77.
473	179	149	7 (1998) 130.
474	179	176	
475	180	43	365.
476	180	120	90.
477	180	123	
478	180	134	33 (1915) 75.
479	180	149	7 (1998) 123.
480	180	176	
481	181	123	
482	181	134	33 (1915) 112.
483	181	149	7 (1998) 227.
484	181	176	
485	182	120	91.
486	182	134	33 (1915) 152.
487	182	149	7 (1998) 130.
488	183	120	91.
489	183	123	
490	183	134	33 (1915) 154.
491	183	149	6 (1997) 226.
492	184	120	91.
493	184	123	
494	184	134	33 (1915) 186.
495	184	149	7 (1998) 20.
496	185	123	
497	185	134	33 (1915) 220.
498	185	149	8 (1999) 13.
499	186	120	91.
500	186	123	
501	186	134	33 (1915) 223.
502	186	136	8 (1904) 363.
503	186	149	7 (1998) 180.
504	187	35	4.
505	187	127	19.
506	187	136	9 (1908) 244.
507	188	16	2, 1530.
508	189	16	3, 114.
509	190	4	82 (1992) 111.
510	190	36	1058.
511	190	120	84, 86.
512	190	149	7 (1998) 19.
513	190	176	
514	191	15	40 (1954) 151.
515	191	120	87.
516	191	149	7 (1998) 25.
517	191	176	
518	192	15	40 (1954) 151.
519	192	120	90.
520	192	123	
521	192	134	33 (1915) 59.
522	192	149	7 (1998) 25.
523	192	176	
524	193	120	84.
525	193	134	32 (1914) 366.
526	193	149	7 (1998) 225.
527	193	176	
528	194	120	84, 86.
529	194	134	32 (1914) 364, 33 (1915) 60 (verbeteringen).
530	194	149	7 (1998) 18.
531	194	176	
532	195	134	32 (1914) 367.
533	195	149	8 (1999) 13.
534	195	176	
535	196	13	
536	196	19	230.
537	196	147	(1995) 100.
538	197	13	
539	197	15	54 (1968) 305.
540	198	4	7 (1909) 35.
541	198	13	
542	198	15	31 (1945) 16.
543	198	29	328.
544	199	13	
545	199	135	9 (1892) 99.
546	199	136	22 (1918) 205.
547	200	13	
548	200	134	33 (1915) 234.
549	200	137	1 (1906) 60.
550	201	13	
551	201	134	24 (1906) 136.
552	202	8	201.
553	202	13	
554	202	15	8 (1917) 123.
555	203	4	39 (1941) 224.
556	203	13	
557	203	132	196.
558	204	13	
559	205	13	
560	205	15	47 (1961) 121.
561	206	13	
562	206	15	47 (1961) 122.
563	207	13	
564	208	4	40 (1942) 453.
565	208	13	
566	209	13	
567	210	4	85 (1995) 217.
568	210	13	
569	211	13	
570	212	13	
571	213	6	2, 739.
572	213	13	
573	214	13	
574	214	132	196.
575	215	13	
576	216	13	
577	216	137	2 (1907) 84.
578	217	13	
579	218	13	
580	218	125	5 (1951) 159.
581	219	13	
582	220	13	
583	221	13	
584	222	13	
585	223	13	
586	223	15	44 (1958) 291.
587	224	13	
588	225	13	
589	225	136	4 (1900) 105.
590	225	137	1 (1906) 98.
591	226	13	
592	226	29	318.
593	227	13	
594	228	13	
595	228	15	4 (1913) 44.
596	228	29	323.
597	229	13	
598	229	15	17 (1927) 153.
599	230	13	
600	230	31	628.
601	231	13	
602	232	13	
603	233	13	
604	234	13	
605	234	38	1 (1900) 149.
606	234	125	2 (1948) 31, 39.
607	234	134	33 (1915) 151.
608	235	13	
609	236	13	
610	237	13	
611	238	13	
612	239	13	
613	239	15	4 (1913) 39.
614	239	135	9 (1892) 99.
615	240	13	
616	240	136	15 (1911) 36.
617	241	13	
618	242	13	
619	243	13	
620	244	13	
621	244	136	4 (1900) 262.
622	245	13	
623	245	134	100 (1983) 433.
624	246	4	82 (1992) 124.
625	247	4	38 (1940) 174, 198.
626	247	16	1, 301.
627	248	8	267.
628	248	16	8, 150.
629	248	113	277.
630	249	14	5 (1893) 99.
631	249	16	6, 442.
632	250	4	46 (1953) 256.
633	250	16	2, 1539.
634	251	33	1, 214.
635	252	33	1, 215.
636	253	33	1, 215-216.
637	254	127	69.
638	255	36	1137.
639	256	33	1, 214.
640	257	33	1, 215.
641	258	4	82 (1992) 114.
642	258	6	2, 678.
643	259	33	1, 216.
644	259	125	10 (1956) 71.
645	260	4	4 (1906) 553.
646	260	15	38 (1952) 376.
647	260	33	1, 216.
648	260	135	5 (1888) 101.
649	261	36	1103.
650	263	4	44 (1951) 334.
651	263	33	1, 216.
652	263	136	8 (1904) 460.
653	264	120	90.
654	264	134	33 (1915) 73.
655	264	136	22 (1918) 159.
656	264	176	
657	265	16	5, 818.
658	265	125	9 (1955) 129, 29 (1975) 249.
659	266	33	1, 216.
660	266	137	8 (1913) 436.
661	267	120	90.
662	267	134	33 (1915) 72.
663	267	136	22 (1918) 158.
664	267	149	6 (1997) 227.
665	267	176	
666	268	33	1, 216-217.
667	268	125	5 (1951) 135.
668	269	4	45 (1952) 336.
669	269	15	50 (1964) 427.
670	269	33	1, 216.
671	269	137	9 (1914) 223.
672	270	120	88.
673	270	134	32 (1914) 364.
674	270	136	22 (1918) 156.
675	270	149	6 (1997) 228.
676	270	176	
677	271	120	84, 86.
678	271	134	32 (1914) 366.
679	271	136	22 (1918) 153.
680	271	149	6 (1997) 227.
681	271	176	
682	272	4	82 (1992) 91.
683	272	135	3 (1886) 266.
684	272	138	3 (1874) 332.
685	273	115	
686	273	135	17 (1905) 397.
687	274	115	
688	274	125	9 (1955) 130.
689	275	6	2, 677.
690	276	15	20 (1931-1932) 189.
691	277	115	
692	278	33	1, 211.
693	278	36	1248.
694	279	120	88.
695	279	123	
696	279	134	32 (1914) 324.
697	279	149	6 (1997) 281.
698	279	176	
699	280	4	40 (1942) 668.
700	280	115	
701	280	125	40 (1986) 206.
702	281	115	
703	282	125	25 (1971) 169.
704	283	120	90.
705	283	123	
706	283	134	33 (1915), 58, 78 (verbeteringen).
707	283	149	7 (1998) 189.
708	283	176	
709	284	15	50 (1964) 320.
710	284	115	
711	284	125	40 (1986) 226.
712	285	15	50 (1964) 321.
713	285	16	7, 302.
714	285	115	
715	286	120	89.
716	286	134	33 (1915) 16.
717	286	137	9 (1914) 391.
718	286	149	8 (1999) 9.
719	286	176	
720	287	125	40 (1986) 206.
721	288	125	40 (1986) 217.
722	289	120	91.
723	289	123	
724	289	134	33 (1915) 222.
725	289	136	22 (1918) 205.
726	289	149	6 (1997) 226.
727	290	120	91.
728	290	134	33 (1915) 225.
729	290	149	7 (1998) 20.
730	291	134	24 (1906) 131, 33 (1915) 232.
731	291	149	7 (1998) 226.
732	292	123	
733	292	134	33 (1915) 235.
734	292	135	9 (1892) 97.
735	292	149	6 (1997) 220.
736	293	134	33 (1915) 236.
737	293	136	22 (1918) 301.
738	293	149	6 (1997) 228.
739	294	134	33 (1915) 235.
740	294	135	9 (1892) 100.
741	294	149	6 (1997) 281.
742	295	123	
743	295	134	33 (1915) 239.
744	295	149	7 (1998) 186.
745	296	38	1 (1900) 148.
746	296	134	33 (1915) 282.
747	296	149	7 (1998) 221.
748	297	134	24 (1906) 135, 33 (1915) 284.
749	297	149	7 (1998) 23.
750	298	134	33 (1915) 280.
751	298	149	7 (1998) 127.
752	299	15	42 (1956) 30.
753	299	16	6, 26.
754	299	134	33 (1915) 340.
755	299	149	6 (1997) 221.
756	300	15	10 (1919) 117.
757	300	43	348.
758	300	134	33 (1915) 344.
759	300	149	7 (1998) 123.
760	301	134	34 (1916) 23.
761	301	149	7 (1998) 223.
762	302	134	33 (1915) 342.
763	302	149	7 (1998) 186.
764	303	134	33 (1915) 345.
765	303	149	8 (1999) 10.
766	304	134	34 (1916) 49.
767	304	149	7 (1998) 222.
768	305	9	382.
769	305	15	2 (1911) 96.
770	306	9	408.
771	307	4	87 (1998) 253.
772	307	9	396.
773	307	125	59 (2005) 143.
774	308	9	376.
775	309	9	381.
776	310	9	393.
777	311	9	412.
778	312	9	414.
779	313	9	395.
780	314	9	375.
781	315	4	79 (1988) 502.
782	315	9	415.
783	316	9	390.
784	316	131	
785	318	6	2, 827.
786	319	6	2, 705.
787	321	6	2, 800.
788	322	6	2, 805.
789	323	6	2, 822.
790	324	6	2, 905.
791	325	6	2, 842.
792	326	6	2, 918.
793	327	6	2, 923.
794	328	6	2, 933.
795	329	6	2, 951.
796	329	15	71 (1987) 12.
797	330	6	2, 970.
798	331	11	346.
799	332	11	381.
800	333	11	366.
801	334	11	335.
802	335	11	362.
803	336	11	377.
804	337	11	365.
805	337	61	12.
806	338	29	297.
807	339	29	325.
808	339	125	8 (1954) 37.
809	339	135	9 (1892) 98.
810	340	15	16 (1926) 51.
811	340	29	348.
812	341	29	351.
813	342	29	356.
814	343	29	354.
815	344	15	57 (1971) 89.
816	344	29	380
817	345	134	33 (1915) 109.
818	345	149	8 (1999) 15.
819	345	176	
820	346	37	252.
821	346	120	87.
822	346	137	10 (1915) 266.
823	346	149	6 (1997) 225.
824	346	176	
825	347	136	22 (1918) 302.
826	347	148	Collectie Van der Lely, inv. nr. 7, f. 129.
827	348	63	
828	348	132	175.
829	348	148	Collectie Van der Lely, inv. nr. 7, f. 124.
830	349	134	24 (1906) 195.
831	349	135	15 (1902) 262.
832	349	148	Collectie Van der Lely, inv. nr. 7, f. 128.
833	350	63	
834	350	135	15 (1902) 273.
835	350	136	1 (1897) 98, 2 (1898) 42.
836	350	148	Collectie Van der Lely, inv. nr. 7, f. 131v
837	351	136	22 (1918) 345.
838	351	148	Collectie Van der Lely, inv. nr. 7, f. 142v.
839	352	134	24 (1906) 197.
840	352	148	Collectie Van der Lely, inv. nr. 7, f. 143v.
841	353	135	15 (1902) 265, 273.
842	353	137	8 (1913) 398.
843	353	148	Collectie Van der Lely, inv. nr. 7, f. 145.
844	354	135	15 (1902) 262, 273.
845	355	135	15 (1902) 268, 271-272.
846	357	15	61 (1975) 187.
847	357	122	
848	357	149	9 (2000) 102.
849	358	136	1 (1897) 3.
850	358	149	9 (2000) 245.
851	359	136	1 (1897) 3-4, 4 (1900) 184.
852	359	149	9 (2000) 170.
853	360	136	1 (1897) 4.
854	360	149	9 (2000) 276.
855	361	141	44 (1989) 191.
856	362	15	53 (1967) 239.
857	362	141	44 (1989) 193.
858	363	141	44 (1989) 189.
859	364	26	4, 13.
860	365	26	4, 9.
861	365	135	7 (1890) 147, 14 (1901) 44.
862	366	26	5, 337.
863	367	26	4, 127.
864	368	19	232, 243.
865	368	141	16 (1961) 61.
866	369	19	233.
867	370	19	237.
868	370	117	16.
869	370	134	82 (1965) 155.
870	371	15	43 (1957) 14.
871	371	19	237.
872	371	117	16.
873	372	19	220.
874	372	117	16, 17.
875	373	19	220.
876	373	117	17.
877	373	135	16 (1903) 321.
878	374	19	220.
879	374	81	144.
880	374	117	17.
881	375	19	220.
882	375	81	143.
883	375	117	17.
884	376	19	220.
885	376	117	17.
886	377	15	43 (1957) 26.
887	377	19	220.
888	377	117	17.
889	378	19	220.
890	378	117	17.
891	379	19	220.
892	379	117	17.
893	379	135	16 (1903) 319.
894	380	19	221.
895	380	117	18.
896	381	19	221.
897	381	117	19.
898	381	136	2 (1898) 41.
899	382	19	221.
900	382	117	19.
901	382	134	59 (1941) 181.
902	383	19	221.
903	383	117	19.
904	383	149	5 (1996) 57.
905	384	19	221.
906	384	117	19.
907	385	19	221.
908	385	117	20.
909	386	19	222.
910	386	117	20.
911	386	134	52 (1934) 366.
912	387	19	222.
913	387	117	20.
914	388	19	222.
915	388	117	20, 21.
916	389	19	221.
917	389	117	20.
918	390	15	23 (1937) 33.
919	390	19	222.
920	390	117	20.
921	391	19	222.
922	391	117	21.
923	392	19	222.
924	392	81	47.
925	392	117	21.
926	393	19	222.
927	393	117	21.
928	393	134	52 (1934) 367.
929	394	15	20 (1931-1932) 11.
930	394	19	222.
931	394	117	22, 23.
932	395	19	222.
933	395	117	23.
934	396	19	222.
935	396	117	23.
936	398	4	82 (1992) 319.
937	399	4	82 (1992) 319.
938	399	6	2, 659.
939	399	125	9 (1955) 115.
940	400	4	82 (1992) 319.
941	400	6	2, 660.
942	401	4	82 (1992) 318.
943	402	4	82 (1992) 318.
944	403	38	1 (1900) 143.
945	404	134	33 (1915) 74.
946	404	192	archief Raad van Brabant, inv. nr. 7, f. 372.
947	405	134	33 (1915) 74.
948	406	120	90.
949	406	134	33 (1915) 76.
950	406	149	7 (1998) 127.
951	406	176	
952	407	134	33 (1915) 110.
953	408	134	33 (1915) 114.
954	409	134	33 (1915) 149.
955	409	136	22 (1918) 160.
956	410	4	41 (1943/1948) 173.
957	410	8	85.
958	410	134	33 (1915) 150.
959	411	40	
960	411	120	84.
961	411	149	7 (1998) 188.
962	411	176	
963	412	120	89.
964	412	134	32 (1914) 330.
965	412	149	7 (1998) 122.
966	412	176	
967	413	120	88.
968	413	149	7 (1998) 21.
969	413	176	
970	414	16	1, 265.
971	414	134	33 (1915) 222.
972	415	132	198
973	415	134	33 (1915) 227.
974	415	188	1, 494.
975	416	8	83.
976	416	43	374.
977	416	134	33 (1915) 229.
978	417	134	33 (1915) 231, 46 (1928) 134.
979	418	15	8 (1917) 123.
980	418	134	33 (1915) 239.
981	419	134	33 (1915) 284.
982	420	134	33 (1915) 342, 34 (1916) 26 (verbeteringen).
983	421	134	34 (1916) 25.
984	421	135	9 (1892) 100.
985	422	6	2, 640.
986	423	4	83 (1993) 270.
987	423	15	40 (1954) 152.
988	425	125	25 (1971) 164.
989	425	135	10 (1893) 2.
990	426	125	25 (1971) 161.
991	426	195	11 (1904) 86.
992	427	125	25 (1971) 160.
993	427	195	11 (1904) 83.
994	428	8	85, 182.
995	429	137	2 (1907) 82.
996	430	135	9 (1892) 221.
997	431	137	2 (1907) 82.
998	432	4	85 (1995) 217.
999	433	15	20 (1931-1932) 191.
1000	433	48	181.
1001	434	41	
1002	434	120	86.
1003	434	149	7 (1998) 187.
1004	435	40	
1005	435	120	84.
1006	435	125	24 (1970) 94.
1007	435	176	
1008	436	41	
1009	436	120	87.
1010	436	149	7 (1998) 125.
1011	437	120	83.
1012	437	134	32 (1914) 364.
1013	437	176	
1014	438	40	
1015	438	120	87.
1016	438	149	7 (1998) 189.
1017	438	176	
1018	439	40	
1019	439	41	
1020	439	120	84.
1021	439	132	126.
1022	439	176	
1023	442	125	15 (1961) 37.
1024	443	115	
1025	443	125	15 (1961) 39.
1026	444	125	9 (1955) 115, 15 (1961) 43.
1027	445	115	
1028	445	125	9 (1955) 119, 15 (1961) 44.
1029	446	19	238.
1030	446	72	77.
1031	447	10	342.
1032	447	19	238.
1033	448	19	238.
1034	449	10	359.
1035	449	19	238.
1036	450	19	238.
1037	450	72	65.
1038	450	191	144.
1039	451	10	302.
1040	451	19	238.
1041	451	191	143.
1042	452	10	316.
1043	452	19	223.
1044	453	10	342.
1045	453	19	223.
1046	453	80	141.
1047	453	191	145.
1048	454	10	371.
1049	454	19	223.
1050	455	10	361.
1051	455	19	224.
1052	455	191	145.
1053	456	10	328.
1054	456	19	224.
1055	457	10	365.
1056	457	19	224.
1057	457	191	145.
1058	459	10	361.
1059	459	19	224.
1060	459	191	147.
1061	460	10	301.
1062	460	19	224.
1063	460	191	147.
1064	461	10	347.
1065	461	19	224.
1066	461	191	147.
1067	462	10	289.
1068	462	19	224.
1069	462	135	9 (1892) 97.
1070	462	191	147.
1071	463	10	289.
1072	463	15	42 (1956) 13.
1073	463	19	224.
1074	463	135	9 (1892) 97.
1075	533	19	229.
1076	534	19	229.
1077	535	19	229.
1078	536	19	229.
1079	537	19	229.
1080	538	19	229.
1081	538	135	9 (1892) 100.
1082	539	15	12 (1921-1922) 295.
1083	539	19	229.
1084	539	141	12 (1957) 152.
1085	540	19	229.
1086	540	134	43 (1925) 121.
1087	541	19	229.
1088	541	141	12 (1957) 150.
1089	542	19	229.
1090	542	141	12 (1957) 154.
1091	543	19	242.
1092	543	147	(1995) 99.
1093	544	19	242.
1094	544	134	46 (1928) 136.
1095	544	147	(1995) 98.
1096	545	19	242.
1097	545	147	(1995) 99.
1098	546	19	230.
1099	546	147	(1995) 99.
1100	547	19	242.
1101	547	147	(1995) 98.
1102	548	19	242.
1103	548	147	(1995) 99.
1104	549	19	242.
1105	549	147	(1995) 99.
1106	550	19	242.
1107	550	147	(1995) 99.
1108	551	19	230.
1109	551	147	(1995) 100.
1110	552	19	230.
1111	552	147	(1995) 100.
1112	553	19	230.
1113	553	147	(1995) 100.
1114	554	19	231.
1115	554	147	(1995) 100.
1116	555	19	230.
1117	555	147	(1995) 100.
1118	556	19	230.
1119	556	147	(1995) 100.
1120	557	19	230.
1121	557	147	(1995) 100.
1122	558	19	230.
1123	558	147	(1995) 100.
1124	559	19	230.
1125	559	147	(1995) 100.
1126	560	19	230.
1127	560	147	(1995) 100.
1128	561	141	16 (1961) 240.
1129	562	15	39 (1953) 153.
1130	563	8	100.
1131	563	192	archief Raad van Brabant, inv. nr. 7, f. 436.
1132	564	8	115.
1133	564	125	46 (1992) 145.
1134	564	192	archief Raad van Brabant, inv. nr. 3, f. 243.
1135	565	8	112.
1136	567	6	1, 300.
1137	568	4	44 (1951) 343.
1138	568	8	270.
1139	569	19	231.
1140	569	147	(1995) 100.
1141	570	19	231.
1142	570	147	(1995) 100.
1143	571	15	12 (1921-1922) 295.
1144	571	19	231.
1145	571	147	(1995) 100.
1146	572	19	231.
1147	572	147	(1995) 101.
1148	573	19	231.
1149	573	147	(1995) 101.
1150	574	19	231.
1151	574	147	(1995) 101.
1152	575	19	231.
1153	575	147	(1995) 101.
1154	576	19	231.
1155	576	147	(1995) 101.
1156	577	19	231.
1157	577	147	(1995) 101.
1158	578	19	231.
1159	578	147	(1995) 101.
1160	579	19	232.
1161	579	147	(1995) 101.
1162	580	19	232.
1163	580	147	(1995) 101.
1164	581	19	232.
1165	581	147	(1995) 101.
1166	582	19	231.
1167	582	147	(1995) 101.
1168	583	19	232.
1169	583	147	(1995) 101.
1170	584	19	243.
1171	584	141	16 (1961) 62.
1172	585	19	243.
1173	585	141	16 (1961) 61.
1174	586	19	243.
1175	586	141	16 (1961) 66.
1176	587	19	243.
1177	587	141	16 (1961) 62.
1178	588	19	243.
1179	588	141	16 (1961) 60.
1180	589	19	243.
1181	589	141	16 (1961) 60.
1182	590	19	232.
1183	590	141	16 (1961) 63.
1184	591	19	232.
1185	591	141	16 (1961) 66.
1186	592	19	232.
1187	592	141	16 (1961) 61
1188	593	19	232.
1189	593	141	16 (1961) 62.
1190	594	19	232.
1191	594	141	16 (1961) 62.
1192	595	19	233.
1193	596	19	233.
1194	597	19	232.
1195	597	141	16 (1961) 65.
1196	598	19	233.
1197	599	19	233.
1198	600	19	233.
1199	601	19	233.
1200	602	19	233.
1201	603	19	233.
1202	604	19	233.
1203	605	19	233.
1204	606	19	233.
1205	607	19	233.
1206	608	19	233.
1207	609	19	233.
1208	610	19	234.
1209	611	19	233.
1210	612	50	480.
1211	613	135	9 (1892) 169.
1212	613	137	1 (1906) 84.
1213	614	16	3, 384.
1214	614	137	1 (1906) 91.
1215	615	16	3, 389.
1216	615	137	1 (1906) 61.
1217	616	16	9, 43.
1218	616	137	1 (1906) 90.
1219	617	134	69 (1952) 271.
1220	618	125	5 (1951) 170.
1221	618	136	14 (1910) 354.
1222	619	33	1, 214.
1223	619	136	14 (1910) 358.
1224	620	33	1, 213.
1225	620	189	81.
1226	621	4	82 (1992) 90.
1227	621	138	3 (1874) 330.
1228	622	4	82 (1992) 90.
1229	622	135	4 (1887) 45.
1230	622	138	4 (1874) 331.
1231	623	19	244.
1232	623	116	28 (1996) 19.
1233	623	136	23 (1919) 142.
1234	624	19	244.
1235	624	116	28 (1996) 19.
1236	625	19	244.
1237	625	116	28 (1996) 19.
1238	626	6	1, 426.
1239	626	19	234.
1240	626	116	28 (1996) 19.
1241	626	146	Oud archief Purmerend, inv. nr. 94, resolutie vroedschap 17 mei 1701.
1242	627	19	234.
1243	628	19	234.
1244	628	116	28 (1996) 19.
1245	629	19	234.
1246	629	116	28 (1996) 19.
1247	630	19	234.
1248	630	116	28 (1996) 19.
1249	631	19	234.
1250	631	116	28 (1996) 19.
1251	632	19	234.
1252	633	19	234.
1253	633	116	28 (1996) 19.
1254	634	6	1, 427.
1255	634	19	234.
1256	634	116	28 (1996) 20.
1257	635	19	234.
1258	635	116	28 (1996) 19.
1259	636	19	235.
1260	636	116	28 (1996) 20.
1261	637	19	235.
1262	637	116	28 (1996) 20.
1263	638	19	234.
1264	638	116	28 (1996) 20.
1265	639	19	235.
1266	639	116	28 (1996) 20.
1267	639	136	13 (1909) 314.
1268	640	19	235.
1269	640	116	28 (1996) 20.
1270	641	19	235.
1271	641	116	28 (1996) 20.
1272	642	19	235.
1273	642	116	28 (1996) 20.
1274	642	135	9 (1892) 99.
1275	643	19	235.
1276	643	116	28 (1996) 20.
1277	644	19	235.
1278	644	116	28 (1996) 20.
1279	645	19	235.
1280	645	116	28 (1996) 20.
1281	646	19	235.
1282	646	116	28 (1996) 21.
1283	647	19	235.
1284	647	116	28 (1996) 21.
1285	647	136	23 (1919) 140.
1286	648	125	25 (1971) 162.
1287	649	15	62 (1976) 171..
1288	650	15	24 (1938) 46.
1289	651	9	373.
1290	652	29	55.
1291	653	29	63.
1292	653	36	1119.
1293	654	16	3, 1365.
1294	654	29	28.
1295	654	135	1 (1883-1884) nr. 81, 3.
1296	655	29	66.
1297	655	134	49 (1931) 108.
1298	656	29	74.
1299	657	29	81.
1300	658	29	80.
1301	659	29	94.
1302	660	29	84.
1303	660	132	129.
1304	661	16	2, 523.
1305	662	29	128.
1306	662	176	
1307	663	29	141.
1308	664	29	132
1309	665	29	121.
1310	666	29	167.
1311	666	125	35 (1981) 85.
1312	668	29	174.
1313	668	176	
1314	669	29	187.
1315	670	16	2, 128.
1316	670	29	168.
1317	670	176	
1318	671	29	189.
1319	672	16	2, 210.
1320	672	29	199.
1321	673	29	195.
1322	673	176	
1323	674	16	1, 1251.
1324	674	29	203.
1325	674	176	
1326	675	29	186.
1327	676	29	212.
1328	676	176	
1329	677	29	215.
1330	677	176	
1331	678	29	217.
1332	679	29	238.
1333	679	36	1154.
1334	680	29	236.
1335	681	29	234.
1336	681	176	
1337	682	29	241.
1338	683	29	250.
1339	684	29	263.
1340	685	29	256.
1341	686	29	273.
1342	687	16	2, 141.
1343	687	29	254.
1344	688	15	19 (1930) 71.
1345	688	29	270.
1346	689	29	280.
1347	690	29	276.
1348	691	29	292.
1349	692	29	293.
1350	693	29	293.
1351	694	29	303.
1352	695	29	302.
1353	696	4	45 (1952) 354.
1354	696	29	309.
1355	697	29	316.
1356	698	4	45 (1952) 142.
1357	698	125	9 (1955) 124.
1358	699	45	
1359	699	136	9 (1905) 322.
1360	700	45	
1361	700	125	9 (1955) 111.
1362	701	115	
1363	701	135	10 (1893) 186.
1364	702	115	
1365	703	115	
1366	703	125	35 (1981) 229.
1367	704	115	
1368	704	135	9 (1892) 145.
1369	705	55	27.
1370	705	135	9 (1892) 194.
1371	706	141	44 (1989) 171.
1372	707	136	22 (1918) 261.
1373	708	15	7 (1916) 188.
1374	708	31	628.
1375	709	16	3, 382.
1376	709	137	1 (1906) 88.
1377	710	38	1 (1900) 145.
1378	714	29	240.
1379	715	15	31 (1945)  8.
1380	715	29	327.
1381	716	10	307.
1382	716	19	224.
1383	716	191	150.
1384	717	16	2, 1536.
1385	717	142	112.
1386	718	19	221.
1387	718	117	20.
1388	719	19	222.
1389	719	134	59 (1941) 182.
1390	719	178	10 (1974) 114-132.
1391	720	141	44 (1989) 169.
1392	721	141	44 (1989) 170.
1393	722	67	8.
1394	722	141	44 (1989) 172.
1395	723	141	44 (1989) 176.
1396	724	67	9.
1397	725	141	44 (1989) 182.
1398	726	141	44 (1989) 183.
1399	727	141	44 (1989) 183.
1400	728	141	44 (1989) 186.
1401	729	141	44 (1989) 187.
1402	730	141	44 (1989) 189.
1403	731	141	44 (1989) 192.
1404	731	174	506.
1405	732	24	
1406	732	141	44 (1989) 192.
1407	733	15	63 (1977) 200.
1408	733	33	1, 216.
1409	734	15	63 (1977) 201.
1410	734	33	1, 216.
1411	735	33	1, 216.
1412	735	125	5 (1951) 159.
1413	736	115	
1414	737	115	
1415	737	125	40 (1986) 208.
1416	738	16	9, 600.
1417	739	125	40 (1986) 214.
1418	740	134	33 (1915) 234.
1419	740	149	8 (1999) 15.
1420	741	134	33 (1915) 285.
1421	741	149	7 (1998) 225.
1422	742	134	24 (1906) 197, 34 (1916) 47.
1423	742	149	7 (1998) 226.
1424	743	9	418.
1425	745	4	80 (1989) 46.
1426	745	9	375.
1427	745	113	292.
1428	746	9	400.
1429	747	9	408.
1430	747	15	36 (1950) 244.
1431	748	29	340.
1432	749	29	XVIII, 344.
1433	750	6	2, 828.
1434	751	6	2, 853.
1435	752	6	2, 901.
1436	753	6	2, 928.
1437	754	6	2, 945.
1438	755	6	2, 969.
1439	755	15	79 (1995/1996) 161.
1440	756	19	227.
1441	756	114	
1442	756	132	181.
1443	757	136	22 (1918) 347.
1444	758	19	227.
1445	758	78	244.
1446	758	191	136.
1447	759	15	43 (1957) 16.
1448	759	19	222.
1449	759	117	20.
1450	760	19	222.
1451	760	117	21.
1452	761	15	43 (1957) 17.
1453	761	19	222.
1454	761	132	186.
1455	762	15	23 (1937) 33.
1456	762	19	222.
1457	762	117	22.
1458	763	24	
1459	764	125	27 (1973) 329.
1460	765	16	5, 384.
1461	765	125	27 (1973) 335.
1462	766	125	28 (1974) 242.
1463	767	6	1, 192.
1464	767	125	28 (1974) 247.
1465	768	16	6, 279.
1466	768	125	28 (1974) 258.
1467	769	125	29 (1975) 210.
1468	770	16	3, 382.
1469	770	125	29 (1975) 219.
1470	771	125	29 (1975) 223.
1471	772	125	29 (1975) 227.
1472	773	125	29 (1975) 231.
1473	773	132	195.
1474	774	125	29 (1975) 239.
1475	774	132	195.
1476	775	125	29 (1975) 245.
1477	776	125	29 (1975) 255.
1478	776	136	22 (1918) 206.
1479	777	125	29 (1975) 260.
1480	777	188	2, 684.
1481	779	6	1, 76.
1482	780	6	1, 114.
1483	781	6	1, 131.
1484	782	6	1, 268.
1485	783	6	1, 147.
1486	784	6	1, 102.
1487	785	6	1, 140.
1488	786	6	1, 191.
1489	787	6	1, 258.
1490	788	6	1, 245.
1491	789	6	1, 266.
1492	789	15	2 (1911) 169.
1493	790	6	1, 168.
1494	791	6	1, 37.
1495	792	6	1, 239.
1496	793	6	1, 288.
1497	794	6	1, 274.
1498	795	6	1, 352.
1499	796	6	1, 331.
1500	797	6	1, 279.
1501	798	6	1, 327.
1502	799	6	1, 346.
1503	800	6	1, 422.
1504	800	15	2 (1911) 169.
1505	801	4	79 (1988) 174.
1506	801	6	1, 364.
1507	802	6	1, 175.
1508	803	6	1, 355.
1509	804	6	1, 505.
1510	805	6	1, 447.
1511	806	6	1, 348.
1512	807	6	1, 489.
1513	808	6	1, 494.
1514	809	6	1, 478.
1515	810	6	1, 544.
1516	811	6	1, 467.
1517	812	6	1, 76.
1518	813	6	1, 537.
1519	813	27	19.
1520	814	6	1, 481.
1521	815	6	2, 571.
1522	816	6	2, 591.
1523	817	6	2, 568.
1524	818	6	2, 599.
1525	819	6	2, 640.
1526	820	6	2, 668.
1527	821	6	2, 627.
1528	822	6	2, 687.
1529	823	6	2, 648.
1530	824	6	2, 664.
1531	825	6	2, 794.
1532	826	6	2, 700.
1533	827	6	2, 752.
1534	828	6	2, 751.
1535	829	6	2, 759.
1536	830	6	2, 739.
1537	833	4	87 (1998) 249.
1538	833	9	396.
1539	833	27	107.
1540	834	9	410.
1541	835	9	373.
1542	836	9	387.
1543	837	9	385.
1544	838	9	394.
1545	839	9	383.
1546	839	15	14 (1924) 75.
1547	840	9	390.
1548	841	9	374.
1549	842	9	392.
1550	843	9	390.
1551	844	9	414.
1552	845	9	391.
1553	845	15	16 (1926) 253.
1554	846	9	416.
1555	847	58	
1556	847	131	
1557	848	58	
1558	848	131	
1559	850	131	
1560	850	134	55 (1937) 263.
1561	851	128	395.
1562	851	131	
1563	853	121	
1564	853	131	
1565	853	151	2, 419.
1566	854	128	392.
1567	855	128	413.
1568	856	131	
1569	857	131	
1570	857	137	1 (1906) 148.
1571	858	131	
1572	862	131	
1573	862	136	5 (1901) 79.
1574	863	131	
1575	863	137	2 (1907) 333.
1576	864	24	collectie Muusse.
1577	864	131	
1578	865	24	collectie Muusse.
1579	865	131	
1580	866	24	
1581	867	24	exemplaar collectie Van Rijn.
1582	867	131	
1583	869	9	402.
1584	870	24	
1585	871	24	
1586	872	9	401.
1587	873	131	
1588	874	9	404.
1589	874	131	
1590	875	11	336.
1591	875	15	57 (1971) 87.
1592	876	11	334.
1593	877	11	334.
1594	878	11	353.
1595	879	11	342.
1596	880	11	342.
1597	881	11	358.
1598	882	11	355.
1599	883	11	355.
1600	885	11	340.
1601	885	67	13.
1602	886	11	340.
1603	888	11	346.
1604	889	11	379.
1605	890	11	371.
1606	890	125	48 (1994) 100.
1607	890	134	93 (1977) 216.
1608	892	11	372.
1609	893	11	374.
1610	894	11	375.
1611	895	11	376.
1612	896	11	350.
1613	897	11	351.
1614	899	11	338.
1615	899	135	9 (1892) 147.
1616	900	11	326.
1617	901	11	329.
1618	903	9	380.
1619	904	61	8.
1620	905	61	11.
1621	906	61	14.
1622	906	125	44 (1990) 134.
1623	908	61	17.
1624	909	61	7.
1625	910	61	6.
1626	911	24	
1627	911	61	10.
1628	912	61	10.
1629	913	131	
1630	914	131	
1631	915	131	
1632	916	131	
1633	917	131	
1634	918	11	363.
1635	919	61	18.
1636	920	61	2.
1637	921	61	1.
1638	922	61	5.
1639	923	61	3.
1640	924	61	16.
1641	925	61	6.
1642	926	61	17.
1643	927	61	8.
1644	928	61	9.
1645	929	61	9.
1646	930	61	18.
1647	931	61	9.
1648	932	61	15.
1649	933	61	1.
1650	934	61	12.
1651	935	61	6.
1652	936	61	16.
1653	937	61	17.
1654	939	61	7.
1655	940	7	XLIX.
1656	940	61	13.
1657	940	137	1 (1906) 349.
1658	941	11	368.
1659	941	67	12.
1660	943	61	1.
1661	943	132	195.
1662	944	61	15.
1663	944	136	8 (1904) 447.
1664	945	61	16.
1665	946	61	15.
1666	948	61	16.
1667	949	61	14.
1668	950	61	11.
1669	951	61	12.
1670	952	61	9.
1671	953	61	7.
1672	954	61	4.
1673	955	61	3.
1674	956	61	9.
1675	957	63	
1676	957	148	Collectie Van der Lely, inv. nr. 7, f. 51v.
1677	958	63	
1678	958	134	75 (1958) 74.
1679	958	148	Collectie Van der Lely, inv. nr. 7, f. 54.
1680	959	63	
1681	959	148	Collectie Van der Lely, inv. nr. 7, f. 50v.
1682	960	63	
1683	960	148	Collectie Van der Lely, inv. nr. 7, f. 45v.
1684	961	63	
1685	961	65	
1686	961	148	Collectie Van der Lely, inv. nr. 7, f. 104v.
1687	962	63	
1688	962	148	Collectie Van der Lely, inv. nr. 7, f. 78, 108.
1689	963	63	
1690	963	148	Collectie Van der Lely, inv. nr. 7, f. 67v, 78.
1691	964	63	
1692	964	148	Collectie Van der Lely, inv. nr. 7, f. 48.
1693	965	63	
1694	965	148	Collectie Van der Lely, inv. nr. 7, f. 74v.
1695	965	207	253.
1696	966	63	
1697	966	148	Collectie Van der Lely, inv. nr. 7, f. 41
1698	967	63	
1699	967	148	Collectie Van der Lely, inv. nr. 7, f. 90v.
1700	968	63	
1701	968	125	39 (1985) 88.
1702	968	148	Collectie Van der Lely, inv. nr. 7, f. 63.
1703	969	63	
1704	969	148	Collectie Van der Lely, inv. nr. 7, f. 73v.
1705	970	24	
1706	970	63	
1707	970	148	Collectie Van der Lely, inv. nr. 7, f. 76v.
1708	971	15	39 (1953) 244.
1709	971	63	
1710	971	134	27 (1909) 65, 58 (1940) 70.
1711	971	148	Collectie Van der Lely, inv. nr. 7, f. 43v.
1712	972	63	
1713	972	148	Collectie Van der Lely, inv. nr. 7, f. 82v.
1714	973	63	
1715	973	65	
1716	973	148	Collectie Van der Lely, inv. nr. 7, f. 83v.
1717	974	63	
1718	974	125	26 (1972) 82.
1719	974	148	Collectie Van der Lely, inv. nr. 7, f. 106.
1720	975	63	
1721	975	148	Collectie Van der Lely, inv. nr. 7, f. 84.
1722	976	63	
1723	976	65	
1724	976	148	Collectie Van der Lely, inv. nr. 7, f. 101, 116v.
1725	977	63	
1726	977	65	
1727	977	148	Collectie Van der Lely, inv. nr. 7, f. 79v.
1728	978	63	
1729	978	65	
1730	978	148	Collectie Van der Lely, inv. nr. 7, f. 127.
1731	979	63	
1732	979	65	
1733	979	134	24 (1906) 195.
1734	979	148	Collectie Van der Lely, inv. nr. 7, f. 115.
1735	981	8	226.
1736	981	125	26 (1972) 94.
1737	981	148	Collectie Van der Lely, inv. nr. 7, f. 123.
1738	982	63	
1739	982	134	54 (1936) 32.
1740	982	148	Collectie Van der Lely, inv. nr. 7, f. 45.
1741	983	63	
1742	983	148	Collectie Van der Lely, inv. nr. 7, f. 50.
1743	984	63	
1744	984	148	Collectie Van der Lely, inv. nr. 7, f. 43.
1745	985	63	
1746	985	148	Collectie Van der Lely, inv. nr. 7, f. 72.
1747	986	63	
1748	986	148	Collectie Van der Lely, inv. nr. 7, f. 34v.
1749	987	63	
1750	987	65	
1751	987	148	Collectie Van der Lely, inv. nr. 7, f. 114v.
1752	988	63	
1753	988	65	
1754	988	148	Collectie Van der Lely, inv. nr. 7, f. 120v.
1755	989	26	1, 298.
1756	989	29	160.
1757	990	26	1.
1758	991	26	1, 106.
1759	992	26	1, 61.
1760	993	26	2.
1761	994	26	2, 91.
1762	994	207	187.
1763	995	26	2, 3, 65.
1764	996	26	2, 41.
1765	997	26	1, 37.
1766	998	66	
1767	998	125	47 (1993) 74.
1768	998	207	345.
1769	999	26	3.
1770	1000	134	24 (1906) 196.
1771	1000	148	Collectie Van der Lely, inv. nr. 7, f. 122v.
1772	1001	134	24 (1906) 134.
1773	1002	134	24 (1906) 135.
1774	1003	26	3, 117.
1775	1004	26	3, 174.
1776	1004	134	94 (1977) 332.
1777	1005	26	3, 248.
1778	1005	135	11 (1894) 148.
1779	1005	207	519.
1780	1006	26	3, 24.
1781	1007	26	3, 112.
1782	1008	26	4, 25.
1783	1009	26	4, 290.
1784	1009	136	19 (1915) 308.
1785	1010	26	1, 449.
1786	1011	26	4, 25, 26.
1787	1012	16	6, 32.
1788	1013	9	396.
1789	1013	26	3, 290.
1790	1013	125	59 (2005) 142.
1791	1014	26	2, 285.
1792	1015	70	37.
1793	1015	136	1 (1897) 3-4, 4 (1900) 184.
1794	1015	149	9 (2000) 26.
1795	1017	24	exemplaar collectie Van Rijn.
1796	1017	136	1 (1897) 1-2, 4 (1900) 184.
1797	1017	149	8 (1999) 188.
1798	1017	176	
1799	1018	24	
1800	1018	136	1 (1897) 1-2, 4 (1900) 183.
1801	1018	149	8 (1999) 188.
1802	1019	136	1 (1897) 1-2.
1803	1019	149	8 (1999) 186.
1804	1019	176	
1805	1020	134	55 (1937) 154.
1806	1020	136	1 (1897) 2, 4 (1900) 183.
1807	1020	149	9 (2000) 94.
1808	1020	176	
1809	1021	27	97.
1810	1021	136	1 (1897) 2.
1811	1021	149	9 (2000) 163.
1812	1021	176	
1813	1022	4	39 (1941) 275.
1814	1022	136	1 (1897) 2, 4 (1900) 184.
1815	1022	149	8 (1999) 272.
1816	1022	176	
1817	1023	136	1 (1897) 2-3, 4 (1900) 184.
1818	1023	149	8 (1999) 267.
1819	1023	176	
1820	1024	134	55 (1937) 369.
1821	1024	136	1 (1897) 2, 4 (1900) 184.
1822	1024	149	8 (1999) 185.
1823	1024	176	
1824	1025	24	
1825	1025	125	25 (1971) 204.
1826	1025	136	1 (1897) 2, 4 (1900) 184.
1827	1025	149	9 (2000) 94.
1828	1025	176	
1829	1026	134	55 (1937) 205.
1830	1026	136	1 (1897) 2.
1831	1026	149	8 (1999) 183.
1832	1026	176	
1833	1027	136	1 (1897) 2.
1834	1027	149	8 (1999) 272.
1835	1027	176	
1836	1028	136	1 (1897) 2.
1837	1028	149	9 (2000) 166.
1838	1028	176	
1839	1029	24	
1840	1029	134	83 (1966) 248.
1841	1029	136	1 (1897) 2-3.
1842	1029	149	8 (1999) 271.
1843	1029	176	
1844	1030	136	1 (1897) 2-3, 4 (1900) 184, 22 (1918) 261.
1845	1030	149	8 (1999) 185.
1846	1030	176	
1847	1031	125	15 (1961) 161.
1848	1031	136	1 (1897) 2-3, 4 (1900) 184.
1849	1031	149	8 (1999) 272.
1850	1031	176	
1851	1032	136	1 (1897) 2-3, 4 (1900) 184.
1852	1032	149	9 (2000) 162.
1853	1032	176	
1854	1033	122	
1855	1033	136	1 (1897) 2-3, 4 (1900) 184.
1856	1033	149	9 (2000) 30.
1857	1033	176	
1858	1034	122	
1859	1034	136	1 (1897) 3, 4 (1900) 184.
1860	1034	149	9 (2000) 165.
1861	1034	176	
1862	1035	134	87 (1970) 71.
1863	1035	136	1 (1897) 3, 4 (1900) 184.
1864	1035	149	9 (2000) 23.
1865	1035	176	
1866	1036	122	
1867	1036	136	1 (1897) 3, 4 (1900) 184.
1868	1036	149	9 (2000) 27.
1869	1038	26	2, 432.
1870	1039	122	
1871	1039	136	1 (1897) 3, 4 (1900) 184.
1872	1039	149	9 (2000) 30.
1873	1040	63	
1874	1040	65	
1875	1040	148	Collectie Van der Lely, inv. nr. 7, f. 111.
1876	1041	63	
1877	1041	148	Collectie Van der Lely, inv. nr. 7, f. 108.
1878	1042	63	
1879	1042	148	Collectie Van der Lely, inv. nr. 7, f. 102v.
1880	1043	6	1, 115.
1881	1043	16	1, 512.
1882	1043	137	1 (1906) 408.
1883	1044	72	1, 5.
1884	1045	72	26.
1885	1046	10	294.
1886	1046	19	223.
1887	1046	72	33.
1888	1048	72	39, 40.
1889	1049	19	227.
1890	1049	72	45, 46.
1891	1049	114	
1892	1049	191	132.
1893	1050	72	55.
1894	1051	72	
1895	1051	150	Oud archief Hoorn, inv. nr. 120, f. 170v.
1896	1054	10	325.
1897	1054	72	93.
1898	1055	72	171.
1899	1055	150	Oud archief Hoorn, inv. nr. 104, f. 1.
1900	1056	72	174.
1901	1057	10	289.
1902	1057	72	175.
1903	1057	191	144.
1904	1058	10	299.
1905	1058	19	225.
1906	1058	191	153.
1907	1060	134	24 (1906) 197.
1908	1060	148	Collectie Van der Lely, inv. nr. 7, f. 128v.
1909	1061	63	
1910	1061	134	27 (1909) 71.
1911	1061	148	Collectie Van der Lely, inv. nr. 7, f. 69.
1912	1062	16	2, 128.
1913	1062	29	169.
1914	1063	6	2, 595.
1915	1064	4	38 (1940) 21.
1916	1065	36	1135.
1917	1065	77	216.
1918	1065	125	22 (1968) 141.
1919	1066	6	1, 140, 2, 1304.
1920	1067	6	1, 140.
1921	1068	125	29 (1975) 234.
1922	1069	75	35.
1923	1069	151	4, 131.
1924	1070	135	9 (1892) 32.
1925	1071	77	210.
1926	1072	63	
1927	1072	125	26 (1972) 76.
1928	1072	148	Collectie Van der Lely, inv. nr. 7, f. 64.
1929	1073	135	10 (1893) 77.
1930	1077	8	183.
1931	1078	63	
1932	1079	61	5.
1933	1080	15	7 (1916) 168.
1934	1081	24	dossier NL.
1935	1081	115	
1936	1082	115	
1937	1082	125	12 (1958) 117.
1938	1083	115	
1939	1084	115	
1940	1085	115	
1941	1085	125	9 (1955) 113.
1942	1086	6	1, 34.
1943	1086	115	
1944	1087	115	
1945	1087	135	15 (1902) 189.
1946	1088	115	
1947	1089	115	
1948	1089	125	9 (1955) 121.
1949	1090	115	
1950	1090	125	9 (1955) 112.
1951	1091	115	
1952	1091	125	9 (1955) 120.
1953	1091	135	4 (1887) 45.
1954	1093	115	
1955	1094	115	
1956	1094	125	9 (1955) 114.
1957	1095	115	
1958	1095	125	9 (1955) 122.
1959	1095	136	3 (1899) 247
1960	1096	115	
1961	1096	134	86 (1969) 326.
1962	1096	137	10 (1915) 263.
1963	1097	115	
1964	1097	125	29 (1975) 59.
1965	1098	115	
1966	1099	4	7 (1909) 457.
1967	1099	115	
1968	1100	46	
1969	1101	115	
1970	1102	115	
1971	1102	125	12 (1958) 117.
1972	1103	4	46 (1953) 3.
1973	1104	115	
1974	1104	134	61 (1943) 12.
1975	1104	137	7 (1912) 207.
1976	1105	115	
1977	1106	33	1, 213.
1978	1107	29	173.
1979	1107	176	
1980	1108	33	1, 214.
1981	1109	33	1, 214.
1982	1110	120	86.
1983	1110	149	6 (1997) 287.
1984	1110	176	
1985	1112	61	12.
1986	1114	120	83.
1987	1114	176	
1988	1115	40	
1989	1115	120	83, 85.
1990	1115	149	8 (1999) 14.
1991	1115	176	
1992	1116	40	
1993	1116	120	84.
1994	1116	176	
1995	1117	77	215.
1996	1118	78	245.
1997	1119	10	313.
1998	1119	81	38.
1999	1120	10	313.
2000	1120	19	223.
2001	1120	81	41.
2002	1120	191	144.
2003	1121	10	313.
2004	1121	19	224.
2005	1121	81	43.
2006	1121	191	145.
2007	1122	4	6 (1908) 126.
2008	1122	81	30.
2009	1123	81	20.
2010	1124	10	358.
2011	1125	10	305.
2012	1125	19	224.
2013	1125	191	146.
2014	1126	10	304.
2015	1126	15	7 (1916) 82, 75 (1991) 257.
2016	1126	19	224.
2017	1126	191	149.
2018	1127	10	319
2019	1128	79	157 noot 17.
2020	1129	125	51 (1997) 64.
2021	1130	125	51 (1997) 69.
2022	1132	191	137.
2023	1133	125	51 (1997) 69.
2024	1133	191	138.
2025	1135	125	51 (1997) 62.
2026	1136	80	55.
2027	1136	125	51 (1997) 64.
2028	1136	191	138.
2029	1137	125	51 (1997) 72.
2030	1138	125	51 (1997) 74.
2031	1139	125	51 (1997) 78.
2032	1140	125	51 (1997) 79.
2033	1141	125	51 (1997) 78.
2034	1142	191	140.
2035	1144	125	37 (1983) 157.
2036	1144	150	Oud archief Hoorn, inv. nr. 116, f. 1.
2037	1144	191	139.
2038	1145	72	72.
2039	1145	125	51 (1997) 74.
2040	1145	150	Oud archief Hoorn, inv. nr. 117, f. 1.
2041	1146	125	51 (1997) 71.
2042	1148	125	51 (1997) 76.
2043	1148	150	Oud archief Hoorn, inv. nr. 117, f. 1.
2044	1149	191	139.
2045	1151	150	Oud archief Hoorn, inv. nr. 119, f. 168v.
2046	1152	10	357.
2047	1152	80	301.
2048	1152	191	140.
2049	1153	125	51 (1997) 78.
2050	1153	150	Oud archief Hoorn, inv. nr. 120, f. 170v.
2051	1153	191	141.
2052	1154	191	141.
2053	1156	116	28 (1996) 19.
2054	1157	141	16 (1961) 62.
2055	1158	141	16 (1961) 63.
2056	1159	147	(1995) 98.
2057	1161	129	4v.
2058	1162	114	
2059	1162	125	23 (1969) 286.
2060	1166	129	2.
2061	1167	129	2, 2v.
2062	1169	15	75 (1991) 250.
2063	1171	129	2v.
2064	1173	129	3.
2065	1174	129	3v.
2066	1177	129	3.
2067	1178	129	3v.
2068	1178	146	Oud archief Edam, inv. nr. 65d, lijst van vroedschappen voorin (zonder f. nummer).
2069	1179	129	3v.
2070	1180	129	3v.
2071	1181	129	4.
2072	1181	146	Oud archief Edam, inv. nr. 65d, lijst van vroedschappen voorin (zonder f. nummer).
2073	1182	129	4.
2074	1182	146	Oud archief Edam, inv. nr. 65d, lijst van vroedschappen voorin (zonder f. nummer).
2075	1183	129	4.
2076	1183	146	Oud archief Edam, inv. nr. 65d, lijst van vroedschappen voorin (zonder f. nummer).
2077	1184	129	4.
2078	1184	146	Oud archief Edam, inv. nr. 65d, lijst van vroedschappen voorin (zonder f. nummer).
2079	1185	125	12 (1957) 164.
2080	1185	129	4.
2081	1186	129	4v.
2082	1187	129	4.
2083	1188	129	4.
2084	1193	150	Oud archief Hoorn, inv. nr. 104, f. 1.
2085	1195	141	16 (1961) 67.
2086	1197	141	16 (1961) 63.
2087	1198	141	16 (1961) 61.
2088	1199	141	16 (1961) 65.
2089	1200	141	16 (1961) 63.
2090	1201	141	16 (1961) 61.
2091	1202	141	16 (1961) 63.
2092	1203	141	16 (1961) 61.
2093	1203	150	Oud archief Medemblik, inv. nr. 36, bergnr. 11 vroedschapsresoluties 1651-1670, 12 oktober 1652.
2094	1204	141	16 (1961) 67.
2095	1205	141	16 (1961) 60.
2096	1206	141	16 (1961) 66.
2097	1207	141	16 (1961) 62.
2098	1208	141	16 (1961) 65.
2099	1209	141	16 (1961) 60.
2100	1210	141	16 (1961) 64.
2101	1211	141	16 (1961) 65.
2102	1212	141	16 (1961) 64.
2103	1213	141	16 (1961) 61.
2104	1214	141	16 (1961) 65.
2105	1215	141	16 (1961) 60.
2106	1216	141	16 (1961) 62.
2107	1217	141	16 (1961) 65.
2108	1218	141	16 (1961) 66.
2109	1219	114	
2110	1221	114	
2111	1222	114	
2112	1223	114	
2113	1223	191	121.
2114	1224	114	
2115	1225	114	
2116	1225	191	122.
2117	1226	114	
2118	1227	114	
2119	1228	114	
2120	1229	114	
2121	1230	114	
2122	1231	114	
2123	1232	114	
2124	1233	114	
2125	1233	125	23 (1969) 267.
2126	1234	114	
2127	1234	125	23 (1969) 270.
2128	1235	114	
2129	1236	191	124.
2130	1237	114	
2131	1237	191	125.
2132	1238	114	
2133	1238	125	23 (1969) 256.
2134	1239	84	
2135	1239	114	
2136	1239	125	24 (1970) 320.
2137	1239	191	125.
2138	1240	114	
2139	1241	84	
2140	1241	114	
2141	1242	114	
2142	1243	84	21.
2143	1243	114	
2144	1244	16	2, 1311.
2145	1244	114	
2146	1245	84	
2147	1245	114	
2148	1245	191	126.
2149	1246	114	
2150	1246	191	127.
2151	1247	114	
2152	1247	134	87 (1970) 11.
2153	1248	114	
2154	1248	191	127.
2155	1249	114	
2156	1250	117	9.
2157	1251	81	20.
2158	1251	117	9.
2159	1252	117	9.
2160	1253	117	10.
2161	1253	136	9 (1905) 13
2162	1254	117	9.
2163	1255	117	10.
2164	1256	117	10.
2165	1256	137	1 (1906) 430.
2166	1257	117	10, 12.
2167	1259	117	10.
2168	1260	117	164.
2169	1261	117	10.
2170	1262	117	10.
2171	1262	134	60 (1942) 99.
2172	1263	6	1, 163.
2173	1263	117	12.
2174	1263	134	60 (1942) 171.
2175	1264	117	10.
2176	1265	16	2, 1426.
2177	1265	117	12.
2178	1265	134	60 (1942) 221.
2179	1266	81	142.
2180	1266	117	13.
2181	1267	117	13.
2182	1267	136	1 (1897) 125.
2183	1267	137	1 (1906) 431.
2184	1268	81	141.
2185	1268	117	14.
2186	1268	149	5 (1996) 51.
2187	1268	151	4, 20.
2188	1269	117	13.
2189	1270	135	16 (1903) 318.
2190	1270	143	1484.
2191	1271	117	14.
2192	1272	117	14.
2193	1273	117	14.
2194	1274	117	14.
2195	1274	134	60 (1942) 255.
2196	1274	137	1 (1906) 430, 7 (1912) 212.
2197	1275	81	143.
2198	1275	117	15.
2199	1275	132	144.
2200	1276	15	43 (1957) 14.
2201	1276	117	15.
2202	1277	117	15.
2203	1278	117	16.
2204	1278	137	1 (1906) 428.
2205	1279	116	28 (1996) 18.
2206	1280	116	28 (1996) 18.
2207	1282	116	28 (1996) 18.
2208	1283	116	28 (1996) 18.
2209	1284	116	28 (1996) 18.
2210	1285	116	28 (1996) 18.
2211	1286	116	28 (1996) 18.
2212	1287	116	28 (1996) 18.
2213	1288	116	28 (1996) 18.
2214	1289	116	28 (1996) 18.
2215	1290	116	28 (1996) 18.
2216	1292	116	28 (1996) 18.
2217	1293	116	28 (1996) 19.
2218	1294	116	28 (1996) 19.
2219	1295	147	(1995) 98.
2220	1296	147	(1995) 98.
2221	1297	147	(1995) 98.
2222	1298	147	(1995) 98.
2223	1299	147	(1995) 97.
2224	1300	147	(1995) 98.
2225	1301	147	(1995) 98.
2226	1302	147	(1995) 98.
2227	1302	217	1, 545.
2228	1303	147	(1995) 98.
2229	1304	147	(1995) 98.
2230	1305	147	(1995) 98.
2231	1306	147	(1995) 99.
2232	1307	147	(1995) 98.
2233	1316	36	993.
2234	1317	115	
2235	1318	6	1, 144.
2236	1320	16	3, 1526.
2237	1320	127	45.
2238	1321	61	11.
2239	1322	29	19.
2240	1323	128	408.
2241	1324	29	12.
2242	1324	36	1118.
2243	1324	136	1 (1897) 1.
2244	1324	149	9 (2000) 103.
2245	1325	29	69.
2246	1326	120	84.
2247	1326	134	32 (1914) 292.
2248	1326	136	22 (1918) 207.
2249	1326	176	
2250	1327	29	63.
2251	1328	125	32 (1978) 82.
2252	1328	149	8 (1999) 271.
2253	1330	120	84.
2254	1330	149	7 (1998) 129.
2255	1330	176	
2256	1331	29	83.
2257	1332	26	1, 70.
2258	1333	136	1 (1897) 1-2.
2259	1333	149	9 (2000) 162.
2260	1334	125	44 (1990), 132.
2261	1334	134	68 (1951) 27.
2262	1334	141	44 (1989) 167.
2263	1335	4	80 (1989) 44.
2264	1335	113	198.
2265	1336	61	17.
2266	1337	36	1343.
2267	1337	126	265.
2268	1337	127	77.
2269	1337	134	45 (1927) 230.
2270	1338	120	84.
2271	1338	149	7 (1998) 20.
2272	1338	176	
2273	1339	16	3, 1264.
2274	1339	29	125.
2275	1340	36	1082.
2276	1341	63	
2277	1341	134	99 (1982) 144.
2278	1341	148	Collectie Van der Lely, inv. nr. 7, f. 55.
2279	1342	26	1, 48.
2280	1343	6	1, 415.
2281	1344	136	1 (1897) 1-2.
2282	1344	149	9 (2000) 168.
2283	1344	176	
2284	1345	141	44 (1989) 172.
2285	1346	115	
2286	1346	125	9 (1955) 110.
2287	1347	131	
2288	1348	148	Collectie Van der Lely, inv. nr. 7, f. 62.
2289	1349	26	2, 70, 71.
2290	1350	136	1 (1897) 2.
2291	1350	149	9 (2000) 29.
2292	1351	127	93.
2293	1351	134	45 (1927) 231.
2294	1352	141	44 (1989) 174.
2295	1353	115	
2296	1354	141	44 (1989) 174.
2297	1355	125	13 (1959) 126, 44 (1990) 135.
2298	1355	137	8 (1913) 185.
2299	1355	139	28.
2300	1356	43	345.
2301	1356	120	87.
2302	1356	149	7 (1998) 123.
2303	1356	176	
2304	1357	125	2 (1948) 111.
2305	1357	139	32-33.
2306	1358	63	
2307	1358	148	Collectie Van der Lely, inv. nr. 7, f. 75.
2308	1359	6	1, 175.
2309	1360	136	1 (1897) 2-3.
2310	1360	149	8 (1999) 275.
2311	1360	176	
2312	1361	115	'Naamen van de heeren gecommitteerde in de reekencamer ter auditie van Holland'
2313	1361	130	Handschriften 3.22.01.01, inv. nr. 815, Alphabetisch register van de namen van regeringsleden etc.
2314	1361	143	1466.
2315	1362	115	
2316	1363	115	
2317	1363	125	9 (1955) 116.
2318	1364	120	87.
2319	1364	134	32 (1914) 327.
2320	1364	149	7 (1998) 185.
2321	1364	176	
2322	1365	131	
2323	1366	9	370.
2324	1367	14	5 (1893) 109.
2325	1368	29	235.
2326	1368	188	1, 77.
2327	1369	33	1, 211.
2328	1369	189	83.
2329	1370	26	3, 221.
2330	1371	26	2, 23.
2331	1372	6	1, 424.
2332	1373	136	1 (1897) 2.
2333	1373	149	9 (2000) 162.
2334	1373	176	
2335	1374	135	11 (1894) 171.
2336	1374	143	1467.
2337	1375	135	10 (1893) 150.
2338	1375	137	7 (1912) 23, 33.
2339	1379	134	33 (1915) 150.
2340	1381	135	7 (1890) 134.
2341	1382	4	46 (1953) 238.
2342	1382	127	118.
2343	1384	29	255.
2344	1385	29	280.
2345	1386	29	313.
2346	1388	115	
2347	1389	115	
2348	1390	15	80 (1997) 7.
2349	1390	115	
2350	1391	115	
2351	1391	125	14 (1960) 81.
2352	1392	33	1, 214.
2353	1392	125	10 (1956) 70.
2354	1392	135	9 (1892) 223.
2355	1393	6	2, 758.
2356	1394	26	3, 84.
2357	1395	15	14 (1924) 304.
2358	1395	26	4, 333.
2359	1396	6	1, 537.
2360	1397	6	2, 694.
2361	1398	11	364.
2362	1399	9	419.
2363	1400	9	402.
2364	1401	33	1, 213.
2365	1401	136	14 (1910) 355.
2366	1402	29	277.
2367	1403	63	
2368	1403	148	Collectie Van der Lely, inv. nr. 7, f. 113.
2369	1404	141	44 (1989) 185.
2370	1405	26	3.
2371	1405	134	77 (1960) 178.
2372	1406	26	3, 78.
2373	1407	33	1, 212.
2374	1408	33	1, 213.
2375	1409	136	1 (1897) 2-3.
2376	1409	149	8 (1999) 187.
2377	1409	176	
2378	1410	141	44 (1989) 186.
2379	1411	33	1, 213.
2380	1411	125	5 (1951) 146.
2381	1412	141	44 (1989) 171.
2382	1413	15	58 (1972) 26.
2383	1414	4	79 (1988) 504.
2384	1414	16	4, 129.
2385	1415	117	16.
2386	1415	134	60 (1942) 259.
2387	1416	117	14.
2388	1417	117	16.
2389	1418	117	16.
2390	1419	19	220.
2391	1419	117	17.
2392	1420	81	129.
2393	1420	117	16.
2394	1420	134	16 (1898) 195.
2395	1421	117	16.
2396	1422	117	16.
2397	1423	117	17.
2398	1424	19	220.
2399	1424	117	17.
2400	1425	19	220.
2401	1425	117	17.
2402	1426	19	220.
2403	1426	117	18.
2404	1427	19	220.
2405	1427	117	18.
2406	1428	19	220.
2407	1428	117	18.
2408	1429	19	220.
2409	1429	117	18.
2410	1430	19	220.
2411	1430	117	18.
2412	1431	19	221.
2413	1431	117	19.
2414	1432	19	221.
2415	1432	117	19.
2416	1433	19	221.
2417	1433	117	19.
2418	1434	19	221.
2419	1434	117	19.
2420	1435	19	221.
2421	1435	117	19.
2422	1436	19	221.
2423	1436	117	19.
2424	1437	15	43 (1957) 27.
2425	1437	19	221.
2426	1437	117	19.
2427	1438	19	221.
2428	1438	117	19.
2429	1439	19	221.
2430	1439	117	20.
2431	1440	19	221.
2432	1440	117	19.
2433	1441	19	221.
2434	1441	117	19.
2435	1442	19	221.
2436	1442	117	20.
2437	1443	19	221.
2438	1443	117	20.
2439	1444	19	221.
2440	1444	117	20.
2441	1445	19	221.
2442	1445	117	20.
2443	1447	10	344.
2444	1449	10	316.
2445	1449	207	535.
2446	1451	10	357.
2447	1451	19	223.
2448	1452	10	341.
2449	1452	19	223.
2450	1452	134	58 (1940) 318.
2451	1452	191	143.
2452	1453	10	364.
2453	1453	19	223.
2454	1454	10	295.
2455	1454	19	224.
2456	1455	19	224.
2457	1456	10	367.
2458	1456	19	224.
2459	1457	10	344.
2460	1457	19	224.
2461	1458	10	292.
2462	1458	19	224.
2463	1459	10	297.
2464	1459	19	224.
2465	1459	207	510.
2466	1460	10	346.
2467	1460	19	224.
2468	1461	10	325.
2469	1461	19	224.
2470	1462	10	292.
2471	1462	19	224.
2472	1463	10	333.
2473	1463	19	224.
2474	1464	10	321.
2475	1464	19	224.
2476	1464	191	149.
2477	1465	10	319.
2478	1465	19	224.
2479	1466	10	367.
2480	1466	19	224.
2481	1467	10	294.
2482	1467	19	224.
2483	1468	10	343.
2484	1468	19	224.
2485	1469	10	346.
2486	1469	19	224.
2487	1470	114	
2488	1470	134	88 (1971) 273.
2489	1471	114	
2490	1471	125	23 (1969) 282.
2491	1471	191	127.
2492	1472	114	
2493	1473	19	226.
2494	1473	114	
2495	1474	19	226.
2496	1474	114	
2497	1474	191	129.
2498	1475	19	226.
2499	1475	114	
2500	1476	19	226.
2501	1476	114	
2502	1477	19	226.
2503	1477	114	
2504	1478	19	226.
2505	1478	114	
2506	1479	19	226.
2507	1479	114	
2508	1480	19	226.
2509	1480	114	
2510	1481	19	226.
2511	1481	114	
2512	1482	19	227.
2513	1482	114	
2514	1482	191	132.
2515	1483	19	227.
2516	1483	114	
2517	1484	19	227.
2518	1484	114	
2519	1485	19	227.
2520	1485	114	
2521	1486	19	227.
2522	1486	114	
2523	1487	19	227.
2524	1487	114	
2525	1488	19	227.
2526	1488	114	
2527	1488	191	133.
2528	1489	129	5.
2529	1490	19	228.
2530	1491	19	228.
2531	1492	19	228.
2532	1493	19	228.
2533	1495	19	228.
2534	1496	19	228.
2535	1497	19	229.
2536	1498	19	229.
2537	1499	19	229.
2538	1500	19	229.
2539	1501	19	229.
2540	1502	19	229.
2541	1502	129	17.
2542	1503	19	229.
2543	1504	19	229.
2544	1505	19	229.
2545	1506	19	229.
2546	1507	19	229.
2547	1508	19	229.
2548	1510	19	229.
2549	1511	19	229.
2550	1512	19	229.
2551	1513	19	229.
2552	1514	19	229.
2553	1515	19	229.
2554	1516	19	229.
2555	1516	141	12 (1957) 151.
2556	1517	147	(1995) 99.
2557	1518	147	(1995) 98.
2558	1519	147	(1995) 98.
2559	1520	147	(1995) 99.
2560	1521	147	(1995) 99.
2561	1522	147	(1995) 99.
2562	1523	19	230.
2563	1523	147	(1995) 100.
2564	1524	19	230.
2565	1524	147	(1995) 100.
2566	1525	19	231.
2567	1525	147	(1995) 100.
2568	1526	19	231.
2569	1526	147	(1995) 100.
2570	1527	19	231.
2571	1527	147	(1995) 100.
2572	1528	19	231.
2573	1528	147	(1995) 100.
2574	1529	19	231.
2575	1529	147	(1995) 100.
2576	1530	19	231.
2577	1530	147	(1995) 100.
2578	1531	19	231.
2579	1531	147	(1995) 100.
2580	1533	19	231.
2581	1533	147	(1995) 101.
2582	1534	19	231.
2583	1534	147	(1995) 101.
2584	1536	19	231.
2585	1536	147	(1995) 101.
2586	1537	19	231.
2587	1537	147	(1995) 101.
2588	1538	19	231.
2589	1538	147	(1995) 101.
2590	1539	141	16 (1961) 65.
2591	1540	141	16 (1961) 65.
2592	1541	141	16 (1961) 61.
2593	1542	141	16 (1961) 61.
2594	1543	141	16 (1961) 66.
2595	1544	141	16 (1961) 66.
2596	1545	15	54 (1968) 132.
2597	1545	19	232.
2598	1545	141	16 (1961) 63.
2599	1546	19	232.
2600	1546	141	16 (1961) 60
2601	1547	19	232.
2602	1547	141	16 (1961) 60.
2603	1548	19	232.
2604	1548	141	16 (1961) 62.
2605	1550	19	232.
2606	1551	19	232.
2607	1552	19	232.
2608	1553	19	232.
2609	1554	19	232.
2610	1555	19	232.
2611	1556	19	232.
2612	1557	19	232.
2613	1558	19	231.
2614	1558	141	16 (1961) 60.
2615	1559	116	28 (1996) 19.
2616	1560	116	28 (1996) 19.
2617	1561	116	28 (1996) 19.
2618	1562	116	28 (1996) 19.
2619	1563	19	234.
2620	1563	116	28 (1996) 19.
2621	1564	19	234.
2622	1564	116	28 (1996) 19.
2623	1565	19	234.
2624	1565	116	28 (1996) 19.
2625	1566	19	234.
2626	1566	116	28 (1996) 19.
2627	1567	19	234.
2628	1567	116	28 (1996) 19.
2629	1568	19	234.
2630	1568	116	28 (1996) 20.
2631	1569	19	234.
2632	1569	116	28 (1996) 20.
2633	1570	19	235.
2634	1570	116	28 (1996) 20.
2635	1571	19	235.
2636	1571	116	28 (1996) 20.
2637	1572	19	235.
2638	1572	116	28 (1996) 20.
2639	1573	19	235.
2640	1573	116	28 (1996) 20.
2641	1574	19	235.
2642	1574	116	28 (1996) 20.
2643	1575	19	235.
2644	1575	116	28 (1996) 20.
2645	1575	135	9 (1892) 97.
2646	1576	19	235.
2647	1576	116	28 (1996) 20.
2648	1576	135	9 (1892) 267.
2649	1577	19	235.
2650	1577	116	28 (1996) 20.
2651	1578	19	235.
2652	1578	116	28 (1996) 20.
2653	1579	19	229.
2654	1581	129	2v.
2655	1583	129	3v.
2656	1584	129	2v.
2657	1586	15	12 (1921-1922) 291.
2658	1586	129	3.
2659	1587	129	3v.
2660	1589	129	3v.
2661	1590	129	3v.
2662	1591	129	3v.
2663	1591	146	Oud archief Edam, inv. nr. 65d, lijst van vroedschappen voorin (zonder f. nummer).
2664	1592	129	4.
2665	1592	146	Oud archief Edam, inv. nr. 65d, lijst van vroedschappen voorin (zonder f. nummer).
2666	1593	129	4.
2667	1593	146	Oud archief Edam, inv. nr. 65d, lijst van vroedschappen voorin (zonder f. nummer).
2668	1594	129	4.
2669	1595	129	4v.
2670	1596	129	4v.
2671	1597	129	4v.
2672	1601	117	11.
2673	1602	117	10.
2674	1603	117	11.
2675	1604	117	13.
2676	1605	117	14.
2677	1606	117	14.
2678	1608	117	15.
2679	1608	137	1 (1906) 428.
2680	1609	117	15.
2681	1610	117	15.
2682	1611	19	221.
2683	1611	81	145.
2684	1611	117	19.
2685	1613	4	87 (1998) 248.
2686	1613	144	36.
2687	1614	125	2 (1948) 24.
2688	1616	143	1476.
2689	1621	36	1079.
2690	1623	16	1, 881.
2691	1623	81	20.
2692	1623	134	91 (1974) 287.
2693	1623	200	44.
2694	1625	7	XLVIII.
2695	1625	81	140.
2696	1625	133	44.
2697	1625	200	44.
2698	1628	143	1482, 1483
2699	1628	200	38.
2700	1629	4	7 (1909) 304.
2701	1629	200	44-45.
2702	1630	133	7.
2703	1630	200	44.
2704	1632	200	38, 45.
2705	1634	143	1483.
2706	1636	7	XXXIV.
2707	1636	132	112.
2708	1637	63	
2709	1637	77	323.
2710	1637	136	9 (1905) 243.
2711	1637	200	44.
2712	1639	7	XLIX.
2713	1639	125	13 (1959) 127.
2714	1641	7	XLIX
2715	1642	7	LIX.
2716	1644	137	3 (1908) 369, 8 (1913) 30.
2717	1644	143	1483.
2718	1646	7	XLIX.
2719	1646	137	4 (1909) 524.
2720	1647	7	LXIV.
2721	1648	7	LXIV.
2722	1649	7	XLIX.
2723	1649	134	75 (1958) 395.
2724	1650	7	XLIX.
2725	1650	137	1 (1906) 57.
2726	1652	7	LXIV.
2727	1652	8	2.
2728	1654	7	LXIV.
2729	1655	16	2, 1510.
2730	1655	143	1483.
2731	1657	143	1483.
2732	1658	16	9, 384.
2733	1659	125	13 (1959) 125.
2734	1659	127	74.
2735	1659	143	1483.
2736	1661	132	
2737	1662	132	122.
2738	1667	7	XLIX.
2739	1669	7	XLIX.
2740	1669	147	(1995) 97.
2741	1669	217	1, 541.
2742	1671	7	XLIX.
2743	1672	7	LXIV.
2744	1672	134	18 (1900) 172.
2745	1676	7	XXXV.
2746	1676	143	1474.
2747	1676	188	1, 387.
2748	1677	134	76 (1959) 262.
2749	1680	143	1484.
2750	1682	133	110.
2751	1683	16	6, 1231.
2752	1683	143	1483.
2753	1683	188	2, 607.
2754	1684	125	39 (1985) 130.
2755	1684	143	1483.
2756	1684	188	2, 896.
2757	1686	16	1, 773.
2758	1687	35	9.
2759	1689	209	Nieuwe reeks 1 (1610-1612) A.Th. van Deursen ed. ('s-Gravenhage 1971) 390.
2760	1692	134	81 (1964) 142.
2761	1692	209	Nieuwe reeks 4 (1619-1620) J.G. Smit ed. ('s-Gravenhage 1981) 697.
2762	1693	132	130.
2763	1694	16	3, 10.
2764	1695	7	XLIX.
2765	1695	16	6, 439.
2766	1695	143	1477.
2767	1695	211	1, J.W. Veenendaal-Barth ed. ('s-Gravenhage 1992) 746.
2768	1698	29	144.
2769	1699	6	2, 605.
2770	1699	29	124.
2771	1700	7	XLIX.
2772	1701	31	149.
2773	1701	135	14 (1901) 22.
2774	1701	137	6 (1911) 230.
2775	1703	7	L.
2776	1704	7	LXIV.
2777	1704	135	10 (1893) 116.
2778	1705	6	1, 17.
2779	1706	7	LX.
2780	1707	7	L.
2781	1707	15	3 (1912) 295.
2782	1708	7	L.
2783	1708	16	3, 1448.
2784	1708	36	1320.
2785	1709	4	42 (1949) 76.
2786	1709	7	L.
2787	1709	120	86.
2788	1709	149	7 (1998) 188.
2789	1709	176	
2790	1710	7	LXIV.
2791	1711	7	LXV.
2792	1712	6	1, 50.
2793	1712	8	82.
2794	1713	143	1483.
2795	1714	4	39 (1941) 368.
2796	1714	16	3, 385.
2797	1714	137	1 (1906) 56.
2798	1715	135	16 (1903) 177.
2799	1716	134	93 (1976) 281.
2800	1716	143	1484.
2801	1717	115	
2802	1717	136	1 (1897) 160.
2803	1718	4	79 (1988) 482.
2804	1718	7	XLIX.
2805	1718	143	1477.
2806	1719	125	27 (1973) 339.
2807	1720	117	11-12.
2808	1720	132	129.
2809	1721	125	10 (1956) 92.
2810	1722	6	1, 335.
2811	1723	115	
2812	1723	134	55 (1937) 224.
2813	1724	16	2, 1308.
2814	1728	7	L.
2815	1728	214	264.
2816	1729	7	L.
2817	1730	7	LX.
2818	1730	31	187.
2819	1732	127	102.
2820	1732	151	4, 88.
2821	1732	188	1, 165.
2822	1740	125	51 (1997) 70.
2823	1740	132	131.
2824	1740	134	4 (1886) 4.
2825	1741	115	
2826	1742	16	8, 153.
2827	1742	113	219.
2828	1743	143	1494.
2829	1745	115	
2830	1746	114	
2831	1746	143	1495.
2832	1748	4	39 (1941) 168.
2833	1748	137	7 (1912) 268.
2834	1749	143	1484.
2835	1749	206	Bijlage XV.
2836	1751	36	1345.
2837	1751	214	276.
2838	1752	27	302.
2839	1752	143	1483.
2840	1753	143	1484.
2841	1753	188	2, 607.
2842	1754	7	LVIII
2843	1754	125	19 (1965) 218.
2844	1754	134	65 (1948) 332.
2845	1757	142	96.
2846	1758	6	1, 196.
2847	1759	134	53 (1935) 30, 304.
2848	1759	143	1484.
2849	1759	144	45.
2850	1760	143	1484.
2851	1761	4	44 (1951) 335.
2852	1762	131	
2853	1762	135	10 (1893) 182.
2854	1763	6	1, 520.
2855	1764	6	1, 196.
2856	1765	127	99.
2857	1766	132	297.
2858	1766	191	140.
2859	1767	115	
2860	1767	135	4 (1887) 18.
2861	1768	120	87.
2862	1768	134	33 (1915) 72.
2863	1768	149	7 (1998) 19.
2864	1768	176	
2865	1770	115	
2866	1770	125	9 (1955) 114.
2867	1772	7	L.
2868	1772	131	
2869	1772	134	66 (1949) 315.
2870	1773	7	L.
2871	1773	10	316.
2872	1774	31	359.
2873	1774	143	1484.
2874	1775	143	1484.
2875	1777	6	1, 197.
2876	1778	143	1484.
2877	1779	116	28 (1996) 19.
2878	1779	143	1484.
2879	1781	143	1484.
2880	1782	7	L.
2881	1782	134	71 (1954) 159.
2882	1782	135	9 (1892) 107.
2883	1782	188	1, 206.
2884	1783	29	167.
2885	1784	117	15.
2886	1784	135	16 (1903) 181.
2887	1785	7	LXV.
2888	1787	7	LVI.
2889	1788	6	1, 451.
2890	1788	7	L.
2891	1788	125	35 (1981) 94.
2892	1789	63	
2893	1789	148	Collectie Van der Lely, inv. nr. 7, f. 73.
2894	1793	113	242.
2895	1794	36	1345.
2896	1794	127	107.
2897	1795	15	12 (1921-1922) 292.
2898	1795	129	5.
2899	1796	4	40 (1942) 533.
2900	1797	29	223.
2901	1798	33	1, 211.
2902	1798	36	1187.
2903	1798	189	81.
2904	1799	6	1, 512.
2905	1800	15	63 (1977) 177.
2906	1800	120	en 89.
2907	1800	134	32 (1914) 331.
2908	1800	149	7 (1998) 219.
2909	1800	176	
2910	1801	115	
2911	1801	125	9 (1955) 109.
2912	1803	29	253.
2913	1804	7	L.
2914	1805	7	LI.
2915	1806	6	1, 529.
2916	1807	7	LI.
2917	1808	127	119.
2918	1809	4	44 (1951) 326.
2919	1809	6	2, 675.
2920	1811	16	3, 386.
2921	1811	137	1 (1906) 81.
2922	1812	16	4, 705.
2923	1812	33	1, 213.
2924	1812	189	83.
2925	1813	7	LI.
2926	1813	189	82.
2927	1814	7	LXV.
2928	1816	6	2, 626.
2929	1816	7	LI.
2930	1817	7	LI.
2931	1819	7	LX.
2932	1819	137	7 (1912) 268.
2933	1820	7	LI.
2934	1820	134	68 (1951) 64.
2935	1822	7	LXV.
2936	1823	27	108.
2937	1823	188	1, 119.
2938	1823	206	Bijlage XVI.
2939	1825	7	LXV.
2940	1827	6	2, 622.
2941	1827	137	9 (1914) 217.
2942	1827	188	1, 444.
2943	1828	120	87, 89.
2944	1828	134	32 (1914) 330.
2945	1828	149	6 (1997) 286.
2946	1828	176	
2947	1829	132	146.
2948	1829	143	1492.
2949	1830	29	241.
2950	1831	135	13 (1900) 72.
2951	1832	131	
2952	1832	132	149.
2953	1832	135	11 (1894) 130.
2954	1833	63	
2955	1833	132	150.
2956	1833	148	Collectie Van der Lely, inv. nr. 7, f. 100v.
2957	1834	115	
2958	1834	125	9 (1955) 111.
2959	1835	134	72 (1955) 296.
2960	1835	147	(1995) 98.
2961	1836	9	374.
2962	1837	143	1495.
2963	1837	191	142.
2964	1838	6	1, 230.
2965	1838	125	35 (1981) 96.
2966	1839	63	
2967	1839	148	Collectie Van der Lely, inv. nr. 7, f. 102.
2968	1840	120	89.
2969	1840	134	32 (1914) 366.
2970	1840	149	7 (1998) 222.
2971	1840	176	
2972	1841	117	17.
2973	1841	132	153.
2974	1842	9	411.
2975	1844	16	3, 1033.
2976	1844	179	185, 191.
2977	1844	210	1, 384.
2978	1844	228	11.
2979	1846	4	44 (1951) 333.
2980	1846	33	1, 213.
2981	1848	7	LI.
2982	1848	138	3 (1874) 117.
2983	1849	7	XXXV.
2984	1849	13	bij biografie zoon Willem
2985	1850	7	XXXV.
2986	1851	33	1, 213.
2987	1851	132	151.
2988	1851	189	83.
2989	1852	6	1, 521.
2990	1852	132	151.
2991	1853	4	38 (1940) 147.
2992	1853	33	1, 212.
2993	1854	33	1, 212.
2994	1854	189	81.
2995	1855	120	88-89.
2996	1855	134	32 (1914) 366.
2997	1855	149	7 (1998) 226.
2998	1855	176	
2999	1856	6	2, 588.
3000	1857	15	75 (1991) 253.
3001	1857	19	228.
3002	1858	33	1, 213.
3003	1858	134	62 (1944) 126.
3004	1859	115	
3005	1859	125	9 (1955) 117.
3006	1860	120	88.
3007	1860	134	32 (1914) 363.
3008	1860	149	7 (1998) 124.
3009	1860	176	
3010	1863	36	1057.
3011	1863	120	83, 85.
3012	1863	134	32 (1914) 323.
3013	1863	149	7 (1998) 21.
3014	1863	176	
3015	1864	6	1, 238.
3016	1865	6	1, 437.
3017	1868	33	1, 212.
3018	1870	6	1, 365.
3019	1871	120	87.
3020	1871	136	22 (1918) 207.
3021	1871	149	6 (1997) 227.
3022	1871	176	
3023	1872	147	(1995) 98.
3024	1873	120	90.
3025	1873	134	33 (1915) 71.
3026	1873	149	7 (1998) 125.
3027	1874	120	91.
3028	1874	134	33 (1915) 116.
3029	1874	149	7 (1998) 20.
3030	1874	176	
3031	1876	16	3, 387.
3032	1876	115	
3033	1876	125	9 (1955) 123.
3034	1877	115	
3035	1877	125	9 (1955) 125.
3036	1878	115	
3037	1878	125	25 (1971) 167.
3038	1879	115	
3039	1880	115	
3040	1880	135	10 (1893) 2.
3041	1881	115	
3042	1881	125	9 (1955) 125.
3043	1882	115	
3044	1883	11	333.
3045	1884	11	356.
3046	1885	6	2, 640.
3047	1885	11	373.
3048	1886	11	348.
3049	1886	135	9 (1892) 193.
3050	1887	11	336.
3051	1888	29	268.
3052	1889	29	275.
3053	1890	29	306.
3054	1891	29	318.
3055	1892	29	307.
3056	1893	29	345.
3057	1894	29	289.
3058	1895	29	311.
3059	1896	29	329.
3060	1896	173	537.
3061	1897	29	380.
3062	1900	16	2, 1521.
3063	1901	113	266.
3064	1902	4	46 (1953) 238.
3065	1902	132	173.
3066	1903	27	395.
3067	1903	134	85 (1968) 151, 391.
3068	1903	139	33.
3069	1905	6	2, 595.
3070	1906	33	1, 214.
3071	1907	6	2, 588.
3072	1908	9	370.
3073	1909	19	226.
3074	1909	114	
3075	1909	191	131.
3076	1910	33	1, 213.
3077	1911	6	2, 657.
3078	1912	9	376.
3079	1913	10	351.
3080	1913	19	224.
3081	1914	33	1, 214.
3082	1915	10	358.
3083	1915	19	224.
3084	1915	191	148.
3085	1916	9	399
3086	1917	19	227.
3087	1917	114	
3088	1918	19	227.
3089	1918	114	
3090	1918	191	133.
3091	1919	6	2, 621.
3092	1920	19	226.
3093	1920	114	
3094	1920	132	156.
3095	1920	133	134.
3096	1920	137	3 (1908) 9.
3097	1921	19	226.
3098	1921	114	
3099	1922	19	231.
3100	1922	147	(1995) 100.
3101	1923	9	377.
3102	1924	6	2, 768.
3103	1925	63	
3104	1925	132	158.
3105	1925	148	Collectie Van der Lely, inv. nr. 7, f. 116.
3106	1926	63	
3107	1926	148	Collectie Van der Lely, inv. nr. 7, f. 112.
3108	1927	33	1, 213.
3109	1927	136	14 (1910) 354.
3110	1928	6	1, 522.
3111	1929	9	404.
3112	1932	120	91.
3113	1932	134	33 (1915) 152.
3114	1932	149	6 (1997) 282.
3115	1933	6	2, 778.
3116	1934	33	1, 214.
3117	1935	19	227.
3118	1935	114	
3119	1935	191	133.
3120	1936	9	393.
3121	1937	19	221.
3122	1938	6	2, 785.
3123	1939	9	370.
3124	1940	19	233.
3125	1941	63	
3126	1941	134	26 (1908) 197.
3127	1941	148	Collectie Van der Lely, inv. nr. 7, f. 125.
3128	1942	33	1, 215.
3129	1942	135	9 (1892) 221.
3130	1943	120	91.
3131	1943	134	33 (1915) 224.
3132	1943	149	7 (1998) 25.
3133	1944	6	2, 899.
3134	1946	33	1, 215.
3135	1947	6	2, 919.
3136	1948	134	33 (1915) 309.
3137	1948	149	6 (1997) 229.
3138	1949	125	9 (1955) 132, 40 (1986) 204.
3139	1949	134	43 (1925) 48.
3140	1949	135	11 (1894) 272.
3141	1950	136	8 (1904) 449.
3142	1951	19	233.
3143	1951	135	9 (1892) 97.
3144	1952	134	33 (1915) 312.
3145	1952	149	7 (1998) 184.
3146	1953	127	142.
3147	1953	132	187.
3148	1953	134	67 (1950) 306.
3149	1954	19	223.
3150	1954	117	23.
3151	1956	15	63 (1977) 183.
3152	1957	113	320.
3153	1959	6	2, 1358, noot 1.
3154	1959	134	40 (1922) 268.
3155	1965	6	1, 47.
3156	1967	9	418.
3157	1970	63	
3158	1972	61	16.
3159	1973	117	10-11.
3160	1975	29	38.
3161	1977	125	44 (1990) 106.
3162	1980	81	139.
3163	1980	117	9, 11.
3164	1981	149	7 (1998) 225.
3165	1981	176	
3166	1982	136	1 (1897) 1, 4 (1900) 183.
3167	1982	149	8 (1999) 268.
3168	1983	16	5, 523.
3169	1985	29	52.
3170	1987	6	1, 149.
3171	1988	61	13.
3172	1989	149	8 (1999) 180.
3173	1992	129	3.
3174	2001	114	
3175	2002	6	1, 137.
3176	2004	6	1, 136.
3177	2006	115	
3178	2006	146	Oud archief Purmerend, inv. nr. 94b, resoluties van de vroedschap van Purmerend 1584-1608, 10 februari 1606.
3179	2007	136	1 (1897) 1, 4 (1900) 183.
3180	2007	149	9 (2000) 170.
3181	2009	26	296.
3182	2011	16	7, 38.
3183	2014	127	79.
3184	2015	127	82.
3185	2015	134	45 (1927) 230.
3186	2016	134	27 (1945) 231.
3187	2017	134	85 (1968) 385.
3188	2018	142	98.
3189	2019	127	116.
3190	2020	16	6, 440.
3191	2021	16	2, 1534.
3192	2022	16	3, 504.
3193	2023	16	2, 1538.
3194	2023	142	112.
3195	2024	16	1, 303.
3196	2025	115	
3197	2025	208	82.
3198	2026	115	
3199	2027	115	
3200	2028	6	1, 392.
3201	2028	115	
3202	2029	115	
3203	2030	115	
3204	2031	115	
3205	2032	115	
3206	2032	125	9 (1955) 110.
3207	2033	115	
3208	2034	115	
3209	2034	125	9 (1955) 113.
3210	2035	115	
3211	2036	115	
3212	2036	125	9 (1955) 111.
3213	2037	115	
3214	2037	125	9 (1955) 118.
3215	2038	115	
3216	2038	125	9 (1955) 123.
3217	2039	115	
3218	2040	115	
3219	2040	134	59 (1941) 459.
3220	2041	115	
3221	2041	134	59 (1941) 22.
3222	2042	4	40 (1942) 526.
3223	2042	115	
3224	2043	115	
3225	2043	125	9 (1955) 126.
3226	2044	115	
3227	2044	135	9 (1892) 148.
3228	2045	115	
3229	2045	125	9 (1955) 126.
3230	2046	115	
3231	2046	125	9 (1955) 128.
3232	2047	115	
3233	2047	135	9 (1892) 147.
3234	2048	115	
3235	2048	125	9 (1955) 130.
3236	2049	125	40 (1986) 204.
3237	2050	131	
3238	2051	131	
3239	2052	131	
3240	2053	131	
3241	2054	131	
3242	2055	131	
3243	2056	131	
3244	2057	131	
3245	2058	131	
3246	2060	125	51 (1997) 195.
3247	2060	131	
3248	2061	131	
3249	2062	131	
3250	2063	131	
3251	2064	131	
3252	2065	131	
3253	2066	131	
3254	2067	9	399.
3255	2067	131	
3256	2068	131	
3257	2069	131	
3258	2069	149	7 (1998) 121.
3259	2070	9	421.
3260	2071	4	87 (1998) 252.
3261	2071	9	396.
3262	2071	125	59 (2005) 142.
3263	2072	9	370.
3264	2073	9	386.
3265	2074	9	382.
3266	2075	9	389.
3267	2076	9	392.
3268	2077	9	415.
3269	2078	9	395.
3270	2079	9	388.
3271	2080	9	410.
3272	2081	9	406.
3273	2082	9	371.
3274	2083	9	391.
3275	2084	9	413.
3276	2085	9	417.
3277	2086	9	410.
3278	2086	131	
3279	2087	9	397.
3280	2087	125	59 (2005) 144.
3281	2088	15	20 (1931-1932) 141.
3282	2088	131	
3283	2089	6	1, 321.
3284	2090	6	1, 411.
3285	2091	6	1, 285.
3286	2092	6	1, 294.
3287	2093	6	1, 249.
3288	2094	6	1, 369.
3289	2095	6	1, 414.
3290	2096	6	1, 384.
3291	2097	6	1, 399.
3292	2098	6	1, 482.
3293	2099	6	1, 528.
3294	2100	6	1, 518.
3295	2101	6	1, 521.
3296	2102	6	2, 590.
3297	2103	6	2, 658.
3298	2104	6	2, 686.
3299	2105	6	2, 638.
3300	2106	6	2, 553.
3301	2107	6	2, 693.
3302	2108	6	2, 661.
3303	2109	6	2, 553.
3304	2110	6	2, 825.
3305	2111	6	2, 898.
3306	2112	6	2, 780.
3307	2112	81	175.
3308	2113	6	2, 820.
3309	2114	6	2, 820.
3310	2115	6	2, 836.
3311	2116	6	2, 726.
3312	2117	6	2, 912.
3313	2118	6	2, 932.
3314	2119	6	2, 752.
3315	2120	61	17.
3316	2121	11	351.
3317	2122	11	359.
3318	2123	11	332.
3319	2124	11	339.
3320	2125	11	359.
3321	2126	6	2, 836.
3322	2126	11	339.
3323	2127	129	2-2v.
3324	2129	129	2v.
3325	2131	129	3v.
3326	2132	146	Oud archief Edam, inv. nr. 65d, lijst van vroedschappen voorin (zonder f. nummer).
3327	2133	129	4.
3328	2134	129	4v.
3329	2136	129	4v.
3330	2136	134	70 (1953) 331.
3331	2137	19	228.
3332	2138	15	12 (1921-1922) 294.
3333	2138	19	229.
3334	2139	19	229.
3335	2140	19	229.
3336	2140	134	43 (1925) 122.
3337	2140	141	12 (1957) 149.
3338	2141	9	402.
3339	2142	125	44 (1990) 134.
3340	2143	125	44 (1990) 134.
3341	2144	6	1, 433.
3342	2145	6	1, 495.
3343	2146	6	2, 704.
3344	2147	6	1, 538.
3345	2148	6	1, 539.
3346	2149	6	2, 973.
3347	2151	6	1, 136.
3348	2152	6	1, 392.
3349	2153	6	1, 357.
3350	2154	6	1, 358.
3351	2155	6	1, 401.
3352	2156	6	2, 674.
3353	2157	6	2, 677.
3354	2158	6	1, 394.
3355	2159	6	2, 841.
3356	2160	6	2, 841.
3357	2161	6	1, 393.
3358	2162	6	2, 679, 681.
3359	2163	6	2, 680.
3360	2169	125	36 (1982) 235.
3361	2170	120	88.
3362	2170	149	7 (1998) 187.
3363	2171	130	archieven van de admiraliteitscolleges 1.01.46.21, inv. nr. 161, omslag 'secretarissen, secretary'
3364	2172	130	archieven van de admiraliteitscolleges 1.01.46.21, inv. nr. 161, onder 'secretarissen, secratary', extract-resolutie 14 april 1701
3365	2173	130	archieven van de admiraliteitscolleges 1.01.47.27, inv. nr. 320.
3366	2174	15	40 (1954) 15.
3367	2174	130	archieven van de admiraliteitscolleges 1.01.47.27, inv. nr. 320.
3368	2175	4	40 (1942) 467.
3369	2175	29	346.
3370	2176	4	85 (1995) 34.
3371	2176	29	346.
3372	2177	29	65.
3373	2177	125	44 (1990) 130.
3374	2178	16	3, 1364.
3375	2178	29	29.
3376	2180	29	165.
3377	2180	176	
3378	2181	29	138.
3379	2181	125	36 (1982) 235.
3380	2182	130	archieven van de admiraliteitscolleges 1.01.47.27, inv. nr. 322, extract-resolutie Admiraliteit op de Maze 20 oktober 1676.
3381	2182	136	4 (1900) 192.
3382	2183	29	207.
3383	2184	29	208.
3384	2185	29	341.
3385	2186	142	179.
3386	2187	16	8, 299.
3387	2189	6	1, 171.
3388	2190	29	197.
3389	2190	130	archieven van de admiraliteitscolleges 1.01.46.21, inv. nr. 161, extract-resolutie Admiraliteit op de Maze 26 januari 1690.
3390	2191	29	290.
3391	2192	29	291.
3392	2192	130	archieven van de admiraliteitscolleges 1.01.47.27, inv. nr. 320.
3393	2193	29	342.
3394	2194	16	9, 758.
3395	2194	188	2, 353.
3396	2195	29	361.
3397	2196	31	314.
3398	2196	188	2, 695.
3399	2197	31	315.
3400	2197	188	2, 695.
3401	2198	4	45 (1952) 9.
3402	2198	138	4 (1875) 21.
3403	2199	134	69 (1952) 250.
3404	2200	135	9 (1892) 219.
3405	2201	4	38 (1940) 312.
3406	2201	15	6 (1915) 36.
3407	2203	4	45 (1952) 366.
3408	2203	135	11 (1894) 43.
3409	2203	136	2 (1898) 264.
3410	2204	4	44 (1951) 158.
3411	2205	16	3, 929.
3412	2207	165	rechterlijke archieven Zeeuws-Vlaanderen, inv. nr. 143, f. 3v.
3413	2209	16	4, 598.
3414	2211	188	2, 343.
3415	2212	15	31 (1945) 319.
3416	2212	188	2, 865.
3417	2212	206	Bijlage XVII.
3418	2213	135	6 (1889) 67.
3419	2214	135	9 (1892) 267.
3420	2215	31	605.
3421	2215	188	2, 698.
3422	2216	4	45 (1952) 11.
3423	2216	138	4 (1875) 27.
3424	2216	188	2, 698.
3425	2218	134	46 (1928) 131.
3426	2219	125	51 (1997) 69.
3427	2224	4	38 (1940) 27.
3428	2224	10	289.
3429	2224	15	42 (1956) 12.
3430	2224	136	20 (1916) 467.
3431	2226	125	23 (1969) 313.
3432	2226	191	130.
3433	2228	10	302.
3434	2229	10	365.
3435	2229	135	9 (1892) 268.
3436	2230	10	304.
3437	2230	15	7 (1916) 83.
3438	2231	19	227.
3439	2232	209	Nieuwe reeks 3 (1617-1618) J.G. Smit ed. ('s-Gravenhage 1975) 392.
3440	2233	125	23 (1969) 267.
3441	2237	6	2, 588.
3442	2237	125	37 (1983) 153.
3443	2238	114	
3444	2238	191	133.
3445	2239	19	227.
3446	2239	114	
3447	2239	125	24 (1970) 286.
3448	2241	16	9, 493.
3449	2242	150	Oud archief Hoorn, inv. nr. 120, f. 170v.
3450	2242	191	141.
3451	2243	10	351.
3452	2243	191	143.
3453	2244	19	226.
3454	2244	191	131.
3455	2246	19	227.
3456	2246	125	24 (1970) 274.
3457	2246	191	134.
3458	2275	135	3 (1886) 288.
3459	2275	185	1, 138, 2, 86.
3460	2279	136	1 (1897) 1-2, 4 (1900) 183.
3461	2279	149	9 (2000) 240.
3462	2279	176	
3463	2280	136	1 (1897) 1-2.
3464	2280	149	8 (1999) 188.
3465	2280	176	
3466	2281	135	9 (1892) 172.
3467	2281	136	1 (1897) 3-4, 4 (1900) 184.
3468	2281	149	9 (2000) 25.
3469	2282	136	1 (1897) 1-2, 4 (1900) 183.
3470	2282	149	8 (1999) 183.
3471	2282	176	
3472	2283	125	25 (1971) 211.
3473	2283	136	1 (1897) 2.
3474	2283	149	9 (2000) 101.
3475	2283	176	
3476	2284	136	1 (1897) 1-2, 4 (1900) 184.
3477	2284	149	9 (2000) 244.
3478	2284	176	
3479	2285	136	1 (1897) 2.
3480	2285	149	8 (1999) 190.
3481	2285	176	
3482	2286	15	15 (1925) 176.
3483	2286	136	1 (1897) 2.
3484	2286	149	9 (2000) 30.
3485	2287	136	1 (1897) 2, 4 (1900) 184.
3486	2287	149	9 (2000) 100.
3487	2287	176	
3488	2288	136	1 (1897) 2.
3489	2288	149	9 (2000) 27.
3490	2288	176	
3491	2289	136	1 (1897) 2-3.
3492	2289	149	9 (2000) 25.
3493	2289	176	
3494	2290	136	1 (1897) 3-4.
3495	2290	149	9 (2000) 27.
3496	2291	4	38 (1940) 165.
3497	2291	15	11 (1920) 353.
3498	2291	136	1 (1897) 3, 4 (1900) 184, 19 (1915) 28.
3499	2291	149	8 (1999) 182.
3500	2292	136	1 (1897) 3, 4 (1900) 184.
3501	2292	149	8 (1999) 267.
3502	2293	135	9 (1892) 98.
3503	2293	136	1 (1897) 3.
3504	2293	149	8 (1999) 182.
3505	2294	135	9 (1892) 268.
3506	2294	136	1 (1897) 3-4, 4 (1900) 184.
3507	2294	149	9 (2000) 246.
3508	2295	16	5, 154.
3509	2295	135	9 (1892) 169.
3510	2295	136	1 (1897) 3-4, 4 (1900) 184.
3511	2295	149	8 (1999) 273.
3512	2296	135	9 (1892) 100.
3513	2296	136	1 (1897) 3-4.
3514	2296	149	8 (1999) 187.
3515	2297	136	1 (1897) 3-4, 4 (1900) 184.
3516	2297	149	9 (2000) 247.
3517	2298	135	9 (1892) 145.
3518	2298	136	1 (1897) 3.
3519	2298	149	8 (1999) 190.
3520	2299	135	9 (1892) 99.
3521	2299	136	1 (1897) 4.
3522	2299	149	8 (1999) 184.
3523	2300	136	1 (1897) 4.
3524	2300	149	9 (2000) 171.
3525	2301	136	1 (1897) 4.
3526	2301	149	9 (2000) 24.
3527	2302	134	56 (1938) 499.
3528	2302	136	1 (1897) 4.
3529	2302	149	8 (1999) 270.
3530	2306	6	1, 243.
3531	2307	29	56.
3532	2308	31	151.
3533	2308	120	84, 86.
3534	2308	137	9 (1914) 309.
3535	2308	149	7 (1998) 187.
3536	2308	176	
3537	2309	4	38 (1940) 245.
3538	2309	147	(1995) 96.
3539	2310	141	16 (1961) 63.
3540	2311	125	51 (1997) 63.
3541	2312	147	(1995) 97.
3542	2317	120	86.
3543	2317	149	7 (1998) 224.
3544	2317	176	
3545	2320	114	
3546	2320	191	123.
3547	2322	127	85.
3548	2324	120	86.
3549	2324	134	32 (1914) 331.
3550	2324	149	7 (1998) 188.
3551	2324	176	
3552	2326	26	1, 51
3553	2328	63	
3554	2328	148	Collectie Van der Lely, inv. nr. 7, f. 56v.
3555	2329	6	1, 289.
3556	2330	6	1, 356.
3557	2331	114	
3558	2332	125	51 (1997) 72.
3559	2333	125	51 (1997) 75.
3560	2333	150	Oud archief Hoorn, inv. nr. 114, f. 1v.
3561	2334	26	1, 282.
3562	2337	36	1026.
3563	2338	29	151.
3564	2338	176	
3565	2339	125	26 (1972) 76.
3566	2339	148	Collectie Van der Lely, inv. nr. 7, f. 61v.
3567	2342	29	155.
3568	2342	176	
3569	2343	120	86.
3570	2343	149	7 (1998) 125.
3571	2343	176	
3572	2344	63	
3573	2344	148	Collectie Van der Lely, inv. nr. 7, f. 65.
3574	2345	120	87.
3575	2345	149	7 (1998) 218.
3576	2345	176	
3577	2346	136	1 (1897) 1-2, 4 (1900) 183.
3578	2346	149	8 (1999) 186.
3579	2346	176	
3580	2349	29	141.
3581	2350	16	7, 377.
3582	2350	188	1, 163.
3583	2351	120	87.
3584	2351	137	9 (1914) 463.
3585	2351	149	7 (1998) 18.
3586	2351	176	
3587	2352	63	
3588	2352	125	36 (1982) 231.
3589	2352	148	Collectie Van der Lely, inv. nr. 7, f. 67v.
3590	2353	29	99.
3591	2354	114	
3592	2354	125	23 (1969) 270.
3593	2355	6	1, 316.
3594	2356	141	16 (1961) 62.
3595	2357	141	16 (1961) 64.
3596	2359	117	14.
3597	2361	125	51 (1997) 73.
3598	2364	36	411, 1185.
3599	2364	189	81.
3600	2365	141	44 (1989) 174.
3601	2366	116	28 (1996) 18.
3602	2367	29	50.
3603	2368	29	57.
3604	2368	137	7 (1912) 386.
3605	2369	29	97.
3606	2369	134	98 (1981) 468.
3607	2370	29	131.
3608	2370	135	11 (1894) 126.
3609	2371	29	178.
3610	2372	29	202.
3611	2372	176	
3612	2373	29	209.
3613	2374	29	216.
3614	2375	29	244.
3615	2376	29	255.
3616	2376	176	
3617	2377	29	261.
3618	2378	29	271.
3619	2379	29	284.
3620	2380	29	294.
3621	2381	29	317.
3622	2382	29	321.
3623	2383	29	326.
3624	2384	29	314.
3625	2385	29	319.
3626	2386	29	322.
3627	2387	29	347.
3628	2388	29	300.
3629	2391	26	1, 75.
3630	2392	36	1027.
3631	2393	120	87.
3632	2393	149	7 (1998) 183.
3633	2393	176	
3634	2394	4	41 (1943/1948) 89.
3635	2394	26	2.
3636	2394	125	37 (1983) 167.
3637	2395	120	87.
3638	2395	149	7 (1998) 225.
3639	2395	176	
3640	2396	117	14.
3641	2397	114	
3642	2397	134	88 (1971) 248.
3643	2397	191	125.
3644	2401	6	1, 423.
3645	2402	6	1, 452.
3646	2403	114	
3647	2403	125	23 (1969) 273.
3648	2403	191	125.
3649	2405	10	349.
3650	2406	6	1, 493.
3651	2407	36	1240.
3652	2408	36	968.
3653	2409	6	1, 332.
3654	2412	120	87.
3655	2412	134	32 (1914) 292.
3656	2412	149	7 (1998) 122.
3657	2413	120	88.
3658	2413	136	14 (1910) 159.
3659	2413	149	7 (1998) 23.
3660	2413	176	
3661	2414	120	88.
3662	2414	134	32 (1914) 294.
3663	2414	149	6 (1997) 224.
3664	2414	176	
3665	2415	120	88.
3666	2415	134	32 (1914) 326.
3667	2415	149	7 (1998) 19.
3668	2415	176	
3669	2416	120	90.
3670	2416	134	33 (1915) 56.
3671	2416	149	6 (1997) 224.
3672	2416	176	
3673	2417	120	90.
3674	2417	134	33 (1915) 72.
3675	2417	149	7 (1998) 19.
3676	2417	176	
3677	2418	120	90.
3678	2418	134	33 (1915) 74.
3679	2418	149	7 (1998) 126.
3680	2418	176	
3681	2419	120	91.
3682	2419	134	33 (1915) 115.
3683	2419	149	7 (1998) 17.
3684	2419	176	
3685	2422	16	1, 1467.
3686	2422	36	1225.
3687	2423	36	1083.
3688	2423	189	82.
3689	2424	136	14 (1910) 349.
3690	2424	189	82.
3691	2425	33	1, 211.
3692	2425	36	975.
3693	2425	189	81.
3694	2426	33	1, 211.
3695	2426	125	10 (1956) 100.
3696	2427	33	1, 212.
3697	2427	36	970.
3698	2427	134	62 (1944) 88.
3699	2428	134	32 (1914) 363, 33 (1915) 18 (verbeteringen).
3700	2428	149	8 (1999) 14.
3701	2428	176	
3702	2429	120	87.
3703	2429	149	7 (1998) 188.
3704	2429	176	
3705	2430	120	88.
3706	2430	134	32 (1914) 366.
3707	2430	136	22 (1918) 157.
3708	2430	149	6 (1997) 227.
3709	2431	134	33 (1915) 14.
3710	2431	149	7 (1998) 227.
3711	2431	176	
3712	2432	120	90.
3713	2432	134	33 (1915) 57.
3714	2432	149	8 (1999) 8.
3715	2432	176	
3716	2433	120	90.
3717	2433	134	33 (1915) 110.
3718	2433	149	7 (1998) 226.
3719	2433	176	
3720	2434	29	181.
3721	2434	176	
3722	2435	29	193.
3723	2435	176	
3724	2436	29	200.
3725	2437	29	205.
3726	2438	29	253.
3727	2439	29	179.
3728	2440	29	283.
3729	2440	173	537.
3730	2441	29	286.
3731	2442	29	281.
3732	2443	29	305.
3733	2444	29	350.
3734	2445	29	364.
3735	2446	63	
3736	2446	148	Collectie Van der Lely, inv. nr. 7, f. 69v.
3737	2448	63	
3738	2448	148	Collectie Van der Lely, inv. nr. 7, f. 76.
3739	2449	26	2, 86.
3740	2450	26	2.
3741	2450	145	32 (1882) 251-252.
3742	2451	6	1, 497.
3743	2452	117	15.
3744	2454	6	1, 498.
3745	2455	147	(1995) 98.
3746	2457	6	1, 416.
3747	2458	147	(1995) 99.
3748	2459	31	419.
3749	2460	114	
3750	2460	125	24 (1970) 226.
3751	2461	117	15.
3752	2462	114	
3753	2462	134	88 (1971) 286.
3754	2462	191	128.
3755	2463	15	23 (1937) 280.
3756	2463	117	15.
3757	2464	147	(1995) 99.
3758	2465	6	1, 489.
3759	2466	6	1, 544.
3760	2468	116	28 (1996) 18.
3761	2469	141	44 (1989) 173.
3762	2471	141	44 (1989) 177.
3763	2472	116	28 (1996) 19.
3764	2473	141	44 (1989) 178.
3765	2475	26	2, 341.
3766	2476	63	
3767	2476	148	Collectie Van der Lely, inv. nr. 7, f. 78v.
3768	2477	33	1, 212.
3769	2478	63	
3770	2478	148	Collectie Van der Lely, inv. nr. 7, f. 86.
3771	2479	33	1, 212.
3772	2479	36	1129.
3773	2479	125	36 (1982) 233.
3774	2480	33	1, 212.
3775	2480	189	82.
3776	2481	26	2, 282.
3777	2482	33	1, 213.
3778	2483	16	1, 1190.
3779	2484	117	16.
3780	2484	137	1 (1906) 431.
3781	2485	6	1, 400.
3782	2486	147	(1995) 99.
3783	2487	147	(1995) 99.
3784	2489	134	46 (1928) 136.
3785	2489	147	(1995) 99.
3786	2490	19	226.
3787	2490	114	
3788	2490	191	129.
3789	2491	117	16.
3790	2491	137	1 (1906) 428.
3791	2492	10	316.
3792	2493	141	16 (1961) 61.
3793	2494	147	(1995) 99.
3794	2495	117	16.
3795	2498	19	226
3796	2498	114	
3797	2500	117	17.
3798	2501	10	351.
3799	2501	19	223.
3800	2504	6	1, 520.
3801	2505	10	239, noot 60.
3802	2505	19	223.
3803	2505	191	144.
3804	2506	147	(1995) 99.
3805	2507	10	361.
3806	2507	19	223.
3807	2507	191	144.
3808	2509	141	16 (1961) 66.
3809	2510	141	16 (1961) 64.
3810	2513	63	
3811	2513	148	Collectie Van der Lely, inv. nr. 7, f. 35v.
3812	2515	147	(1995) 97.
3813	2516	63	
3814	2516	148	Collectie Van der Lely, inv. nr. 7, f. 42.
3815	2518	6	1, 164.
3816	2518	117	10.
3817	2519	117	10, 11.
3818	2520	117	12.
3819	2521	114	
3820	2521	125	23 (1969) 272.
3821	2521	191	121.
3822	2522	141	16 (1916) 67.
3823	2523	117	12.
3824	2524	125	51 (1997) 63.
3825	2525	114	
3826	2525	191	122.
3827	2526	147	(1995) 97.
3828	2527	147	(1995) 97.
3829	2528	148	Collectie Van der Lely, inv. nr. 7, f. 59.
3830	2529	117	11, 13.
3831	2530	147	(1995) 97.
3832	2531	63	
3833	2531	148	Collectie Van der Lely, inv. nr. 7, f. 52.
3834	2532	117	13.
3835	2532	134	72 (1955) 247.
3836	2533	147	(1995) 97.
3837	2534	6	1, 89.
3838	2536	148	Collectie Van der Lely, inv. nr. 7, f. 58.
3839	2537	117	13.
3840	2538	147	(1995) 97.
3841	2539	19	230.
3842	2539	147	(1995) 99.
3843	2541	6	2, 578.
3844	2542	141	44 (1989)181.
3845	2543	116	28 (1996) 19.
3846	2544	33	1, 212.
3847	2545	36	1227.
3848	2546	26	3.
3849	2547	6	2, 614.
3850	2548	10	307.
3851	2548	19	223.
3852	2549	19	223.
3853	2550	19	226.
3854	2550	114	
3855	2551	19	226.
3856	2551	114	
3857	2552	19	230.
3858	2552	147	(1995) 100.
3859	2553	19	226.
3860	2553	114	
3861	2553	191	130.
3862	2554	19	232.
3863	2554	141	16 (1961) 66.
3864	2555	114	
3865	2555	191	128.
3866	2556	26	3, 418.
3867	2557	63	
3868	2557	148	Collectie Van der Lely, inv. nr. 7, f. 109.
3869	2558	33	1, 213.
3870	2558	136	14 (1910) 353.
3871	2559	15	32 (1946) 18.
3872	2559	63	
3873	2559	148	Collectie Van der Lely, inv. nr. 7, f. 107v.
3874	2560	15	18 (1928-1929) 351.
3875	2561	33	1, 213.
3876	2561	125	5 (1951) 142.
3877	2562	26	3, 8.
3878	2563	63	
3879	2563	148	Collectie Van der Lely, inv. nr. 7, f. 116v.
3880	2567	10	333.
3881	2567	19	223.
3882	2569	6	2, 555.
3883	2570	19	226.
3884	2570	114	
3885	2571	19	233.
3886	2572	6	2, 679.
3887	2574	141	44 (1989) 184.
3888	2575	141	44 (1989) 184.
3889	2576	4	8 (1910) 134.
3890	2576	63	
3891	2576	148	Collectie Van der Lely, inv. nr. 7, f. 103.
3892	2577	19	226.
3893	2577	114	
3894	2577	191	131.
3895	2578	19	220.
3896	2578	117	18.
3897	2579	10	328.
3898	2579	19	224.
3899	2580	19	233.
3900	2581	19	221.
3901	2582	33	1, 214.
3902	2583	33	1, 214.
3903	2586	142	147.
3904	2587	63	
3905	2587	125	26 (1972) 94.
3906	2587	135	4 (1887) 70, 15 (1902) 267.
3907	2587	148	Collectie Van der Lely, inv. nr. 7, f. 123v.
3908	2588	26	3, 165.
3909	2589	16	8, 1012.
3910	2589	26	4 en
3911	2590	6	2, 724.
3912	2591	19	227.
3913	2591	114	
3914	2591	191	132.
3915	2592	19	231.
3916	2592	147	(1995) 101.
3917	2594	6	2, 611.
3918	2595	141	44 (1989) 188.
3919	2596	120	91.
3920	2596	134	33 (1915) 221.
3921	2596	149	6 (1997) 287.
3922	2597	26	4.
3923	2598	26	4, 84-85.
3924	2599	120	91.
3925	2599	134	33 (1915) 231.
3926	2599	149	6 (1997) 226.
3927	2600	26	4, 166.
3928	2600	135	9 (1892) 194.
3929	2601	15	63 (1977) 197.
3930	2601	33	1, 214.
3931	2602	142	148.
3932	2603	10	328.
3933	2603	19	224.
3934	2604	6	2, 574.
3935	2605	10	313.
3936	2605	19	224.
3937	2605	81	44.
3938	2606	6	2, 784.
3939	2607	6	2, 806.
3940	2608	6	1, 496.
3941	2609	6	2, 724.
3942	2610	134	33 (1915) 232.
3943	2610	149	7 (1998) 179.
3944	2612	134	33 (1915) 229.
3945	2612	149	8 (1999) 10.
3946	2613	63	
3947	2613	135	9 (1892) 98.
3948	2613	148	Collectie Van der Lely, inv. nr. 7, f. 124v.
3949	2614	134	33 (1915) 240.
3950	2614	149	8 (1999) 11.
3951	2615	134	33 (1915) 238.
3952	2615	149	7 (1998) 219.
3953	2616	4	40 (1942) 63.
3954	2616	33	1, 214.
3955	2617	134	33 (1915) 310.
3956	2617	149	7 (1998) 21.
3957	2618	26	4, 82.
3958	2618	135	9 (1892) 99.
3959	2619	33	1, 214.
3960	2619	125	40 (1986) 139.
3961	2620	26	4.
3962	2621	19	221.
3963	2622	19	222.
3964	2623	19	233.
3965	2624	19	231.
3966	2624	147	(1995) 101.
3967	2626	6	2, 714.
3968	2627	6	2, 894.
3969	2628	135	9 (1892) 145.
3970	2628	141	44 (1989) 190.
3971	2629	141	44 (1989) 194.
3972	2630	135	9 (1892) 145.
3973	2630	141	44 (1989) 189.
3974	2631	63	
3975	2631	135	9 (1892) 220, 15 (1902) 266.
3976	2631	148	Collectie Van der Lely, inv. nr. 7, f. 127v.
3977	2632	4	38 (1940) 503.
3978	2632	33	1, 215.
3979	2632	136	14 (1910) 361.
3980	2633	26	4, 79.
3981	2634	26	4, 333.
3982	2635	10	352.
3983	2635	19	224.
3984	2636	19	227.
3985	2636	114	
3986	2637	19	231.
3987	2637	147	(1995) 101.
3988	2638	6	1, 439.
3989	2639	19	233.
3990	2640	19	227.
3991	2640	114	
3992	2640	125	23 (1969) 322.
3993	2641	19	231.
3994	2641	147	(1995) 101.
3995	2642	19	222.
3996	2643	19	231.
3997	2643	147	(1995) 101.
3998	2644	19	227.
3999	2644	114	
4000	2645	6	1, 496.
4001	2646	135	13 (1900) 72.
4002	2646	141	44 (1989) 194.
4003	2647	63	
4004	2647	135	15 (1902) 274.
4005	2647	148	Collectie Van der Lely, inv. nr. 7, f.130.
4006	2648	134	33 (1915) 282.
4007	2649	15	58 (1972) 23.
4008	2649	33	1, 216.
4009	2652	33	1, 215.
4010	2653	26	4, 80.
4011	2654	134	33 (1915) 341.
4012	2654	149	7 (1998) 24.
4013	2655	19	222.
4014	2655	117	21.
4015	2656	19	233.
4016	2657	10	315.
4017	2657	19	225.
4018	2658	19	227.
4019	2658	114	
4020	2660	19	222.
4021	2660	117	21.
4022	2660	149	4 (1995) 118.
4023	2661	19	232.
4024	2661	147	(1995) 101.
4025	2662	19	227.
4026	2662	125	24 (1970) 287.
4027	2663	6	2, 907
4028	2664	19	234.
4029	2665	19	232.
4030	2665	147	(1995) 102.
4031	2666	15	43 (1957) 45.
4032	2666	19	227.
4033	2666	125	24 (1970) 241.
4034	2667	4	42 (1949) 503.
4035	2667	15	63 (1977) 197.
4036	2667	33	1, 215.
4037	2667	125	10 (1956) 93.
4038	2668	26	4, 171.
4039	2669	134	33 (1915) 344.
4040	2669	149	6 (1997) 221.
4041	2671	15	29 (1943) 330, 53 (1967) 217.
4042	2671	135	15 (1902) 274.
4043	2671	148	Collectie Van der Lely, inv. nr. 7, f. 137
4044	2672	125	26 (1972) 83.
4045	2672	135	4 (1887) 67, 15 (1902) 258, 263, 271-272, 275.
4046	2672	148	Collectie Van der Lely, inv. nr. 7, f. 141.
4047	2673	26	5, 17.
4048	2673	134	76 (1959) 18.
4049	2674	19	222.
4050	2674	117	21.
4051	2676	6	2, 947
4052	2677	6	2, 943.
4053	2678	6	1, 446.
4054	2680	10	296.
4055	2680	19	225.
4056	2681	19	227
4057	2681	134	71 (1988) 302.
4058	2682	6	2, 929.
4059	2683	6	2, 1008.
4060	2684	141	44 (1989) 195.
4061	2685	19	235.
4062	2685	116	28 (1996) 21.
4063	2686	15	35 (1949) 215.
4064	2686	149	9 (2000) 168
4065	2688	10	308.
4066	2688	19	225.
4067	2688	191	153.
4068	2689	19	232.
4069	2689	147	(1995) 102.
4070	2690	19	228.
4071	2690	125	24 (1970) 265.
4072	2690	191	136.
4073	2691	26	5, 15.
4074	2692	19	232.
4075	2692	147	(1995) 102.
4076	2693	19	228.
4077	2694	19	232.
4078	2694	147	(1995) 102.
4079	2695	132	191.
4080	2695	142	149.
4081	2695	203	200.
4082	2696	135	15 (1902) 261, 271-272.
4083	2696	148	Collectie Van der Lely, inv. nr. 7, f. 143.
4084	2697	16	1, 791.
4085	2697	33	1, 213.
4086	2698	33	1, 214.
4087	2698	136	14 (1910) 356.
4088	2699	6	2, 1007.
4089	2700	142	176.
4090	2701	33	1, 213.
4091	2702	7	XXXV, XLVIII.
4092	2702	36	1342.
4093	2702	77	324.
4094	2703	4	42 (1949) 64.
4095	2703	7	XXXV.
4096	2703	188	2, 145.
4097	2704	7	XXXV.
4098	2704	134	59 (1941) 182.
4099	2704	178	10 (1974) 115-116.
4100	2705	4	44 (1951) 327.
4101	2705	7	XXXV.
4102	2705	15	13 (1923) 335.
4103	2706	7	XLIX.
4104	2706	36	1077.
4105	2707	7	L.
4106	2708	7	L.
4107	2709	7	L.
4108	2709	36	1119.
4109	2710	7	L.
4110	2710	214	264.
4111	2711	27	13.
4112	2712	7	L.
4113	2712	214	279.
4114	2713	7	L.
4115	2713	214	277.
4116	2714	7	L.
4117	2714	31	195.
4118	2715	7	L.
4119	2715	125	29 (1975) 60.
4120	2716	188	2, 853.
4121	2716	206	Bijlage II.
4122	2717	7	LI.
4123	2717	31	446.
4124	2718	7	LI.
4125	2718	31	646.
4126	2718	125	27 (1973) 285.
4127	2718	188	1, 524.
4128	2719	7	LI.
4129	2720	7	LI.
4130	2721	7	LI.
4131	2721	31	128.
4132	2721	206	Bijlage XV.
4133	2721	214	266.
4134	2722	7	LI.
4135	2723	7	LI.
4136	2724	7	LI.
4137	2724	31	537.
4138	2725	214	263.
4139	2726	125	26 (1972) 94.
4140	2727	7	LI.
4141	2727	125	9 (1955) 121.
4142	2728	7	LI.
4143	2729	7	LI.
4144	2729	135	9 (1892) 219.
4145	2730	31	548.
4146	2730	188	2, 290.
4147	2731	132	195.
4148	2732	7	LI.
4149	2732	135	9 (1892) 171.
4150	2734	214	264.
4151	2735	7	LI.
4152	2735	31	509.
4153	2735	205	1772, f. 40.
4154	2735	206	Bijlage XV.
4155	2736	7	LII.
4156	2736	135	9 (1892) 268.
4157	2737	135	9 (1892) 99.
4158	2737	214	263.
4159	2738	15	16 (1926) 255.
4160	2738	29	313.
4161	2739	142	110.
4162	2740	7	LII.
4163	2740	135	9 (1892) 170.
4164	2741	7	LII.
4165	2741	135	3 (1886) 198.
4166	2741	205	1754, deel II, f. 217.
4167	2742	7	LII.
4168	2743	7	LII.
4169	2743	15	51 (1965) 60.
4170	2743	125	34 (1980) 92.
4171	2744	4	42 (1949) 418.
4172	2744	7	LII.
4173	2746	7	LII.
4174	2746	135	9 (1892) 152-153.
4175	2747	214	278.
4176	2748	4	39 (1941) 121.
4177	2749	7	LII.
4178	2749	135	11 (1894) 62.
4179	2750	15	22 (1935-1936) 34.
4180	2750	135	11 (1894) 167.
4181	2750	214	275.
4182	2751	7	LII.
4183	2751	135	10 (1893) 2.
4184	2753	13	
4185	2753	132	197.
4186	2754	135	9 (1892) 147.
4187	2754	205	1777, f. 176.
4188	2755	4	81 (1990-1991) 135.
4189	2755	125	37 (1983) 241.
4190	2755	188	1, 122.
4191	2755	206	Bijlage XVI.
4192	2756	7	LII.
4193	2756	214	277.
4194	2757	4	80 (1989) 100.
4195	2757	48	43.
4196	2758	214	263.
4197	2759	15	5 (1914) 290.
4198	2759	135	14 (1901) 183.
4199	2760	4	85 (1995) 42.
4200	2760	48	108.
4201	2761	15	47 (1961) 123.
4202	2762	214	286.
4203	2763	7	LIII.
4204	2764	15	8 (1917) 228, 40 (1954) 303.
4205	2764	205	1791, f. 258.
4206	2765	15	63 (1977) 184.
4207	2766	7	LVI.
4208	2766	31	166.
4209	2766	214	264.
4210	2767	7	LVIII.
4211	2767	16	5, 836.
4212	2768	7	LVIII.
4213	2768	214	273.
4214	2769	214	270.
4215	2770	7	LVIII.
4216	2770	135	9 (1892) 217.
4217	2772	7	LIX.
4218	2772	134	47 (1929) 336.
4219	2773	8	36.
4220	2774	7	LX.
4221	2775	7	LX.
4222	2775	214	266.
4223	2777	7	LX.
4224	2778	7	LX.
4225	2778	135	9 (1892) 224.
4226	2779	7	LX.
4227	2779	214	277.
4228	2780	136	22 (1918) 206.
4229	2781	7	LX.
4230	2781	135	4 (1887) 33.
4231	2781	214	264.
4232	2782	31	607.
4233	2783	214	278.
4234	2785	7	XLIX.
4235	2786	7	LXIV.
4236	2787	7	LIX, LXIV.
4237	2788	8	31.
4238	2790	125	19 (1965) 156.
4239	2792	7	LXIV.
4240	2792	31	40.
4241	2793	7	LXIV.
4242	2794	7	LXV.
4243	2795	7	LXV.
4244	2796	7	LXV.
4245	2797	7	LXV.
4246	2798	7	LXV
4247	2799	7	LXV.
4248	2800	7	LXV.
4249	2803	125	27 (1973) 288.
4250	2805	136	14 (1910) 289.
4251	2806	136	22 (1918) 204.
4252	2807	31	129.
4253	2807	206	Bijlage XV.
4254	2808	27	80.
4255	2809	7	LXV.
4256	2809	125	27 (1973) 277.
4257	2809	135	9 (1892) 169.
4258	2810	4	44 (1951) 328.
4259	2810	7	LX.
4260	2810	15	13 (1923) 339.
4261	2811	4	40 (1942) 174.
4262	2811	15	47 (1961) 122.
4263	2812	188	1, 117.
4264	2813	26	1.
4265	2814	26	1, 6.
4266	2814	125	25 (1971) 205.
4267	2815	63	
4268	2815	135	5 (1888) 86.
4269	2815	148	Collectie Van der Lely, inv. nr. 7, f. 122.
4270	2817	143	1483.
4271	2817	194	476.
4272	2817	200	38.
4273	2818	13	
4274	2819	13	
4275	2820	13	
4276	2820	125	15 (1961) 108.
4277	2821	13	
4278	2822	137	1 (1906) 250.
4279	2822	200	36, 43-44.
4280	2823	144	35.
4281	2823	152	35.
4282	2823	188	2, 807.
4283	2823	200	39.
4284	2824	16	6, 425.
4285	2824	133	41.
4286	2825	143	1482.
4287	2826	143	1483.
4288	2827	143	1484.
4289	2827	188	2, 482.
4290	2827	206	Bijlage IV.
4291	2828	31	149.
4292	2828	138	nieuwe reeks 2 (1880) 102.
4293	2829	143	1484.
4294	2830	6	1, 76.
4295	2830	143	1484.
4296	2831	31	231.
4297	2831	143	1484.
4298	2832	143	1484.
4299	2833	143	1484.
4300	2833	206	Bijlage VI.
4301	2835	31	486.
4302	2835	143	1484.
4303	2836	31	489.
4304	2838	134	76 (1959) 262.
4305	2838	143	1484.
4306	2839	7	LXIV.
4307	2839	200	54-55.
4308	2840	143	1484.
4309	2841	4	39 (1941) 90.
4310	2841	8	83.
4311	2841	143	1484.
4312	2842	143	1485.
4313	2842	144	53.
4314	2843	13	
4315	2844	13	
4316	2845	13	
4317	2846	13	
4318	2847	13	
4319	2848	13	
4320	2848	205	1764, f. 26.
4321	2849	13	
4322	2849	205	1781, f. 241.
4323	2850	13	
4324	2850	205	1785, f. 152.
4325	2851	13	
4326	2851	205	1789, f. 64.
4327	2852	13	
4328	2852	151	5, 127.
4329	2852	205	1789, f. 309.
4330	2853	7	XLIX.
4331	2854	26	2, 282.
4332	2855	143	1480.
4333	2857	116	28 (1996) 18.
4334	2858	116	28 (1996) 18.
4335	2859	116	28 (1996) 18.
4336	2859	146	Oud archief Purmerend, inv. nr. 94g, 10 december 1650.
4337	2860	116	28 (1996) 18.
4338	2861	116	28 (1996) 19.
4339	2862	116	28 (1996) 19.
4340	2863	116	28 (1996) 18.
4341	2864	116	28 (1996) 18.
4342	2865	116	28 (1996) 18.
4343	2866	116	28 (1996) 18.
4344	2867	116	28 (1996) 17.
4345	2868	116	28 (1996) 18.
4346	2869	116	28 (1996) 18.
4347	2870	116	28 (1996) 17.
4348	2871	116	28 (1996) 17.
4349	2872	147	(1995) 99.
4350	2873	147	(1995) 98.
4351	2874	147	(1995) 98.
4352	2875	147	(1995) 98.
4353	2876	19	230.
4354	2876	147	(1995) 99.
4355	2877	209	12 (1602-1603) H.H.P. Rijperman ed. ('s-Gravenhage 1950) 266.
4356	2878	16	3, 1083 (onder lemma vader).
4357	2878	31	153.
4358	2879	31	265.
4359	2879	138	5 (1876) 200.
4360	2880	136	11 (1907) 401.
4361	2881	31	127.
4362	2881	206	Bijlage XV.
4363	2885	31	150.
4364	2886	136	5 (1901) 204.
4365	2887	31	350.
4366	2888	36	1189.
4367	2895	6	1, 314.
4368	2898	135	4 (1887) 212.
4369	2899	4	5 (1907) 71.
4370	2899	15	6 (1915) 36.
4371	2899	31	127.
4372	2899	206	Bijlage X.
4373	2900	6	1, 314.
4374	2900	27	377.
4375	2902	135	9 (1892) 145.
4376	2904	206	Bijlage IV.
4377	2905	4	4 (1906) 116.
4378	2905	152	29.
4379	2905	188	1, 121.
4380	2905	206	Bijlage XVI.
4381	2907	31	372.
4382	2913	181	352.
4383	2915	135	2 (1885) 13.
4384	2918	125	2 (1948) 31, 40.
4385	2919	135	9 (1892) 147.
4386	2921	135	9 (1892) 196.
4387	2922	135	9 (1892) 146.
4388	2924	135	9 (1892) 196.
4389	2925	15	60 (1974) 332.
4390	2925	134	52 (1934) 73.
4391	2925	152	36.
4392	2925	206	Bijlage VII.
4393	2926	125	27 (1973) 289.
4394	2926	188	2, 596.
4395	2926	206	Bijlage VII.
4396	2927	135	10 (1893) 2.
4397	2928	135	9 (1892) 196.
4398	2929	135	9 (1892) 221.
4399	2931	15	6 (1915) 36.
4400	2935	15	65 (1980/1981) 44.
4401	2935	134	78 (1961) 195.
4402	2936	188	2, 377.
4403	2938	31	449.
4404	2940	206	Bijlage XVI.
4405	2940	215	529.
4406	2941	135	8 (1891) 130.
4407	2942	134	45 (1927) 320.
4408	2942	138	3 (1874) 156.
4409	2943	15	75 (1991) 182.
4410	2944	4	79 (1988) 144.
4411	2945	134	93 (1976) 74.
4412	2946	4	45 (1952) 5-6, 9.
4413	2946	31	105, 315.
4414	2946	136	21 (1917) 92.
4415	2946	152	11.
4416	2947	188	2, 420.
4417	2949	16	3, 1083.
4418	2949	188	2, 534.
4419	2952	206	Bijlage VII.
4420	2953	31	265.
4421	2953	138	5 (1876) 200.
4422	2955	4	46 (1953) 70.
4423	2955	125	16 (1962) 199.
4424	2955	134	53 (1935) 42.
4425	2955	188	2, 845.
4426	2956	15	49 (1963) 50.
4427	2956	152	36.
4428	2961	165	rechterlijke archieven Zeeuws-Vlaanderen, inv. nr. 143, f. 17v.
4429	2963	31	390.
4430	2965	31	124.
4431	2965	206	Bijlage XV.
4432	2966	206	Bijlage VII.
4433	2973	135	5 (1888) 180.
4434	2985	4	12 (1914) 400.
4435	2985	152	15.
4436	2985	188	2, 1081.
4437	2985	198	XXI-XXVI.
4438	2986	4	45 (1952) 365.
4439	2986	166	
4440	2986	188	2, 759.
4441	2986	206	Bijlage I.
4442	2987	16	3, 1083.
4443	2989	31	441.
4444	2989	138	5 (1876) 198.
4445	2990	135	2 (1885) 13.
4446	2990	152	9.
4447	2991	134	86 (1969) 223.
4448	2991	135	5 (1888) 22.
4449	2992	135	10 (1893) 78.
4450	2993	136	3 (1899) 140.
4451	2993	188	2, 486.
4452	2993	206	Bijlage IV.
4453	2994	125	2 (1948) 36.
4454	2994	135	13 (1900) 18.
4455	2994	188	2, 1063.
4456	2996	136	10 (1906) 122.
4457	2997	155	2, 420.
4458	2998	137	9 (1914) 70.
4459	2998	153	280.
4460	2998	188	2, 792.
4461	3000	134	56 (1938) 218.
4462	3000	152	15.
4463	3001	125	27 (1973) 285.
4464	3002	15	40 (1954) 302.
4465	3002	134	93 (1976) 116.
4466	3003	129	3.
4467	3004	117	10-11.
4468	3006	147	(1995) 98.
4469	3007	147	(1995) 98.
4470	3008	147	(1995) 97.
4471	3009	150	Oud archief Hoorn, inv. nr. 120, overzicht voor f. 1.
4472	3010	141	16 (1961) 65.
4473	3010	150	Oud archief Medemblik, bergnummer 10, vroedschapsresoluties, 16 april 1619.
4474	3011	141	16 (1961) 66.
4475	3013	141	16 (1961) 61.
4476	3014	141	16 (1961) 63.
4477	3015	141	16 (1961) 60.
4478	3016	141	16 (1961) 65.
4479	3017	141	16 (1961) 61.
4480	3018	117	11.
4481	3019	147	(1995) 96.
4482	3022	129	2.
4483	3023	136	8 (1904) 211.
4484	3023	152	19.
4485	3023	153	335.
4486	3024	138	4 (1875) 23.
4487	3024	152	26.
4488	3024	188	2, 697.
4489	3025	31	612.
4490	3025	152	13.
4491	3026	135	2 (1885) 220.
4492	3028	134	58 (1940) 370.
4493	3028	152	26.
4494	3029	6	1, 227.
4495	3031	131	
4496	3031	134	55 (1937) 263.
4497	3032	149	8 (1999) nr. 3, 271.
4498	3034	166	
4499	3035	136	1 (1897) 95.
4500	3035	188	2, 480.
4501	3035	206	Bijlage IV.
4502	3037	117	13.
4503	3038	117	17.
4504	3039	10	302.
4505	3040	6	2, 921.
4506	3041	19	227.
4507	3043	31	147.
4508	3043	152	11.
4509	3045	209	Nieuwe reeks 2 (1613-1616) A.Th. van Deursen ed. ('s-Gravenhage 1984) 133.
4510	3046	209	13 (1604-1606) H.H.P. Rijperman ed. ('s-Gravenhage 1957) 206.
4511	3047	166	
4512	3048	209	13 (1604-1606) H.H.P. Rijperman ed.  ('s-Gravenhage 1957) 485.
4513	3049	152	25.
4514	3049	188	1, 103.
4515	3050	16	1, 262.
4516	3050	188	2, 1035.
4517	3053	188	1, 464.
4518	3054	152	3.
4519	3054	188	1, 162.
4520	3055	152	4.
4521	3055	188	2, 515.
4522	3056	152	4.
4523	3056	188	2, 120.
4524	3057	188	2, 126.
4525	3058	152	5.
4526	3058	188	1, 552.
4527	3059	16	1, 1368.
4528	3059	152	5.
4529	3059	179	191.
4530	3059	188	2, 260.
4531	3060	135	9 (1892) 100.
4532	3060	152	5.
4533	3060	174	502.
4534	3061	151	3, 114.
4535	3061	174	503.
4536	3061	188	1, 126.
4537	3061	206	Bijlage XVI.
4538	3062	152	6.
4539	3062	174	507.
4540	3062	188	2, 374.
4541	3063	165	archief Staten van Zeeland, inv. nr. 1667 f. 19.
4542	3063	166	
4543	3063	188	2, 334.
4544	3064	166	
4545	3066	152	7.
4546	3067	152	7.
4547	3068	152	7.
4548	3069	152	8.
4549	3070	152	8.
4550	3072	152	8.
4551	3073	16	5, 484.
4552	3073	152	8.
4553	3073	188	2, 373.
4554	3074	4	46 (1953) 71.
4555	3074	152	9.
4556	3074	188	2, 846.
4557	3075	135	9 (1892) 222.
4558	3075	152	9.
4559	3075	188	2, 487.
4560	3075	206	Bijlage IV.
4561	3076	135	9 (1892) 224.
4562	3076	152	9.
4563	3076	206	Bijlage VII.
4564	3077	136	3 (1899) 264.
4565	3077	152	9.
4566	3077	188	1, 75.
4567	3077	206	Bijlage VI.
4568	3078	31	64.
4569	3078	152	11.
4570	3079	31	116.
4571	3079	132	118.
4572	3079	188	2, 743.
4573	3081	31	242.
4574	3081	152	11.
4575	3082	31	314.
4576	3082	152	11.
4577	3083	31	298.
4578	3084	31	385.
4579	3084	152	12.
4580	3085	31	406.
4581	3086	31	437.
4582	3086	152	12.
4583	3087	31	508.
4584	3087	152	12.
4585	3087	206	Bijlage XV.
4586	3088	31	579.
4587	3088	152	12.
4588	3089	31	657.
4589	3090	152	15.
4590	3091	15	21 (1933-1934) 377.
4591	3092	16	2, 997.
4592	3092	152	15.
4593	3092	188	2, 277.
4594	3093	152	16.
4595	3094	152	16.
4596	3095	152	16.
4597	3096	152	16.
4598	3096	188	2, 278.
4599	3097	152	16.
4600	3097	154	1.
4601	3098	153	202.
4602	3099	152	17.
4603	3099	153	248.
4604	3099	188	2, 513.
4605	3100	134	64 (1947) 178.
4606	3100	152	17.
4607	3100	153	147.
4608	3100	206	Bijlage VI.
4609	3101	152	17.
4610	3101	153	326.
4611	3102	152	18.
4612	3102	153	280.
4613	3102	188	2, 793.
4614	3103	153	280.
4615	3103	188	2, 793.
4616	3104	152	18.
4617	3104	153	301.
4618	3104	188	2, 903.
4619	3105	153	305.
4620	3105	188	2, 904.
4621	3107	152	18.
4622	3107	153	132.
4623	3108	152	18.
4624	3108	153	300.
4625	3109	152	19.
4626	3109	153	328.
4627	3109	188	1, 25.
4628	3110	152	19.
4629	3110	153	278.
4630	3111	15	12 (1921-1922) 15.
4631	3111	152	19.
4632	3111	153	329.
4633	3112	152	19.
4634	3112	153	279.
4635	3113	125	2 (1948) 20.
4636	3113	152	21.
4637	3114	134	38 (1956) 251.
4638	3114	152	21.
4639	3115	125	2 (1948) 20.
4640	3115	152	21.
4641	3116	125	2 (1948) 44.
4642	3116	152	21.
4643	3117	125	2 (1948) 20.
4644	3117	152	21.
4645	3118	125	2 (1948) 34.
4646	3119	125	2 (1948) 34.
4647	3119	152	22.
4648	3120	125	2 (1948) 26, 35.
4649	3120	152	22.
4650	3121	125	2 (1948) 21, 37.
4651	3122	125	2 (1948) 22, 37.
4652	3122	188	2, 249.
4653	3123	125	2 (1948) 28, 38.
4654	3123	152	22.
4655	3124	125	2 (1948) 22, 38.
4656	3124	134	93 (1976) 22.
4657	3125	125	2 (1948) 23, 30, 39.
4658	3125	135	9 (1892) 194.
4659	3125	152	23.
4660	3126	125	2 (1948) 22, 37.
4661	3126	136	4 (1900) 48.
4662	3126	152	23.
4663	3127	125	2 (1948) 23, 39.
4664	3127	135	9 (1892) 148.
4665	3127	152	23.
4666	3128	125	2 (1948) 40.
4667	3128	135	9 (1892) 194.
4668	3128	152	23.
4669	3128	165	archief van de rekenkamer van Zeeland II, inv. nr. 1113, 12.
4670	3128	188	1, 433.
4671	3129	125	2 (1948) 23, 40.
4672	3130	152	25.
4673	3130	188	2, 894.
4674	3131	152	25.
4675	3132	152	25.
4676	3132	165	archief van de rekenkamer van Zeeland II, inv. nr. 1113, 13.
4677	3132	206	Bijlage IV.
4678	3133	4	42 (1949) 59.
4679	3135	152	26.
4680	3136	152	26.
4681	3137	152	26.
4682	3137	188	2, 265.
4683	3138	15	16 (1926) 130.
4684	3139	16	3, 1082.
4685	3139	152	27.
4686	3139	188	2, 533.
4687	3140	152	27.
4688	3140	188	2, 925.
4689	3141	4	41 (1943/1948) 88.
4690	3141	152	27.
4691	3141	188	1, 492.
4692	3142	152	27.
4693	3142	188	1, 56.
4694	3143	188	2, 993.
4695	3143	193	59.
4696	3144	31	311.
4697	3144	152	27.
4698	3144	188	2, 692.
4699	3145	152	28.
4700	3145	188	1, 86.
4701	3146	152	28.
4702	3146	188	2, 851.
4703	3146	206	Bijlage II.
4704	3147	6	2, 621.
4705	3147	188	1, 443.
4706	3148	31	498.
4707	3148	152	28.
4708	3148	188	2, 833.
4709	3149	135	4 (1887) 193, 9 (1892) 195.
4710	3149	188	1, 524.
4711	3150	152	29.
4712	3150	153	328.
4713	3150	188	2, 474.
4714	3151	135	9 (1892) 100.
4715	3151	152	29.
4716	3152	135	9 (1892) 265.
4717	3152	152	29.
4718	3152	188	2, 697.
4719	3153	174	503.
4720	3153	188	1, 116, 2, 1066.
4721	3154	174	503.
4722	3154	206	Bijlage XVI.
4723	3155	152	32.
4724	3156	31	255.
4725	3156	152	32.
4726	3156	188	1, 441.
4727	3157	152	32.
4728	3157	165	archief van de rekenkamer van Zeeland II, inv. nr. 1113, 1.
4729	3157	206	Bijlage V.
4730	3158	152	32.
4731	3158	206	Bijlage V.
4732	3159	135	9 (1892) 99.
4733	3159	152	34.
4734	3160	174	502.
4735	3161	152	35.
4736	3161	188	2, 125.
4737	3162	31	202.
4738	3162	152	35.
4739	3162	188	2, 744.
4740	3163	152	35.
4741	3164	136	20 (1916) 263.
4742	3164	152	35.
4743	3165	152	36.
4744	3166	188	2, 786.
4745	3166	206	Bijlage XII.
4746	3167	15	27 (1941) 320.
4747	3168	153	236.
4748	3168	165	archief van de rekenkamer van Zeeland II, inv. nr. 1113, 9.
4749	3169	153	298.
4750	3169	165	archief van de rekenkamer van Zeeland II, inv. nr. 1113, 9.
4751	3170	153	197.
4752	3170	165	archief van de rekenkamer van Zeeland II, inv. nr. 1113, 9.
4753	3171	153	192.
4754	3171	165	archief van de rekenkamer van Zeeland II, inv. nr. 1113, 9.
4755	3172	165	archief van de rekenkamer van Zeeland II, inv. nr. 1113, 12.
4756	3173	153	register.
4757	3174	153	323.
4758	3175	4	46 (1953) 211.
4759	3175	153	299.
4760	3176	153	311.
4761	3177	132	140.
4762	3177	153	280.
4763	3177	188	2, 793.
4764	3178	153	172.
4765	3179	153	212.
4766	3180	125	2 (1948) 22, 39.
4767	3181	125	2 (1948) 28, 38.
4768	3181	165	archief van de rekenkamer van Zeeland II, inv. nr. 1113, 12.
4769	3182	4	40 (1942) 627.
4770	3182	125	2 (1948) 28, 38.
4771	3183	125	2 (1948) 29, 38.
4772	3183	165	archief van de rekenkamer van Zeeland II, inv. nr. 1113, 12.
4773	3184	125	2 (1948) 29, 39.
4774	3184	135	9 (1892) 222.
4775	3185	125	2 (1948) 31, 39, 27 (1973) 289.
4776	3185	165	archief van de rekenkamer van Zeeland II, inv. nr. 1113, 2.
4777	3186	16	7, 1172.
4778	3186	125	2 (1948) 31, 40.
4779	3186	135	9 (1892) 265.
4780	3186	138	4 (1875) 22.
4781	3187	125	2 (1948) 32, 41.
4782	3188	125	2 (1948) 34.
4783	3188	205	1626, f. 380, 1631, f. 17.
4784	3190	125	2 (1948) 36.
4785	3190	165	archief van de rekenkamer van Zeeland II, inv. nr. 1113, 11.
4786	3191	125	2 (1948) 37 (zie ook onder Johan van Borssele)
4787	3191	165	archief van de rekenkamer van Zeeland II, inv. nr. 1113, 11.
4788	3193	125	2 (1948) 38.
4789	3194	125	2 (1948) 38, 44.
4790	3195	125	2 (1948) 39.
4791	3195	135	9 (1892) 100.
4792	3195	165	archief van de rekenkamer van Zeeland II, inv. nr. 1113, 12.
4793	3196	125	2 (1948) 40.
4794	3196	188	2, 599.
4795	3196	206	Bijlage VII.
4796	3197	125	2 (1948) 41.
4797	3197	135	9 (1892) 265.
4798	3197	165	archief van de rekenkamer van Zeeland II, inv. nr. 1113, 12.
4799	3197	188	2, 677.
4800	3198	4	85 (1995) 551.
4801	3198	154	1.
4802	3199	134	72 (1955) 70.
4803	3201	4	88 (1999) 9.
4804	3201	125	49 (1995) 178.
4805	3202	165	archief van de rekenkamer van Zeeland II, inv. nr. 1113, 3.
4806	3207	188	2, 482.
4807	3207	206	Bijlage IV.
4808	3208	132	154.
4809	3208	188	2, 262.
4810	3210	206	Bijlage XIV.
4811	3211	6	2, 977.
4812	3213	205	1608, f. 114.
4813	3213	209	14 (1607-1609) H.H.P. Rijperman ed. ('s-Gravenhage 1970) 530.
4814	3215	125	2 (1948) 34, 24 (1970) 142.
4815	3217	125	2 (1948) 34.
4816	3217	134	64 (1947) 179.
4817	3217	206	Bijlage VI.
4818	3218	205	1654, f. 30, 1674, f. 4.
4819	3219	31	40.
4820	3220	31	122.
4821	3221	31	572.
4822	3222	31	577.
4823	3223	31	658.
4824	3224	31	700.
4825	3225	31	446.
4826	3225	130	Provinciale resoluties, inv. nr. 314, 333.
4827	3226	31	543.
4828	3227	4	40 (1942) 495.
4829	3227	137	10 (1915) 147.
4830	3228	192	archief Raad van Brabant, inv. nr. 7, f. 395.
4831	3229	4	5 (1907) 356.
4832	3229	125	13 (1959) 126, 22 (1968) 45.
4833	3229	209	Nieuwe reeks 6 (1623-1624) J. Roelevink ed. ('s-Gravenhage 1989) 373.
4834	3230	4	38 (1940) 21.
4835	3230	192	archief Raad van Brabant, inv. nr. 7, f. 396.
4836	3231	4	40 (1942) 495.
4837	3231	137	10 (1915) 147.
4838	3233	192	archief Raad van Brabant, inv. nr. 7, f. 396.
4839	3234	125	44 (1990) 182.
4840	3234	192	archief Raad van Brabant, inv. nr. 7, f. 428.
4841	3235	192	archief Raad van Brabant, inv. nr. 7, f. 396.
4842	3236	192	archief Raad van Brabant, inv. nr. 1, f. 227, inv. nr. 7, f. 85, 397.
4843	3237	135	11 (1894) 120.
4844	3238	137	7 (1912) 7.
4845	3240	192	archief Raad van Brabant, inv. nr. 7, f. 396.
4846	3241	192	archief Raad van Brabant, inv. nr. 1, f. 598.
4847	3242	136	8 (1904) 211.
4848	3242	192	archief Raad van Brabant, inv. nr. 3 , f. 566.
4849	3243	134	74 (1957) 414.
4850	3243	135	10 (1893) 211.
4851	3244	134	74 (1957) 175.
4852	3246	192	archief Raad van Brabant, inv. nr. 7, f. 508.
4853	3247	192	archief Raad van Brabant, inv. nr. 1, f. 223, inv. nr. 7, f. 508.
4854	3250	192	archief Raad van Brabant, inv. nr. 7, f. 396.
4855	3251	192	archief Raad van Brabant, inv. nr. 7, f. 377, 396.
4856	3252	192	archief Raad van Brabant, inv. nr. 7, f. 396.
4857	3253	192	archief Raad van Brabant, inv. nr. 7, f. 396.
4858	3254	192	archief Raad van Brabant, inv. nr. 7, f. 396.
4859	3255	134	74 (1957) 175.
4860	3257	192	archief Raad van Brabant, inv. nr. 7, f. 396.
4861	3260	16	2, 917.
4862	3260	125	44 (1990) 143.
4863	3262	155	2, 355
4864	3263	155	2,  300.
4865	3263	209	Nieuwe reeks 1 (1610-1612) A.Th. van Deursen ed. ('s-Gravenhage 1971) 431.
4866	3264	16	6, 677.
4867	3264	134	75 (1958) 67.
4868	3264	155	2, 427.
4869	3264	158	553.
4870	3264	162	414.
4871	3265	155	3, 474.
4872	3266	155	3, 529.
4873	3266	159	104 (1989) 82.
4874	3267	155	3, 452.
4875	3267	159	104 (1989) 82.
4876	3268	155	3, 544.
4877	3268	159	104 (1989) 82.
4878	3269	155	3, 521.
4879	3269	159	104 (1989) 81.
4880	3270	155	3, 531.
4881	3270	159	104 (1989) 82.
4882	3271	155	3, 637.
4883	3272	155	3, 607.
4884	3273	155	3, 629.
4885	3274	155	3, 662.
4886	3275	155	3, 671.
4887	3276	155	3, 689.
4888	3277	155	3, 680.
4889	3278	155	3, 736.
4890	3279	155	3, 664.
4891	3281	134	64 (1947) 70.
4892	3281	204	1, 92-96.
4893	3282	134	45 (1927) 202, 84 (1967) 91.
4894	3282	204	1, 95-97.
4895	3283	162	405.
4896	3283	204	1, 94-98.
4897	3284	162	406.
4898	3284	204	1, 95-98.
4899	3285	4	40 (1942) 477.
4900	3285	155	2, 369.
4901	3285	162	424.
4902	3285	204	1, 97-100.
4903	3286	162	435.
4904	3286	204	1, 98.
4905	3287	162	437.
4906	3287	204	1, 98-100.
4907	3288	204	1, 98-99.
4908	3289	134	44 (1926) 174.
4909	3289	162	436.
4910	3289	204	1, 98-101.
4911	3290	162	455.
4912	3290	204	1, 98-101.
4913	3291	155	2, 31III, n. 1.
4914	3291	159	104 (1989) 78.
4915	3291	162	477.
4916	3291	204	1, 100-102.
4917	3292	159	104 (1989) 79.
4918	3292	162	487.
4919	3292	204	1, 101-104.
4920	3293	16	6, 164.
4921	3293	159	104 (1989) 78.
4922	3293	162	526.
4923	3293	204	1, 104-105.
4924	3294	159	104 (1989) 78.
4925	3294	204	1, 103-104.
4926	3295	159	104 (1989) 78.
4927	3295	162	544.
4928	3295	204	1, 104-109.
4929	3296	159	104 (1989) 79.
4930	3296	162	565.
4931	3296	204	1, 106-107.
4932	3297	15	18 (1928-1929) 137
4933	3297	162	579.
4934	3297	204	1, 107-108.
4935	3298	134	72 (1955) 188.
4936	3298	156	22.
4937	3298	162	594.
4938	3298	204	1, 108-110.
4939	3299	132	177.
4940	3299	156	32.
4941	3299	162	631.
4942	3299	204	1, 109-110, 2, 187-190.
4943	3300	135	9 (1892) 195.
4944	3300	204	1, 109-110, 2, 187-192.
4945	3301	162	598.
4946	3301	204	1, 108-110, 2, 187-189.
4947	3302	162	645.
4948	3302	204	1, 110, 2, 187-191.
4949	3303	159	104 (1989) 79.
4950	3303	162	583.
4951	3303	204	1, 106-110, 2, 187-189.
4952	3304	134	65 (1948) 194.
4953	3304	162	659.
4954	3304	204	2, 188-193.
4955	3305	162	665.
4956	3305	174	509.
4957	3305	204	2, 190-193.
4958	3306	15	80 (1997) 407.
4959	3306	162	669.
4960	3306	204	2, 189-193.
4961	3307	162	676.
4962	3307	204	2, 189-193.
4963	3308	134	48 (1930) 198.
4964	3308	204	1, 110, 2, 187-191.
4965	3309	162	679.
4966	3309	204	2, 190-193.
4967	3310	162	678.
4968	3310	204	2, 190-192.
4969	3312	155	2, 358 (zie ook noot 1 op blz. 359)
4970	3313	155	2, 353.
4971	3315	155	2, 379.
4972	3316	155	2, 416.
4973	3317	16	6, 1192.
4974	3317	155	3, 444.
4975	3317	159	104 (1989) 83.
4976	3318	155	3, 484.
4977	3318	159	104 (1989) 83.
4978	3319	132	155.
4979	3319	155	3, 507.
4980	3320	155	3, 569.
4981	3320	159	104 (1989) 83.
4982	3321	155	3, 555.
4983	3321	159	104 (1989) 83.
4984	3322	155	3, 598.
4985	3323	155	3, 608.
4986	3324	155	3, 646.
4987	3325	155	3, 669.
4988	3326	155	3, 653.
4989	3327	155	3, 682.
4990	3330	155	3, 683.
4991	3330	169	625.
4992	3331	155	3, 748.
4993	3335	155	2, 367.
4994	3335	157	2b, 365.
4995	3336	157	2a, 163.
4996	3337	157	2a, 169.
4997	3337	162	427.
4998	3338	157	2a, 84.
4999	3338	162	408.
5000	3339	157	2a, 21.
5001	3339	162	429.
5002	3340	157	2a, 4.
5003	3340	162	440.
5004	3341	157	2b, 267.
5005	3341	162	453.
5006	3342	134	72 (1955) 111.
5007	3342	157	2a, 117.
5008	3343	157	2b, 287
5009	3343	162	462.
5010	3344	157	2b, 273.
5011	3345	156	26.
5012	3345	157	2b, 195.
5013	3345	159	104 (1989) 80.
5014	3345	162	480.
5015	3346	157	2a, 20.
5016	3346	159	104 (1989) 79.
5017	3346	162	518.
5018	3347	157	2a, 85.
5019	3347	159	104 (1989) 80.
5020	3347	162	518.
5021	3348	157	2b, 273.
5022	3348	159	104 (1989) 80.
5023	3348	162	529.
5024	3349	157	2b, 254.
5025	3349	159	104 (1989) 80.
5026	3349	162	527.
5027	3350	157	2b, 198.
5028	3350	159	104 (1989) 80.
5029	3350	162	546.
5030	3351	157	2a, 20.
5031	3351	159	104 (1989) 79.
5032	3351	162	565.
5033	3352	135	9 (1892) 265.
5034	3352	157	2a, 19.
5035	3352	162	575.
5036	3353	15	13 (1923) 73.
5037	3353	136	23 (1919) 269.
5038	3353	157	2a, 69.
5039	3354	157	2a, 56.
5040	3354	162	650.
5041	3355	157	2a, 71.
5042	3355	162	629.
5043	3356	157	2a, 174.
5044	3356	162	657.
5045	3357	15	13 (1923) 53.
5046	3357	136	23 (1919) 208.
5047	3357	157	2a, 70.
5048	3357	162	667.
5049	3358	157	2b, 334.
5050	3358	162	675.
5051	3358	174	510.
5052	3359	157	2b, 199.
5053	3359	162	686.
5054	3360	157	2b, 322.
5055	3360	162	693.
5056	3361	157	2a, 145.
5057	3361	162	694.
5058	3362	157	2b, 236.
5059	3362	162	698.
5060	3363	155	2, 349.
5061	3364	155	2, 327.
5062	3365	134	76 (1959) 310.
5063	3365	136	16/17 (1912-1913) 392.
5064	3365	155	2, 365.
5065	3366	155	2, 408.
5066	3367	155	2, 394.
5067	3368	155	3, 440.
5068	3369	155	3, 449.
5069	3369	159	104 (1989) 83.
5070	3370	155	3, 449.
5071	3371	155	3, 621.
5072	3372	155	3, 678.
5073	3373	155	3, 690.
5074	3374	155	3, 699.
5075	3375	155	3, 706.
5076	3376	155	3, 709.
5077	3377	158	552.
5078	3378	4	40 (1942) 263.
5079	3378	158	552-553.
5080	3378	162	414.
5081	3379	158	552-553.
5082	3380	158	552-553.
5083	3380	162	412.
5084	3381	158	553-554.
5085	3381	162	432.
5086	3383	158	553-554.
5087	3383	162	444.
5088	3384	158	553-555
5089	3384	162	457.
5090	3385	158	553-554.
5091	3385	162	449.
5092	3386	158	554-555.
5093	3387	158	554-555.
5094	3387	159	104 (1989) 81.
5095	3387	162	497.
5096	3388	158	555.
5097	3388	159	104 (1989) 80.
5098	3388	162	503.
5099	3389	158	555.
5100	3389	159	104 (1989) 81.
5101	3389	162	504.
5102	3390	158	556-557.
5103	3390	159	104 (1989) 81.
5104	3390	162	522.
5105	3391	158	557-558.
5106	3391	159	104 (1989) 81.
5107	3391	162	568.
5108	3392	158	557-558.
5109	3392	162	587.
5110	3393	158	557-558.
5111	3393	162	576.
5112	3394	135	10 (1893) 79.
5113	3394	158	558-559.
5114	3394	162	600.
5115	3395	135	10 (1893) 79.
5116	3395	158	558.
5117	3395	162	604.
5118	3396	158	557-559.
5119	3396	162	585.
5120	3397	158	557-559.
5121	3397	159	104 (1989) 81.
5122	3397	162	577.
5123	3398	158	558-560.
5124	3398	162	622.
5125	3399	158	558-560.
5126	3399	162	616.
5127	3400	158	558-559.
5128	3400	162	632.
5129	3401	135	9 (1892) 218.
5130	3401	158	558-560.
5131	3402	158	559.
5132	3402	162	642.
5133	3403	158	559-560.
5134	3403	162	654.
5135	3404	158	559-561.
5136	3404	162	652.
5137	3405	158	559-560.
5138	3405	162	647.
5139	3406	158	560-561.
5140	3406	162	663.
5141	3406	174	508.
5142	3407	132	181.
5143	3407	158	560-561.
5144	3407	162	671.
5145	3408	158	560-561.
5146	3408	162	679.
5147	3409	158	560-561.
5148	3409	162	666.
5149	3410	158	560-561.
5150	3410	162	687.
5151	3412	155	3, 700.
5152	3413	155	3, 727.
5153	3414	155	3, 742.
5154	3415	155	3, 768.
5155	3416	155	3, 746.
5156	3417	155	3, 758.
5157	3419	155	3, 709.
5158	3421	155	3, 744.
5159	3422	135	17 (1905) 182.
5160	3422	162	741.
5161	3423	162	744.
5162	3424	157	2a, 175
5163	3424	162	724.
5164	3425	157	2a, 119.
5165	3425	162	723.
5166	3426	158	561.
5167	3426	162	739.
5168	3427	158	561.
5169	3427	162	720.
5170	3428	134	65 (1948) 255.
5171	3428	155	2, 422.
5172	3429	155	3, 437.
5173	3431	155	3, 442.
5174	3432	16	6, 1188.
5175	3432	155	3, 454.
5176	3433	155	3, 435.
5177	3434	155	3, 459.
5178	3434	159	104 (1989) 83.
5179	3435	155	3, 510.
5180	3435	159	104 (1989) 83.
5181	3436	155	3, 491.
5182	3436	159	104 (1989) 82.
5183	3437	155	3, 526.
5184	3437	159	104 (1989) 82.
5185	3438	155	3, 511.
5186	3438	156	40.
5187	3438	159	104 (1989) 82.
5188	3439	155	3, 523.
5189	3439	159	104 (1989) 83.
5190	3440	155	3, 502.
5191	3440	159	104 (1989) 83.
5192	3441	155	3, 547.
5193	3441	159	104 (1989) 82.
5194	3442	155	3, 533.
5195	3442	159	104 (1989) 82.
5196	3443	155	3, 518.
5197	3443	159	104 (1989) 83.
5198	3444	134	76 (1959) 310.
5199	3444	155	3, 507.
5200	3444	159	104 (1989) 83.
5201	3445	155	3, 557.
5202	3445	159	104 (1989) 83.
5203	3446	155	3, 541.
5204	3446	159	104 (1989) 82.
5205	3447	155	3, 581.
5206	3447	159	104 (1989) 83.
5207	3448	155	3, 554.
5208	3448	159	104 (1989) 83.
5209	3453	155	3, 528.
5210	3453	159	104 (1989) 83.
5211	3455	155	3, 440.
5212	3456	155	3, 561.
5213	3456	159	104 (1989) 81.
5214	3457	155	3, 532
5215	3457	159	104 (1989) 82.
5216	3458	155	3, 584.
5217	3459	136	16/17 (1912-1913) 28.
5218	3459	155	3, 582.
5219	3460	155	3, 582.
5220	3461	155	3, 620.
5221	3462	155	3, 579.
5222	3462	159	104 (1989) 82.
5223	3463	155	3, 626.
5224	3464	155	3, 638.
5225	3465	155	3, 628.
5226	3466	155	3, 651.
5227	3467	155	3, 639.
5228	3468	155	3, 654.
5229	3469	135	9 (1892) 196.
5230	3469	155	3, 640.
5231	3470	155	3, 657.
5232	3471	155	3, 679.
5233	3472	155	3, 663.
5234	3473	155	3, 657.
5235	3474	155	3, 668.
5236	3475	155	3, 688.
5237	3476	155	3, 660.
5238	3477	155	3, 696.
5239	3478	134	65 (1948) 249.
5240	3478	155	3, 702.
5241	3479	155	3, 687.
5242	3480	155	3, 708.
5243	3481	155	3, 734.
5244	3482	155	3, 698.
5245	3483	155	3, 724.
5246	3484	155	3, 741.
5247	3485	155	3, 763.
5248	3486	155	3, 772.
5249	3487	155	3, 753.
5250	3488	155	3, 770.
5251	3489	155	3, 783.
5252	3491	162	715.
5253	3491	204	2, 192-193.
5254	3492	155	3, 781.
5255	3492	162	745.
5256	3493	155	2, 363.
5257	3494	155	2, 398.
5258	3495	155	3, 468.
5259	3495	158	553-554.
5260	3495	162	116, 454.
5261	3496	16	2, 1158.
5262	3496	132	140.
5263	3496	155	3, 488.
5264	3496	159	104 (1989) 83.
5265	3497	155	3, 523.
5266	3497	159	104 (1989) 83.
5267	3498	155	3, 593.
5268	3499	155	3, 643.
5269	3500	155	3, 736.
5270	3501	155	3, 777.
5271	3502	155	3, 766.
5272	3503	155	2, 372.
5273	3504	155	2, 375.
5274	3505	155	2, 362.
5275	3506	155	3, 478.
5276	3507	155	3, 509.
5277	3507	159	104 (1989) 82.
5278	3508	155	3, 544.
5279	3509	155	3, 524.
5280	3509	159	104 (1989) 82.
5281	3510	16	6, 1192.
5282	3510	155	3, 555.
5283	3510	159	104 (1989) 83.
5284	3511	155	3, 486.
5285	3511	159	104 (1989) 81.
5286	3512	155	3, 603.
5287	3513	155	3, 638.
5288	3514	155	3, 654.
5289	3515	155	3, 658.
5290	3516	155	3, 659.
5291	3517	155	3, 641.
5292	3518	155	3, 687.
5293	3519	155	3, 661.
5294	3520	4	42 (1949) 184.
5295	3520	155	3, 725.
5296	3521	155	3, 761.
5297	3522	155	3, 786.
5298	3523	132	117.
5299	3525	158	554-555.
5300	3525	159	104 (1989) 81.
5301	3525	160	54.
5302	3525	162	486.
5303	3526	156	35.
5304	3526	157	2a, 85.
5305	3526	159	104 (1989) 80.
5306	3526	162	495.
5307	3527	132	148.
5308	3527	159	104 (1989) 78.
5309	3527	162	555.
5310	3527	204	1, 104-108.
5311	3528	158	557.
5312	3528	159	104 (1989) 81.
5313	3529	158	557-558.
5314	3529	159	104 (1989) 81.
5315	3530	157	2a, 56.
5316	3530	162	577.
5317	3531	157	2a, 145.
5318	3531	162	592.
5319	3532	132	172.
5320	3532	157	2a, 17.
5321	3533	157	2b, 217.
5322	3534	156	32.
5323	3534	157	2b, 271.
5324	3534	162	628.
5325	3535	157	2a, 35.
5326	3536	15	18 (1928-1929) 128.
5327	3536	158	560-561.
5328	3536	162	681.
5329	3537	157	2a, 111.
5330	3537	162	445.
5331	3538	157	2a, 190.
5332	3538	159	104 (1989) 80.
5333	3538	162	465.
5334	3539	155	3, 478.
5335	3539	157	2b, 343.
5336	3539	159	104 (1989) 80.
5337	3539	162	547.
5338	3540	157	2a, 21.
5339	3540	162	568.
5340	3541	157	2b, 355.
5341	3541	162	603.
5342	3543	157	2b, 258.
5343	3543	162	615.
5344	3544	157	2b, 295.
5345	3544	162	641.
5346	3545	157	2a, 46.
5347	3545	162	648.
5348	3546	157	2a, 119.
5349	3546	162	680.
5350	3547	157	2b, 271.
5351	3547	162	660.
5352	3548	157	2a, 116.
5353	3548	162	699.
5354	3549	157	2a, 36.
5355	3549	162	725.
5356	3550	157	2b, 240.
5357	3550	162	727.
5358	3551	158	554.
5359	3552	158	554-555.
5360	3552	159	104 (1989) 80.
5361	3552	162	493.
5362	3553	158	555.
5363	3553	159	104 (1989) 81.
5364	3553	162	510.
5365	3554	156	35.
5366	3554	158	557.
5367	3554	159	104 (1989) 81.
5368	3555	158	557.
5369	3555	159	104 (1989) 81.
5370	3555	162	560.
5371	3556	135	10 (1893) 78.
5372	3556	158	557-559.
5373	3556	162	586.
5374	3557	158	559.
5375	3557	162	641.
5376	3558	158	559-560.
5377	3558	162	673.
5378	3559	158	559-560.
5379	3559	162	670.
5380	3560	158	560.
5381	3560	162	661. (n.b. het betreft hier de B.M. die gehuwd was met Catharina ter Borch)
5382	3561	158	560-561.
5383	3561	162	712.
5384	3562	158	560-561.
5385	3562	162	706.
5386	3563	162	424.
5387	3563	204	1, 97-101.
5388	3564	162	450.
5389	3564	204	1, 98-102.
5390	3565	16	6, 1066.
5391	3565	159	104 (1989) 79.
5392	3565	162	482.
5393	3565	204	1, 101-104.
5394	3566	159	104 (1989) 79.
5395	3566	162	707.
5396	3566	204	1, 101-103.
5397	3567	159	104 (1989) 79.
5398	3567	162	518.
5399	3567	204	1, 103-105.
5400	3568	159	104 (1989) 79.
5401	3568	162	520.
5402	3568	204	1, 103-104.
5403	3569	134	44 (1926) 210.
5404	3569	159	104 (1989) 79.
5405	3569	162	545.
5406	3569	204	1, 104-108.
5407	3570	159	104 (1989) 79.
5408	3570	204	1, 104-109.
5409	3571	15	52 (1966) 217.
5410	3571	136	4 (1900) 30.
5411	3571	204	1, 107-109.
5412	3572	15	18 (1928-1929) 135.
5413	3572	204	1, 107-110, 2, 187-189.
5414	3573	204	1, 108-110.
5415	3574	162	639.
5416	3574	204	1, 108-110, 2, 187-188.
5417	3575	162	628.
5418	3575	204	1, 109-110, 2, 187-190.
5419	3577	162	611.
5420	3577	204	1, 108-110, 2, 187-190.
5421	3579	162	682.
5422	3579	204	2, 189-193.
5423	3580	162	683.
5424	3580	204	2, 189-192.
5425	3581	162	691.
5426	3581	204	2, 191-193.
5427	3582	135	9 (1892) 195.
5428	3582	204	2, 188-193.
5429	3583	162	715.
5430	3583	204	2, 192-193.
5431	3584	162	717.
5432	3585	136	4 (1900) 154.
5433	3585	162	747.
5434	3586	4	43 (1950) 290.
5435	3586	155	3, 517, n. 2.
5436	3586	204	1, 99-100.
5437	3587	155	3, 441.
5438	3588	155	
5439	3589	158	554.
5440	3591	157	2a, 169.
5441	3591	162	407
5442	3591	187	145.
5443	3592	134	69 (1952) 248.
5444	3592	162	434.
5445	3592	204	1, 97-99.
5446	3593	157	2b, 327.
5447	3593	162	455.
5448	3594	158	554-555.
5449	3594	162	475.
5450	3595	155	2, 369.
5451	3595	204	2, 100.
5452	3596	157	2a, 68.
5453	3596	159	104 (1989) 79.
5454	3596	162	468.
5455	3597	158	555.
5456	3597	159	104 (1989) 80.
5457	3597	162	514.
5458	3598	157	2b, 347.
5459	3598	159	104 (1989) 80.
5460	3599	159	104 (1989) 79.
5461	3599	162	521.
5462	3599	204	1, 103-105.
5463	3600	157	2b, 338.
5464	3600	159	104 (1989) 80.
5465	3600	162	531.
5466	3602	158	556-557.
5467	3602	159	104 (1989) 80.
5468	3602	162	534.
5469	3603	158	557.
5470	3603	159	104 (1989) 81.
5471	3604	159	104 (1989) 79.
5472	3604	204	1, 105-107.
5473	3605	157	2b, 265.
5474	3605	159	104 (1989) 80.
5475	3605	162	572.
5476	3606	159	104 (1989) 78.
5477	3606	162	578.
5478	3606	204	1, 106-110, 2, 187-188.
5479	3607	157	2b, 266.
5480	3607	162	640.
5481	3608	157	2b, 201.
5482	3608	162	641.
5483	3609	158	559-560.
5484	3610	204	2, 187-189.
5485	3611	4	45 (1952) 170.
5486	3611	204	2, 190.
5487	3612	157	2b, 297.
5488	3612	162	651.
5489	3614	162	690.
5490	3614	204	2, 189-192.
5491	3615	155	3, 699.
5492	3615	162	685.
5493	3615	204	2, 191-193.
5494	3616	135	10 (1893) 73.
5495	3616	156	44.
5496	3616	157	178.
5497	3617	158	560-561.
5498	3617	162	711.
5499	3618	158	560-561.
5500	3618	162	713.
5501	3619	162	497.
5502	3619	204	1, 100-102.
5503	3620	157	2a, 68.
5504	3620	159	104 (1989) 79.
5505	3620	162	530.
5506	3621	158	557-558.
5507	3621	159	104 (1989) 81.
5508	3622	157	2a, 76.
5509	3622	162	582.
5510	3623	158	557-558.
5511	3623	162	595.
5512	3624	157	2a, 69.
5513	3624	162	599.
5514	3625	134	44 (1926) 214.
5515	3625	156	41.
5516	3625	162	618.
5517	3625	204	1, 108-110, 2, 187.
5518	3626	155	3, 692.
5519	3627	155	3, 732.
5520	3628	155	3, 717.
5521	3629	162	693.
5522	3629	204	2, 191-192.
5523	3630	158	560-561.
5524	3630	162	709.
5525	3631	155	3, 467.
5526	3632	155	3, 483.
5527	3632	159	104 (1989) 82.
5528	3633	155	3, 506.
5529	3633	159	104 (1989) 82.
5530	3634	155	3, 531.
5531	3634	159	104 (1989) 82.
5532	3635	155	3, 524.
5533	3636	155	3, 581.
5534	3636	159	104 (1989) 83.
5535	3637	155	3, 651.
5536	3638	155	3, 675.
5537	3639	155	3, 662.
5538	3640	155	3, 723.
5539	3641	162	722.
5540	3641	204	2, 192-193.
5541	3642	157	2b, 228.
5542	3642	162	757.
5543	3643	4	39 (1941) 300.
5544	3643	15	13 (1923) 50.
5545	3643	136	23 (1919) 203.
5546	3643	157	2a, 68.
5547	3644	158	552-553.
5548	3645	155	3, 495.
5549	3645	159	104 (1989) 82.
5550	3646	158	554-555.
5551	3646	162	490.
5552	3647	158	555.
5553	3647	159	104 (1989) 81.
5554	3648	158	556.
5555	3648	159	104 (1989) 80.
5556	3649	158	557.
5557	3649	159	104 (1989) 81.
5558	3649	162	550.
5559	3650	155	3, 519.
5560	3650	159	104 (1989) 83.
5561	3651	159	104 ((1989) 78.
5562	3651	162	542.
5563	3651	204	1, 104-108.
5564	3652	157	2a, 145.
5565	3652	159	104 (1989) 80.
5566	3652	162	540.
5567	3653	155	3, 513.
5568	3653	159	104 (1989) 82.
5569	3654	158	557-558.
5570	3654	162	565.
5571	3655	155	3, 540.
5572	3655	159	104 (1989) 83.
5573	3656	155	3, 592.
5574	3657	156	42.
5575	3657	157	2b, 258.
5576	3658	155	3, 613.
5577	3659	155	3, 643.
5578	3660	155	3, 665.
5579	3661	155	3, 681.
5580	3662	155	3, 660.
5581	3663	135	10 (1893) 2.
5582	3663	158	559-560.
5583	3664	158	559-560.
5584	3664	162	677.
5585	3665	155	3, 730.
5586	3666	155	3, 735.
5587	3667	158	559-561.
5588	3667	162	655.
5589	3668	158	560.
5590	3668	162	703.
5591	3669	155	3, 750.
5592	3670	15	54 (1968) 30.
5593	3670	157	2a, 102.
5594	3670	162	451.
5595	3671	155	3, 778.
5596	3672	155	3, 727.
5597	3673	162	740.
5598	3674	162	743.
5599	3675	155	3, 799.
5600	3676	155	3, 801.
5601	3677	155	2, 388.
5602	3678	157	2b, 269.
5603	3678	162	479.
5604	3679	158	553.
5605	3679	162	431.
5606	3680	159	104 (1989) 79.
5607	3680	204	1, 100-102.
5608	3681	155	3, 500.
5609	3681	159	104 (1989) 82.
5610	3682	157	2b, 346.
5611	3682	159	104 (1989) 80.
5612	3683	155	3, 517.
5613	3683	159	104 (1989) 83.
5614	3684	159	104 (1989) 79.
5615	3684	162	525.
5616	3684	204	1, 103-105.
5617	3685	159	104 (1989) 79.
5618	3685	162	553.
5619	3685	204	1, 104-106.
5620	3686	156	44.
5621	3686	157	2b, 333.
5622	3686	159	104 (1989) 80.
5623	3687	157	2b, 270.
5624	3687	159	104 (1989) 80.
5625	3688	158	557-558.
5626	3688	159	104 (1989) 81.
5627	3688	162	571.
5628	3689	159	104 (1989) 79.
5629	3689	204	1, 106-107.
5630	3690	15	35 (1949) 156.
5631	3690	157	2b, 212.
5632	3690	162	574.
5633	3691	155	3, 633.
5634	3692	157	2b, 312.
5635	3692	162	601.
5636	3693	16	3, 1081.
5637	3693	204	1, 110, 2, 187.
5638	3694	162	648.
5639	3694	204	1, 110, 2, 187-191.
5640	3695	155	3, 697.
5641	3696	135	9 (1892) 222.
5642	3696	157	2b, 264.
5643	3697	158	560-561.
5644	3698	155	3, 741.
5645	3700	157	2b, 217.
5646	3700	162	700.
5647	3701	162	722.
5648	3701	204	2, 192-193.
5649	3702	157	2b, 297.
5650	3702	162	716.
5651	3703	157	2b, 283.
5652	3703	162	745.
5653	3704	157	2a, 145.
5654	3704	162	758.
5655	3705	159	104 (1989) 78.
5656	3705	162	512.
5657	3705	204	1, 101-104.
5658	3706	16	7, 158.
5659	3706	155	3, 469.
5660	3706	159	104 (1989) 83.
5661	3707	155	2, 373.
5662	3708	4	41 (1943/1948) 46.
5663	3708	134	83 (1966) 127.
5664	3708	155	2, 414.
5665	3709	155	3, 432.
5666	3710	155	3, 447.
5667	3710	156	15.
5668	3711	155	3, 577.
5669	3712	155	3, 642.
5670	3713	155	3, 723.
5671	3714	155	3, 740.
5672	3715	155	3, 733.
5673	3716	155	3, 750
5674	3717	155	3, 792
5675	3718	155	2, 263.
5676	3719	155	2, 410.
5677	3720	155	3, 586.
5678	3721	155	3, 621.
5679	3722	155	3, 632.
5680	3723	155	3, 780.
5681	3724	155	2, 270.
5682	3725	155	2, 354.
5683	3726	155	2, 405.
5684	3727	155	3, 490.
5685	3728	155	3, 492.
5686	3729	155	3, 558.
5687	3731	155	3, 566.
5688	3732	155	3, 586.
5689	3733	155	3, 679.
5690	3734	155	3, 647.
5691	3735	155	3, 776.
5692	3736	155	3, 798.
5693	3737	155	3, 9II, n. 1.
5694	3737	204	1, 95.
5695	3738	130	Provinciale Resoluties, inv. nr. 485, f. 22.
5696	3738	204	1, 94-97.
5697	3739	155	2, 313.
5698	3739	160	48.
5699	3739	162	447.
5700	3739	204	1, 98-99.
5701	3741	162	457.
5702	3741	204	1, 98-103.
5703	3742	162	509.
5704	3742	204	1, 102-103.
5705	3743	125	26 (1972) 208.
5706	3743	162	510.
5707	3743	204	1, 103-104.
5708	3744	134	47 (1929) 123.
5709	3744	162	527.
5710	3744	204	1, 104-106.
5711	3745	162	589.
5712	3745	204	1, 107-110.
5713	3746	162	707.
5714	3746	204	2, 192-193.
5715	3747	157	2a, 121a.
5716	3747	162	415
5717	3749	157	2b, 326.
5718	3750	157	2a, 121a.
5719	3750	162	418.
5720	3751	157	2b, 267.
5721	3751	162	411.
5722	3752	157	2a, 131.
5723	3752	162	465.
5724	3753	157	2b, 221.
5725	3753	162	432.
5726	3754	157	2b, 249.
5727	3754	160	51.
5728	3754	162	441.
5729	3755	157	2b, 205.
5730	3755	162	443.
5731	3756	157	2b, 294.
5732	3756	162	444.
5733	3757	157	2a, 135.
5734	3757	162	476.
5735	3758	155	2, 368.
5736	3758	157	2b, 365.
5737	3759	157	2b, 343.
5738	3760	157	2b, 302.
5739	3760	162	508.
5740	3762	134	57 (1939) 197.
5741	3762	155	2, 291, n. 2.
5742	3762	157	2a, 85.
5743	3763	157	2b, 274.
5744	3763	162	564.
5745	3764	155	2, 400, n. 1.
5746	3764	157	2b, 217.
5747	3764	162	580.
5748	3765	157	2a, 85.
5749	3765	162	588.
5750	3766	157	2a, 127.
5751	3766	162	534, 593.
5752	3767	157	2b, 209.
5753	3768	157	2a, 212.
5754	3768	162	634.
5755	3769	157	2b, 352.
5756	3769	162	646.
5757	3770	157	2a, 185.
5758	3770	162	653.
5759	3771	157	2b, 240.
5760	3771	162	743.
5761	3772	158	552-554.
5762	3772	162	428.
5763	3773	158	552-553.
5764	3773	162	421.
5765	3774	158	552-554.
5766	3774	162	430.
5767	3775	158	553.
5768	3775	160	54.
5769	3775	162	443.
5770	3776	158	553-554.
5771	3776	162	438.
5772	3777	158	553-554.
5773	3777	162	452.
5774	3778	155	2, 34III, n. 2.
5775	3778	158	554-555.
5776	3778	162	459.
5777	3779	158	554.
5778	3779	162	458.
5779	3780	158	554.
5780	3780	162	484.
5781	3781	158	554-555.
5782	3781	162	490.
5783	3782	135	10 (1893) 75.
5784	3782	158	555-557.
5785	3782	162	494.
5786	3783	158	555-556.
5787	3783	162	491.
5788	3784	135	10 (1893) 78.
5789	3784	158	556-557.
5790	3785	158	557.
5791	3785	162	538.
5792	3786	158	557.
5793	3786	160	54.
5794	3787	156	60.
5795	3787	158	557-558.
5796	3787	162	570.
5797	3788	158	557-558.
5798	3789	158	558.
5799	3789	162	589.
5800	3790	158	558.
5801	3790	162	606.
5802	3791	158	558-559.
5803	3791	162	609.
5804	3792	158	558.
5805	3792	162	613.
5806	3793	158	558-559.
5807	3794	158	558-560.
5808	3794	162	619.
5809	3795	158	558-559.
5810	3795	162	623.
5811	3796	158	558-559.
5812	3796	162	627.
5813	3797	158	559-560.
5814	3797	162	636.
5815	3798	158	559.
5816	3798	162	645.
5817	3799	136	20 (1916) 482.
5818	3799	158	559.
5819	3800	134	44 (1926) 215.
5820	3800	158	560.
5821	3802	158	560-561.
5822	3802	162	700.
5823	3803	158	561.
5824	3803	162	718.
5825	3804	158	560-561.
5826	3804	162	710.
5827	3805	158	561.
5828	3805	162	732.
5829	3806	158	561.
5830	3807	4	43 (1950) 163.
5831	3807	134	83 (1966) 128.
5832	3807	155	2, 323.
5833	3808	4	40 (1942) 538.
5834	3808	155	2, 381.
5835	3809	155	2, 318.
5836	3810	155	2, 88, noot 2.
5837	3810	204	1, 90-95.
5838	3811	4	23 (1925) 2.
5839	3811	134	57 (1939) 197.
5840	3811	157	2a, 84.
5841	3812	158	552.
5842	3813	158	552.
5843	3814	155	2, 13II, n. 1.
5844	3814	158	552.
5845	3815	134	46 (1928) 317.
5846	3819	156	60.
5847	3819	187	171.
5848	3822	156	60.
5849	3823	15	52 (1966) 217.
5850	3823	134	47 (1929) 124.
5851	3823	197	50.
5852	3824	156	60.
5853	3824	174	508.
5854	3825	15	1 (1910) 126, 8 (1917) 145.
5855	3825	134	45 (1927) 136.
5856	3825	156	79.
5857	3826	16	2, 1466.
5858	3826	133	158.
5859	3830	174	503.
5860	3831	174	503.
5861	3831	188	1, 127.
5862	3831	206	Bijlage XVI.
5863	3832	135	9 (1892) 218.
5864	3832	188	2, 203.
5865	3833	174	503.
5866	3834	174	502.
5867	3835	135	9 (1892) 217.
5868	3835	174	506.
5869	3836	135	9 (1892) 268.
5870	3836	174	510.
5871	3837	174	506.
5872	3837	241	410.
5873	3838	174	502.
5874	3839	174	502.
5875	3840	174	502.
5876	3841	188	1, 104.
5877	3842	132	122.
5878	3843	188	2, 667.
5879	3844	188	2, 606.
5880	3847	31	150.
5881	3847	132	140.
5882	3847	188	1, 492.
5883	3848	132	140.
5884	3848	188	1, 62.
5885	3849	125	2 (1948) 37.
5886	3849	132	152.
5887	3849	188	1, 62.
5888	3850	15	1 (1910) 427, 43 (1957) 271.
5889	3850	132	158.
5890	3850	136	2 (1898) 86, 155.
5891	3850	188	2, 677.
5892	3851	132	170.
5893	3852	132	170.
5894	3852	188	2, 831.
5895	3853	205	1746, f. 500.
5896	3854	132	174.
5897	3854	135	9 (1892) 223.
5898	3855	132	183.
5899	3856	31	714.
5900	3856	132	186.
5901	3857	135	9 (1892) 219.
5902	3857	174	507.
5903	3858	134	56 (1938) 475.
5904	3858	135	9 (1892) 170.
5905	3861	135	9 (1892) 98.
5906	3862	205	1788, f. 277.
5907	3864	165	archief van de rekenkamer van Zeeland II, inv. nr. 1113, 1.
5908	3864	188	2, 341.
5909	3865	165	archief van de rekenkamer van Zeeland II, inv. nr. 1113, 1.
5910	3866	165	archief van de rekenkamer van Zeeland II, inv. nr. 1113, 1.
5911	3868	188	2, 570.
5912	3869	15	7 (1916) 243.
5913	3870	165	archief van de rekenkamer van Zeeland II, inv. nr. 1113, 3.
5914	3871	188	2, 605.
5915	3872	165	archief van de rekenkamer van Zeeland II, inv. nr. 1113, 3.
5916	3873	165	archief van de rekenkamer van Zeeland II, inv. nr. 1113, 3.
5917	3874	165	archief van de rekenkamer van Zeeland II, inv. nr. 1113, 3.
5918	3874	184	3.
5919	3874	188	1, 56.
5920	3875	165	archief van de rekenkamer van Zeeland II, inv. nr. 1113, 3.
5921	3876	165	archief van de rekenkamer van Zeeland II, inv. nr. 1113, 4.
5922	3876	188	2, 427.
5923	3877	165	archief van de rekenkamer van Zeeland II, inv. nr. 1113, 4.
5924	3878	206	Bijlage VIII.
5925	3879	165	archief van de rekenkamer van Zeeland II, inv. nr. 1113, 4.
5926	3880	188	2, 551.
5927	3881	135	9 (1892) 145.
5928	3881	165	archief van de rekenkamer van Zeeland II, inv. nr. 1113, 4.
5929	3881	206	Bijlage VI.
5930	3882	165	archief van de rekenkamer van Zeeland II, inv. nr. 1113, 4.
5931	3882	206	Bijlage V.
5932	3884	31	193.
5933	3885	31	123.
5934	3885	165	archief van de rekenkamer van Zeeland II, inv. nr. 1113, 5.
5935	3885	206	Bijlage XV.
5936	3886	31	245.
5937	3886	165	archief van de rekenkamer van Zeeland II, inv. nr. 1113, 5.
5938	3887	31	152.
5939	3887	165	archief van de rekenkamer van Zeeland II, inv. nr. 1113, 5.
5940	3887	188	1, 493.
5941	3888	31	188.
5942	3889	31	363.
5943	3889	165	archief van de rekenkamer van Zeeland II, inv. nr. 1113, 15.
5944	3890	31	349.
5945	3891	31	456.
5946	3891	165	archief van de rekenkamer van Zeeland II, inv. nr. 1113, 5.
5947	3891	188	1, 493.
5948	3892	31	549.
5949	3892	165	archief van de rekenkamer van Zeeland II, inv. nr. 1113, 6.
5950	3892	206	Bijlage XV.
5951	3893	31	418.
5952	3894	31	642.
5953	3894	165	archief van de rekenkamer van Zeeland II, inv. nr. 1113, 6.
5954	3894	188	2, 281.
5955	3895	31	306.
5956	3896	31	658.
5957	3896	188	1, 497.
5958	3897	165	archief van de rekenkamer van Zeeland II, inv. nr. 1113, 7.
5959	3898	165	archief van de rekenkamer van Zeeland II, inv. nr. 1113, 7.
5960	3899	134	56 (1938) 257.
5961	3899	165	archief van de rekenkamer van Zeeland II, inv. nr. 1113, 7.
5962	3900	125	27 (1973) 273.
5963	3900	165	archief van de rekenkamer van Zeeland II, inv. nr. 1113, 7.
5964	3901	165	archief van de rekenkamer van Zeeland II, inv. nr. 1113, 7.
5965	3902	125	27 (1973) 280.
5966	3902	165	archief van de rekenkamer van Zeeland II, inv. nr. 1113, 7.
5967	3902	188	1, 200.
5968	3903	125	27 (1973) 281.
5969	3903	165	archief van de rekenkamer van Zeeland II, inv. nr. 1113, 8.
5970	3904	206	Bijlage VII.
5971	3905	165	archief van de rekenkamer van Zeeland II, inv. nr. 1113, 8.
5972	3906	165	archief van de rekenkamer van Zeeland II, inv. nr. 1113, 8.
5973	3907	165	archief van de rekenkamer van Zeeland II, inv. nr. 1113, 8.
5974	3909	165	archief van de rekenkamer van Zeeland II, inv. nr. 1113, 9.
5975	3910	15	59 (1973) 141.
5976	3910	165	archief van de rekenkamer van Zeeland II, inv. nr. 1112, 1113, 10.
5977	3911	165	archief van de rekenkamer van Zeeland II, inv. nr. 1113, 10.
5978	3912	15	48 (1962) 194.
5979	3912	135	9 (1892) 145.
5980	3912	165	archief van de rekenkamer van Zeeland II, inv. nr. 1112, 1113, 10.
5981	3913	165	archief van de rekenkamer van Zeeland II, inv. nr. 1113, 10.
5982	3915	165	archief van de rekenkamer van Zeeland II, inv. nr. 1113, 11.
5983	3916	165	archief van de rekenkamer van Zeeland II, inv. nr. 1113, 11.
5984	3916	188	2, 420.
5985	3917	165	archief van de rekenkamer van Zeeland II, inv. nr. 1113, 11.
5986	3918	165	archief van de rekenkamer van Zeeland II, inv. nr. 1112, 1113, 11.
5987	3920	27	101.
5988	3920	165	archief van de rekenkamer van Zeeland II, inv. nr. 1113, 11.
5989	3920	188	1, 265.
5990	3922	125	16 (1962) 201.
5991	3922	188	2, 677.
5992	3923	165	archief van de rekenkamer van Zeeland II, inv. nr. 1113, 13.
5993	3926	165	archief van de rekenkamer van Zeeland II, inv. nr. 1113, 13.
5994	3927	165	archief van de rekenkamer van Zeeland II, inv. nr. 1113, 13.
5995	3928	165	archief van de rekenkamer van Zeeland II, inv. nr. 1113, 13.
5996	3929	165	archief van de rekenkamer van Zeeland II, inv. nr. 1113, 14.
5997	3930	165	archief van de rekenkamer van Zeeland II, inv. nr. 1113, 14.
5998	3931	165	archief van de rekenkamer van Zeeland II, inv. nr. 1113, 14.
5999	3931	188	2, 765.
6000	3932	135	9 (1892) 97.
6001	3932	165	archief van de rekenkamer van Zeeland II, inv. nr. 1113, 14.
6002	3933	188	2, 133.
6003	3934	165	archief van de rekenkamer van Zeeland II, inv. nr. 1113, 15.
6004	3935	16	2, 622.
6005	3935	165	archief van de rekenkamer van Zeeland II, inv. nr. 1112, 1113, 15.
6006	3936	4	45 (1952) 365.
6007	3936	165	archief van de rekenkamer van Zeeland II, inv. nr. 1113, 15.
6008	3937	165	archief van de rekenkamer van Zeeland II, inv. nr. 1113, 15.
6009	3939	31	498.
6010	3939	188	2, 834.
6011	3941	165	archief van de rekenkamer van Zeeland II, inv. nr. 1113, 16.
6012	3942	165	archief van de rekenkamer van Zeeland II, inv. nr. 1113, 16.
6013	3942	206	Bijlage X.
6014	3943	135	5 (1888) 12, 251.
6015	3943	165	archief van de rekenkamer van Zeeland II, inv. nr. 1113, 16.
6016	3944	31	579.
6017	3945	135	9 (1892) 194.
6018	3945	165	archief van de rekenkamer van Zeeland II, inv. nr. 1113, 16.
6019	3947	16	8, 856.
6020	3961	188	2, 126.
6021	3962	125	40 (1986) 139.
6022	3962	180	1868 ('s-Hertogenbosch 1869) 59.
6023	3964	132	196.
6024	3965	132	116.
6025	3968	16	3, 1321.
6026	3969	192	archief Raad van Brabant, inv. nr. 7, f. 396.
6027	3970	192	archief Raad van Brabant, inv. nr. 7, f. 396, 422.
6028	3971	16	7, 1202.
6029	3973	135	2 (1885) 309.
6030	3973	180	1868 ('s-Hertogenbosch 1869) 59.
6031	3976	4	40 (1942) 671.
6032	3976	188	1, 450.
6033	3976	198	XXVI.
6034	3976	206	Bijlage III.
6035	3977	165	rechterlijke archieven Zeeuws-Vlaanderen, inv. nr. 143, f. 9v., 10.
6036	3978	16	6, 285.
6037	3979	125	21 (1967) 79-80.
6038	3980	206	Bijlage IV.
6039	3981	216	95.
6040	3982	135	16 (1903) 270.
6041	3984	135	9 (1892) 146.
6042	3987	132	197.
6043	3987	135	9 (1892) 194.
6044	3988	177	90 (1977) 349.
6045	3989	135	9 (1892) 100.
6046	3991	136	11 (1907) 401.
6047	3991	192	archief Raad van Brabant, inv. nr. 7, f. 397, 478.
6048	3993	132	197.
6049	3994	132	197.
6050	3995	182	521.
6051	3996	136	18 (1914) 378.
6052	3996	174	505.
6053	3997	132	117.
6054	3997	134	51 (1933) 246, 55 (1937) 187.
6055	3999	132	194.
6056	3999	182	521.
6057	4000	6	1, 453.
6058	4001	132	195.
6059	4002	132	195.
6060	4003	132	196.
6061	4004	16	7, 379.
6062	4004	137	9 (1914) 168.
6063	4005	4	40 (1942) 582.
6064	4006	4	40 (1942) 587.
6065	4007	130	archief van de Grafelijkheidsrekenkamer 3.01.27.02, inv. nr. 5276, f. 5.
6066	4007	132	198.
6067	4007	136	9 (1905) 196.
6068	4009	136	9 (1905) 196.
6069	4013	151	6, 419.
6070	4016	155	3, 729.
6071	4017	31	231.
6072	4019	31	317.
6073	4022	31	314.
6074	4022	137	9 (1914) 308.
6075	4024	125	32 (1978) 171.
6076	4024	134	53 (1935) 279.
6077	4026	125	29 (1975) 77.
6078	4026	188	2, 367.
6079	4027	4	46 (1953) 212.
6080	4029	130	Provinciale resoluties, inv. nr. 314, f. 545.
6081	4029	188	2, 290.
6082	4030	136	13 (1909) 119.
6083	4030	205	1728, f. 5.
6084	4031	130	Provinciale resoluties, inv. nr. 314, f. 546.
6085	4031	205	1741, f. 383.
6086	4032	31	566.
6087	4033	31	589.
6088	4034	188	1, 63.
6089	4035	188	1, 103.
6090	4036	16	6, 861.
6091	4036	27	89.
6092	4036	188	1, 485.
6093	4037	137	1 (1906) 224.
6094	4037	188	2, 116.
6095	4043	134	80 (1963) 393.
6096	4043	188	2, 809.
6097	4045	205	1708, f. 289.
6098	4046	188	2, 853.
6099	4046	206	Bijlage II.
6100	4047	4	41 (1943/1948) 235.
6101	4047	6	2, 976.
6102	4048	31	354.
6103	4050	31	421.
6104	4051	31	311.
6105	4052	205	1720, f. 91.
6106	4053	27	112.
6107	4053	153	314.
6108	4053	188	2, 904.
6109	4055	31	542.
6110	4055	136	12 (1908) 432.
6111	4056	206	Bijlage VIII.
6112	4059	31	112.
6113	4060	125	2 (1948) 21.
6114	4063	155	
6115	4065	4	42 (1949) 75.
6116	4065	125	27 (1973) 321.
6117	4068	31	135.
6118	4069	31	226.
6119	4076	125	19 (1965) 202, 216-217.
6120	4077	125	51 (1997) 66.
6121	4077	191	138.
6122	4078	125	51 (1997) 62.
6123	4078	191	137.
6124	4080	134	46 (1928) 131.
6125	4080	150	Oud archief Hoorn, inv. nr. 118, f. 48.
6126	4080	191	139.
6127	4081	150	Oud archief Hoorn, inv. nr. 118, f. 1.
6128	4083	150	Oud archief Hoorn, inv. nr. 119, f. 132v.
6129	4088	191	142.
6130	4090	114	
6131	4090	125	23 (1969) 295.
6132	4090	191	128.
6133	4097	155	
6134	4099	19	235.
6135	4099	116	28 (1996) 20.
6136	4100	125	13 (1959) 135.
6137	4100	137	9 (1914) 49.
6138	4103	130	archief van de Grafelijkheidsrekenkamer 3.01.27.02, inv. nr. 5360, f. 10.
6139	4103	134	77 (1960) 462.
6140	4103	143	1461.
6141	4103	190	31.
6142	4104	134	82 (1965) 122.
6143	4104	143	1461.
6144	4105	125	27 (1973) 325.
6145	4105	143	969, 1461.
6146	4106	143	1461.
6147	4106	190	31.
6148	4109	134	53 (1935) 60, 85 (1968) 369.
6149	4112	81	30.
6150	4112	117	14.
6151	4112	149	4 (1995) 128.
6152	4113	4	38 (1940) 245.
6153	4113	136	9 (1905) 428.
6154	4114	117	15.
6155	4114	149	4 (1995) 184.
6156	4115	135	2 (1885) 115.
6157	4116	125	28 (1974) 252, 48 (1994) 112, 123.
6158	4117	136	5 (1901) 239.
6159	4118	6	2, 742.
6160	4120	125	14 (1960) 110 n. 6.
6161	4121	135	10 (1893) 153.
6162	4122	15	43 (1957) 27.
6163	4123	4	43 (1950) 10.
6164	4123	135	2 (1885) 113.
6165	4126	130	archief van de Grafelijkheidsrekenkamer 3.01.27.02, inv. nr. 5273, f. 6v
6166	4127	125	27 (1973) 332.
6167	4128	6	2, 589.
6168	4129	137	7 (1912) 268.
6169	4131	135	11 (1894) 253.
6170	4132	192	archief Raad van Brabant, inv. nr. 7, f. 396.
6171	4134	192	archief Raad van Brabant, inv. nr. 7, f. 396.
6172	4135	192	archief Raad van Brabant, inv. nr. 7, f. 396, 439.
6173	4136	4	38 (1940) 21.
6174	4136	192	archief Raad van Brabant, inv. nr. 7, f. 396.
6175	4137	192	archief Raad van Brabant, inv. nr. 7, f. 349.
6176	4138	141	22 (1967) 383.
6177	4138	192	archief Raad van Brabant, inv. nr. 7, f. 397, 459.
6178	4139	192	archief Raad van Brabant, inv. nr. 7, f. 342, 397.
6179	4140	192	archief Raad van Brabant, inv. nr. 7, f. 397, 454.
6180	4141	192	archief Raad van Brabant, inv. nr. 7, f. 330, 397.
6181	4142	192	archief Raad van Brabant, inv. nr. 7, f. 286, 397.
6182	4143	192	archief Raad van Brabant, inv. nr. 7, f. 397, 464.
6183	4144	192	archief Raad van Brabant, inv. nr. 5, f. 493.
6184	4145	192	archief Raad van Brabant, inv. nr. 7, f. 398.
6185	4146	192	archief Raad van Brabant, inv. nr. 7, f. 398.
6186	4146	197	64.
6187	4147	135	10 (1893) 248.
6188	4147	192	archief Raad van Brabant, inv. nr. 7, f. 506.
6189	4148	192	archief Raad van Brabant, inv. nr. 7, f. 506.
6190	4155	16	3, 14.
6191	4156	6	1, 198.
6192	4156	16	1, 1351.
6193	4157	16	9, 912.
6194	4158	16	3, 387.
6195	4160	16	3, 390.
6196	4160	196	15.
6197	4162	16	3, 388.
6198	4164	4	90 (2002-2003) 181.
6199	4165	4	82 (1992) 329.
6200	4165	16	3, 391.
6201	4165	151	6, 8.
6202	4169	196	37.
6203	4172	196	37.
6204	4173	125	31 (1977) 127.
6205	4175	6	2, 719.
6206	4176	10	342.
6207	4180	15	40 (1954) 14.
6208	4182	15	13 (1923) 340.
6209	4184	4	45 (1952) 361.
6210	4185	6	1, 392.
6211	4186	10	311.
6212	4187	10	342.
6213	4189	15	46 (1960) 39.
6214	4189	125	40 (1986) 204.
6215	4189	135	11 (1894) 272.
6216	4190	16	3, 632.
6217	4191	165	rechterlijke archieven Zeeuws-Vlaanderen, inv. nr. 143, f. 20v, 21v., 23.
6218	4192	165	rechterlijke archieven Zeeuws-Vlaanderen, inv. nr. 143, f. 81.
6219	4192	206	Bijlage XIV.
6220	4193	165	rechterlijke archieven Zeeuws-Vlaanderen, inv. nr. 145, 13, 20 juli 1693.
6221	4195	206	Bijlage VI.
6222	4196	6	1, 426.
6223	4199	209	13 (1604-1606) H.H.P. Rijperman ed. ('s-Gravenhage 1957) 749.
6224	4200	209	Nieuwe reeks 2 (1613-1616) A.Th. van Deursen ed. ('s-Gravenhage 1984) 535.
6225	4201	136	22 (1918) 420.
6226	4202	242	94.
6227	4204	209	12 (1602-1603) H.H.P. Rijperman ed. ('s-Gravenhage 1950) 231.
6228	4205	209	12 (1602-1603) H.H.P. Rijperman ed. ('s-Gravenhage 1950), 222 noot 6.
6229	4206	209	Nieuwe reeks 2 (1613-1616) A.Th. van Deursen ed. ('s-Gravenhage 1984) 727.
6230	4208	136	22 (1918) 420.
6231	4208	209	Nieuwe reeks 2 (1613-1616) A.Th. van Deursen ed. ('s-Gravenhage 1984) 110.
6232	4209	209	Nieuwe reeks 7 (1624-1625) J. Roelevink ed. ('s-Gravenhage 1994) 496.
6233	4210	6	1, 289.
6234	4211	137	10 (1915) 257.
6235	4214	125	51 (1997) 71.
6236	4214	213	14 (1940) 159.
6237	4215	29	141.
6238	4220	6	1, 262.
6239	4222	6	2, 718.
6240	4223	134	46 (1928) 115.
6241	4224	134	46 (1928) 137.
6242	4224	212	44.
6243	4225	6	2, 653.
6244	4232	135	14 (1901) 257.
6245	4236	134	40 (1922) 320.
6246	4238	135	7 (1890) 146.
6247	4239	4	42 (1949) 172.
6248	4239	15	41 (1955) 261.
6249	4239	135	4 (1887) 169.
6250	4241	134	33 (1915) 342.
6251	4241	149	7 (1998) 182.
6252	4242	15	6 (1915) 373.
6253	4242	136	7 (1903)
6254	4243	15	80 (1997) 406.
6255	4244	125	2 (1948) 32, 40.
6256	4245	15	80 (1997) 407.
6257	4246	16	4, 1277.
6258	4246	19	225.
6259	4247	15	76 (1992) 47.
6260	4249	4	89 (2000-2001) 15.
6261	4249	16	2, 977.
6262	4249	27	119.
6263	4249	246	
6264	4253	19	230.
6265	4253	147	(1995) 100.
6266	4255	157	2b, 211.
6267	4260	136	6 (1902) 187.
6268	4261	136	6 (1902) 187.
6269	4264	16	8, 1039.
6270	4264	125	59 (2005) 145.
6271	4264	151	8, 121.
6272	4267	7	XLVIII.
6273	4268	137	4 (1909) 118.
6274	4268	220	381.
6275	4268	222	85.
6276	4269	222	162.
6277	4270	4	29 (1931) 108.
6278	4270	219	100.
6279	4270	220	450-452.
6280	4270	222	137.
6281	4271	219	cd-rom (Broyels).
6282	4271	222	27.
6283	4272	134	61 (1943) 126.
6284	4272	220	79.
6285	4273	134	47 (1929) 231.
6286	4274	222	74.
6287	4276	134	58 (1940) 285.
6288	4276	220	533.
6289	4277	134	58 (1940) 290.
6290	4277	220	511.
6291	4278	134	78 (1961) 10.
6292	4279	222	77.
6293	4279	223	21.
6294	4280	136	5 (1901) 216-219.
6295	4280	220	110-111.
6296	4282	135	17 (1905) 327.
6297	4282	137	4 (1909) 410.
6298	4282	220	462.
6299	4283	222	158-159.
6300	4285	134	57 (1939) 215.
6301	4285	222	59.
6302	4286	220	149.
6303	4286	222	107.
6304	4287	134	80 (1963) 96, 99 (1982) 420.
6305	4287	222	86.
6306	4288	220	238.
6307	4288	222	12.
6308	4289	134	57 (1939) 438.
6309	4289	220	103.
6310	4289	222	109.
6311	4290	134	74 (1957) 390.
6312	4290	220	241.
6313	4290	222	133.
6314	4291	222	59.
6315	4292	4	86 (1996-1997) 2.
6316	4292	15	4 (1913) 187.
6317	4292	135	17 (1905) 365.
6318	4292	222	72.
6319	4293	134	67 (1950) 43.
6320	4293	220	289.
6321	4293	222	58.
6322	4295	222	62.
6323	4296	134	43 (1925) 107-108.
6324	4296	222	104.
6325	4297	145	37 (1887) 388.
6326	4297	222	30.
6327	4299	125	20 (1966) 125.
6328	4299	134	29 (1911) 392.
6329	4299	222	6.
6330	4300	222	83.
6331	4301	219	cd-rom (Wolthers).
6332	4301	222	106.
6333	4302	220	183, 342-343.
6334	4302	222	89.
6335	4303	4	8 (1910) 510-511.
6336	4303	219	cd-rom (de Drews).
6337	4303	222	163.
6338	4304	222	90.
6339	4305	134	68 (1951) 198.
6340	4305	220	464.
6341	4305	222	149.
6342	4306	137	1 (1906) 70.
6343	4306	222	51.
6344	4307	135	3 (1886) 63.
6345	4307	137	4 (1909) 403-404.
6346	4307	220	79.
6347	4307	222	82.
6348	4308	134	56 (1938) 12.
6349	4308	220	490.
6350	4308	222	36.
6351	4309	222	107.
6352	4311	220	125.
6353	4312	134	84 (1967) 132.
6354	4312	220	375-376.
6355	4312	222	154.
6356	4313	134	57 (1939) 438.
6357	4313	220	103.
6358	4313	222	109.
6359	4314	134	64 (1947) 73.
6360	4315	4	86 (1996-1997) 2.
6361	4315	15	4 (1913) 188.
6362	4315	135	17 (1905) 366.
6363	4315	222	71.
6364	4316	220	73.
6365	4316	222	146.
6366	4317	4	79 (1988) 53.
6367	4317	220	136, 412-413, 415.
6368	4317	222	4.
6369	4318	135	2 (1885) 241.
6370	4318	219	cd-rom (Emmius).
6371	4318	222	10.
6372	4319	222	29.
6373	4320	134	58 (1940) 456.
6374	4320	222	12.
6375	4321	222	13.
6376	4322	222	82.
6377	4323	134	42 (1924) 364.
6378	4323	222	144.
6379	4324	134	52 (1934) 186.
6380	4324	136	6 (1902) 106.
6381	4324	222	48.
6382	4325	222	122-123.
6383	4327	222	4.
6384	4328	219	cd-rom (Emmius).
6385	4328	222	41.
6386	4329	219	283.
6387	4329	222	127-128.
6388	4330	220	366-368.
6389	4330	222	122.
6390	4331	222	115.
6391	4332	134	56 (1938) 115.
6392	4332	220	103.
6393	4332	222	8.
6394	4333	135	15 (1902) 217.
6395	4333	222	18.
6396	4334	136	2 (1898) 75.
6397	4335	134	71 (1954) 307.
6398	4335	220	335.
6399	4335	222	66.
6400	4336	222	27.
6401	4337	219	cd-rom (Van Julsingha).
6402	4337	222	78.
6403	4338	219	cd-rom (Wolthers).
6404	4338	222	171.
6405	4339	135	17 (1905) 321.
6406	4339	137	4 (1909) 392.
6407	4339	220	143.
6408	4339	222	83.
6409	4340	134	31 (1913) 241, 80 (1963) 97.
6410	4340	219	cd-rom (Drews).
6411	4340	222	33.
6412	4341	4	79 (1988) 53.
6413	4341	137	4 (1909) 371.
6414	4341	220	415, 511-513.
6415	4341	222	147.
6416	4342	137	1 (1906) 164.
6417	4343	136	2 (1898) 75.
6418	4343	222	105.
6419	4344	135	17 (1905) 315.
6420	4344	137	4 (1909) 374-375.
6421	4344	220	530, 534.
6422	4344	222	83-84.
6423	4346	134	68 (1951) 200-201.
6424	4346	137	4 (1909) 374.
6425	4346	220	474.
6426	4346	222	142, 149.
6427	4348	222	15.
6428	4349	137	5 (1910) 381.
6429	4349	220	137.
6430	4349	222	120-121.
6431	4350	220	223.
6432	4350	222	107.
6433	4351	134	80 (1963) 99.
6434	4351	219	cd-rom (Van Julsingha).
6435	4351	222	113.
6436	4353	136	1 (1897) 125.
6437	4353	137	1 (1906) 429.
6438	4353	222	143.
6439	4354	134	43 (1925) 109.
6440	4354	222	104.
6441	4355	222	128.
6442	4357	134	52 (1934) 186.
6443	4357	219	cd-rom (de Drews).
6444	4357	222	49.
6445	4359	135	15 (1902) 217.
6446	4359	219	cd-rom (Emmius).
6447	4359	222	20.
6448	4361	135	2 (1885) 203.
6449	4361	137	4 (1909) 147.
6450	4361	145	14 (1881) 356.
6451	4361	222	146.
6452	4363	134	31 (1913) 264.
6453	4363	219	cd-rom (Drews).
6454	4363	222	34.
6455	4364	220	71.
6456	4364	222	158.
6457	4365	222	139.
6458	4366	134	56 (1938) 399.
6459	4366	136	2 (1898) 187.
6460	4366	222	50.
6461	4367	220	103, 223, 227, 528-530.
6462	4367	222	108.
6463	4369	219	cd-rom (Wolthers).
6464	4369	222	156-157.
6465	4370	134	78 (1961) 215.
6466	4370	220	120, 350.
6467	4370	222	156.
6468	4372	220	404, 507.
6469	4372	222	172.
6470	4373	136	21 (1917) 102.
6471	4373	222	100-101.
6472	4374	222	112.
6473	4375	135	15 (1902) 218.
6474	4375	137	1 (1906) 37.
6475	4375	222	20.
6476	4377	15	35 (1949) 93.
6477	4377	136	11 (1907) 500.
6478	4377	222	49.
6479	4378	134	51 (1933) 252.
6480	4378	220	359.
6481	4379	137	1 (1906) 279.
6482	4379	145	41 (1891) 453.
6483	4379	219	cd-rom (Wolthers).
6484	4379	222	67-68.
6485	4380	137	4 (1909) 17.
6486	4381	219	cd-rom (Berghuis).
6487	4381	222	18-19.
6488	4382	220	486.
6489	4382	222	63.
6490	4383	15	49 (1963) 352-353.
6491	4383	222	168.
6492	4385	134	31 (1913) 242.
6493	4385	222	34.
6494	4386	136	20 (1916) 291-292.
6495	4386	219	cd-rom (Wolthers).
6496	4386	222	150-151.
6497	4387	222	116.
6498	4388	4	86 (1996-1997) 6.
6499	4388	135	17 (1905) 367.
6500	4388	136	13 (1909) 97.
6501	4388	137	2 (1907) 84.
6502	4388	222	70.
6503	4390	15	23 (1937) 194.
6504	4390	220	368.
6505	4390	222	116.
6506	4391	134	56 (1938) 401.
6507	4391	222	11.
6508	4392	4	46 (1953) 348.
6509	4392	222	163.
6510	4394	134	68 (1951) 206.
6511	4394	220	147, 238.
6512	4394	222	62.
6513	4395	219	cd-rom (Alstorphius).
6514	4395	222	9.
6515	4396	4	43 (1950) 50.
6516	4396	219	cd-rom (Uchtman).
6517	4396	222	118.
6518	4397	222	22.
6519	4401	134	78 (1961) 216.
6520	4401	135	14 (1901) 86.
6521	4401	219	286.
6522	4401	222	157.
6523	4404	4	44 (1951) 248-249.
6524	4404	141	27 (1972) 107.
6525	4404	220	541.
6526	4404	222	136-137.
6527	4405	135	17 (1905) 321.
6528	4405	137	4 (1909) 394.
6529	4405	220	143.
6530	4405	222	83-84.
6531	4406	219	78, 145.
6532	4406	222	58.
6533	4408	220	73-75.
6534	4408	222	135-136.
6535	4409	220	502.
6536	4413	15	4 (1913) 188.
6537	4413	135	17 (1905) 370.
6538	4413	222	70.
6539	4414	220	513.
6540	4414	222	3.
6541	4415	134	56(1938) 107.
6542	4415	220	488.
6543	4415	222	7.
6544	4416	222	50.
6545	4419	4	79 (1988) 70.
6546	4419	220	336.
6547	4419	222	6.
6548	4421	222	35.
6549	4423	15	49 (1963) 278-279.
6550	4423	125	28 (1974) 236.
6551	4423	135	16 (1903) 505.
6552	4423	219	329-330.
6553	4423	222	153.
6554	4424	137	4 (1909) 32.
6555	4424	220	46.
6556	4424	222	97-98.
6557	4425	219	128.
6558	4425	222	67.
6559	4426	222	24.
6560	4427	137	4 (1909) 17.
6561	4427	220	267.
6562	4427	222	98.
6563	4429	222	25.
6564	4431	4	44 (1951) 277.
6565	4431	220	112.
6566	4431	222	137.
6567	4434	134	68 (1951) 205.
6568	4434	220	466.
6569	4434	222	142.
6570	4436	222	3.
6571	4438	220	415-418.
6572	4438	222	5.
6573	4442	134	56 (1938) 107-108.
6574	4442	222	7-8.
6575	4444	135	17 (1905) 316.
6576	4444	137	4 (1909) 376-377.
6577	4444	220	534.
6578	4444	222	84.
6579	4445	15	20 (1931-1932) 118.
6580	4445	137	1 (1906) 153.
6581	4445	222	72-73.
6582	4448	4	86 (1996-1997) 166-167.
6583	4448	220	180.
6584	4450	4	29 (1931) 112.
6585	4450	222	137.
6586	4452	4	87 (1998) 457-458.
6587	4452	136	21 (1917) 109.
6588	4452	220	216-217.
6589	4452	222	101.
6590	4454	220	75.
6591	4454	222	136.
6592	4456	136	20 (1916) 293.
6593	4456	222	150.
6594	4457	4	79 (1988) 56-57
6595	4457	220	394.
6596	4457	222	4.
6597	4462	137	7 (1912) 20.
6598	4463	137	3 (1908) 88, 9 (1914) 142.
6599	4463	145	69 (1920) 95.
6600	4464	137	8 (1913) 364.
6601	4464	265	1, 306.
6602	4465	16	3, 1010.
6603	4465	137	8 (1913) 31-32.
6604	4466	136	14 (1910) 436.
6605	4466	137	8 (1913) 187-188.
6606	4467	137	9 (1914) 1-2.
6607	4467	265	1, 308.
6608	4467	241	193.
6609	4470	137	9 (1914) 2.
6610	4474	137	9 (1914) 10.
6611	4476	137	3 (1908) 57-58.
6612	4478	137	4 (1909) 358.
6613	4478	265	1, 315.
6614	4482	137	9 (1914) 71.
6615	4485	16	6, 702.
6616	4485	137	2 (1907) 396-397.
6617	4485	228	13.
6618	4487	224	
6619	4488	4	44 (1951) 421.
6620	4488	228	14.
6621	4490	228	12.
6622	4491	227	
6623	4493	134	70 (1953) 146.
6624	4493	265	1, 317.
6625	4494	136	2 (1898) 87.
6626	4494	137	10 (1915) 327.
6627	4494	265	1, 317.
6628	4495	16	7, 595-596.
6629	4495	135	16 (1903) 434.
6630	4495	228	13.
6631	4496	257	513.
6632	4496	259	209.
6633	4496	265	1, 317.
6634	4498	228	14.
6635	4498	267	
6636	4499	228	13.
6637	4503	227	
6638	4504	135	11 (1894) 26.
6639	4504	137	8 (1913) 128.
6640	4505	137	9 (1914) 11.
6641	4505	228	
6642	4509	4	45 (1952) 520.
6643	4509	137	8 (1913) 79-80, 298-299.
6644	4511	227	
6645	4513	227	
6646	4517	137	2 (1907) 253.
6647	4521	137	3 (1908) 11.
6648	4523	16	4, 709-710.
6649	4523	137	3 (1908) 12.
6650	4525	225	100.
6651	4526	227	
6652	4527	4	46 (1953) 278.
6653	4527	134	83 (1966) 323-324.
6654	4528	4	16 (1918) 4.
6655	4528	137	3 (1908) 82.
6656	4529	125	2 (1948) 116.
6657	4530	4	10 (1912) 3.
6658	4531	113	270-274.
6659	4531	137	9 (1914) 218.
6660	4533	137	8 (1913) 81.
6661	4535	137	9 (1914) 100.
6662	4537	4	91 (2004-2005) 62-63.
6663	4538	4	45 (1952) 511-512.
6664	4539	4	89 (2000-2001) 465.
6665	4540	15	52 (1966) 134.
6666	4541	4	16 (1918) 17.
6667	4541	137	3 (1908) 566.
6668	4543	136	11 (1907) 10.
6669	4543	137	9 (1914) 59.
6670	4543	227	
6671	4543	244	67 (1973) 145, n. 6.
6672	4544	137	4 (1909) 198.
6673	4544	138	5 (1876) 54.
6674	4546	137	4 (1909) 192.
6675	4550	221	294-295.
6676	4554	4	81 (1990-1991) 62.
6677	4557	221	296.
6678	4560	221	348.
6679	4561	4	84 (1994) 218
6680	4561	221	327.
6681	4566	145	79 (1930) 73.
6682	4568	138	1 (1879) 266.
6683	4568	221	296.
6684	4568	241	202.
6685	4584	135	15 (1902) 129.
6686	4587	4	84 (1994) 279.
6687	4589	151	5, 84.
6688	4589	243	428.
6689	4601	243	362.
6690	4607	134	84 (1967) 103.
6691	4610	241	339.
6692	4612	4	80 (1989) 398.
6693	4612	241	353.
6694	4619	4	84 (1994) 304.
6695	4619	221	329.
6696	4619	242	163.
6697	4623	134	57 (1939) 62.
6698	4623	242	159.
6699	4627	134	70 (1953) 13, 19.
6700	4627	246	
6701	4630	15	1 (1910) 414.
6702	4631	138	4 (1882) 172.
6703	4631	241	365.
6704	4632	241	374.
6705	4637	134	84 (1967) 104.
6706	4638	242	160.
6707	4640	15	23 (1937) 50.
6708	4645	221	330.
6709	4645	241	399.
6710	4645	246	
6711	4646	246	
6712	4650	137	8 (1913) 240.
6713	4650	221	329.
6714	4652	4	84 (1994) 259
6715	4652	242	167.
6716	4655	246	
6717	4656	246	
6718	4660	246	
6719	4662	15	31 (1945) 110.
6720	4664	4	46 (1953) 48.
6721	4664	134	58 (1940) 350.
6722	4664	246	
6723	4665	246	
6724	4666	4	84 (1994) 280.
6725	4666	221	309.
6726	4666	242	173.
6727	4666	246	
6728	4668	4	42 (1949) 341-342.
6729	4668	242	183.
6730	4668	246	
6731	4669	219	cd-rom (Wolthers).
6732	4669	246	
6733	7092	243	369.
6734	4670	4	84 (1994) 305.
6735	4671	4	84 (1994) 56-57.
6736	4671	135	11 (1894) 174.
6737	4671	243	411.
6738	4671	246	
6739	4672	241	384.
6740	4673	4	87 (1998) 635.
6741	4673	243	412.
6742	4674	134	84 (1967) 102.
6743	4675	243	427.
6744	4675	246	
6745	4676	246	
6746	4677	241	423.
6747	4677	246	
6748	4681	4	84 (1994) 291.
6749	4681	242	179.
6750	4681	246	
6751	4682	221	330-331.
6752	4682	241	412.
6753	4682	246	
6754	4685	4	81 (1990-1991) 64.
6755	4685	221	309-310.
6756	4685	242	180.
6757	4685	246	
6758	4686	137	10 (1915) 383.
6759	4686	221	330.
6760	4686	246	
6761	4687	242	188.
6762	4687	246	
6763	4688	4	84 (1994) 223.
6764	4688	246	
6765	4691	15	79 (1995-1996) 311.
6766	4691	244	4 (1901) 70.
6767	4691	246	
6768	4692	246	
6769	4693	246	
6770	4694	243	422.
6771	4695	241	385.
6772	4695	246	
6773	4703	134	24 (1906) 34.
6774	4704	134	67 (1950) 106.
6775	4710	137	9 (1914) 95.
6776	4711	151	10, 218.
6777	4713	4	91 (2004-2005) 56.
6778	4713	265	1, 306.
6779	4714	265	2, 1054.
6780	4717	4	45 (1952) 519.
6781	4719	137	9 (1914) 38.
6782	4722	137	9 (1914) 24.
6783	4723	137	9 (1914) 38.
6784	4726	137	4 (1909) 360.
6785	4726	265	1, 319.
6786	4728	134	44 (1926) 61.
6787	4729	134	70 (1953) 147.
6788	4732	125	38 (1984) 185.
6789	4733	137	3 (1908) 481.
6790	4734	226	35.
6791	4735	137	4 (1909) 360-361.
6792	4736	4	91 (2004-2005) 366.
6793	4736	145	53 (1903) 397-398.
6794	4737	137	10 (1915) 366.
6795	4739	137	2 (1907) 370-371.
6796	4740	137	9 (1914) 219.
6797	4742	137	9 (1914) 101.
6798	4744	137	3 (1908) 518.
6799	4745	125	11 (1948) 118.
6800	4745	134	55 (1937) 13.
6801	4746	137	2 (1907) 400, 4 (1909) 303.
6802	4748	15	7 (1916) 180.
6803	4749	4	46 (1953) 444.
6804	4751	4	84 (1994) 134.
6805	4752	135	3 (1886) 274.
6806	4753	134	19 (1901) 14.
6807	4753	137	3 (1908) 477.
6808	4753	141	45 (1990) 425.
6809	4754	145	69 (1920) 91.
6810	4756	4	84 (1994) 130.
6811	4759	145	9 (1876) 316.
6812	4764	137	2 (1907) 208.
6813	4768	15	59 (1973) 165.
6814	4769	137	3 (1908) 25-26.
6815	4769	141	31 (1976) 286.
6816	4769	227	
6817	4771	227	
6818	4772	228	14.
6819	4773	228	14.
6820	4775	4	16 (1918) 124.
6821	4775	137	3 (1908) 546.
6822	4776	16	8, 249.
6823	4776	151	3, 145.
6824	4778	135	14 (1901) 213.
6825	4782	243	432.
6826	4782	246	
6827	4783	134	23 (1905) 222.
6828	4786	15	38 (1952) 85.
6829	4787	4	87 (1998) 609.
6830	4788	134	27 (1909) 195.
6831	4792	151	6, 99.
6832	4793	134	57 (1939) 5.
6833	4799	4	43 (1950) 91.
6834	4800	4	87 (1998) 634.
6835	4802	134	72 (1955) 94.
6836	4802	145	10 (1860) 68.
6837	4803	137	8 (1913) 433.
6838	4804	4	45 (1952) 410.
6839	4804	134	84 (1967) 103.
6840	4805	241	334.
6841	4807	242	148.
6842	4808	242	154.
6843	4811	134	81 (1964) 292.
6844	4813	4	84 (1994) 279-280.
6845	4813	242	158.
6846	4814	134	45 (1927) 205, 84 (1967) 101.
6847	4815	242	168.
6848	4815	246	
6849	4817	4	46 (1953) 552.
6850	4817	243	407.
6851	4817	246	
6852	4818	246	
6853	4822	246	
6854	4823	134	77 (1960) 387.
6855	4823	246	
6856	4824	15	31 (1945) 81.
6857	4824	134	37 (1919) 405-406.
6858	4824	246	
6859	4826	15	39 (1953) 32.
6860	4826	246	
6861	4827	4	42 (1949) 341.
6862	4827	242	166.
6863	4828	4	84 (1994) 222.
6864	4829	15	5 (1914) 137-138.
6865	4829	141	12 (1957) 256, 20 (1965) 113, 42 (1987) 511.
6866	4829	221	310-311.
6867	4830	246	
6868	4831	4	40 (1942) 281.
6869	4831	134	45 (1927) 207, 84 (1967) 104.
6870	4831	246	
6871	4832	221	330.
6872	4832	241	411.
6873	4834	246	
6874	4835	141	26 (1971) 336.
6875	4836	134	44 (1926) 138.
6876	4837	15	31 (1945) 109.
6877	4837	246	
6878	4839	134	44 (1926) 230.
6879	4839	246	
6880	4840	246	
6881	4841	246	
6882	4844	137	6 (1911) 349.
6883	4845	134	21 (1903) 221.
6884	4845	145	65 (1916) 33.
6885	4853	134	57 (1939) 58.
6886	4853	221	327.
6887	4854	134	57 (1939) 59.
6888	4865	4	46 (1953) 321.
6889	4872	134	45 (1927) 205, 84 (1967) 100.
6890	4873	243	374.
6891	4878	241	383.
6892	4883	134	37 (1919) 406.
6893	4883	221	334.
6894	4883	246	
6895	4884	243	392.
6896	4884	246	
6897	4886	246	
6898	4888	15	10 (1919) 7.
6899	4888	136	22 (1918) 113-114.
6900	4889	15	79 (1995/6) 449.
6901	4892	246	
6902	4893	246	
6903	4895	4	84 (1994) 57.
6904	4895	243	435.
6905	4896	4	80 (1989) 402.
6906	4899	242	193.
6907	4899	246	
6908	4900	4	44 (1951) 351.
6909	4900	246	
6910	4903	145	6 (1873) 580.
6911	4905	4	21 (1923) 280.
6912	4905	141	29 (1974) 58.
6913	4905	145	11 (1878) 139.
6914	4911	137	2 (1907) 396.
6915	4912	228	11.
6916	4921	137	8 (1913) 112-113, 9 (1914) 10.
6917	4921	228	13.
6918	4923	137	2 (1907) 228.
6919	4927	125	31 (1977) 80.
6920	4927	137	8 (1913) 112.
6921	4929	4	45 (1952) 268.
6922	4930	137	9 (1914) 28.
6923	4930	151	3, 45.
6924	4932	15	39 (1953) 112.
6925	4932	137	6 (1911) 117.
6926	4937	15	32 (1946) 285.
6927	4937	134	34 (1916) 118.
6928	4938	136	22 (1918) 114.
6929	4939	228	4.
6930	4940	16	6, 704.
6931	4940	137	2 (1907) 386.
6932	4942	113	378
6933	4942	137	2 (1907) 207.
6934	4943	137	9 (1914) 23.
6935	4943	141	19 (1964) 173.
6936	4943	228	7.
6937	4944	137	2 (1907) 396.
6938	4947	134	24 (1906) 270.
6939	4947	137	8 (1913) 267.
6940	4947	265	1, 307.
6941	4948	265	1, 311.
6942	4950	228	9.
6943	4951	228	10.
6944	4951	265	2, 1050.
6945	4952	137	8 (1913) 239.
6946	4956	125	7 (1958) 209.
6947	4956	136	4 (1900) 99.
6948	4956	151	10, 44.
6949	4958	4	89 (2000-2001) 464-465.
6950	4958	137	9 (1914) 146.
6951	4960	243	99.
6952	4961	242	64.
6953	4963	132	127.
6954	4963	151	4, 67.
6955	4963	182	521.
6956	4964	195	30 (1923) 117.
6957	4964	245	xiii, 28.
6958	4968	141	45 (1990) 390.
6959	4969	138	1 (1879) 267.
6960	4970	221	296-297.
6961	4971	134	57 (1939) 112.
6962	4972	4	40 (1942) 280.
6963	4972	221	327.
6964	4983	141	17 (1962) 119.
6965	4983	221	328.
6966	4984	243	339.
6967	4984	246	
6968	4986	4	81 (1990-1991) 63.
6969	4990	134	24 (1906) 131.
6970	4990	241	373.
6971	4991	136	22 (1918) 437.
6972	4991	221	328.
6973	4991	243	370.
6974	4993	241	369.
6975	4994	137	6 (1911) 334.
6976	4994	246	
6977	4995	246	
6978	4996	243	399.
6979	4997	4	45 (1952) 410-411.
6980	4997	243	413.
6981	4997	246	
6982	4998	137	10 (1915) 383.
6983	4999	243	425.
6984	4999	246	
6985	5000	4	87 (1998) 284.
6986	5001	15	36 (1950) 336.
6987	5002	4	84 (1994) 289.
6988	5002	242	187.
6989	5002	246	
6990	5003	141	45 (1990) 482.
6991	5003	151	5, 31.
6992	5005	134	44 (1926) 227.
6993	5005	221	295.
6994	5006	134	57 (1939) 57.
6995	5006	242	61.
6996	5008	4	91 (2004-2005) 171.
6997	5008	137	5 (1910) 377.
6998	5008	220	500.
6999	5008	222	122.
7000	5009	151	2, 54.
7001	5009	222	14.
7002	5010	220	163-164.
7003	5010	222	121.
7004	5011	125	17 (1963) 193.
7005	5011	135	3 (1886) 209.
7006	5011	137	4 (1909) 386.
7007	5011	220	266.
7008	5011	222	88.
7009	5012	135	17 (1905) 330.
7010	5012	137	4 (1909) 420.
7011	5012	220	56.
7012	5012	222	82.
7013	5013	134	78 (1961) 17.
7014	5013	222	54-55.
7015	5014	219	cd-rom.
7016	5014	222	148.
7017	5015	222	80.
7018	5016	134	71 (1954) 305.
7019	5016	223	18.
7020	5017	4	87 (1998) 215.
7021	5017	137	4 (1909) 13.
7022	5017	220	189.
7023	5017	222	96.
7024	5018	135	17 (1905) 312.
7025	5018	137	4 (1909) 367-369.
7026	5018	220	511.
7027	5018	222	82.
7028	5019	134	78 (1961) 24.
7029	5019	220	487.
7030	5019	222	55.
7031	5020	220	315.
7032	5020	222	77.
7033	5021	134	67 (1950) 50
7034	5021	220	221.
7035	5021	222	166.
7036	5023	134	56 (1938) 105.
7037	5023	222	8.
7038	5024	134	74 (1957) 391.
7039	5024	222	131.
7040	5026	222	43.
7041	5027	4	44 (1951) 272.
7042	5027	220	452.
7043	5027	222	138.
7044	5028	219	cd-rom (Coehoorn).
7045	5028	222	96.
7046	5028	223	21.
7047	5029	222	106.
7048	5030	134	56 (1938) 12.
7049	5030	220	392.
7050	5030	222	36.
7051	5031	222	69.
7052	5032	220	169.
7053	5032	222	51.
7054	5033	219	35-36, 276.
7055	5033	222	2.
7056	5034	222	57.
7057	5035	136	5 (1901) 269.
7058	5035	220	111.
7059	5035	222	123.
7060	5036	219	cd-rom (Emmius).
7061	5036	222	41.
7062	5038	134	80 (1963) 112.
7063	5038	220	307.
7064	5038	222	42.
7065	5039	134	71 (1954) 307.
7066	5039	220	335.
7067	5039	222	65.
7068	5040	134	42 (1924) 363.
7069	5040	222	144.
7070	5041	4	86 (1996-1997) 165.
7071	5041	220	56.
7072	5041	222	76.
7073	5042	220	93.
7074	5042	222	5.
7075	5043	135	2 (1885) 238.
7076	5043	219	cd-rom (Van Julsingha).
7077	5043	222	10.
7078	5044	134	64 (1947) 73.
7079	5044	222	128.
7080	5045	136	5 (1901) 215.
7081	5045	220	326.
7082	5045	222	123.
7083	5046	4	86 (1996-1997) 61.
7084	5046	141	46 (1991) 537.
7085	5046	220	430-431.
7086	5046	222	87.
7087	5047	220	452.
7088	5047	222	138.
7089	5048	4	83 (1993) 240.
7090	5048	15	20 (1931-1932) 314.
7091	5048	137	1 (1906) 71-72.
7092	5049	4	83 (1993) 240-241.
7093	5049	137	1 (1906) 72-73.
7094	5050	134	61 (1943) 128.
7095	5050	222	20.
7096	5051	222	158.
7097	5052	134	74 (1957) 399.
7098	5052	220	144.
7099	5052	222	131.
7100	5053	134	31 (1913) 240.
7101	5053	219	cd-rom.
7102	5053	222	34.
7103	5054	222	26.
7104	5055	136	10 (1906) 321.
7105	5055	222	135.
7106	5056	4	87 (1998) 215-219.
7107	5056	137	4 (1909) 15-16.
7108	5056	220	267.
7109	5056	222	98-99.
7110	5057	137	5 (1910) 382-383.
7111	5058	4	46 (1953) 368.
7112	5058	219	cd-rom (de Drews).
7113	5059	222	87-88.
7114	5060	137	1 (1906) 36.
7115	5060	222	161.
7116	5061	222	60.
7117	5062	222	25.
7118	5063	4	86 (1996-1997) 61-63.
7119	5063	220	57, 61, 431, 443.
7120	5063	222	88.
7121	5064	220	51.
7122	5064	222	117.
7123	5065	135	2 (1885) 203.
7124	5065	219	121.
7125	5065	222	146.
7126	5066	222	103.
7127	5067	4	87 (1998) 234-236.
7128	5067	137	4 (1909) 31.
7129	5067	220	45-46, 438.
7130	5067	222	97.
7131	5068	222	140.
7132	5069	4	79 (1988) 69-70.
7133	5070	4	87 (1998) 219.
7134	5070	137	4 (1909) 17.
7135	5070	220	267.
7136	5070	222	98.
7137	5071	134	56 (1938) 399.
7138	5071	222	11.
7139	5073	219	cd-rom (Berghuis).
7140	5073	222	64.
7141	5074	15	23 (1937) 193
7142	5074	220	368.
7143	5074	222	116-117.
7144	5075	15	49 (1963) 293.
7145	5075	222	153.
7146	5075	223	21.
7147	5076	15	49 (1963) 293.
7148	5076	222	152.
7149	5076	223	21.
7150	5077	222	26.
7151	5078	135	14 (1901) 85.
7152	5078	219	283-284.
7153	5078	222	157.
7154	5079	220	415.
7155	5079	222	3.
7156	5080	136	3 (1899) 85.
7157	5080	219	cd-rom.
7158	5080	222	48.
7159	5081	222	95.
7160	5082	135	9 (1892) 38.
7161	5082	145	45 (1895) 27.
7162	5082	222	129.
7163	5083	15	5 (1914) 103.
7164	5083	125	23 (1969) 107.
7165	5083	141	12 (1957) 205.
7166	5083	222	40.
7167	5084	222	79.
7168	5085	4	44 (1951) 272.
7169	5085	222	137-138.
7170	5086	222	25.
7171	5087	219	cd-rom.
7172	5087	222	90-91.
7173	5087	223	21.
7174	5088	4	45 (1952) 224.
7175	5088	222	145.
7176	5089	134	68 (1951) 203.
7177	5089	220	203.
7178	5089	222	141.
7179	5090	134	68 (1951) 197-198.
7180	5090	220	203.
7181	5090	222	149.
7182	5091	125	23 (1969) 107.
7183	5091	219	285.
7184	5091	222	140.
7185	5092	222	64.
7186	5093	134	57 (1939) 61.
7187	5093	137	4 (1909) 43.
7188	5093	220	384.
7189	5093	222	100.
7190	5094	219	78.
7191	5094	222	124.
7192	5095	135	17 (1905) 315-316.
7193	5095	137	4 (1909) 375-376.
7194	5095	220	534.
7195	5095	222	82, 84.
7196	5096	136	2 (1898) 76.
7197	5096	151	8, 59-60.
7198	5096	220	102.
7199	5096	222	105.
7200	5097	137	4 (1909) 32.
7201	5097	220	45, 169.
7202	5098	4	87 (1998) 219-220.
7203	5098	137	4 (1909) 17.
7204	5098	220	257, 267.
7205	5098	222	98.
7206	5099	4	79 (1988) 70-71.
7207	5099	220	406-408.
7208	5099	222	5.
7209	5100	4	79 (1988) 54.
7210	5100	222	3.
7211	5101	4	79 (1988) 56.
7212	5101	220	393-394.
7213	5101	222	4.
7214	5102	4	79 (1988) 55.
7215	5102	220	105-106.
7216	5102	222	5.
7217	5103	4	79 (1988) 71.
7218	5103	220	336.
7219	5103	222	6.
7220	5104	4	79 (1988) 54.
7221	5104	220	415-418.
7222	5104	222	4.
7223	5105	4	86 (1996-1997) 63-64.
7224	5105	134	51 (1933) 254.
7225	5105	220	432.
7226	5105	222	73.
7227	5106	136	10 (1906) 322.
7228	5106	222	135.
7229	5107	135	15 (1902) 221.
7230	5107	222	20.
7231	5108	4	43 (1950) 50.
7232	5109	4	45 (1952) 225.
7233	5109	220	102.
7234	5109	222	144-145.
7235	5110	134	31 (1913) 241.
7236	5110	219	cd-rom.
7237	5110	222	33.
7238	5111	134	64 (1947) 73-74.
7239	5111	222	128.
7240	5112	134	62 (1944) 61.
7241	5112	222	54.
7242	5113	134	62 (1944) 62.
7243	5113	220	526.
7244	5113	222	54.
7245	5114	4	44 (1951) 248.
7246	5114	219	cd-rom (Wolthers).
7247	5114	220	541.
7248	5114	222	136.
7249	5115	137	4 (1909) 12.
7250	5115	220	56.
7251	5115	222	97.
7252	5116	134	75 (1958) 149.
7253	5116	220	234.
7254	5116	222	127.
7255	5117	134	73 (1956) 307.
7256	5117	135	3 (1886) 205.
7257	5117	220	149.
7258	5117	222	65.
7259	5118	222	59.
7260	5119	134	78 (1961) 12.
7261	5119	222	55.
7262	5120	137	4 (1909) 8.
7263	5120	220	301-304.
7264	5120	222	96.
7265	5121	137	4 (1909) 14.
7266	5121	220	428-430, 448.
7267	5121	222	96.
7268	5122	136	3 (1899) 27, 20 (1916) 244.
7269	5122	219	36.
7270	5122	222	150.
7271	5122	223	21.
7272	5123	222	60.
7273	5124	134	57 (1939) 220, 80 (1963) 101.
7274	5124	222	44.
7275	5125	137	5 (1910) 361.
7276	5125	220	364-366.
7277	5125	222	120.
7278	5126	222	48.
7279	5127	134	80 (1963) 96.
7280	5127	219	cd-rom (Van Julsingha).
7281	5127	222	77-78.
7282	5128	134	71 (1954) 306.
7283	5128	222	66.
7284	5129	134	58 (1940) 10.
7285	5129	220	335.
7286	5129	222	105.
7287	5132	134	56 (1938) 115.
7288	5132	220	103.
7289	5132	222	8.
7290	5133	220	528.
7291	5133	222	24-25.
7292	5134	222	17.
7293	5135	222	117.
7294	5136	135	17 (1905) 314-315.
7295	5136	137	4 (1909) 372-373.
7296	5136	220	533.
7297	5138	136	21 (1917) 104.
7298	5138	222	117-118.
7299	5139	135	17 (1905) 308.
7300	5139	137	4 (1909) 121-122.
7301	5139	220	45, 438, 453.
7302	5139	222	83.
7303	5140	137	5 (1910) 362-363.
7304	5140	222	120.
7305	5141	136	1 (1897) 125.
7306	5141	137	1 (1906) 429.
7307	5143	134	58 (1940) 289.
7308	5143	220	511.
7309	5143	222	27.
7310	5145	4	86 (1996-1997) 63.
7311	5145	220	431-432.
7312	5145	222	73.
7313	5146	4	46 (1953) 358.
7314	5146	134	78 (1961) 22.
7315	5146	222	165.
7316	5147	220	143, 221, 281, 432.
7317	5147	222	73.
7318	5148	15	4 (1913) 188.
7319	5148	135	17 (1905) 370.
7320	5149	134	57 (1939) 217.
7321	5149	135	9 (1892) 170.
7322	5149	219	286.
7323	5149	222	44.
7324	5150	134	53 (1935) 15.
7325	5150	220	79.
7326	5150	222	104.
7327	5151	4	87 (1998) 565.
7328	5151	137	10 (1915) 351-352.
7329	5155	4	84 (1994) 131.
7330	5155	137	9 (1914) 114.
7331	5158	134	70 (1953) 146.
7332	5158	228	12.
7333	5159	228	12.
7334	5161	125	24 (1970) 108.
7335	5161	134	56 (1938) 318.
7336	5162	134	56 (1938) 312.
7337	5165	16	3, 1010-1011.
7338	5165	265	1, 311.
7339	5166	16	3, 1010.
7340	5168	134	24 (1906) 270.
7341	5170	136	14 (1910) 434.
7342	5170	145	67 (1918) 57.
7343	5172	136	12 (1908) 240-241.
7344	5172	137	1 (1906) 180-183.
7345	5173	4	44 (1951) 470.
7346	5173	141	19 (1964) 156.
7347	5173	145	52 (1902) 248-249.
7348	5173	221	330.
7349	5173	243	430.
7350	5173	246	
7351	5174	134	87 (1970) 76.
7352	5175	4	89 (2000-2001) 169.
7353	5175	16	7, 924-925.
7354	5175	246	
7355	5176	246	
7356	5178	4	91 (2004-2005) 158.
7357	5178	243	405.
7358	5180	134	55 (1937) 181-182.
7359	5181	221	330.
7360	5182	246	
7361	5183	242	174.
7362	5183	246	
7363	5185	4	89 (2000-2001) 169.
7364	5185	16	7, 930.
7365	5187	241	336.
7366	5188	134	2 (1884) 62.
7367	5188	136	22 (1918) 113.
7368	5188	137	1 (1906) 85.
7369	5188	145	9 (1876) 221.
7370	5189	4	90 (2002-2003) 363.
7371	5189	137	2 (1907) 121-122.
7372	5189	221	328.
7373	5189	241	328.
7374	5190	134	93 (1976) 65.
7375	5191	137	1 (1906) 59.
7376	5192	134	11 (1893) 93.
7377	5198	16	7, 922-923.
7378	5200	134	53 (1935) 336.
7379	5201	242	148.
7380	5204	4	45 (1952) 521.
7381	5204	137	8 (1913) 300.
7382	5207	4	45 (1952) 99.
7383	5207	141	45 (1990) 486.
7384	5208	4	16 (1918) 4.
7385	5208	137	3 (1908) 82.
7386	5214	151	6, 368.
7387	5215	4	38 (1940) 545.
7388	5215	134	27 (1909) 7.
7389	5216	4	44 (1951) 422.
7390	5219	249	113, 116.
7391	5220	137	2 (1907) 209.
7392	5221	134	70 (1953) 147.
7393	5223	134	69 (1952) 95
7394	5223	250	36.
7395	5226	135	2 (1885) 3.
7396	5226	137	9 (1914) 26-27.
7397	5227	134	1 (1883) 1.
7398	5227	141	40 (1985) 185.
7399	5228	137	3 (1908) 475.
7400	5229	151	2, 325.
7401	5230	137	5 (1910) 353.
7402	5231	4	91 (2004-2005) 158.
7403	5233	4	84 (1994) 230.
7404	5233	138	4 (1882) 72.
7405	5233	221	313.
7406	5235	15	23 (1937) 51.
7407	5237	241	396.
7408	5238	243	416.
7409	5239	246	
7410	5243	137	6 (1911) 333.
7411	5244	4	90 (2002-2003) 382.
7412	5244	241	392.
7413	5246	246	
7414	5248	134	43 (1925) 202.
7415	5250	241	376.
7416	5257	4	38 (1940) 207.
7417	5257	15	21 (1933-1934) 3.
7418	5257	134	93 (1976) 59.
7419	5259	4	91 (2004-2005) 157.
7420	5260	136	22 (1918) 387.
7421	5260	145	79 (1930) 74.
7422	5261	134	37 (1919) 403.
7423	5263	134	72 (1955) 93.
7424	5267	134	31 (1913) 242.
7425	5267	222	32.
7426	5268	134	31 (1913) 242.
7427	5268	222	34.
7428	5269	222	139.
7429	5270	134	56 (1938) 399.
7430	5270	222	11-12.
7431	5271	134	58 (1940) 454.
7432	5271	135	17 (1905) 329.
7433	5271	137	4 (1909) 416-417.
7434	5271	220	139.
7435	5271	222	83.
7436	5272	125	28 (1974) 232.
7437	5272	222	146.
7438	5273	134	75 (1958) 507.
7439	5273	137	1 (1906) 280.
7440	5273	219	cd-rom (Wolthers).
7441	5273	222	171.
7442	5274	134	78 (1961) 217.
7443	5274	136	21 (1917) 194.
7444	5274	222	156.
7445	5275	134	78 (1961) 24.
7446	5276	134	78 (1961) 9.
7447	5276	222	56.
7448	5277	134	78 (1961) 20-21.
7449	5277	136	21 (1917) 104.
7450	5277	220	169, 216-217.
7451	5277	222	56.
7452	5278	219	cd-rom.
7453	5278	222	78.
7454	5279	4	83 (1993) 241.
7455	5280	4	83 (1993) 241.
7456	5280	222	51.
7457	5281	4	83 (1993) 245.
7458	5281	222	51.
7459	5282	15	5 (1914) 104.
7460	5282	141	12 (1957) 205.
7461	5282	222	40.
7462	5283	219	cd-rom (Berghuis).
7463	5283	222	152-153.
7464	5284	15	35 (1949) 95.
7465	5284	136	11 (1907) 503.
7466	5284	222	81.
7467	5285	219	cd-rom (Berghuis).
7468	5285	222	18.
7469	5287	4	46 (1953) 348-349.
7470	5287	222	163.
7471	5288	4	41 (1948) 322.
7472	5288	137	4 (1909) 33.
7473	5288	222	97.
7474	5289	16	7, 784.
7475	5289	220	189.
7476	5289	222	90.
7477	5290	222	80.
7478	5291	222	113.
7479	5292	219	cd-rom (Eilerts).
7480	5292	222	8.
7481	5293	135	17 (1905) 464.
7482	5293	141	22 (1967) 192.
7483	5293	220	305.
7484	5293	222	95.
7485	5294	135	17 (1905) 368.
7486	5294	222	70.
7487	5295	134	84 (1967) 132-133.
7488	5295	220	376.
7489	5295	222	154.
7490	5296	219	cd-rom (Van Julsingha).
7491	5296	222	94.
7492	5297	222	76.
7493	5299	222	159.
7494	5300	137	1 (1906) 36-37.
7495	5300	222	161.
7496	5301	134	68 (1951) 201.
7497	5301	220	464-466.
7498	5302	219	cd-rom (Wolthers).
7499	5302	222	169.
7500	5303	134	68 (1951) 204.
7501	5303	137	5 (1910) 384.
7502	5303	141	27 (1972) 49.
7503	5303	220	111, 360.
7504	5303	222	121.
7505	5304	222	2.
7506	5305	222	156.
7507	5308	222	7.
7508	5309	4	41 (1943-1948) 27.
7509	5309	220	280-281.
7510	5309	222	97.
7511	5310	137	4 (1909) 42.
7512	5310	220	164, 189
7513	5310	222	98.
7514	5311	137	1 (1906) 276.
7515	5311	219	cd-rom (Wolthers).
7516	5311	222	171-172.
7517	5312	222	24.
7518	5313	134	51 (1933) 251-252.
7519	5313	220	147.
7520	5313	222	62.
7521	5314	134	74 (1957) 397.
7522	5314	220	397-398.
7523	5315	222	109.
7524	5317	134	74 (1957) 393.
7525	5317	222	133.
7526	5318	125	17 (1963) 187.
7527	5318	220	185.
7528	5319	222	39.
7529	5320	222	171.
7530	5321	222	65.
7531	5322	222	30.
7532	5323	135	17 (1905) 309.
7533	5323	137	4 (1909) 123.
7534	5323	222	85.
7535	5324	134	58 (1940) 10.
7536	5324	220	70-71.
7537	5324	222	104.
7538	5325	134	52 (1934) 186.
7539	5325	136	6 (1902) 105.
7540	5325	219	cd-rom (de Drews).
7541	5325	222	49-50.
7542	5326	222	107-108.
7543	5327	134	26 (1908) 71.
7544	5327	222	28.
7545	5328	4	91 (2004-2005) 171-172.
7546	5328	220	500.
7547	5328	222	120.
7548	5329	222	125.
7549	5330	219	cd-rom (Emmius).
7550	5330	222	9.
7551	5331	222	59.
7552	5332	219	291.
7553	5332	222	158.
7554	5333	135	17 (1905) 461.
7555	5333	222	70-71.
7556	5334	136	6 (1902) 107.
7557	5334	220	384.
7558	5335	136	21 (1917) 194-195.
7559	5335	222	100.
7560	5336	219	cd-rom (Eilerts).
7561	5336	222	142.
7562	5337	222	45.
7563	5338	141	12 (1957) 205.
7564	5338	219	cd-rom (Wolthers).
7565	5338	222	20.
7566	5340	134	58 (1940) 454.
7567	5340	222	12.
7568	5342	220	315, 462.
7569	5342	222	41.
7570	5343	222	21.
7571	5344	222	44.
7572	5345	222	121.
7573	5346	134	57 (1939) 215.
7574	5346	219	cd-rom.
7575	5346	222	148.
7576	5348	219	cd-rom (Phebens).
7577	5348	222	43.
7578	5350	134	84 (1967) 131, 86 (1969) 151.
7579	5350	220	93.
7580	5351	222	162-163.
7581	5352	222	124-125.
7582	5354	222	158.
7583	5355	219	cd-rom (Wolthers).
7584	5355	222	93.
7585	5356	134	78 (1961) 213.
7586	5356	222	155.
7587	5357	134	32 (1914) 29.
7588	5357	145	45 (1895) 27.
7589	5357	222	129-130.
7590	5358	222	80.
7591	5359	222	26.
7592	5360	222	75.
7593	5361	222	90.
7594	5362	134	71 (1954) 308.
7595	5362	222	65-66.
7596	5363	222	29-30.
7597	5364	222	21.
7598	5365	222	21.
7599	5366	222	28.
7600	5367	222	85-86.
7601	5369	137	5 (1910) 380.
7602	5369	220	495.
7603	5369	222	121-122.
7604	5370	137	5 (1910) 360.
7605	5370	220	164.
7606	5370	222	121.
7607	5372	135	17 (1905) 307.
7608	5372	220	315.
7609	5372	222	76-77.
7610	5373	220	165.
7611	5373	222	111.
7612	5374	220	360.
7613	5374	222	186.
7614	5375	222	86.
7615	5378	220	149.
7616	5378	222	107.
7617	5379	222	30.
7618	5380	134	58 (1940) 453.
7619	5380	222	14.
7620	5381	222	76.
7621	5382	137	4 (1909) 5-6.
7622	5382	220	440.
7623	5382	222	96.
7624	5383	222	104.
7625	5384	222	42.
7626	5385	222	89.
7627	5386	134	74 (1957) 389.
7628	5386	220	60.
7629	5386	222	132.
7630	5387	222	9.
7631	5388	134	84 (1967) 128.
7632	5388	220	205.
7633	5389	134	71 (1954) 305.
7634	5389	222	66-67.
7635	5390	222	125.
7636	5391	134	31 (1913) 240.
7637	5391	219	cd-rom.
7638	5392	222	21.
7639	5393	222	102.
7640	5394	219	cd-rom (Phebens).
7641	5394	222	113.
7642	5395	222	119.
7643	5396	16	6, 692.
7644	5396	134	67 (1950) 39-40.
7645	5396	220	289.
7646	5396	222	58.
7647	5398	219	cd-rom (Wolthers).
7648	5398	222	103.
7649	5399	222	158.
7650	5400	137	1 (1906) 34.
7651	5400	141	38 (1983) 59.
7652	5400	222	12.
7653	5401	134	74 (1957) 390.
7654	5401	222	131-132.
7655	5402	220	522-525.
7656	5402	222	65.
7657	5403	219	cd-rom (Coehoorn).
7658	5403	222	54.
7659	5404	134	75 (1958) 146.
7660	5404	135	3 (1886) 117.
7661	5404	220	403.
7662	5404	222	127.
7663	5405	222	96.
7664	5406	219	103.
7665	5406	222	38.
7666	5407	222	111.
7667	5408	222	138.
7668	5409	222	103-104.
7669	5410	222	47.
7670	5411	219	cd-rom (Van Julsingha).
7671	5411	222	170.
7672	5412	222	27.
7673	5413	134	57 (1939) 219.
7674	5413	220	213, 226.
7675	5413	222	44.
7676	5414	220	73.
7677	5414	222	146.
7678	5415	222	169.
7679	5416	134	58 (1940) 290.
7680	5416	220	511.
7681	5416	222	27.
7682	5417	222	76.
7683	5418	222	24.
7684	5421	222	39.
7685	5422	222	57.
7686	5423	134	84 (1967) 132.
7687	5423	135	2 (1885) 295.
7688	5423	137	4 (1909) 416.
7689	5423	220	375.
7690	5424	134	31 (1913) 240.
7691	5424	219	cd-rom.
7692	5425	222	102.
7693	5426	222	38.
7694	5427	222	104.
7695	5428	220	301.
7696	5428	222	45.
7697	5429	222	94.
7698	5430	134	31 (1913) 240.
7699	5430	219	cd-rom.
7700	5430	222	35.
7701	5431	222	115.
7702	5432	222	74.
7703	5433	125	28 (1974) 231.
7704	5433	222	126.
7705	5434	222	146.
7706	5435	219	cd-rom (Coehoorn).
7707	5435	222	54.
7708	5436	134	78 (1961) 214.
7709	5436	222	156.
7710	5437	222	23.
7711	5438	222	140.
7712	5439	222	22.
7713	5440	222	60.
7714	5441	220	99-100.
7715	5441	222	39.
7716	5442	222	35-36.
7717	5443	222	39.
7718	5444	134	80 (1963) 98.
7719	5444	222	112.
7720	5445	134	56 (1938) 13.
7721	5445	220	392.
7722	5445	222	36.
7723	5446	134	106 (1989) 352.
7724	5446	222	64.
7725	5447	222	12.
7726	5449	222	43.
7727	5450	222	38.
7728	5451	137	5 (1910) 380-381.
7729	5451	220	136-137.
7730	5451	222	121.
7731	5452	222	74.
7732	5453	222	167.
7733	5454	222	117.
7734	5455	134	74 (1957) 398.
7735	5455	222	57-58.
7736	5456	222	130.
7737	5458	222	149.
7738	5459	222	13.
7739	5461	222	81.
7740	5462	4	43 (1950) 49.
7741	5462	219	cd-rom (Uchtman).
7742	5462	222	118.
7743	5463	134	86 (1969) 59.
7744	5463	135	16 (1903) 229.
7745	5463	222	125.
7746	5464	222	115.
7747	5466	220	404.
7748	5466	222	108.
7749	5467	4	44 (1951) 248.
7750	5467	220	541.
7751	5467	222	137.
7752	5468	222	100.
7753	5469	222	159.
7754	5470	134	56 (1938) 109.
7755	5470	222	7.
7756	5471	145	41 (1891) 360.
7757	5471	219	cd-rom (Coehoorn).
7758	5471	222	88.
7759	5472	4	91 (2004-2005) 174.
7760	5472	137	5 (1910) 383.
7761	5472	220	111, 500.
7762	5472	222	120.
7763	5473	222	66.
7764	5474	220	56.
7765	5474	222	76.
7766	5476	137	4 (1909) 394.
7767	5476	220	73.
7768	5476	222	147.
7769	5477	134	51 (1933) 252.
7770	5477	222	62.
7771	5478	134	68 (1951) 203.
7772	5478	220	210-212.
7773	5478	222	54.
7774	5479	136	10 (1906) 321.
7775	5479	222	134.
7776	5480	222	23.
7777	5481	222	106.
7778	5482	137	1 (1906) 277.
7779	5482	219	cd-rom (Wolthers).
7780	5482	222	171-172.
7781	5483	136	6 (1902) 107.
7782	5483	222	49.
7783	5484	134	75 (1958) 148.
7784	5484	220	490.
7785	5484	222	127.
7786	5485	220	57.
7787	5487	222	124.
7788	5488	219	cd-rom (Bennema).
7789	5488	222	16.
7790	5490	4	86 (1996-1997) 3.
7791	5490	135	17 (1905) 366.
7792	5490	136	6 (1902) 111.
7793	5490	219	285.
7794	5490	222	71.
7795	5491	220	61.
7796	5491	222	105.
7797	5492	220	502.
7798	5492	222	147.
7799	5494	219	cd-rom (Berghuis).
7800	5494	222	19.
7801	5496	219	cd-rom (Bennema).
7802	5496	222	16.
7803	5497	137	4 (1909) 17.
7804	5497	220	267.
7805	5500	219	cd-rom (Wolthers).
7806	5500	222	92.
7807	5501	222	92.
7808	5502	15	6 (1915) 391.
7809	5502	222	170.
7810	5503	222	159.
7811	5504	219	cd-rom (Melis).
7812	5504	222	106.
7813	5505	222	58.
7814	5506	222	152.
7815	5507	137	1 (1906) 277.
7816	5507	219	cd-rom (Wolthers).
7817	5507	222	172.
7818	5508	220	308.
7819	5508	222	48.
7820	5510	222	122.
7821	5511	4	87 (1998) 457.
7822	5511	15	87 (1998) 457.
7823	5511	125	28 (1974) 235.
7824	5511	135	16 (1903) 520.
7825	5511	220	216-217.
7826	5511	222	101.
7827	5512	219	cd-rom.
7828	5513	222	48.
7829	5515	219	310.
7830	5515	222	93.
7831	5516	4	44 (1951) 249.
7832	5516	136	3 (1899) 24-25.
7833	5516	137	6 (1911) 132.
7834	5516	141	27 (1972) 106.
7835	5516	222	136.
7836	5517	134	68 (1951) 207.
7837	5518	222	112.
7838	5519	222	35.
7839	5520	125	17 (1963) 188.
7840	5521	219	cd-rom (Berghuis).
7841	5521	222	18.
7842	5522	136	3 (1899) 85.
7843	5522	222	48.
7844	5523	134	68 (1951) 206.
7845	5523	222	141.
7846	5524	222	73.
7847	5525	15	9 (1918) 253.
7848	5525	135	16 (1903) 521.
7849	5525	136	21 (1917) 196.
7850	5525	222	101.
7851	5526	222	96-97.
7852	5527	134	51 (1933) 254.
7853	5527	220	238-239
7854	5527	222	62.
7855	5528	222	109.
7856	5529	222	154.
7857	5530	220	155.
7858	5530	222	116.
7859	5531	4	87 (1998) 460
7860	5531	136	21 (1917) 110-111.
7861	5531	222	127.
7862	5532	4	45 (1952) 225.
7863	5532	136	21 (1917) 110.
7864	5532	220	102.
7865	5532	222	105.
7866	5533	222	152.
7867	5534	219	281.
7868	5534	222	16.
7869	5535	219	cd-rom (Guichart).
7870	5535	222	56.
7871	5536	135	17 (1905) 457.
7872	5536	222	72.
7873	5537	222	170.
7874	5538	137	5 (1910) 338.
7875	5538	151	1, 84-85.
7876	5538	222	11.
7877	5539	135	3 (1886) 91.
7878	5539	222	66.
7879	5540	222	83.
7880	5541	222	92.
7881	5541	223	21.
7882	5542	134	58 (1940) 452-453.
7883	5542	222	12.
7884	5543	16	1, 97-98.
7885	5543	151	1, 218-219.
7886	5543	222	9.
7887	5544	222	106.
7888	5545	134	68 (1951) 166.
7889	5545	222	149.
7890	5546	222	46.
7891	5547	220	179.
7892	5547	222	31.
7893	5548	125	17 (1963) 193.
7894	5548	135	3 (1886) 209.
7895	5548	220	182.
7896	5548	222	89.
7897	5549	137	4 (1909) 386-387, 5 (1910) 24.
7898	5549	222	83.
7899	5550	134	68 (1951) 168.
7900	5550	222	141.
7901	5551	219	cd-rom (Phebens).
7902	5551	222	43.
7903	5553	134	56 (1938) 445-446.
7904	5553	220	70.
7905	5553	222	74.
7906	5554	222	13-14.
7907	5555	125	17 (1963) 174.
7908	5555	135	3 (1886) 207.
7909	5555	222	90.
7910	5556	134	80 (1963) 107.
7911	5556	219	cd-rom (Phebens).
7912	5556	220	130.
7913	5556	222	69.
7914	5557	134	68 (1951) 171.
7915	5557	220	200-203, 464.
7916	5557	222	149.
7917	5558	134	80 (1963) 98.
7918	5558	222	113.
7919	5559	134	58 (1940) 285.
7920	5559	220	533.
7921	5559	222	27.
7922	5560	222	86.
7923	5561	222	46.
7924	5562	222	117.
7925	5563	145	13 (1880) 478.
7926	5563	222	129.
7927	5564	4	91 (2004-2005) 171.
7928	5564	135	17 (1905) 319.
7929	5564	137	5 (1910) 381.
7930	5564	220	500.
7931	5564	222	122.
7932	5565	136	20 (1916) 242.
7933	5565	222	151.
7934	5566	222	57.
7935	5567	222	74.
7936	5569	219	cd-rom (Van Julsingha).
7937	5569	222	170.
7938	5570	222	12.
7939	5571	134	78 (1961) 213.
7940	5571	135	14 (1901) 22.
7941	5571	219	285.
7942	5571	222	155.
7943	5572	135	17 (1905) 308.
7944	5572	137	4 (1909) 120-121.
7945	5572	220	381.
7946	5572	222	85.
7947	5573	134	56 (1938) 114.
7948	5573	222	8.
7949	5574	222	169.
7950	5575	222	123.
7951	5576	222	119.
7952	5577	222	111.
7953	5578	135	2 (1885) 203.
7954	5578	220	73.
7955	5578	222	146.
7956	5578	223	18.
7957	5579	219	cd-rom (Coehoorn).
7958	5579	222	88.
7959	5580	222	37.
7960	5581	134	71 (1954) 305.
7961	5581	222	66.
7962	5582	134	78 (1961) 17.
7963	5582	220	213-215.
7964	5582	222	55.
7965	5583	222	107.
7966	5584	4	86 (1996-1997) 60-61.
7967	5584	220	280.
7968	5584	222	87.
7969	5585	4	87 (1998) 215.
7970	5585	137	4 (1909) 15.
7971	5585	220	266-267.
7972	5585	222	97.
7973	5586	134	56 (1938) 108.
7974	5586	222	7.
7975	5587	222	124.
7976	5588	222	138.
7977	5589	4	87 (1998) 233-234.
7978	5589	137	4 (1909) 29.
7979	5589	220	189.
7980	5589	222	97.
7981	5590	222	102.
7982	5591	137	1 (1906) 36.
7983	5591	219	276.
7984	5591	222	161.
7985	5592	222	17.
7986	5593	134	67 (1950) 41.
7987	5593	135	3 (1886) 175.
7988	5593	220	130.
7989	5593	222	58.
7990	5595	134	74 (1957) 395.
7991	5595	220	533.
7992	5595	222	133.
7993	5596	134	78 (1961) 12.
7994	5596	222	55.
7995	5597	220	280.
7996	5597	222	87.
7997	5598	135	17 (1905) 313-314.
7998	5598	137	4 (1909) 370-371.
7999	5598	220	511.
8000	5598	222	82, 84-85.
8001	5599	134	56 (1938) 115.
8002	5600	219	125.
8003	5600	222	147-148.
8004	5601	222	87.
8005	5603	222	107.
8006	5604	134	68 (1951) 198-199.
8007	5604	220	386.
8008	5604	222	141.
8009	5605	222	19.
8010	5606	15	5 (1914) 103.
8011	5606	222	40.
8012	5607	134	41 (1923) 282.
8013	5607	222	82.
8014	5608	222	79.
8015	5609	222	12.
8016	5610	222	102.
8017	5611	134	57 (1939) 216.
8018	5611	222	110.
8019	5612	220	516.
8020	5613	222	167.
8021	5614	136	5 (1901) 269.
8022	5614	220	111, 164.
8023	5615	222	74.
8024	5616	134	80 (1963) 112.
8025	5616	220	307.
8026	5616	222	69.
8027	5618	135	17 (1905) 321.
8028	5618	137	4 (1909) 391-392.
8029	5618	220	141-143.
8030	5619	134	78 (1961) 18.
8031	5619	220	487.
8032	5619	222	55.
8033	5620	134	80 (1963) 96.
8034	5621	219	cd-rom (de Drews).
8035	5621	220	100-101.
8036	5621	222	29.
8037	5622	222	137.
8038	5623	134	78 (1961) 16-17.
8039	5623	222	56.
8040	5624	135	14 (1901) 85.
8041	5624	222	157.
8042	5625	136	1 (1897) 125.
8043	5625	220	51, 66-67.
8044	5625	222	143.
8045	5626	222	120.
8046	5627	220	207.
8047	5627	222	160.
8048	5628	219	cd-rom (Berghuis).
8049	5628	222	19.
8050	5629	220	405-406.
8051	5629	222	5.
8052	5631	137	1 (1906) 164.
8053	5631	222	53.
8054	5632	134	56 (1938) 116.
8055	5632	220	286.
8056	5632	222	7.
8057	5633	137	1 (1906) 39-40.
8058	5633	222	40.
8059	5634	4	38 (1940) 31.
8060	5634	220	415, 511-513.
8061	5639	15	54 (1968) 51.
8062	5639	222	64.
8063	5640	222	135.
8064	5641	134	61 (1943) 130.
8065	5641	220	79.
8066	5641	222	20-21.
8067	5642	222	17.
8068	5643	15	35 (1949) 93.
8069	5643	136	11 (1907) 500.
8070	5643	220	345.
8071	5643	222	81.
8072	5645	222	164.
8073	5646	219	286-287.
8074	5646	222	110.
8075	5648	134	80 (1963) 99.
8076	5648	222	72.
8077	5649	141	27 (1972) 49.
8078	5649	219	cd-rom (Wolthers).
8079	5649	222	92.
8080	5650	222	167.
8081	5651	222	61.
8082	5653	219	cd-rom (Wolthers).
8083	5653	222	149.
8084	5654	222	145.
8085	5655	222	121.
8086	5656	222	12.
8087	5657	219	287.
8088	5657	222	111.
8089	5658	219	285.
8090	5658	222	155-156.
8091	5659	136	2 (1898) 246.
8092	5659	222	131.
8093	5660	220	138.
8094	5660	222	108.
8095	5662	222	82.
8096	5663	15	6 (1915) 330.
8097	5663	136	18 (1914) 101.
8098	5663	222	139.
8099	5665	222	51.
8100	5666	220	111.
8101	5666	222	121.
8102	5667	222	163-164.
8103	5668	4	79 (1988) 71
8104	5668	134	51 (1933) 254.
8105	5668	220	336.
8106	5669	137	1 (1906) 153.
8107	5670	222	95.
8108	5671	137	1 (1906) 39.
8109	5671	222	160.
8110	5672	4	45 (1952) 438.
8111	5672	222	153.
8112	5673	15	52 (1966) 41.
8113	5673	134	26 (1908) 72.
8114	5673	222	28.
8115	5674	220	515.
8116	5674	222	3.
8117	5675	135	17 (1905) 307.
8118	5675	220	246.
8119	5675	222	42.
8120	5676	219	64.
8121	5676	222	38.
8122	5677	222	74.
8123	5678	145	43 (1893), 300-307.
8124	5678	222	129.
8125	5679	222	148.
8126	5680	125	17 (1963) 187-188.
8127	5680	135	3 (1886) 210.
8128	5680	220	507.
8129	5680	222	90.
8130	5681	137	1 (1906) 40.
8131	5681	222	161.
8132	5682	16	2, 1212-1213.
8133	5682	136	5 (1901) 269.
8134	5682	151	10, 109.
8135	5682	220	45, 86, 308, 318.
8136	5682	222	123.
8137	5684	219	cd-rom (Melis).
8138	5684	222	137.
8139	5685	222	19.
8140	5686	4	86 (1996-1997) 32-33.
8141	5686	222	73.
8142	5687	134	73 (1956) 304-305.
8143	5687	222	125.
8144	5688	222	90.
8145	5689	134	67 (1950) 50.
8146	5689	222	166.
8147	5690	222	166.
8148	5692	219	cd-rom (Phebens).
8149	5692	222	113-114.
8150	5693	145	13 (1880) 478.
8151	5694	222	143-144.
8152	5695	125	17 (1963) 176.
8153	5695	135	3 (1886) 207.
8154	5695	222	89.
8155	5696	125	1963 (17) 187.
8156	5696	135	3 (1886) 210.
8157	5696	220	544.
8158	5696	222	89.
8159	5697	134	71(1954) 307.
8160	5697	220	93.
8161	5697	222	5.
8162	5698	15	49 (1963) 278.
8163	5698	219	cd-rom (Wolthers).
8164	5698	222	152.
8165	5699	134	78 (1961) 13.
8166	5699	220	386.
8167	5699	222	56.
8168	5700	222	39.
8169	5701	222	64-65.
8170	5702	222	35.
8171	5703	222	41.
8172	5704	220	415.
8173	5704	222	2.
8174	5705	222	111.
8175	5706	136	10 (1906) 322.
8176	5706	222	135.
8177	5707	219	291.
8178	5707	222	158.
8179	5708	219	cd-rom (Uchtman).
8180	5708	222	118.
8181	5709	222	7.
8182	5710	222	73.
8183	5711	219	329.
8184	5711	222	170.
8185	5712	219	cd-rom (Guichart).
8186	5712	222	56.
8187	5713	222	24.
8188	5714	135	16 (1903) 503.
8189	5714	222	88.
8190	5715	4	46 (1953) 366.
8191	5715	15	20 (1931-1932) 344.
8192	5715	222	163.
8193	5716	15	6 (1915) 331.
8194	5716	222	139.
8195	5717	15	23 (1937) 193.
8196	5717	141	27 (1972) 107.
8197	5717	220	22.
8198	5717	222	16.
8199	5718	4	45 (1952) 225.
8200	5718	222	144.
8201	5719	4	44 (1951) 273.
8202	5719	222	138.
8203	5720	15	35 (1949) 106.
8204	5720	136	11 (1907) 511.
8205	5720	222	81.
8206	5721	222	118.
8207	5722	222	155.
8208	5723	222	164.
8209	5724	222	106.
8210	5725	222	41.
8211	5726	15	49 (1963) 279.
8212	5726	222	152.
8213	5727	15	54 (1968) 53.
8214	5728	222	41.
8215	5728	223	21.
8216	5729	136	20 (1916) 294.
8217	5729	222	151.
8218	5730	219	cd-rom (Guichart).
8219	5730	222	57.
8220	5732	15	35 (1949) 94.
8221	5732	136	11 (1907) 501-502.
8222	5732	222	80-81.
8223	5733	220	118.
8224	5735	220	437.
8225	5736	219	cd-rom (Van Julsingha).
8226	5737	222	80.
8227	5738	222	116.
8228	5739	222	96.
8229	5740	4	87 (1998) 236.
8230	5740	222	98.
8231	5741	125	17 (1963) 186.
8232	5741	135	3 (1886) 210.
8233	5741	222	88-89.
8234	5744	4	46 (1953) 357.
8235	5744	15	20 (1931-1932) 325.
8236	5744	125	28 (1974) 232.
8237	5745	15	20 (1931-1932) 351.
8238	5746	136	10 (1906) 322-323.
8239	5747	138	3 (1881) 10.
8240	5747	221	278.
8241	5748	4	81 (1990-1991) 62.
8242	5748	134	84 (1967) 92.
8243	5748	221	278
8244	5749	221	278, 293.
8245	5749	243	XXII.
8246	5750	134	84 (1967) 94.
8247	5750	141	45 (1990) 390.
8248	5750	221	292-293, 326.
8249	5750	241	12.
8250	5752	221	293-294.
8251	5752	243	133.
8252	5753	221	294.
8253	5754	134	45 (1927) 202, 84 (1967) 92.
8254	5754	221	294, 347.
8255	5755	134	72 (1955) 92.
8256	5755	221	294.
8257	5755	241	38.
8258	5756	221	295.
8259	5757	221	295.
8260	5758	221	295, 347.
8261	5759	221	295-296.
8262	5760	221	296.
8263	5760	243	212.
8264	5762	221	296, 326.
8265	5763	134	45 (1927) 203, 84 (1967) 94.
8266	5763	221	297.
8267	5764	134	72 (1955) 94.
8268	5764	221	297-298.
8269	5765	134	72 (1955) 95.
8270	5765	221	302-303.
8271	5766	134	45 (1927) 208, 84 (1967) 106.
8272	5766	221	298.
8273	5767	134	45 (1927) 204, 84 (1967) 98.
8274	5767	221	299.
8275	5768	125	37 (1983) 127-128.
8276	5768	221	298.
8277	5769	134	45 (1927) 204, 84 (1967) 98.
8278	5769	243	337.
8279	5770	221	298.
8280	5771	136	5 (1901) 216-217.
8281	5771	221	298.
8282	5772	137	2 (1907) 121.
8283	5772	221	299.
8284	5773	135	16 (1903) 429.
8285	5773	141	37 (1982) 102-107.
8286	5773	221	299-300.
8287	5774	125	6 (1952) 98.
8288	5774	134	45 (1927) 203-204, 84 (1967) 97.
8289	5774	221	300-301.
8290	5775	141	41 (1986) 213.
8291	5775	221	301.
8292	5776	221	301.
8293	5777	134	44 (1926) 228.
8294	5777	221	301.
8295	5778	221	301-302.
8296	5779	138	1 (1879) 278-279.
8297	5779	151	4, 32.
8298	5779	221	302.
8299	5780	221	303.
8300	5781	221	303.
8301	5782	125	6 (1952) 99.
8302	5782	221	303.
8303	5783	141	50 (1994) 323.
8304	5783	221	303.
8305	5784	136	22 (1918) 501.
8306	5784	221	303-304.
8307	5785	221	305.
8308	5786	221	305.
8309	5787	221	305.
8310	5788	15	31 (1945) 110.
8311	5788	221	305.
8312	5789	221	305.
8313	5790	221	305-306, 334.
8314	5791	134	45 (1927) 206, 84 (1967) 103.
8315	5791	221	306.
8316	5792	221	306.
8317	5792	241	362.
8318	5792	246	
8319	5794	4	87 (1998) 635.
8320	5794	221	306.
8321	5794	241	363.
8322	5794	246	
8323	5795	221	306-307.
8324	5796	221	307.
8325	5797	221	307.
8326	5797	243	383.
8327	5798	221	307.
8328	5799	221	307, 333.
8329	5800	4	39 (1941) 332.
8330	5800	134	27 (1909) 78.
8331	5800	138	3 (1881) 155.
8332	5800	221	307.
8333	5801	221	307-308.
8334	5803	15	31 (1945) 331.
8335	5803	221	308.
8336	5804	4	81 (1990-1991) 63-64.
8337	5804	221	308.
8338	5804	242	169.
8339	5805	15	31 (1945) 332.
8340	5805	221	349-350.
8341	5806	221	308.
8342	5807	4	87 (1998) 553-556.
8343	5807	221	308-309.
8344	5807	241	370.
8345	5808	138	3 (1881) 135.
8346	5808	221	309.
8347	5810	221	310.
8348	5810	243	417.
8349	5811	221	311.
8350	5812	221	311, 349.
8351	5813	221	311-312.
8352	5813	243	434.
8353	5813	246	
8354	5814	151	4, 71.
8355	5814	221	312.
8356	5815	221	312, 349.
8357	5816	4	80 (1989) 445.
8358	5816	134	27 (1909) 79.
8359	5816	221	312.
8360	5817	221	312.
8361	5818	221	312-313, 349.
8362	5819	15	31 (1945) 111.
8363	5819	221	313.
8364	5820	221	313.
8365	5821	15	26 (1940) 226.
8366	5821	221	313.
8367	5822	221	313-314.
8368	5823	221	325.
8369	5825	221	325.
8370	5827	221	326.
8371	5828	221	326.
8372	5829	134	57 (1939) 57.
8373	5829	221	327.
8374	5830	221	327.
8375	5832	4	84 (1994) 219.
8376	5832	221	327-328.
8377	5833	4	80 (1989) 397-398.
8378	5833	221	328.
8379	5834	221	328.
8380	5835	134	57 (1939) 115.
8381	5835	221	328.
8382	5836	151	4, 71.
8383	5836	221	329.
8384	5837	221	329.
8385	5837	243	402.
8386	5837	246	
8387	5838	4	39 (1941) 332.
8388	5838	221	332-333.
8389	5839	4	39 (1941) 332.
8390	5839	221	333.
8391	5840	4	39 (1941) 332.
8392	5840	221	333.
8393	5842	221	333.
8394	5843	125	12 (1958) 141.
8395	5843	138	3 (1881) 25.
8396	5843	221	334.
8397	5844	15	36 (1950) 333-334.
8398	5844	138	3 (1881) 157.
8399	5844	221	334.
8400	5845	221	347.
8401	5846	4	80 (1989) 442.
8402	5846	221	348.
8403	5847	221	348.
8404	5848	221	348.
8405	5849	4	89 (2000-2001) 168.
8406	5849	16	7, 925-926.
8407	5849	221	348.
8408	5850	221	348.
8409	5851	138	3 (1881) 130.
8410	5851	221	349.
8411	5852	221	349.
8412	5853	221	350.
8413	5854	222	75.
8414	5855	222	146.
8415	5856	222	131.
8416	5857	222	89.
8417	5858	219	cd-rom (Bennema).
8418	5858	222	16.
8419	5859	222	35.
8420	5860	219	cd-rom (Wolthers).
8421	5860	222	172.
8422	5861	222	123.
8423	5863	222	75.
8424	5864	222	159.
8425	5866	222	111.
8426	5867	222	103.
8427	5868	222	167.
8428	5869	219	16.
8429	5869	222	65.
8430	5872	125	28 (1974) 231-232.
8431	5872	222	130.
8432	5875	222	122.
8433	5877	222	2.
8434	5877	223	21.
8435	5878	222	69.
8436	5878	223	21.
8437	5879	222	62.
8438	5879	223	21.
8439	5880	222	78.
8440	5880	223	21.
8441	5881	222	14.
8442	5881	223	21.
8443	5882	223	21.
8444	5883	222	19.
8445	5883	223	21.
8446	5884	223	21.
8447	5885	222	123.
8448	5885	223	21.
8449	5887	222	95-96.
8450	5887	223	21.
8451	5888	222	128.
8452	5889	222	95.
8453	5889	223	22.
8454	5890	222	43.
8455	5891	136	3 (1899) 85.
8456	5891	219	299.
8457	5891	222	47.
8458	5892	222	103.
8459	5893	222	102.
8460	5894	222	96.
8461	5895	222	123-124.
8462	5896	222	126.
8463	5897	4	46 (1953) 347.
8464	5897	222	164.
8465	5898	222	28.
8466	5899	219	77.
8467	5899	222	79.
8468	5900	15	40 (1954) 144.
8469	5900	137	1 (1906) 78.
8470	5900	219	77.
8471	5900	222	52.
8472	5901	222	91.
8473	5902	222	151.
8474	5903	134	31 (1913) 263.
8475	5904	222	52.
8476	5905	222	106.
8477	5906	222	59-60.
8478	5907	222	106.
8479	5908	222	124.
8480	5909	222	16.
8481	5910	222	95.
8482	5911	4	87 (1998) 220.
8483	5911	125	49 (1995) 193.
8484	5911	137	1 (1906) 281.
8485	5911	141	34 (1979) 124.
8486	5911	222	98.
8487	5912	222	29.
8488	5913	222	43.
8489	5914	222	9.
8490	5915	4	83 (1993) 245.
8491	5915	15	40 (1954) 145.
8492	5915	222	51.
8493	5916	15	38 (1952) 11-12.
8494	5916	222	2.
8495	5917	15	49 (1963) 353.
8496	5917	136	20 (1916) 497.
8497	5917	222	168.
8498	5918	222	3.
8499	5920	222	118-119.
8500	5921	134	78 (1961) 19.
8501	5921	220	215.
8502	5921	222	55.
8503	5922	268	f. 100 r.
8504	5925	137	9 (1914) 1.
8505	5926	141	23 (1968) 159.
8506	5929	137	3 (1908) 76.
8507	5931	136	6 (1902) 7.
8508	5934	265	2, 1061.
8509	5935	4	89 (2000-2001) 464.
8510	5935	137	9 (1914) 144.
8511	5936	137	9 (1914) 145.
8512	5938	16	8, 354.
8513	5938	151	3, 939.
8514	5938	265	2, 1054.
8515	5939	265	2, 1054.
8516	5940	135	13 (1900) 234.
8517	5940	265	2, 1054.
8518	5941	136	12 (1908) 218-219.
8519	5941	265	2, 1054.
8520	5942	227	
8521	5943	227	
8522	5945	227	
8523	5945	265	2, 1049.
8524	5946	141	29 (1974) 60.
8525	5946	228	11.
8526	5946	265	1, 208
8527	5947	224	9.
8528	5947	265	2, 1054.
8529	5948	265	2, 1054.
8530	5949	227	
8531	5949	265	2, 1049.
8532	5950	265	2, 1054.
8533	5951	125	42 (1988) 112.
8534	5951	134	54 (1936) 31.
8535	5951	265	2, 1054.
8536	5952	265	2, 1054.
8537	5955	227	
8538	5956	136	15 (1911) 64.
8539	5956	265	2, 1054.
8540	5957	227	
8541	5958	136	22 (1918) 192.
8542	5960	137	8 (1913) 295.
8543	5960	228	9.
8544	5961	137	4 (1909) 188.
8545	5962	137	3 (1908) 183-184.
8546	5962	227	
8547	5963	137	2 (1907) 387.
8548	5964	137	1 (1906) 92.
8549	5964	228	10.
8550	5965	228	10.
8551	5966	227	
8552	5968	227	
8553	5968	265	2, 1054.
8554	5970	227	
8555	5972	227	
8556	5973	228	10.
8557	5974	227	
8558	5975	228	11.
8559	5975	265	2, 1050.
8560	5979	228	11.
8561	5979	265	2, 1050.
8562	5980	265	2, 1055.
8563	5981	15	26 (1940) 37-38.
8564	5984	227	
8565	5985	141	43 (1988) 468.
8566	5985	265	2, 1058-1059.
8567	5986	227	
8568	5986	265	2, 1055.
8569	5989	265	2, 1055.
8570	5990	265	2, 1055.
8571	5991	15	26 (1940) 39.
8572	5992	265	2, 1055.
8573	5993	265	2, 1055.
8574	5994	265	2, 1055.
8575	6002	265	2, 1051.
8576	6003	265	2, 1055.
8577	6004	265	1, 314.
8578	6005	227	
8579	6008	137	9 (1914) 133.
8580	6008	141	46 (1991) 553.
8581	6009	4	46 (1953) 277.
8582	6009	141	19 (1964) 174.
8583	6009	227	
8584	6010	135	4 (1887) 142.
8585	6010	136	2 (1898) 83-84.
8586	6010	137	8 (1913) 283.
8587	6010	228	12.
8588	6011	265	2, 1059.
8589	6012	265	1, 317.
8590	6013	227	
8591	6015	228	13.
8592	6016	227	
8593	6017	228	13.
8594	6018	125	31 (1977) 78-79, 46 (1992) 131-146.
8595	6019	227	
8596	6020	136	2 (1898) 87.
8597	6020	228	14.
8598	6021	137	9 (1914) 98.
8599	6021	227	
8600	6022	227	
8601	6023	15	41 (1955) 259.
8602	6023	135	16 (1903) 482-483.
8603	6024	227	
8604	6024	265	2, 1055.
8605	6029	265	2, 1055.
8606	6030	4	45 (1952) 520.
8607	6030	137	8 (1913) 298.
8608	6032	227	
8609	6033	227	
8610	6036	137	4 (1909) 233.
8611	6039	227	
8612	6042	4	45 (1952) 267, 268
8613	6043	228	14.
8614	6043	260	376.
8615	6044	137	3 (1908) 10.
8616	6045	125	46 (1992) 137.
8617	6045	137	2 (1907) 253.
8618	6045	228	
8619	6046	227	
8620	6047	141	31 (1976) 287.
8621	6050	227	
8622	6054	134	86 (1969) 54-55.
8623	6063	227	
8624	6065	136	12 (1908) 341-343.
8625	6066	141	31 (1976) 287.
8626	6066	227	
8627	6067	135	16 (1903) 451-454.
8628	6073	4	46 (1953) 453.
8629	6073	227	
8630	6075	137	8 (1913) 240-241.
8631	6076	137	9 (1914) 171.
8632	6077	4	45 (1952) 298.
8633	6078	262	34.
8634	6079	125	32 (1978) 174.
8635	6079	227	
8636	6080	227	
8637	6084	4	42 (1949) 42.
8638	6084	125	32 (1978) 174.
8639	6085	227	
8640	6086	15	43 (1957) 244.
8641	6087	141	39 (1984) 244.
8642	6088	137	9 (1914) 171-172.
8643	6089	227	
8644	6090	4	45 (1952) 111-112.
8645	6090	16	9, 1083-1084.
8646	6090	137	3 (1908) 446.
8647	6090	141	23 (1968) 68.
8648	6090	227	
8649	6091	141	28 (1973) 303.
8650	6092	15	38 (1952) 156.
8651	6093	15	11 (1920) 152-153.
8652	6093	227	
8653	6094	227	
8654	6095	15	75 (1991) 167.
8655	6095	125	46 (1992) 257.
8656	6095	141	23 (1968) 323.
8657	6095	227	
8658	6097	137	3 (1908) 63-64.
8659	6098	135	3 (1886) 32.
8660	6100	4	16 (1918) 124, 45 (1952) 470.
8661	6101	227	
8662	6103	4	40 (1942) 20, 48 (1955) 170.
8663	6103	137	9 (1914) 76.
8664	6105	227	
8665	6106	4	45 (1952) 299.
8666	6110	141	26 (1971) 123.
8667	6111	4	79 (1988) 403.
8668	6114	151	9, 43.
8669	6116	4	82 (1992) 336.
8670	6116	137	6 (1911) 126-127.
8671	6116	227	
8672	6118	227	
8673	6120	137	2 (1907) 264.
8674	6121	137	2 (1907) 411.
8675	6122	113	377.
8676	6122	141	45 (1990) 502.
8677	6124	137	4 (1909) 183.
8678	6125	137	3 (1908) 89, 9 (1914) 142-143.
8679	6125	151	12, 1.
8680	6125	265	2, 1049.
8681	6126	137	9 (1914) 9.
8682	6127	16	6, 905.
8683	6129	125	45 (1991) 143.
8684	6129	227	
8685	6132	227	
8686	6135	16	1, 1495-1498.
8687	6135	136	12 (1908) 501.
8688	6137	137	3 (1908) 88, 9 (1914) 141.
8689	6138	137	9 (1914) 1.
8690	6141	16	8, 351.
8691	6141	151	3, 939.
8692	6152	141	46 (1991) 362.
8693	6152	151	10, 10.
8694	6156	137	1 (1906) 181-204.
8695	6156	151	6, 154.
8696	6157	151	9, 121-122.
8697	6158	136	14 (1910) 435.
8698	6162	136	6 (1902) 7.
8699	6163	228	8.
8700	6165	227	
8701	6166	137	3 (1908) 56-57.
8702	6166	241	153.
8703	6167	227	
8704	6168	228	8.
8705	6171	151	10, 79.
8706	6172	227	
8707	6174	4	38 (1940) 3.
8708	6182	137	7 (1912) 21.
8709	6186	227	
8710	6189	135	15 (1902) 179.
8711	6189	227	
8712	6189	265	2, 1051.
8713	6190	137	3 (1908) 81.
8714	6191	4	88 (1999) 136.
8715	6191	227	
8716	6192	4	45 (1952) 92.
8717	6193	227	
8718	6194	227	
8719	6195	227	
8720	6196	4	79 (1988) 6.
8721	6197	227	
8722	6198	135	9 (1892) 268.
8723	6199	227	
8724	6200	227	
8725	6202	227	
8726	6203	227	
8727	6204	227	
8728	6205	135	9 (1892) 148.
8729	6205	136	21 (1917) 519-520.
8730	6205	227	
8731	6206	227	
8732	6207	227	
8733	6208	227	
8734	6210	227	
8735	6211	4	88 (1999) 448.
8736	6211	15	41 (1955) 268.
8737	6211	137	9 (1914) 257.
8738	6211	227	
8739	6212	4	43 (1950) 193.
8740	6213	15	19 (1930) 14.
8741	6213	227	
8742	6214	136	13 (1909) 309.
8743	6214	227	
8744	6215	15	45 (1959) 211.
8745	6218	4	88 (1999) 445-448.
8746	6218	15	41 (1955) 260.
8747	6218	227	
8748	6219	227	
8749	6220	227	
8750	6221	227	
8751	6222	227	
8752	6223	227	
8753	6224	227	
8754	6226	222	85.
8755	6227	227	
8756	6228	227	
8757	6229	227	
8758	6230	227	
8759	6231	227	
8760	6232	227	
8761	6233	227	
8762	6234	227	
8763	6235	227	
8764	6237	227	
8765	6238	227	
8766	6239	228	12.
8767	6240	227	
8768	6241	137	9 (1914) 27
8769	6242	250	36.
8770	6243	227	
8771	6244	227	
8772	6247	228	13.
8773	6248	228	13.
8774	6249	227	
8775	6250	227	
8776	6255	227	
8777	6256	227	
8778	6257	228	10.
8779	6259	227	
8780	6261	227	
8781	6262	227	
8782	6264	227	
8783	6265	265	1, 309.
8784	6268	227	
8785	6273	250	46,
8786	6280	250	52.
8787	6284	250	40.
8788	6285	227	
8789	6286	16	2, 1343.
8790	6286	228	8.
8791	6288	228	12.
8792	6295	221	
8793	6297	221	
8794	6298	145	28 (1878) 250.
8795	6302	241	333.
8796	6304	242	150.
8797	6307	243	351.
8798	6308	243	359.
8799	6312	134	98 (1981) 36.
8800	6319	241	359.
8801	6324	181	694.
8802	6324	243	377.
8803	6325	243	360.
8804	6326	243	373.
8805	6342	243	375.
8806	6343	242	161.
8807	6344	242	162.
8808	6346	241	346.
8809	6347	241	364.
8810	6347	246	
8811	6356	243	394.
8812	6358	241	358.
8813	6362	241	366.
8814	6363	242	386.
8815	6363	246	
8816	6367	242	164.
8817	6367	246	
8818	6368	246	
8819	6379	241	379.
8820	6380	241	378.
8821	6381	243	398.
8822	6385	243	391.
8823	6386	243	393.
8824	6387	241	381.
8825	6388	242	170.
8826	6390	246	
8827	6392	243	401.
8828	6393	246	
8829	6395	241	372.
8830	6397	246	
8831	6398	243	404.
8832	6399	246	
8833	6402	243	396.
8834	6406	241	386.
8835	6408	221	306.
8836	6408	241	356.
8837	6410	246	
8838	6411	246	
8839	6412	246	
8840	6414	246	
8841	6417	241	388.
8842	6418	241	389.
8843	6418	246	
8844	6420	241	390.
8845	6420	246	
8846	6423	246	
8847	6427	242	125.
8848	6429	246	
8849	6433	246	
8850	6435	244	88 (1997) 109.
8851	6436	245	65.
8852	6436	246	
8853	6437	4	46 (1953) 48.
8854	6437	246	
8855	6438	246	
8856	6439	242	178.
8857	6439	246	
8858	6440	243	409.
8859	6440	246	
8860	6441	246	
8861	6442	246	
8862	6446	242	185.
8863	6446	246	
8864	6447	246	
8865	6448	246	
8866	6449	141	45 (1990) 503.
8867	6449	241	382.
8868	6450	246	
8869	6451	241	403.
8870	6452	246	
8871	6453	246	
8872	6455	241	394.
8873	6456	246	
8874	6457	241	406.
8875	6458	246	
8876	6459	241	397.
8877	6460	4	43 (1950) 92-93.
8878	6460	241	404.
8879	6464	246	
8880	6465	246	
8881	6467	246	
8882	6468	246	
8883	6469	241	395.
8884	6470	241	405.
8885	6472	246	
8886	6474	246	
8887	6476	241	402.
8888	6479	246	
8889	6481	134	27 (1909) 42.
8890	6481	246	
8891	6484	246	
8892	6485	241	413.
8893	6487	241	387.
8894	6491	246	
8895	6492	246	
8896	6497	241	414.
8897	6501	246	
8898	6502	241	404.
8899	6506	241	416.
8900	6509	246	
8901	6510	246	
8902	6511	241	418.
8903	6516	246	
8904	6517	244	82 (1991) 67.
8905	6517	246	
8906	6518	246	
8907	6519	243	424.
8908	6520	246	
8909	6522	242	191.
8910	6523	241	424.
8911	6524	246	
8912	6526	246	
8913	6527	246	
8914	6529	246	
8915	6530	241	426.
8916	6531	241	428.
8917	6532	246	
8918	6533	134	41 (1923) 58.
8919	6533	246	
8920	6534	246	
8921	6535	243	439.
8922	6535	246	
8923	6537	242	120.
8924	6539	243	111.
8925	6540	221	325.
8926	6540	241	2.
8927	6542	242	57.
8928	6543	241	14.
8929	6544	292	v.
8930	6546	243	144.
8931	6548	292	v.
8932	6549	243	145.
8933	6550	242	4.
8934	7298	241	15.
8935	6554	247	60.
8936	6555	245	xii.
8937	6557	242	72.
8938	6558	243	190.
8939	6562	243	167.
8940	6563	241	22.
8941	6564	241	115.
8942	6565	151	5, 18.
8943	6566	247	258.
8944	6567	243	201.
8945	6569	244	83 (1992) 127.
8946	6572	241	131.
8947	6573	243	241.
8948	6576	241	188.
8949	6577	242	73.
8950	6579	125	5 (1951) 40-41, 62.
8951	6581	243	203.
8952	6582	241	178.
8953	6583	243	189.
8954	6584	241	101.
8955	6585	243	256.
8956	6587	244	46 (1945) 215.
8957	6588	241	191.
8958	6589	241	13.
8959	6593	250	7.
8960	6595	250	51,
8961	6597	227	
8962	6598	255	
8963	6599	250	14.
8964	6600	250	8.
8965	6604	250	52.
8966	6605	249	116.
8967	6607	250	10.
8968	6608	249	114.
8969	6611	249	
8970	6612	253	70.
8971	6613	254	
8972	6613	256	
8973	6615	249	116, 165, 320.
8974	6617	250	49.
8975	6618	255	
8976	6619	134	12 (1894) 89.
8977	6620	255	
8978	6621	250	53.
8979	6622	15	73 (1989) 298
8980	6624	15	20 (1931-1932) 60.
8981	6624	250	22.
8982	6626	15	73 (1989) 299
8983	6628	141	40 (1985) 184.
8984	6628	250	32.
8985	6629	15	73 (1989) 299
8986	6632	250	51.
8987	6633	250	
8988	6634	250	20.
8989	6635	250	35.
8990	6646	15	17 (1927) 64.
8991	6653	15	20 (1931-1932) 61.
8992	6654	261	
8993	6658	262	(1793) 61.
8994	6660	264	704.
8995	6664	265	2, 1049.
8996	6686	227	
8997	6685	250	35.
8998	6685	15	45 (1959) 277.
8999	6688	244	49 (1949) 97.
9000	6700	250	29.
9001	6747	272	101.
9002	6748	272	101.
9003	6749	272	101.
9004	6750	272	101.
9005	6751	272	101.
9006	6752	272	101.
9007	6754	272	101.
9008	6755	272	102.
9009	6756	272	102.
9010	6757	272	102.
9011	6758	272	102.
9012	6759	272	102.
9013	6760	272	102.
9014	6761	272	102.
9015	6762	272	102.
9016	6764	272	102.
9017	6766	272	102.
9018	6309	135	9 (1892) 180.
9019	6767	272	102.
9020	6768	272	102.
9021	6770	272	102.
9022	6771	272	102.
9023	6772	272	102.
9024	6773	272	103.
9025	6775	272	103.
9026	6776	272	
9027	6777	272	103.
9028	6778	272	103.
9029	6779	272	103.
9030	6780	272	103.
9031	6781	272	103.
9032	6782	272	103.
9033	6783	272	103.
9034	6784	272	104.
9035	6785	272	104.
9036	6787	272	104.
9037	6788	272	104.
9038	6790	272	104.
9039	6792	272	104.
9040	2652	272	104.
9041	6793	272	105.
9042	6794	272	105.
9043	6795	272	105.
9044	6801	191	121.
9045	6803	191	121.
9046	6804	191	121.
9047	6805	191	121.
9048	6807	191	122.
9049	6808	191	122.
9050	6810	191	122.
9051	6812	191	123.
9052	6813	191	123.
9053	6815	191	123.
9054	6817	191	124.
9055	6818	191	124.
9056	6820	191	124.
9057	6822	191	125.
9058	6824	191	125.
9059	6825	191	124.
9060	6832	191	136.
9061	6845	191	137.
9062	6846	191	137.
9063	6849	191	138.
9064	6850	191	139.
9065	6868	4	8 (1910) 146.
9066	6869	134	38 (1920) 65.
9067	6836	134	97 (1980) 342.
9068	6873	136	22 (1918) 70-71.
9069	6878	134	36 (1918) 328.
9070	6890	191	142.
9071	6895	191	150.
9072	6896	191	152.
9073	6898	191	153.
9074	6880	242	55, 113.
9075	6880	243	370.
9076	6900	244	72 (1981) 159.
9077	6903	273	
9078	6904	273	
9079	6905	273	
9080	6906	273	
9081	6908	273	
9082	6909	273	
9083	6913	273	
9084	6914	273	
9085	6916	273	
9086	6917	273	
9087	6918	273	
9088	6919	273	
9089	6920	273	
9090	6921	273	
9091	6924	273	
9092	6925	273	
9093	6926	273	
9094	6927	273	
9095	6928	273	
9096	6933	273	
9097	6934	273	
9098	6936	273	
9099	6937	273	
9100	6938	273	
9101	6939	273	
9102	6941	274	
9103	6942	274	
9104	6943	274	
9105	6948	274	
9106	6948	4	40 (1942) 626
9107	6948	145	26 (1876) 36.
9108	6949	274	
9109	6952	274	
9110	6953	274	
9111	6954	274	
9112	6955	134	74 (1957) 292.
9113	6972	274	
9114	6973	274	
9115	6974	274	
9116	6975	274	
9117	2897	274	
9118	6976	274	
9119	3121	274	
9120	6977	274	
9121	6978	274	
9122	6980	274	
9123	6981	274	
9124	6971	4	29 (1931) 38.
9125	6990	15	21 (1993) 337.
9126	6730	135	9 (1892) 179-180
9127	6853	15	36 (1950) 331-332.
9128	6997	243	307.
9129	7002	243	276.
9130	7005	241	204.
9131	4576	243	301.
9132	7012	243	264.
9133	4592	275	Gelderse rekenkamer (0012), inv. nr. 81, register van commissies 1701-1723, f. 53v.
9134	4520	137	8 (1913) 253.
9135	6696	141	14 (1959) 15.
9136	6696	241	281.
9137	6696	244	64 (1941)133-135.
9138	6729	244	72 (1981) 146.
9139	6745	250	16.
9140	4801	275	Gelderse rekenkamer (0012), inv. nr. 80, register van commissies 1662-1700, f. 10v.
9141	6837	241	398.
9142	6835	241	435.
9143	5196	242	100.
9144	6999	135	8 (1891) 9.
9145	5007	145	46 (1896) 449
9146	5006	221	326.
9147	7029	134	81 (1964) 36.
9148	7031	151	5, 90-91.
9149	4965	151	3, 44.
9150	7037	244	26 (1923) 63.
9151	7038	151	5, 32.
9152	7003	135	17 (1905) 379.
9153	7041	243	314.
9154	7042	135	15 (1902) 329.
9155	7046	135	9 (1892) 161-163.
9156	7046	244	42 (1939) 298.
9157	5754	135	9 (1892) 161-162.
9158	7047	134	94 (1977) 176.
9159	7048	244	81 (1990) 66.
9160	7051	243	266.
9161	7052	135	9 (1892) 163-164.
9162	7060	145	70 (1921) 170.
9163	7055	4	83 (1993) 374.
9164	7062	135	9 (1892) 178.
9165	7061	275	Gelderse rekenkamer (0012), inv. nr. 80, register van commissies 1662-1700, f. 23v.
9166	7055	275	Gelderse rekenkamer (0012), inv. nr. 80, register van commissies 1662-1700, f. 24v.
9167	7004	275	Gelderse rekenkamer (0012), inv. nr. 80, register van commissies 1662-1700, f. 24.
9168	4979	275	Gelderse rekenkamer (0012), inv. nr. 80, register van commissies 1662-1700, f. 47v.
9169	7063	244	72 (1981) 172.
9170	5765	151	6, 145-146.
9171	5764	151	6, 146.
9172	7004	151	9, 31.
9173	7064	135	9 (1892) 178-180.
9174	7068	135	9 (1892) 179-180.
9175	7069	16	8, 374.
9176	7075	145	51 (1901) 238.
9177	5787	151	2, 403.
9178	7076	243	340.
9179	7078	244	11 (1908) 91.
9180	4611	16	9, 394.
9181	7085	244	50 (1950) 132.
9182	4991	151	11, 58.
9183	7092	4	29 (1931) 28.
9184	7073	243	338.
9185	4935	134	49 (1931) 7.
9186	6694	141	42 (1987) 50.
9187	4936	135	16 (1903) 224-225.
9188	6700	15	78 (1994) 114.
9189	6683	227	
9190	6704	227	
9191	6708	250	13-14.
9192	6675	227	
9193	4801	145	76 (1927) 179.
9194	22	4	79 (1988) 35.
9195	6709	138	5 (1876) 308.
9196	6711	134	76 (1959) 160.
9197	6717	250	47.
9198	6720	250	
9199	6720	15	45 (1959) 227.
9200	6707	134	75 (1958) 458.
9201	4955	137	8 (1913) 366.
9202	4809	135	16 (1903) 223.
9203	7096	135	16 (1903) 223.
9204	7097	134	45 (1927) 107.
9205	7102	134	47 (1929) 27.
9206	7106	244	11 (1908) 91.
9207	6349	244	87 (1996) 115.
9208	6970	141	8 (1953) 104.
9209	6970	134	27 (1909) 51.
9210	4814	243	384.
9211	4819	244	87 (1996) 115.
9212	6394	125	14 (1960), 115.
9213	6394	137	9 (1914) 245.
9214	7115	134	46 (1928) 317.
9215	7116	134	2 (1884) 46.
9216	7117	244	2 (1899) 172.
9217	6983	134	51 (1933) 414.
9218	4637	243	406.
9219	6482	134	41 (1923) 346.
9220	6441	145	44 (1894) 395.
9221	4830	15	31 (1945) 346.
9222	7120	244	87 (1996) 115.
9223	6442	16	9, 390.
9224	7124	243	429.
9225	7125	151	8, 897.
9226	7130	141	20 (1965) 39.
9227	7128	241	331.
9228	7131	241	347.
9229	7132	4	81 (1990-1991) 63.
9230	7133	244	72 (1981) 169.
9231	7134	134	80 (1963) 379.
9232	6537	151	5, 84.
9233	7138	135	4 (1887) 152.
9234	7138	134	58 (1940) 350.
9235	7118	145	46 (1896) 535.
9236	6471	141	15 (1960) 292.
9237	7145	15	36 (1950) 332.
9238	7145	137	6 (1911) 55.
9239	7152	244	37 (1934) 181.
9240	4867	241	303.
9241	4581	4	38 (1940) 269.
9242	6310	151	4, 3.
9243	7156	151	5, 5.
9244	7157	135	16 (1903) 226.
9245	7158	137	7 (1912) 107.
9246	7158	125	6 (1952) 100.
9247	7158	145	93 (1951/1952) 39.
9248	7154	138	3 (1881) 121.
9249	7155	244	5 (1902) 275.
9250	6274	15	59 (1973) 163.
9251	6274	145	47 (1897) 349.
9252	7159	241	20.
9253	7159	137	7 (1912) 67.
9254	7061	241	251.
9255	7061	244	14 (1916) 282.
9256	7163	134	77 (1960) 383.
9257	7164	241	265.
9258	4800	241	275.
9259	4800	243	402.
9260	7169	134	58 (1940) 413.
9261	7169	241	45.
9262	7173	145	56 (1906) 655.
9263	6575	244	30 (1927) 235.
9264	7178	241	106.
9265	7179	241	62.
9266	7176	241	16.
9267	7186	241	124.
9268	7187	125	33 (1979) 124.
9269	7188	125	33 (1979) 119.
9270	7193	141	47 (1992) 116.
9271	7202	241	172.
9272	7203	241	225.
9273	7203	244	40 (1937) 97-108.
9274	6692	135	5 (1888) 180.
9275	7209	241	217.
9276	7210	4	10 (1912) 83.
9277	7213	244	39 (1936) 304.
9278	7213	137	7 (1912) 70.
9279	7215	134	58 (1940) 466.
9280	7216	134	58 (1940) 467.
9281	7217	241	259.
9282	6901	244	1 (1898) 175.
9283	6901	135	10 (1893) 256.
9284	6901	241	243.
9285	7221	241	249.
9286	7222	241	297.
9287	7222	141	45 (1990) 503.
9288	7222	4	21 (1923) 27.
9289	7225	241	280.
9290	7225	244	11 (1908) 351.
9291	7226	241	263.
9292	7231	137	6 (1911) 330.
9293	7232	241	311
9294	7233	241	318.
9295	4799	241	244.
9296	7237	241	326.
9297	7240	241	332.
9298	7241	241	344.
9299	4592	241	343.
9300	7242	241	335.
9301	4794	134	47 (1929) 185.
9302	5230	16	3, 1066.
9303	6971	243	397.
9304	4884	275	Staten van het Kwartier van Veluwe, hun Gedeputeerden (0008), inv. nr. 59, resoluties van de Gedeputeerde Staten van het Kwartier van Veluwe, opvolgende colleges 1762-1784, 3 mei 1768, 24 januari 1769.
9305	4686	243	414.
9306	4686	241	368.
9307	7109	243	388.
9308	5791	243	368.
9309	4674	243	420.
9310	6308	137	2 (1907) 123, 193, 416-417, 494.
9311	5834	243	313.
9312	4579	243	346.
9313	5762	243	253.
9314	4986	242	146.
9315	7262	134	36 (1918) 343.
9316	5264	134	36 (1918) 343.
9317	4971	275	Familie van Lintelo (0478), 1.3.1.
9318	7265	242	141.
9319	7267	244	62 (1965-1967) 209.
9320	5784	244	40 (1937) 213.
9321	7270	134	36 (1918) 343.
9322	7271	242	147.
9323	7271	251	
9324	4595	134	36 (1918) 336.
9325	4587	242	145.
9326	7272	244	75 (1984) 120.
9327	7273	244	75 (1984) 123.
9328	5003	244	43 (1940) 264.
9329	6554	243	155.
9330	7276	15	24 (1938) 324.
9331	6336	15	24 (1938) 323.
9332	4602	134	57 (1939) 116.
9333	6334	134	37 (1919) 404.
9334	4872	243	372.
9335	6427	4	29 (1931) 38.
9336	6332	276	Inventaris van de collectie Röell (1572-1817) (0389), inv. nr. 1, 342.
9337	3637	276	Inventaris van de collectie Röell (1572-1817) (0389), inv. nr. 1, 342.
9338	5776	276	Inventaris van de collectie Röell (1572-1817) (0389), inv. nr. 2, 347.
9339	7101	276	Inventaris van de collectie Röell (1572-1817) (0389), inv. nr. 2, 349.
9340	7267	276	Inventaris van de collectie Röell (1572-1817) (0389), inv. nr. 2, 358.
9341	6679	250	23.
9342	6709	276	Inventaris van de collectie Röell (1572-1817) (0389), inv. nr. 2, 389.
9343	5261	276	Inventaris van de collectie Röell (1572-1817) (0389), inv. nr. 2, 390.
9344	5849	276	Inventaris van de collectie Röell (1572-1817) (0389), inv. nr. 2, 393.
9345	5258	276	Inventaris van de collectie Röell (1572-1817) (0389), inv. nr. 2, 395.
9346	4865	276	Inventaris van de collectie Röell (1572-1817) (0389), inv. nr. 2, 397.
9347	6345	276	Inventaris van de collectie Röell (1572-1817) (0389), inv. nr. 2, 397.
9348	6372	276	Inventaris van de collectie Röell (1572-1817) (0389), inv. nr. 2, 398.
9349	4628	276	Inventaris van de collectie Röell (1572-1817) (0389), inv. nr. 2, 398.
9350	4587	276	Inventaris van de collectie Röell (1572-1817) (0389), inv. nr. 2, 401.
9351	4813	276	Inventaris van de collectie Röell (1572-1817) (0389), inv. nr. 2, 401.
9352	4619	276	Inventaris van de collectie Röell (1572-1817) (0389), inv. nr. 2, 402.
9353	6537	134	45 (1927) 204, 84 (1967) 99-100.
9354	4637	276	Inventaris van de collectie Röell (1572-1817) (0389), inv. nr. 2, 405.
9355	7266	276	Inventaris van de collectie Röell (1572-1817) (0389), inv. nr. 2, 407.
9356	4595	276	Inventaris van de collectie Röell (1572-1817) (0389), inv. nr. 2, 412.
9357	7270	276	Inventaris van de collectie Röell (1572-1817) (0389), inv. nr. 2, 438.
9358	4652	276	Inventaris van de collectie Röell (1572-1817) (0389), inv. nr. 2, 438.
9359	6427	276	Inventaris van de collectie Röell (1572-1817) (0389), inv. nr. 2, 439.
9360	4648	243	395.
9361	6971	276	Inventaris van de collectie Röell (1572-1817) (0389), inv. nr. 2, 439.
9362	5183	244	3 (1900) 96.
9363	5183	276	Inventaris van de collectie Röell (1572-1817) (0389), inv. nr. 2, 440.
9364	4816	276	Inventaris van de collectie Röell (1572-1817) (0389), inv. nr. 2, 473.
9365	5788	244	41 (1938) 206.
9366	7276	276	Inventaris van de collectie Röell (1572-1817) (0389), inv. nr. 2, 452.
9367	6361	276	Inventaris van de collectie Röell (1572-1817) (0389), inv. nr. 2, 454.
9368	4870	276	Inventaris van de collectie Röell (1572-1817) (0389), inv. nr. 2, 458.
9369	6336	276	Inventaris van de collectie Röell (1572-1817) (0389), inv. nr. 2, 460.
9370	6367	4	84 (1994) 290.
9371	6360	276	Inventaris van de collectie Röell (1572-1817) (0389), inv. nr. 2, 465.
9372	5185	276	Inventaris van de collectie Röell (1572-1817) (0389), inv. nr. 2, p, 470.
9373	3550	276	Inventaris van de collectie Röell (1572-1817) (0389), inv. nr. 2, 470.
9374	5248	276	Inventaris van de collectie Röell (1572-1817) (0389), inv. nr. 2, 475.
9375	4662	276	Inventaris van de collectie Röell (1572-1817) (0389), inv. nr. 2, 476.
9376	6695	145	4 (1854) 311-312.
9377	5819	276	Inventaris van de collectie Röell (1572-1817) (0389), inv. nr. 2, 476.
9378	6833	276	Inventaris van de collectie Röell (1572-1817) (0389), inv. nr. 2, 477.
9379	4630	276	Inventaris van de collectie Röell (1572-1817) (0389), inv. nr. 2, 483.
9380	6429	276	Inventaris van de collectie Röell (1572-1817) (0389), inv. nr. 2, 484.
9381	3417	276	Inventaris van de collectie Röell (1572-1817) (0389), inv. nr. 2, 484.
9382	3488	276	Inventaris van de collectie Röell (1572-1817) (0389), inv. nr. 2, 485.
9383	6414	276	Inventaris van de collectie Röell (1572-1817) (0389), inv. nr. 2, 488.
9384	5809	276	Inventaris van de collectie Röell (1572-1817) (0389), inv. nr. 2, 492.
9385	4836	276	Inventaris van de collectie Röell (1572-1817) (0389), inv. nr. 2, 495.
9386	4836	151	11, 59-60.
9387	4642	276	Inventaris van de collectie Röell (1572-1817) (0389), inv. nr. 2, 499.
9388	6436	276	Inventaris van de collectie Röell (1572-1817) (0389), inv. nr. 2, 504.
9389	7141	276	Inventaris van de collectie Röell (1572-1817) (0389), inv. nr. 2, 522.
9390	4826	276	Inventaris van de collectie Röell (1572-1817) (0389), inv. nr. 2, 523.
9391	6483	276	Inventaris van de collectie Röell (1572-1817) (0389), inv. nr. 2, 527.
9392	4660	276	Inventaris van de collectie Röell (1572-1817) (0389), inv. nr. 2, 530.
9393	6517	276	Inventaris van de collectie Röell (1572-1817) (0389), inv. nr. 2, 539.
9394	5175	276	Inventaris van de collectie Röell (1572-1817) (0389), inv. nr. 2, 540.
9395	4900	276	Inventaris van de collectie Röell (1572-1817) (0389), inv. nr. 2, 543.
9396	4652	246	
9397	6526	276	Inventaris van de collectie Röell (1572-1817) (0389), inv. nr. 2, 546.
9398	4249	276	Inventaris van de collectie Röell (1572-1817) (0389), inv. nr. 2, 548.
9399	6524	276	Inventaris van de collectie Röell (1572-1817) (0389), inv. nr. 2, 550.
9400	6532	276	Inventaris van de collectie Röell (1572-1817) (0389), inv. nr. 2, 556.
9401	6452	276	Inventaris van de collectie Röell (1572-1817) (0389), inv. nr. 2, 557.
9402	5179	276	Inventaris van de collectie Röell (1572-1817) (0389), inv. nr. 2, 562.
9403	5179	242	186.
9404	5002	276	Inventaris van de collectie Röell (1572-1817) (0389), inv. nr. 2, 563.
9405	4837	276	Inventaris van de collectie Röell (1572-1817) (0389), inv. nr. 2, 567.
9406	6842	276	Inventaris van de collectie Röell (1572-1817) (0389), inv. nr. 2, 571.
9407	6855	276	Inventaris van de collectie Röell (1572-1817) (0389), inv. nr. 2, 572.
9408	6856	276	Inventaris van de collectie Röell (1572-1817) (0389), inv. nr. 2, 575.
9409	6857	276	Inventaris van de collectie Röell (1572-1817) (0389), inv. nr. 2, 579.
9410	3610	276	Inventaris van de collectie Röell (1572-1817) (0389), inv. nr. 1, 339.
9411	7274	276	Inventaris van de collectie Röell (1572-1817) (0389), inv. nr. 1, 342.
9412	6687	244	75 (1984) 110-113.
9413	6542	276	Inventaris van de collectie Röell (1572-1817) (0389), inv. nr. 1, 66.
9414	5006	276	Inventaris van de collectie Röell (1572-1817) (0389), inv. nr. 1, 155.
9415	7028	276	Inventaris van de collectie Röell (1572-1817) (0389), inv. nr. 1, 160.
9416	7028	241	215.
9417	5201	276	Inventaris van de collectie Röell (1572-1817) (0389), inv. nr. 1, 192.
9418	4981	276	Inventaris van de collectie Röell (1572-1817) (0389), inv. nr. 1, 192.
9419	4981	242	121.
9420	4965	276	Inventaris van de collectie Röell (1572-1817) (0389), inv. nr. 1, 199.
9421	4965	242	128.
9422	5198	276	Inventaris van de collectie Röell (1572-1817) (0389), inv. nr. 1, 209.
9423	4557	276	Inventaris van de collectie Röell (1572-1817) (0389), inv. nr. 1, 247-249.
9424	4559	276	Inventaris van de collectie Röell (1572-1817) (0389), inv. nr. 1, 268.
9425	4971	276	Inventaris van de collectie Röell (1572-1817) (0389), inv. nr. 1, 280.
9426	5764	276	Inventaris van de collectie Röell (1572-1817) (0389), inv. nr. 1, 285.
9427	5765	243	341.
9428	5765	276	Inventaris van de collectie Röell (1572-1817) (0389), inv. nr. 1, 285.
9429	4566	276	Inventaris van de collectie Röell (1572-1817) (0389), inv. nr. 1, 287.
9430	5770	244	42 (1939) 279.
9431	5770	276	Inventaris van de collectie Röell (1572-1817) (0389), inv. nr. 1, 289.
9432	4864	276	Inventaris van de collectie Röell (1572-1817) (0389), inv. nr. 1, 303.
9433	6900	276	Inventaris van de collectie Röell (1572-1817) (0389), inv. nr. 1, 308.
9434	4977	276	Inventaris van de collectie Röell (1572-1817) (0389), inv. nr. 1, 310.
9435	4801	276	Inventaris van de collectie Röell (1572-1817) (0389), inv. nr. 1, 313.
9436	7259	276	Inventaris van de collectie Röell (1572-1817) (0389), inv. nr. 1, 331.
9437	5264	276	Inventaris van de collectie Röell (1572-1817) (0389), inv. nr. 1, 334.
9438	7261	276	Inventaris van de collectie Röell (1572-1817) (0389), inv. nr. 2, 338.
9439	7275	276	Inventaris van de collectie Röell (1572-1817) (0389), inv. nr. 2, 444.
9440	7282	276	Inventaris van de collectie Röell (1572-1817) (0389), inv. nr. 2, 528.
9441	4657	134	70 (1953) 19.
9442	4626	134	70 (1953) 19.
9443	4657	244	52 (1952) 141.
9444	6365	134	29 (1911) 79.
9445	6390	277	
9446	5086	242	171.
9447	7285	242	156.
9448	6452	278	74.
9449	4630	278	62.
9450	7289	15	31 (1945) 332.
9451	6450	15	1 (1910) 90.
9452	7292	134	28 (1910) 121.
9453	6447	277	
9454	6438	15	24 (1938) 329.
9455	6438	134	44 (1926) 254-255.
9456	7295	243	86.
9457	7297	242	53.
9458	7038	241	235.
9459	7296	241	30.
9460	7299	242	63.
9461	6763	272	102.
9462	7300	276	Inventaris van de collectie Röell (1572-1817) (0389), inv. nr. 1, 59.
9463	5003	241	4.
9464	6560	276	Inventaris van de collectie Röell (1572-1817) (0389), inv. nr. 2, 186.
9465	7303	276	Inventaris van de collectie Röell (1572-1817) (0389), inv. nr. 1, 191.
9466	4850	221	296.
9467	5830	292	199.
9468	5202	242	49.
9469	7304	242	91.
9470	4853	242	92.
9471	4854	242	124.
9472	5749	16	1, 956.
9473	5007	241	205.
9474	5828	243	241.
9475	6567	134	45 (1927) 207, 84 (1967) 105.
9476	4555	134	33 (1915) 210.
9477	7036	242	103.
9478	4792	242	56.
9479	7037	242	102.
9480	4970	243	299.
9481	4993	246	
9482	5827	241	123.
9483	4962	276	Inventaris van de collectie Röell (1572-1817) (0389), inv. nr. 1, 154.
9484	4962	209	Nieuwe reeks 1 (1610-1612) A.Th. van Deursen ed. ('s-Gravenhage 1971) 225.
9485	4966	243	223.
9486	4966	244	4 (1901) 301.
9487	7003	134	67 (1950) 111.
9488	6590	134	67 (1950) 100.
9489	4563	242	89.
9490	7306	243	259.
9491	7307	243	273.
9492	4569	134	67 (1950) 101.
9493	6321	134	67 (1950) 103.
9494	7053	275	Gelderse rekenkamer (0012), OS9, 19 oktober 1653.
9495	6991	243	282.
9496	4564	241	277.
9497	4910	243	292.
9498	7311	221	inleiding.
9499	7312	276	Inventaris van de collectie Röell (1572-1817) (0389), inv. nr. 1, 61.
9500	7312	242	52.
9501	7313	276	Inventaris van de collectie Röell (1572-1817) (0389), inv. nr. 2, 178.
9502	7313	243	219.
9503	4549	244	50 (1950) 4.
9504	4549	241	5.
9505	7315	243	152.
9506	7316	243	342.
9507	4804	243	332.
9508	4998	243	415.
9509	4998	244	44 (1941) 124.
9510	7317	241	433.
9511	7318	138	nieuwe reeks 3 (1881) 70.
9512	7321	134	58 (1940) 210.
9513	7322	279	6.
9514	7318	280	128.
9515	7314	280	129.
9516	7059	243	284.
9517	4979	242	119.
9518	6348	280	137.
9519	7322	280	142.
9520	7309	275	Gelderse rekenkamer (0012), inv. nr. 79, register van commissies 1627-1663, f. 69v.
9521	7323	135	16 (1903) 223.
9522	7324	134	22 (1904) 222.
9523	7333	16	2, 952.
9524	7337	145	63 (1914) 383.
9525	4490	130	archief familie Fagel 1.10.29, p. 61.
9526	4730	241	388.
9527	4955	265	1, 314.
9528	7340	227	
9529	6272	227	
9530	5543	282	258.
9531	4270	282	258.
9532	5414	282	258.
9533	5018	282	258.
9534	5369	282	258.
9535	7335	282	258.
9536	5016	282	258.
9537	7331	282	258.
9538	5019	282	258.
9539	5560	282	258.
9540	7333	282	258.
9541	7338	282	258.
9542	7332	282	258.
9543	5563	282	259.
9544	5558	282	259.
9545	5385	282	259.
9546	5567	282	259.
9547	4290	282	259.
9548	7334	282	259.
9549	5020	282	259.
9550	5581	282	259.
9551	4302	282	259.
9552	5124	282	259.
9553	4279	282	259.
9554	7336	282	259.
9555	4292	282	259.
9556	7337	282	259.
9557	5564	282	259.
9558	5017	282	259.
9559	5580	282	260.
9560	5433	282	260.
9561	5117	282	260.
9562	5578	282	260.
9563	5582	282	260.
9564	5424	282	260.
9565	7341	282	260.
9566	5030	282	260.
9567	6765	272	102.
9568	5694	282	261.
9569	4297	282	261.
9570	5445	282	261.
9571	5592	282	261.
9572	5039	282	262.
9573	5444	282	262.
9574	5608	282	262.
9575	5110	282	262.
9576	5036	282	262.
9577	5134	282	262.
9578	7347	282	262.
9579	5735	282	262.
9580	5127	282	262.
9581	5591	282	262.
9582	5619	282	262.
9583	5047	282	262.
9584	5615	282	262.
9585	5606	282	262.
9586	5598	282	261, 265.
9587	5045	282	265.
9588	5621	282	265.
9589	4308	282	265.
9590	5060	282	265.
9591	4316	282	265.
9592	4315	282	265.
9593	5135	282	265.
9594	5056	282	265.
9595	5043	282	265.
9596	5311	282	265.
9597	4329	282	266.
9598	4317	282	266.
9599	5065	282	266.
9600	4335	282	266.
9601	5059	282	266.
9602	5061	282	266.
9603	4338	282	266.
9604	4348	282	266.
9605	4341	282	267.
9606	5067	282	267.
9607	5066	282	267.
9608	5062	282	267.
9609	5633	282	267.
9610	5631	282	267.
9611	5479	282	267.
9612	5628	282	267.
9613	5303	282	267.
9614	4357	282	267.
9615	5639	282	267.
9616	5081	282	267.
9617	5078	282	267.
9618	5080	282	267.
9619	5490	282	267.
9620	5646	282	267.
9621	5083	282	267.
9622	4419	282	267.
9623	5279	282	267.
9624	5649	282	267.
9625	5098	282	267.
9626	4414	282	267.
9627	4424	282	268.
9628	5096	282	268.
9629	5106	282	268.
9630	5088	282	268.
9631	4404	282	268.
9632	4388	282	268.
9633	4386	282	268.
9634	4395	282	268.
9635	5658	282	268.
9636	5655	282	268.
9637	5149	282	268.
9638	5100	282	268.
9639	4426	282	268.
9640	4423	282	268.
9641	7348	283	32.
9642	7348	6	1, 403.
9643	7350	6	2, 586.
9644	7350	283	32.
9645	7351	283	33.
9646	7352	283	33.
9647	7352	6	1, 465.
9648	7353	283	33.
9649	7353	6	2, 645.
9650	7354	283	33.
9651	7354	6	1, 410.
9652	7355	283	34.
9653	7355	6	1, 385.
9654	1856	283	34.
9655	7356	283	34.
9656	7357	283	35.
9657	7358	283	35.
9658	880	283	35.
9659	833	283	36.
9660	4867	283	36.
9661	882	283	37.
9662	700	283	37.
9663	3390	283	37.
9664	7359	283	38.
9665	7359	6	2, 786.
9666	7361	283	38.
9667	7361	6	2, 578.
9668	2036	283	39.
9669	7362	243	334.
9670	7362	283	39.
9671	815	283	39.
9672	7363	283	39.
9673	7364	283	40.
9674	7364	6	2, 917.
9675	6732	283	41.
9676	4584	283	41.
9677	1836	283	41.
9678	4984	283	41.
9679	7365	6	2, 663.
9680	7366	283	42.
9681	7365	283	42.
9682	7367	283	42.
9683	7367	6	2, 766.
9684	7242	283	42.
9685	7242	151	8, 249.
9686	7368	6	2, 642.
9687	7368	283	43.
9688	7369	283	43.
9689	7369	6	2, 624.
9690	7370	6	2, 623.
9691	7370	283	43.
9692	7371	283	43.
9693	7371	15	40 (1954) 13.
9694	7372	15	40 (1954) 12.
9695	7372	6	2, 563.
9696	7373	6	2, 616.
9697	915	283	44.
9698	7373	283	44.
9699	4986	283	44.
9700	819	283	44.
9701	7374	283	45.
9702	7374	6	2, 591.
9703	897	283	45.
9704	7375	162	169.
9705	7375	283	45.
9706	1091	283	45.
9707	7376	9	392.
9708	7376	283	45.
9709	818	283	46.
9710	7377	283	46.
9711	7377	6	2, 665.
9712	6304	283	46.
9713	2103	283	47.
9714	7378	283	47.
9715	3527	283	47.
9716	7379	283	48.
9717	1919	283	48.
9718	7381	6	1, 202.
9719	7382	6	1, 323.
9720	7383	6	1, 262.
9721	7389	6	1, 464.
9722	7390	6	2, 761.
9723	7391	6	1, 373.
9724	3206	6	1, 313.
9725	7392	6	1, 80.
9726	7397	16	8, 991.
9727	7400	16	7, 1043.
9728	7401	6	1, 543.
9729	7402	6	1, 324.
9730	7404	6	2, 708.
9731	7405	6	1, 196.
9732	7406	6	1, 12.
9733	7410	6	1, 303.
9734	7411	6	1, 535.
9735	7422	16	3, 1046.
9736	7430	151	2, 419.
9737	7433	6	2, 630.
9738	7437	6	2, 975.
9739	7474	6	1, 82.
9740	7475	6	1, 129.
9741	7438	6	1, 246.
9742	4991	244	71 (1980) 127-147, 89 (1998) 92-93.
9743	4991	6	1, 296.
9744	7476	6	1, 362.
9745	217	6	1, 365.
9746	7477	6	1, 369.
9747	7478	6	1, 388.
9748	7479	6	1, 417.
9749	7480	6	1, 485.
9750	686	6	1, 508.
9751	7481	6	1, 532.
9752	7482	6	2, 594.
9753	4525	6	2, 596.
9754	7351	6	2, 641.
9755	7483	6	2, 678.
9756	7484	6	2, 682.
9757	7485	6	2, 693.
9758	7486	6	2, 695.
9759	7487	6	2, 710.
9760	6792	6	2, 715.
9761	7488	6	2, 716.
9762	2122	6	2, 715.
9763	7489	6	2, 724.
9764	4395	6	2, 744.
9765	7490	6	2, 744.
9766	7491	6	2, 749.
9767	7492	6	2, 756.
9768	7493	6	2, 775.
9769	7494	6	2, 776.
9770	7495	6	2, 783.
9771	7496	6	2, 788.
9772	7497	6	2, 792.
9773	7498	6	2, 806.
9774	7499	6	2, 821.
9775	7500	6	2, 829.
9776	7501	6	2, 830.
9777	335	6	2, 833.
9778	7502	6	2, 847.
9779	7503	6	2, 922.
9780	7504	6	2, 923.
9781	5191	6	2, 926.
9782	3982	6	2, 927.
9783	7505	6	2, 946.
9784	7506	6	2, 965.
9785	7507	6	2, 975.
9786	7508	6	2, 979.
9787	7509	6	2, 991.
9788	7510	6	2, 1011.
9789	7511	6	2, 1012.
9790	7512	6	2, 1016.
9791	6917	6	1, 12.
9792	1275	6	1, 63.
9793	7513	6	1, 162.
9794	7514	6	1, 205.
9795	7515	6	1, 205.
9796	7516	6	1, 206.
9797	7517	6	1, 215.
9798	7518	6	1, 220.
9799	7519	6	1, 267.
9800	7520	6	1, 270.
9801	7521	6	1, 300.
9802	7522	6	1, 319.
9803	7523	6	1, 348.
9804	7524	6	1, 365.
9805	7525	6	1, 379.
9806	7526	6	1, 391.
9807	7527	6	1, 407.
9808	7528	6	1, 412.
9809	7529	6	1, 422.
9810	956	6	1, 425.
9811	6767	6	1, 425.
9812	7530	6	1, 435.
9813	7531	6	1, 443.
9814	6749	6	1, 441.
9815	7532	6	1, 442.
9816	7533	6	1, 444.
9817	6727	6	1, 457.
9818	7542	285	18.
9819	3705	285	18.
9820	3390	285	18.
9821	7548	6	1, 560.
9822	880	6	1, 468.
9823	7553	6	1, 479.
9824	7554	6	1, 507.
9825	7555	6	1, 514.
9826	6015	6	1, 521.
9827	7557	6	1, 525.
9828	7558	6	1, 527.
9829	7559	6	1, 533.
9830	7560	6	1, 547.
9831	139	6	2, 551.
9832	995	6	2, 551.
9833	7561	6	2, 551.
9834	4912	6	2, 552.
9835	7562	6	2, 553.
9836	7563	6	2, 575.
9837	7564	6	2, 577.
9838	1850	6	2, 581.
9839	7565	6	2, 581.
9840	7566	6	2, 589.
9841	7567	6	2, 606.
9842	7568	6	2, 609.
9843	7569	6	2, 610.
9844	7570	6	2, 613.
9845	7571	6	2, 618.
9846	7572	6	2, 619.
9847	7084	141	33 (1978) 164.
9848	431	6	2, 624.
9849	7573	6	2, 624.
9850	7574	6	2, 624.
9851	7575	6	2, 641.
9852	5817	242	192.
9853	7576	6	2, 646.
9854	7577	6	2, 648.
9855	7578	6	2, 650.
9856	7579	6	2, 653.
9857	7580	6	2, 659.
9858	7581	6	2, 669.
9859	7582	6	2, 681.
9860	7583	6	2, 684.
9861	7584	6	2, 688.
9862	7585	6	2, 690.
9863	7586	6	2, 690.
9864	7587	6	2, 698.
9865	252	6	2, 699.
9866	7588	6	2, 701.
9867	7589	6	2, 713.
9868	6229	6	2, 714.
9869	7590	6	2, 714.
9870	6951	6	2, 722.
9871	7592	6	2, 721.
9872	7593	6	2, 722.
9873	7594	6	2, 722.
9874	7595	6	2, 729.
9875	6394	6	2, 736.
9876	7596	6	2, 747.
9877	7597	6	2, 748.
9878	7598	6	2, 754.
9879	7599	6	2, 793.
9880	7600	6	2, 796.
9881	6975	6	2, 801
9882	7449	6	2, 801.
9883	6235	6	2, 801.
9884	4238	6	2, 801.
9885	7601	6	2, 801.
9886	6944	6	2, 802.
9887	7602	6	2, 804.
9888	7603	6	2, 808.
9889	7605	6	2, 824.
9890	7605	9	402.
9891	2124	6	2, 835.
9892	7606	6	2, 840.
9893	7607	6	2, 840.
9894	5105	6	2, 842.
9895	771	6	2, 852.
9896	7608	6	2, 883.
9897	7609	6	2, 891.
9898	7610	6	2, 895.
9899	7612	6	2, 911.
9900	7613	6	2, 922.
9901	2731	6	2, 927.
9902	4013	6	2, 926.
9903	4161	6	2, 927.
9904	5768	6	2, 927.
9905	5850	6	2, 928.
9906	7614	6	2, 930.
9907	7615	6	2, 959.
9908	7616	6	2, 973.
9909	7617	6	2, 975.
9910	7618	6	2, 977.
9911	7619	6	2, 988.
9912	7620	6	2, 998.
9913	7621	6	2, 1009.
9914	7622	6	2, 1010.
9915	6023	6	2, 1013.
9916	7623	6	2, 1018.
9917	7624	6	2, 1025.
9918	7625	6	2, 1026.
9919	7626	6	2, 1027.
9920	7627	6	2, 1028.
9921	7628	6	2, 1036.
9922	7628	9	393.
9923	7629	6	2, 1040.
9924	7404	286	2.
9925	4839	243	419.
9926	5816	244	88 (1997) 138.
9927	6406	151	2, 524.
9928	6354	241	361.
9929	4989	16	8, 509.
9930	6647	250	
9931	5513	287	13, 2 (1778) 796.
9932	4518	227	
9933	7672	227	
9934	7673	227	
9935	4561	242	99.
9936	4670	242	184.
9937	5233	242	190.
9938	5832	242	138.
9939	6526	242	167.
9940	4828	242	172.
9941	6096	227	
9942	2202	241	407.
9943	5724	288	archief van de Hoge Justitiekamer, andere gewestelijke rechterlijke instellingen, 1444 - 1811 (136), inv. nr. 691, 4 februari 1780.
9944	4502	125	2 (1948) 120.
9945	5236	241	401.
9946	7675	125	31 (1977) 81.
9947	6038	248	archief Hof van Utrecht (239-1) inv. nr. 2-3, afschrift resolutie Staten van Utrecht 10 oktober 1714.
9948	4586	130	archief Generaliteits-Rekenkamer 1.01.43, inv. nr. 15, 22 augustus 1689.
9949	6968	244	87 (1996) 115.
9950	5708	288	archief van de Hoge Justitiekamer, andere gewestelijke rechterlijke instellingen, 1444 - 1811 (136), inv. nr. 691, 24 december 1781.
9951	5721	244	64 (1970) 151.
9952	4650	243	385.
9953	6251	16	3, 1037.
9954	6217	243	385.
9955	6274	255	
9956	4869	243	363.
9957	6192	227	
9958	5811	241	417.
9959	5722	288	rchief van de Hoge Justitiekamer, andere gewestelijke rechterlijke instellingen, 1444 - 1811 (136), inv. nr. 693, 6 november 1790.
9960	6198	227	
9961	3924	188	2, 898.
9962	5973	151	12, 28.
9963	5973	27	21.
9964	6302	221	166.
9965	6378	246	
9966	6378	151	12, 47.
9967	4819	290	46.
9968	6299	290	57.
9969	7105	290	58.
9970	5239	290	58.
9971	6424	290	61.
9972	4886	290	63.
9973	5753	290	71.
9974	7318	290	70.
9975	7053	290	105.
9976	5806	290	113.
9977	7066	290	133.
9978	5846	290	146.
9979	7087	290	148.
9980	5801	290	148.
9981	6481	290	149.
9982	6435	290	156.
9983	5843	290	157.
9984	6501	290	158.
9985	7065	290	171.
9986	6351	290	172.
9987	7136	290	178.
9988	5756	290	281.
9989	4964	290	282.
9990	4975	290	290.
9991	6355	290	295.
9992	6680	291	11.
9993	4831	243	408.
9994	6053	248	archief Hof van Utrecht (239-1) inv. nr. 2-3, commissie Nicolaes van Haeften, 19 september 1737.
9995	7170	241	26.
9996	7181	241	160.
9997	5005	243	190.
9998	5777	243	289.
9999	3866	184	116.
10000	4508	248	archief Familie Taets van Amerongen van Natewisch (23), 2.2.1.4.
10001	4765	227	
10002	6994	241	233.
10003	6994	221	186 (PDF-versie website Gelders Archief).
10004	5131	134	58 (1940) 291.
10005	4803	241	308.
10006	7184	241	129.
10007	4554	242	93.
10008	5748	242	60.
10009	6004	242	112.
10010	7132	242	120.
10011	5540	135	17 (1905) 305.
10012	5662	135	17 (1905) 316.
10013	5825	242	59.
10014	7069	243	348.
10015	4479	227	
10016	6310	16	1, 789.
10017	5342	282	261.
10018	5767	243	336.
10019	5766	243	281.
10020	6997	134	45 (1927) 202-203, 84 (1967) 94..
10021	4607	243	364.
10022	7055	242	120.
10023	6163	242	120.
10024	5321	134	59 (1941) 335.
10025	5374	134	60 (1942) 71.
10026	4288	134	61 (1943) 201.
10027	4353	134	61 (1943) 204.
10028	5625	134	61 (1943) 204.
10029	5062	134	65 (1948) 30.
10030	5133	134	65 (1948) 30.
10031	4806	241	315.
10032	4972	243	278.
10033	6836	242	194.
10034	6854	242	195.
10035	7054	243	254.
10036	6542	221	293, 324-325.
10037	6542	243	148.
10038	5764	243	304.
10039	7303	243	148.
10040	7107	243	367.
10041	5263	243	294.
10042	5402	134	65 (1948) 35.
10043	5690	134	67 (1950) 46.
10044	5021	282	258.
10045	5682	134	69 (1952) 17.
10046	7189	241	206.
10047	5262	242	131.
10048	7029	243	262.
10049	7045	243	169.
10050	5740	137	4 (1909) 32.
10051	4971	242	151.
10052	6861	243	441.
10053	5150	288	inleiding inventaris 551 Familie Van Maneil, 1602 - 1804.
10054	6802	191	121.
10055	2013	130	archief van de familie Van Mathenesse 3.20.39, 51.
10056	2447	130	archief van de familie Van Mathenesse 3.20.39, 52.
10057	3133	134	4 (1886) 84.
10058	4547	4	418.
10059	2744	188	2, 368.
10060	6101	188	2, 369.
10061	4978	241	255.
10062	4545	16	3,
10063	5125	282	260.
10064	5771	16	6, 1187.
10065	7379	242	113.
10066	6170	134	70 (1953) 146.
10067	1849	48	2, 848.
10068	4996	141	22 (1967) 377.
10069	4996	221	308, 329-330.
10070	4361	151	11, 5.
10071	1439	134	61 (1943) 10.
10072	376	134	61 (1943) 9.
10073	5206	4	16 (1918) 124.
10074	6239	248	Inventaris Huis Zuilen (76), 2.3.42
10075	6058	248	Inventaris Huis Zuilen (76), 2.3.43.
10076	5205	248	Inventaris Huis Zuilen (76), 2.3.22.
10077	4955	248	Inventaris Huis Zuilen (76), 2.3.13.
10078	4777	248	Inventaris Huis Zuilen (76), 2.3.30.
10079	6258	248	Inventaris Huis Hardenbroek (1010), 2.2.33.1.
10080	4968	138	nieuwe reeks 2 (1880) 2, 81-83.
10081	4968	241	224.
10082	6778	16	2, 1526.
10083	4970	247	129.
10084	4822	125	6 (1952) 77-80, 105.
10085	6366	125	6 (1952) 75-77.
10086	6387	125	6 (1952) 79.
10087	6505	4	36 (1938) 49.
10088	6875	151	10, 303.
10089	7172	145	45 (1895) 529.
10090	7244	125	6 (1952) 73-74.
10091	6350	241	371.
10092	6583	241	79.
10093	7009	241	269.
10094	7063	243	283.
10095	7182	241	163.
10096	7210	241	219.
10097	6122	241	182.
10098	3719	241	110.
10099	3837	243	423.
10100	6462	241	409.
10101	6462	125	6 (1952) 85
10102	4202	276	Inventaris van de collectie Röell (1572-1817) (0389), inv. nr. 1, 59, 196.
10103	5835	242	151.
10104	4688	242	189.
10105	6586	243	245.
10106	2168	227	
10107	1954	294	16 mei 1809 (overlijdensadvertentie).
10108	6718	227	
10109	2183	272	103.
10110	2222	191	143.
10111	4583	134	97 (1980) 237.
10112	1768	273	
10113	4621	4	38 (1940) 469.
10114	4621	134	65 (1948) 69.
10115	7676	15	73 (1989) 297.
10116	6632	134	74 (1957) 150.
10117	7763	6	1, 277.
10118	7765	6	1, 286.
10119	7768	295	17.
10120	7768	271	1, 301.
10121	7769	6	1, 22.
10122	7771	6	1, 295.
10123	7773	6	1, 373.
10124	7774	6	1, 55.
10125	7775	6	1, 276.
10126	7776	16	3, 1045.
10127	7777	6	1, 397.
10128	7777	271	1, 301.
10129	7778	6	1, 173.
10130	7780	6	1, 270.
10131	7781	16	7, 829.
10132	6819	191	124.
10133	7782	6	1, 413.
10134	7784	6	1, 485.
10135	7769	271	1, 301.
10136	7770	271	1, 301.
10137	7771	271	1, 301.
10138	7772	271	1, 301.
10139	7785	271	1, 301.
10140	784	271	1, 301.
10141	7786	271	1, 301.
10142	7786	48	I, 388.
10143	7787	48	I, 315.
10144	7789	6	1, 174.
10145	7791	6	1, 72.
10146	7791	271	1, 302.
10147	7525	271	1, 302.
10148	7526	271	1, 302.
10149	7533	271	1, 302.
10150	7792	271	1, 302.
10151	7527	271	1, 302.
10152	7794	16	6, 273.
10153	7794	271	1, 302.
10154	7513	271	1, 302.
10155	2096	271	1, 302.
10156	7795	6	1, 369.
10157	7795	271	1, 302.
10158	7796	6	1, 539.
10159	7796	16	7, 177.
10160	7796	27	14.
10161	7797	6	2, 626.
10162	7797	271	1, 302.
10163	7798	6	1, 403.
10164	799	271	1, 302.
10165	7799	6	1, 336.
10166	7799	271	1, 302.
10167	7568	271	1, 302.
10168	7800	6	1, 105.
10169	7800	271	1, 302.
10170	7801	6	1, 419.
10171	7559	271	1, 302.
10172	7530	271	1, 302.
10173	621	6	2, 763.
10174	7518	271	1, 302.
10175	2406	271	1, 302.
10176	7802	271	1, 302.
10177	7803	271	1, 302.
10178	7804	6	2, 601.
10179	805	271	1, 302.
10180	809	271	1, 302.
10181	7523	271	1, 302.
10182	7531	271	1, 302.
10183	7519	271	1, 302.
10184	2097	271	1, 302.
10185	7554	271	1, 303.
10186	7529	271	1, 303.
10187	7556	271	1, 303.
10188	2100	271	1, 303.
10189	2098	271	1, 303.
10190	7806	296	1614 Familie van Sypesteyn te Haarlem, 4.16 (Olycan) nr. I, 8.
10191	7807	6	1, 465.
10192	7807	271	1, 303.
10193	7808	135	17, 390.
10194	7809	6	2, 561.
10195	7809	271	1, 303.
10196	7810	135	16 (1903) 212.
10197	7810	271	1, 303.
10198	7560	271	1, 303.
10199	804	271	1, 303.
10200	7566	271	1, 303;.
10201	7811	151	5, 171.
10202	7811	271	1, 303.
10203	2099	271	1, 303.
10204	7812	6	1, 34.
10205	817	271	1, 303.
10206	7812	271	1, 303.
10207	7593	271	1, 303.
10208	7813	6	1, 545.
10209	7813	271	1, 303.
10210	1799	271	1, 303.
10211	2102	271	1, 303.
10212	7578	271	1, 303.
10213	7359	271	1, 303.
10214	7482	271	1, 303.
10215	7814	271	1, 303.
10216	7569	271	1, 304.
10217	7558	271	1, 304.
10218	7575	271	1, 304.
10219	7579	271	1, 304.
10220	7573	271	1, 304.
10221	7589	271	1, 304.
10222	7815	271	1, 304.
10223	7816	9	417.
10224	7817	115	
10225	7553	271	1, 304.
10226	4734	6	2, 596.
10227	7817	125	9, 55.
10228	7818	6	2, 651.
10229	7818	271	1, 304.
10230	810	271	1, 304.
10231	816	271	1, 304.
10232	7580	271	1, 304.
10233	7819	115	
10234	7570	271	1, 304.
10235	7528	271	1, 304.
10236	7594	271	1, 304.
10237	7821	9	391.
10238	7822	115	
10239	1063	271	1, 304.
10240	2104	271	1, 304.
10241	7577	271	1, 304.
10242	7582	271	1, 304.
10243	7824	271	1, 305.
10244	7825	115	
10245	7826	6	2, 549.
10246	7827	6	2, 743.
10247	7827	271	1, 305.
10248	7828	6	2, 629.
10249	7828	271	1, 305.
10250	7829	6	1, 106.
10251	7829	271	1, 305.
10252	7592	271	1, 305.
10253	7830	243	184.
10254	7831	242	98.
10255	7832	241	236.
10256	7833	243	302.
10257	7834	242	153.
10258	7835	243	350.
10259	7836	151	5,
10260	7836	228	6.
10261	7845	27	228.
10262	7848	227	
10263	7849	16	7, 595.
10264	7561	271	1, 301.
10265	7851	16	3, 1470.
10266	7852	151	2, 437.
10267	6826	191	126.
10268	7852	33	1, 212.
10269	7853	33	1, 213.
10270	7854	33	1, 214.
10271	7857	134	26 (1908) 132.
10272	7861	298	531.
10273	7867	16	7, 884.
10274	7869	188	1, 671.
10275	7870	16	6, 1232.
10276	2986	271	1, 308.
10277	2986	299	111.
10278	7856	125	2 (1948) 20.
10279	7872	125	2 (1948) 21.
10280	7879	125	2 (1948) 21.
10281	7879	299	112,
10282	7879	271	1, 308.
10283	7880	125	2 (1948) 21.
10284	7880	299	112.
10285	7880	271	1, 308.
10286	7881	271	1, 308.
10287	7881	299	112.
10288	7449	271	1, 308.
10289	7449	299	112.
10290	7882	15	6 (1915) 36.
10291	7882	271	1, 308.
10292	7882	299	112.
10293	7883	271	1, 308.
10294	7883	299	112.
10295	7884	271	1, 308.
10296	7885	271	1, 308.
10297	7885	6	1, 314.
10298	7886	188	2, 20.
10299	7886	271	1, 308.
10300	6942	188	2, 485.
10301	6942	271	1, 308.
10302	6941	299	112.
10303	6941	271	1, 308.
10304	6941	188	2, 240.
10305	7887	299	112.
10306	7887	271	1, 308.
10307	3071	300	187.
10308	6247	300	187.
10309	7888	299	112.
10310	7888	271	1, 308.
10311	6288	300	182.
10312	4942	300	184.
10313	6285	300	184.
10314	5961	300	185.
10315	5987	300	185.
10316	4915	300	186.
10317	6704	300	186.
10318	4484	227	
10319	4025	300	187.
10320	5972	300	187.
10321	6123	300	187.
10322	6123	228	6.
10323	5933	300	187.
10324	6255	300	188.
10325	4730	300	189.
10326	6283	300	189.
10327	5957	300	189.
10328	4478	300	190.
10329	7846	227	
10330	7846	300	190.
10331	6256	300	190.
10332	6043	300	208.
10333	6238	300	192,
10334	6002	300	192.
10335	6177	300	194.
10336	6257	300	194.
10337	6251	300	195.
10338	5969	300	195.
10339	2402	300	195.
10340	6033	300	195.
10341	5965	300	196.
10342	4903	300	197.
10343	4901	227	
10344	4953	227	
10345	4953	300	197.
10346	2998	300	198.
10347	5971	300	198.
10348	6266	300	198.
10349	5977	300	198.
10350	5953	300	199.
10351	6009	300	199.
10352	7427	300	200.
10353	4462	227	
10354	4471	227	
10355	4472	227	
10356	4480	227	
10357	4501	227	
10358	4504	227	
10359	4506	227	
10360	4515	227	
10361	4522	227	
10362	2914	227	
10363	4542	227	
10364	4712	227	
10365	4715	227	
10366	4716	227	
10367	4733	227	
10368	4747	227	
10369	4748	227	
10370	4752	227	
10371	4754	227	
10372	4763	227	
10373	4767	227	
10374	4778	227	
10375	4903	227	
10376	4923	227	
10377	4926	227	
10378	4937	227	
10379	4945	227	
10380	5152	227	
10381	5157	227	
10382	5161	227	
10383	5170	227	
10384	5218	227	
10385	5939	16	3, 1518.
10386	6124	227	
10387	6125	227	
10388	6131	227	
10389	6139	227	
10390	6141	227	
10391	6142	227	
10392	6715	227	
10393	7889	299	112.
10394	7889	271	1, 308.
10395	2209	299	112,
10396	2209	271	1, 308.
10397	6944	299	112.
10398	6944	271	1, 308.
10399	6945	299	112.
10400	6945	271	1, 308.
10401	6945	134	30 (1912) 191.
10402	3218	134	30 (1912) 191.
10403	3134	134	26 (1908) 138.
10404	7445	134	26 (1908) 134.
10405	2880	134	26 (1908) 135.
10406	7890	299	112.
10407	6949	299	112.
10408	6949	271	1, 309.
10409	6947	299	112.
10410	6947	271	1, 309.
10411	6951	299	112.
10412	6951	271	1, 309.
10413	6952	299	112.
10414	6952	271	1, 309.
10415	6948	271	1, 309.
10416	6950	271	1, 309.
10417	6950	299	112.
10418	6953	299	112.
10419	6878	15	40 (1954) 398.
10420	6953	271	1, 309.
10421	6954	299	112.
10422	6954	271	1, 309.
10423	6972	299	112.
10424	6972	271	1, 309.
10425	2885	299	112.
10426	6973	299	112.
10427	6973	271	1, 309.
10428	6975	271	1, 309.
10429	6975	299	112.
10430	6974	299	112.
10431	2897	271	1, 309.
10432	2897	299	112.
10433	6976	271	1, 309.
10434	6976	299	112.
10435	3121	271	1, 309.
10436	3121	299	112.
10437	6978	271	1, 309.
10438	6978	299	112.
10439	6977	271	1, 309.
10440	6977	299	112.
10441	6979	271	1, 309.
10442	6979	299	112.
10443	6981	271	1, 309.
10444	6981	299	112.
10445	3207	271	1, 309.
10446	3207	299	112.
10447	6980	271	1, 309.
10448	6980	299	112.
10449	2955	271	1, 309.
10450	2955	299	112.
10451	7891	299	112.
10452	7891	134	93 (1976) 22.
10453	7891	4	40 (1942) 626.
10454	7892	299	112.
10455	7893	299	112.
10456	7894	299	112.
10457	7894	134	40 (1922) 319.
10458	7894	16	3, 623.
10459	7894	188	1, 432.
10460	7909	299	112.
10461	7909	125	37 (1983) 171.
10462	2910	206	bijlage IX.
10463	2910	299	112.
10464	2910	271	1, 309.
10465	7910	299	113.
10466	3878	299	113.
10467	3180	299	113.
10468	7911	299	113.
10469	7912	16	7, 1174.
10470	7912	299	113.
10471	7618	299	113.
10472	7913	299	113.
10473	7576	299	113.
10474	7914	299	113.,
10475	7915	299	113.
10476	7915	16	5, 488.
10477	7916	299	113.
10478	7917	16	2, 1157.
10479	7917	188	2, 459.
10480	7918	299	113.
10481	7918	188	2, 596.
10482	3075	299	113.
10483	7919	165	7414 Historisch-Topografische Atlas Vlissingen, inv. nr. 3519.
10484	7919	299	113.
10485	8004	141	71 (2016) 228-232.
10486	7895	299	
10487	8005	299	113.
10488	8006	299	113.
10489	8007	299	113.
10490	8008	299	113.
10491	8009	299	113.
10492	3060	299	113.
10493	8010	299	113.
10494	8011	299	113.
10495	8012	299	113.
10496	8013	138	3 (1881) 99.
10497	8016	299	113.
10498	8017	299	113.
10499	8019	299	113.
10500	8020	299	113.
10501	8015	4	40 (1942) 627.
10502	8021	4	40 (1942) 627.
10503	8023	299	113.
10504	2936	299	113.
10505	8024	299	113.
10506	8025	299	113.
10507	8026	299	113.
10508	8005	15	7 (1916) 243.
10509	6911	297	4, 416, n. 5.
10510	6913	271	310.
10511	6911	120	86.
10512	6914	120	87.
10513	6915	120	86.
10514	6912	120	86.
10515	6916	271	310.
10516	6916	120	87.
10517	6917	120	87.
10518	6918	271	310.
10519	6918	120	86.
10520	6919	271	310.
10521	6920	271	310.
10522	6921	271	310.
10523	6921	120	87.
10524	6924	271	310.
10525	6924	120	88.
10526	6925	271	310.
10527	279	271	310./
10528	6926	271	310.
10529	6926	120	88.
10530	413	271	310.
10531	2415	271	310.
10532	1840	271	310.
10533	8033	120	90.
10534	6927	271	311.
10535	6927	120	90.
10536	6928	120	91.
10537	179	271	311.
10538	283	271	311.
10539	192	271	311.
10540	6747	16	i, 1332.
10541	6785	33	1, 214.
10542	6769	272	
10543	6748	29	57.
10544	6751	29	124.
10545	6747	29	55.
10546	6750	29	61.
10547	6753	29	196.
10548	6755	29	157.
10549	6756	29	192.
10550	6757	29	145.
10551	6758	29	162.
10552	6759	29	110.
10553	6760	29	141.
10554	6761	29	185.
10555	6762	29	180.
10556	6891	191	142.
10557	6764	29	181.
10558	6765	29	187.
10559	6767	29	198.
10560	6766	29	204.
10561	6771	29	282.
10562	6770	29	205.
10563	6773	29	161.
10564	6772	29	206.
10565	6775	29	214.
10566	6776	29	246.
10567	6779	29	279.
10568	6780	29	247.
10569	6781	29	252.
10570	6782	29	257.
10571	6787	29	337.
10572	6788	29	333.
10573	6789	29	297.
10574	6790	29	326.
10575	2382	272	
10576	6792	29	331.
10577	6793	29	317.
10578	6795	29	370.
10579	6794	29	367.
10580	86	273	
10581	6850	16	6, 311.
10582	8035	191	140.
10583	4102	191	140.
10584	1051	191	140.
10585	8037	191	141.
10586	8039	145	23 (1873) 580.
10587	8039	119	Lijst van leden van de Vroedschap, bijlage achterin, 66.
10588	8039	191	138.
10589	6848	191	138.
10590	6849	119	Lijst van leden van de Vroedschap, bijlage achterin, 66.
10591	8035	119	ijst van leden van de Vroedschap, bijlage achterin, 67.
10592	4102	119	ijst van leden van de Vroedschap, bijlage achterin, 67.
10593	1056	191	140.
10594	2635	191	150.
10595	8040	227	
10596	8041	227	
10597	5229	227	
10598	6117	227	
10599	6132	265	3, 183.
10600	6126	265	3, 182.
10601	4939	265	3, 183.
10602	4941	227	
10603	4941	265	3, 183.
10604	8042	227	
10605	8042	265	3, 192.
10606	4945	265	3, 183.
10607	6129	265	3, 183.
10608	8043	227	
10609	8043	265	3,
10610	6165	265	3, 184.
10611	7398	227	
10612	6167	265	3, 183.
10613	6250	265	3, 184.
10614	6262	265	3, 184.
10615	8044	227	
10616	8045	227	
10617	8045	265	3, 184.
10618	6185	227	
10619	8046	227	
10620	8046	265	3, 185.
10621	5962	265	3, 185.
10622	6259	265	3, 185.
10623	5972	265	3, 186.
10624	8047	265	3, 186.
10625	8047	227	
10626	5974	265	3, 186.
10627	8048	227	
10628	6256	265	3, 186.
10629	6704	265	3, 187.
10630	8049	227	
10631	8049	265	3, 185.
10632	4487	227	
10633	4487	265	3, 188.
10634	4953	265	3, 187.
10635	6285	265	3, 187.
10636	6249	265	3, 186.
10637	4518	265	3, 189.
10638	6244	265	3, 188.
10639	5996	227	
10640	5996	265	3, 188.
10641	4765	265	3, 189.
10642	6009	265	3, 189.
10643	6005	265	3, 189.
10644	6016	265	3, 188.
10645	6228	265	3, 187.
10646	4768	227	
10647	4491	265	3, 190.
10648	6597	265	3, 190.
10649	6022	265	3, 189.
10650	6229	265	3, 189.
10651	4769	265	3, 190.
10652	8050	227	
10653	8051	196	10.
10654	8054	151	2, 522.
10655	8054	16	8, 104.
10656	8055	4	89 (2001-2002) 209.
10657	7705	151	2, 234.
10658	7898	209	1 (1576-1577) N. Japikse ed. ('s-Gravenhage 1915) 3.
10659	7953	209	1 (1576-1577) N. Japikse ed. ('s-Gravenhage 1915) 147, n. 8.
10660	8072	16	8, 997.
10661	8073	151	8, 16.
10662	8057	151	6, 188.
10663	8075	151	6, 188.
10664	8076	151	3, 272.
10665	7966	151	3, 274.
10666	7730	151	3, 274.
10667	7929	151	3, 270.
10668	7929	302	173, n. 15.
10669	7923	302	169, n. 6.
10670	7933	302	177, n. 37.
10671	7965	151	3, 274.
10672	8080	16	10, 502.
10673	8080	151	8, 14.
10674	8082	151	3, 61.
10675	7760	151	3, 61.
10676	7738	151	5, 16.
10677	6893	191	146.
10678	8084	151	5, 16.
10679	8086	151	8, 316.
10680	8087	151	5, 81.
10681	8089	151	2, 41.
10682	8090	151	3, 263.
10683	7740	151	9, 140.
10684	8091	151	5, 15.
10685	7741	151	2, 44.
10686	8095	151	2, 479.
10687	8096	151	6, 86.
10688	8101	151	3, 191.
10689	7750	151	8, 344.
10690	8107	151	2, 42.
10691	8108	16	9, 90.
10692	8110	151	11, 87.
10693	8111	6	1, 16.
10694	8111	151	3, 264.;
10695	8112	151	7, 59.
10696	7761	151	12, 6.
10697	7737	151	12, 6.
10698	7759	151	8, 48.
10699	8115	151	10, 17.
10700	8116	151	4, 24.
10701	8118	151	2, 490.
10702	7896	151	12, bijvoegsel, 6.
10703	8121	151	3, 134.
10704	7901	151	8, 127.
10705	8122	151	5, 65.
10706	8052	151	6, 406.
10707	8125	227	
10708	8126	227	
10709	8129	151	8, 204.
10710	8132	151	2, 103.
10711	8140	151	8, 203.
10712	8141	151	8, 202.
10713	7694	151	10, 190.
10714	8142	303	2, 406.
10715	7701	16	3, 124.
10716	7698	151	2, 106.
10717	7946	151	1, 126.
10718	3227	151	4, 55.
10719	7956	151	2, 508.
10720	7958	242	34.
10721	7958	151	8, 130.
10722	7963	151	1, 141.
10723	7968	151	9, 103.
10724	7720	151	12, 2.
10725	7988	16	6, 152.
10726	7723	151	3, 244.
10727	7999	16	7, 279.
10728	8159	151	10, 39.
10729	7731	151	12, bijvoegsel, 12.
10730	7678	151	3, 179.
10731	8174	151	6, 255.
10732	8176	151	8, 203.
10733	8183	241	49.
10734	8188	16	7, 1333.
10735	8189	151	5, 76.
10736	7955	16	6, 1259.
10737	8192	242	5.
10738	8193	242	20.
10739	8194	276	Inventaris van de collectie Röell (1572-1817) (0389), inv. nr. 1, 25.
10740	8197	243	126.
10741	7960	243	128.
10742	8210	16	2, 300.
10743	8220	151	11, 4.
10744	8221	151	3, 239.
10745	8231	16	2, 603.
10746	8234	151	8, 34.
10747	8235	16	5, 263.
10748	8236	151	8, 314.
10749	8243	151	3, 204.
10750	8250	151	2, 194.
10751	8258	16	1, 1307.
10752	8260	303	4, 567.
10753	8261	241	28.
10754	8262	243	139.
10755	8263	242	29.
10756	8265	276	Inventaris van de collectie Röell (1572-1817) (0389), inv. nr. 1, 80.
10757	4959	304	
10758	4959	16	3, 756.
10759	7177	241	71.
10760	8267	243	109.
10761	8267	241	71.
10762	8272	243	115.
10763	8285	16	9, 1147.
10764	8306	16	3, 385.
10765	8306	6	1, 17.
10766	8309	16	5, 337.
10767	8333	120	hoofdstuk 3 (paginanummering ontbreekt).
10768	8334	16	9, 338.
10769	8335	6	1, 72.
10770	8336	6	1, 61.
10771	8338	63	530.
10772	8340	305	115.
10773	8341	136	1 (1897) 1.
10774	8341	149	8 (1999) nr. 4, 271.
10775	8344	6	1, 20.
10776	8347	6	1, 10.
10777	1655	151	5, 58.
10778	8353	151	2, 388.
10779	8357	6	1, 83.
10780	8356	148	archief Gemeente Delft, 1e afd. (1246-1795), inv. nr. 327.
10781	8343	148	archief Gemeente Delft, 1e afd. (1246-1795), inv. nr. 327.
10782	4100	130	archief van de Ridderschap van Holland 3.01.06, inv. nr. 80.
10783	2011	130	archief van de Ridderschap van Holland 3.01.06, inv. nr. 80.
10784	8219	115	
10785	8345	115	
10786	8334	131	
10787	4101	131	
10788	8337	61	14,
10789	1623	117	9.
10790	8358	166	
10791	8368	241	153.
10792	6897	191	152.
10793	8368	137	3 (1909) 52-56.
10794	8369	227	
10795	8370	16	3, 1042.
10796	8372	228	3.
10797	8373	227	
10798	8374	227	
10799	8375	151	4, 98.
10800	8376	227	
10801	4941	228	
10802	8393	222	65.
10803	8394	222	150.
10804	8396	16	6, 1289.
10805	7904	227	
10806	7933	16	2, 1093.
10807	7937	151	6, 378.
10808	7955	244	41 (1938) 234.
10809	8124	16	2, 438.
10810	8128	227	
10811	8172	137	4 (1909) 116.
10812	5870	4	38 (1940) 31.
10813	5522	15	50 (1964) 166.
10814	6899	191	154.
10815	4858	244	45 (1942) 132.
10816	6965	244	75 (1984) 103, 121.
10817	1727	165	gedrukte resoluties van de Staten van Zeeland, inv. nr. 76 (1660) f. 77.
10818	5816	290	151.
10819	7030	145	29 (1879) 162.
10820	7039	241	214.
10821	7052	151	4, 47.
10822	7053	135	9 (1892) 163-164.
10823	6991	145	30 (1880) 372..
10824	7027	241	132.
10825	4896	241	408.
10826	4972	16	6, 676-677.
10827	7050	135	9 (1892) 163, 164.
10828	4975	134	27 (1910) 123-124.
10829	7071	135	9 (1892) 179-180.
10830	7072	135	9 (1892) 179-180.
10831	4868	138	nieuwe reeks 3 (1881) 24.
10832	7059	275	Gelderse rekenkamer (0012), inv. nr. 80, register van commissies 1662-1700, f. 11.
10833	7063	16	8, 371.
10834	1582	129	43v.
10835	7065	135	9 (1892) 178-179.
10836	6709	275	Gelderse rekenkamer (0012), inv. nr. 80, register van commissies 1662-1700, f. 75v.
10837	5763	243	267.
10838	7101	16	1, 999.
10839	4871	275	ORA Arnhem (2003), inv. nr. 425, regest 201.
10840	7107	151	6, 146.
10841	5239	138	3 (1881) 58.
10842	4974	136	5 (1901) 216.
10843	4800	141	25 (1970) 3, 21.
10844	7135	244	7 (1904) 297, 75 (1984) 113, 77 (1986) 100.
10845	7172	244	30 (1927) 235.
10846	7195	241	218.
10847	1641	130	archief De Riemer 3.20.49, inv. nr. 23, blz. 198.
10848	3871	165	gedrukte resoluties van de Staten van Zeeland, inv. nr. 30 (1614) f. 259.
10849	4470	248	archief Staten van Utrecht 1581-1810 (233), inv. nr. 246-1, f. 37.
10850	7223	241	296.
10851	6746	271	1, 311.
10852	5769	221	174.
10853	5790	275	Familie Van Eck (0545), inv. nr. 22-24.
10854	5753	138	nieuwe reeks 3 (1881) 71-74.
10855	6564	209	Nieuwe reeks 1 (1610-1612) A.Th. van Deursen ed. ('s-Gravenhage 1971)
10856	6569	209	Nieuwe reeks 2 (1613-1616) A.Th. van Deursen ed. ('s-Gravenhage 1984) 380.
10857	6565	209	Nieuwe reeks 2 (1613-1616) A.Th. van Deursen ed. ('s-Gravenhage 1984) 771.
10858	6566	209	Nieuwe reeks 2 (1613-1616) A.Th. van Deursen ed. ('s-Gravenhage 1984) 819.
10859	6552	209	13 (1604-1606) H.H.P. Rijperman ed.  ('s-Gravenhage 1957) 526.
10860	6729	243	308.
10861	4864	134	15 (1897) 37.
10862	4983	242	152.
10863	4605	134	47 (1929) 213.
10864	7288	276	Inventaris van de collectie Röell (1572-1817) (0389), inv. nr. 2, 393.
10865	4656	244	75 (1984) 123.
10866	6695	242	133.
10867	6361	134	37 (1919) 404.
10868	5784	276	Inventaris van de collectie Röell (1572-1817) (0389), inv. nr. 1, 339.
10869	4630	244	38 (1935) 74.
10870	6367	276	Inventaris van de collectie Röell (1572-1817) (0389), inv. nr. 2, 461.
10871	4824	276	Inventaris van de collectie Röell (1572-1817) (0389), inv. nr. 2, 450, 467.
10872	6446	276	Inventaris van de collectie Röell (1572-1817) (0389), inv. nr. 2, 520.
10873	7262	276	Inventaris van de collectie Röell (1572-1817) (0389), inv. nr. 1, 270.
10874	6537	276	"Inventaris van de collectie Röell (1572-1817) (0389), inv. nr. 2, 405.
Inventaris van de collectie Röell (1572-1817) (0389), inv. nr. 2, 405."
10875	5749	244	10 (1907) 315, 22 (1919) 50, 66 (1972) 84.
10876	6556	209	14 (1607-1609) H.H.P. Rijperman ed. ('s-Gravenhage 1970) 630.
10877	6542	209	7 (1590-1592) N. Japikse ed. ('s-Gravenhage 1923) 297.
10878	3723	276	Inventaris van de collectie Röell (1572-1817) (0389), inv. nr. 2, 485.
10879	7278	276	Inventaris van de collectie Röell (1572-1817) (0389), inv. nr. 2, 348, 464.
10880	5759	276	Inventaris van de collectie Röell (1572-1817) (0389), inv. nr. 1, 59, 197.
10881	6567	221	294, 326.
10882	7265	275	Staten van het Kwartier van Zutphen, hun Gedeputeerden (0005), inv. nr. 18, kwartiersrecessen 1718-1725, f. 98.
10883	5832	275	Staten van het Kwartier van Zutphen, hun Gedeputeerden (0005), inv. nr. 119, resoluties van Gedeputeerde Staten 1699-1702, 7 december 1699.
10884	7134	275	Staten van het Kwartier van Zutphen, hun Gedeputeerden (0005), inv. nr. 122, resoluties van Gedeputeerde Staten 1729-1735, 5 oktober 1730.
10885	4981	275	Staten van het Kwartier van Zutphen, hun Gedeputeerden (0005), inv. nr. 14, kwartiersrecessen 1695-1703, f. 206.
10886	7152	275	Familie Van Lawick (0473), 1.1.3, inv. nr. 3-6.
10887	7050	275	Familie Brantsen (0452), 1.09.3, inv. nr. 257-258.
10888	4594	241	309.
10889	7168	241	66, 93.
10890	4768	248	archief van het stadsbestuur van Utrecht, 1577-1795 (702), secretarie, inv. nr. 129-bis-2, 513.
10891	7349	283	32.
10892	7360	283	38.
10893	4584	243	331.
10894	7435	6	1, 289.
10895	7604	6	2, 811.
10896	7611	6	2, 908
10897	4758	265	3, 183.
10898	4479	265	2, 186.
10899	4952	265	1, 314, 2, 1050.
10900	6118	265	3, 183.
10901	3304	285	18.
10902	7315	151	1, 402.
10903	5181	241	388.
10904	6399	125	6 (1952) 77-84, 106.
10905	4821	241	387.
10906	5959	265	2, 1054.
10907	7118	151	9, 82.
10908	2855	130	archief De Riemer 3.20.49, inv. nr. 23, blz. 350, 41, blz. 50.
10909	5801	244	88 (1997) 108, 115.
10910	4974	242	111.
10911	4959	151	11, 349.
10912	1648	130	archief De Riemer 3.20.49, inv. nr. 23, blz. 410.
10913	1628	130	archief De Riemer 3.20.49, inv. nr. 23, blz. 447.
10914	1659	130	archief De Riemer 3.20.49, inv. nr. 23, blz. 448.
10915	1784	130	archief De Riemer 3.20.49, inv. nr. 23, blz. 452.
10916	1629	130	archief De Riemer 3.20.49, inv. nr. 23, blz. 455.
10917	1613	130	archief De Riemer 3.20.49, inv. nr. 23, blz. 456.
10918	5151	241	399.
10919	5312	134	65 (1948) 31.
10920	1682	130	archief De Riemer 3.20.49, inv. nr. 23, blz. 456.
10921	1657	130	archief De Riemer 3.20.49, inv. nr. 23, blz. 459.
10922	2825	130	archief De Riemer 3.20.49, inv. nr. 23, blz. 459.
10923	2827	130	archief De Riemer 3.20.49, inv. nr. 23, blz. 464.
10924	1122	130	archief De Riemer 3.20.49, inv. nr. 23, blz. 467.
10925	1736	130	archief De Riemer 3.20.49, inv. nr. 23, blz. 467.
10926	417	130	archief De Riemer 3.20.49, inv. nr. 23, blz. 468.
10927	1775	130	archief De Riemer 3.20.49, inv. nr. 23, blz. 468.
10928	2830	130	archief De Riemer 3.20.49, inv. nr. 23, blz. 468.
10929	1781	130	archief De Riemer 3.20.49, inv. nr. 23, blz. 471.
10930	1806	130	archief De Riemer 3.20.49, inv. nr. 23, blz. 472.
10931	2836	130	archief De Riemer 3.20.49, inv. nr. 23, blz. 472.
10932	2843	130	archief De Riemer 3.20.49, inv. nr. 23, blz. 472.
10933	227	130	archief De Riemer 3.20.49, inv. nr. 23, blz. 475.
10934	199	130	archief De Riemer 3.20.49, inv. nr. 23, blz. 476.
10935	219	130	archief De Riemer 3.20.49, inv. nr. 23, blz. 477.
10936	1679	130	archief De Riemer 3.20.49, inv. nr. 23, blz. 479.
10937	2838	130	archief De Riemer 3.20.49, inv. nr. 23, blz. 479.
10938	238	130	archief De Riemer 3.20.49, inv. nr. 23, blz. 480 (zie ook voetnoot a)
10939	237	130	archief De Riemer 3.20.49, inv. nr. 23, blz. 480.
10940	235	130	archief De Riemer 3.20.49, inv. nr. 23, blz. 483.
10941	1705	130	archief De Riemer 3.20.49, inv. nr. 23, blz. 81.
10942	1850	130	archief De Riemer 3.20.49, inv. nr. 39, blz. 171.
10943	1649	130	archief De Riemer 3.20.49, inv. nr. 40, blz. 613.
10944	1718	130	archief De Riemer 3.20.49, inv. nr. 40, blz. 625.
10945	2709	130	archief De Riemer 3.20.49, inv. nr. 40, blz. 629.
10946	2711	130	archief De Riemer 3.20.49, inv. nr. 40, blz. 629.
10947	1772	130	archief De Riemer 3.20.49, inv. nr. 40, blz. 634.
10948	1817	130	archief De Riemer 3.20.49, inv. nr. 40, blz. 641.
10949	1816	130	archief De Riemer 3.20.49, inv. nr. 40, blz. 642.
10950	1818	130	archief De Riemer 3.20.49, inv. nr. 40, blz. 642.
10951	409	130	archief De Riemer 3.20.49, inv. nr. 40, blz. 643.
10952	1807	130	archief De Riemer 3.20.49, inv. nr. 40, blz. 643.
10953	6513	243	421.
10954	614	130	archief De Riemer 3.20.49, inv. nr. 40, blz. 644.
10955	1848	130	archief De Riemer 3.20.49, inv. nr. 40, blz. 644.
10956	2733	130	archief De Riemer 3.20.49, inv. nr. 40, blz. 647.
10957	2734	130	archief De Riemer 3.20.49, inv. nr. 40, blz. 647.
10958	1642	130	archief De Riemer 3.20.49, inv. nr. 41, blz. 125.
10959	2772	130	archief De Riemer 3.20.49, inv. nr. 41, blz. 130.
10960	2777	130	archief De Riemer 3.20.49, inv. nr. 41, blz. 134.
10961	1654	130	archief De Riemer 3.20.49, inv. nr. 41, blz. 185.
10962	2791	130	archief De Riemer 3.20.49, inv. nr. 41, blz. 185.
10963	2792	130	archief De Riemer 3.20.49, inv. nr. 41, blz. 186.
10964	1814	130	archief De Riemer 3.20.49, inv. nr. 41, blz. 190.
10965	2796	130	archief De Riemer 3.20.49, inv. nr. 41, blz. 190.
10966	1815	130	archief De Riemer 3.20.49, inv. nr. 41, blz. 193.
10967	2798	130	archief De Riemer 3.20.49, inv. nr. 41, blz. 193.
10968	1826	130	archief De Riemer 3.20.49, inv. nr. 41, blz. 194.
10969	1847	130	archief De Riemer 3.20.49, inv. nr. 41, blz. 194.
10970	2804	130	archief De Riemer 3.20.49, inv. nr. 41, blz. 197.
10971	2806	130	archief De Riemer 3.20.49, inv. nr. 41, blz. 197.
10972	2807	130	archief De Riemer 3.20.49, inv. nr. 41, blz. 197.
10973	2787	130	archief De Riemer 3.20.49, inv. nr. 41, blz. 213.
10974	2775	130	archief De Riemer 3.20.49, inv. nr. 41, blz. 221.
10975	2776	130	archief De Riemer 3.20.49, inv. nr. 41, blz. 225.
10976	2767	130	archief De Riemer 3.20.49, inv. nr. 41, blz. 89.
10977	2769	130	archief De Riemer 3.20.49, inv. nr. 41, blz. 90.
10978	2805	130	archief De Riemer 3.20.49, inv. nr. 41, f. 197.
10979	6039	125	31 (1977) 80.
10980	7297	4	4 (1906) 241.
10981	1779	130	archief De Riemer 3.20.49, inv. nr. 23, blz. 16-1.
10982	3967	130	archief Generaliteits-Rekenkamer 1.01.43, inv. nr. 10, f. 156.
10983	3566	130	archief Generaliteits-Rekenkamer 1.01.43, inv. nr. 11, f. 252.
10984	3979	130	archief Generaliteits-Rekenkamer 1.01.43, inv. nr. 12, f. 259.
10985	3387	130	archief Generaliteits-Rekenkamer 1.01.43, inv. nr. 15, f. 108v.
10986	3982	130	archief Generaliteits-Rekenkamer 1.01.43, inv. nr. 15, f. 246.
10987	416	130	archief Generaliteits-Rekenkamer 1.01.43, inv. nr. 16, f. 208v.
10988	3983	130	archief Generaliteits-Rekenkamer 1.01.43, inv. nr. 16, index voorin, onder 'secretarissen dezer kamer'
10989	4562	130	archief Generaliteits-Rekenkamer 1.01.43, inv. nr. 9, resoluties.
10990	4110	130	archief Staten van Holland 3.01.04.01, inv. Nr. 5474 generale index op de resoluties 1591-1599, f. 345
10991	2167	130	archief Staten-Generaal 1.01.02, inv. nr. 12270, f. 271.
10992	3258	130	archief Staten-Generaal 1.01.02, inv. nr. 12271, f. 31v.
10993	3246	130	archief Staten-Generaal 1.01.02, inv. nr. 12271, f. 136v.
10994	2947	130	archief Staten-Generaal 1.01.02, inv. nr. 12271, f. 262.
10995	3975	130	archief Staten-Generaal 1.01.02, inv. nr. 12271, f. 273v.
10996	4210	130	archief Staten-Generaal 1.01.02, inv. nr. 12271, f. 295.
10997	4216	130	archief Staten-Generaal 1.01.02, inv. nr. 12272, f. 213v.
10998	2960	130	archief Staten-Generaal 1.01.02, inv. nr. 12272, f. 4.
10999	4219	130	archief Staten-Generaal 1.01.02, inv. nr. 12273, f. 49.
11000	2950	130	archief Staten-Generaal 1.01.02, inv. nr. 12274, f. 24.
11001	2951	130	archief Staten-Generaal 1.01.02, inv. nr. 12275, f. 117.
11002	2884	130	archief Staten-Generaal 1.01.02, inv. nr. 12275, f. 265v.
11003	1727	130	archief Staten-Generaal 1.01.02, inv. nr. 12275, f. 289.
11004	2886	130	archief Staten-Generaal 1.01.02, inv. nr. 12276, f. 394v.
11005	4221	130	archief Staten-Generaal 1.01.02, inv. nr. 12276, f. 431v.
11006	2894	130	archief Staten-Generaal 1.01.02, inv. nr. 12277, f. 146.
11007	2891	130	archief Staten-Generaal 1.01.02, inv. nr. 12277, f. 20v.
11008	2883	130	archief Staten-Generaal 1.01.02, inv. nr. 12277, f. 71v.
11009	2237	130	archief Staten-Generaal 1.01.02, inv. nr. 12277, f. 87.
11010	4228	130	archief Staten-Generaal 1.01.02, inv. nr. 12278, f. 54v.
11011	2222	130	archief Staten-Generaal 1.01.02, inv. nr. 12279, f. 121v.
11012	2954	130	archief Staten-Generaal 1.01.02, inv. nr. 12279, f. 135v.
11013	4193	130	archief Staten-Generaal 1.01.02, inv. nr. 12279, f. 15.
11014	2893	130	archief Staten-Generaal 1.01.02, inv. nr. 12279, f. 17.
11015	4229	130	archief Staten-Generaal 1.01.02, inv. nr. 12279, f. 187.
11016	2904	130	archief Staten-Generaal 1.01.02, inv. nr. 12279, f. 197v.
11017	551	130	archief Staten-Generaal 1.01.02, inv. nr. 12279, f. 200.
11018	2900	130	archief Staten-Generaal 1.01.02, inv. nr. 12280, f. 33.
11019	4230	130	archief Staten-Generaal 1.01.02, inv. nr. 12281, f. 142.
11020	4232	130	archief Staten-Generaal 1.01.02, inv. nr. 12281, f. 97v.
11021	4236	130	archief Staten-Generaal 1.01.02, inv. nr. 12282, f. 12v.
11022	2903	130	archief Staten-Generaal 1.01.02, inv. nr. 12282, f. 161v.
11023	2916	130	archief Staten-Generaal 1.01.02, inv. nr. 12283, f. 37v.
11024	2906	130	archief Staten-Generaal 1.01.02, inv. nr. 12284, f. 107.
11025	4231	130	archief Staten-Generaal 1.01.02, inv. nr. 12285, f. 121.
11026	2920	130	archief Staten-Generaal 1.01.02, inv. nr. 12285, f. 34.
11027	4238	130	archief Staten-Generaal 1.01.02, inv. nr. 12286, f. 127.
11028	2969	130	archief Staten-Generaal 1.01.02, inv. nr. 12290, f. 297.
11029	2937	130	archief Staten-Generaal 1.01.02, inv. nr. 12293, f. 31-31v.
11030	1614	130	archief Staten-Generaal 1.01.02, inv. nr. 3186, f. 183v.
11031	4105	130	archief van de Grafelijkheidsrekenkamer 3.01.27.01, inv. nr. 498, f. 216.
11032	4075	130	archief van de Grafelijkheidsrekenkamer 3.01.27.01, inv. nr. 498, f. 366v., 5278, f. 23-23v.
11033	4074	130	archief van de Grafelijkheidsrekenkamer 3.01.27.01, inv. nr. 499, f, 126v.
11034	4112	130	archief van de Grafelijkheidsrekenkamer 3.01.27.01, inv. nr. 499, f. 293.
11035	4131	130	archief van de Grafelijkheidsrekenkamer 3.01.27.01, inv. nr. 499, f. 2v, inv. nr. 5278, f. 27v.
11036	4115	130	archief van de Grafelijkheidsrekenkamer 3.01.27.01, inv. nr. 499, f. 31.
11037	4114	130	archief van de Grafelijkheidsrekenkamer 3.01.27.01, inv. nr. 499, f. 468v.
11038	4130	130	archief van de Grafelijkheidsrekenkamer 3.01.27.01, inv. nr. 500, 20-3-1682.
11039	1783	130	archief van de Hoge Raad 3.03.02, inv. nr. 1537, f. 9v (origineel niet aangetroffen; gebruikt is afschrift door J.G. Smit)
11040	1337	130	archief van de Ridderschap van Holland 3.01.06, inv. nr. 80
11041	1695	130	archief van de Ridderschap van Holland 3.01.06, inv. nr. 80, archief De Riemer 3.20.49, inv. nr. 40, blz. 618.
11042	1900	130	archief van de Ridderschap van Holland 3.01.06, inv. nr. 80, archief De Riemer 3.20.49, inv. nr. 40, blz. 646.
11043	166	130	archief van de Ridderschap van Holland 3.01.06, inv. nr. 80.
11044	187	130	archief van de Ridderschap van Holland 3.01.06, inv. nr. 80.
11045	188	130	archief van de Ridderschap van Holland 3.01.06, inv. nr. 80.
11046	1320	130	archief van de Ridderschap van Holland 3.01.06, inv. nr. 80.
11047	1686	130	archief van de Ridderschap van Holland 3.01.06, inv. nr. 80.
11048	1687	130	archief van de Ridderschap van Holland 3.01.06, inv. nr. 80.
11049	1692	130	archief van de Ridderschap van Holland 3.01.06, inv. nr. 80.
11050	1694	130	archief van de Ridderschap van Holland 3.01.06, inv. nr. 80.
11051	1719	130	archief van de Ridderschap van Holland 3.01.06, inv. nr. 80.
11052	1742	130	archief van de Ridderschap van Holland 3.01.06, inv. nr. 80.
11053	1765	130	archief van de Ridderschap van Holland 3.01.06, inv. nr. 80.
11054	1794	130	archief van de Ridderschap van Holland 3.01.06, inv. nr. 80.
11055	1829	130	archief van de Ridderschap van Holland 3.01.06, inv. nr. 80.
11056	1831	130	archief van de Ridderschap van Holland 3.01.06, inv. nr. 80.
11057	1844	130	archief van de Ridderschap van Holland 3.01.06, inv. nr. 80.
11058	1852	130	archief van de Ridderschap van Holland 3.01.06, inv. nr. 80.
11059	4482	4	48 (1955) 170, 83 (1993) 48.
11060	1902	130	archief van de Ridderschap van Holland 3.01.06, inv. nr. 80.
11061	2014	130	archief van de Ridderschap van Holland 3.01.06, inv. nr. 80.
11062	2015	130	archief van de Ridderschap van Holland 3.01.06, inv. nr. 80.
11063	2016	130	archief van de Ridderschap van Holland 3.01.06, inv. nr. 80.
11064	2021	130	archief van de Ridderschap van Holland 3.01.06, inv. nr. 80.
11065	2022	130	archief van de Ridderschap van Holland 3.01.06, inv. nr. 80.
11066	2322	130	archief van de Ridderschap van Holland 3.01.06, inv. nr. 80.
11067	6549	4	4 (1906) 358.
11068	4772	4	 4 (1906) 513.
11069	6318	4	15 (1917) 183.
11070	4988	4	15 (1917) 308.
11071	6554	4	27 (1929) 90.
11072	6467	290	42.
11073	3331	174	503.
11074	6586	4	39 (1941) 176.
11075	6583	4	39 (1941) 289.
11076	6421	4	43 (1950) 141.
11077	6372	4	46 (1953) 321.
11078	6438	4	46 (1953) 321.
11079	6332	4	77 (1986) 216.
11080	6387	4	80 (1989) 398-399.
11081	1808	130	archief De Riemer 3.20.49, inv. nr. 40, blz. 643, archief van de Ridderschap van Holland 3.01.06, inv. nr. 80.
11082	6301	4	92 (2006-2007) 467.
11083	4687	4	92 (2006-2007) 517-518
11084	430	4	89 (2000-2001) 449.
11085	6502	4	90 (2002-2003) 363.
11086	4954	4	91 (2004-2005) 57.
11087	4931	4	91 (2004-2005) 62.
11088	6429	4	77 (1986) 214.
11089	6589	4	28 (1930) 49.
11090	6693	4	6 (1908) 318.
11091	4983	4	91 (2004-2005) 516.
11092	4815	4	91 (2004-2005) 516-517.
11093	7105	4	95 (2010) 435.
11094	1160	129	5.
11095	4573	130	archief Generaliteits-Rekenkamer 1.01.43, inv. nr. 1, 3 april 1666.
11096	2824	14	5 (1893) 93.
11097	4003	15	12 (1921-1922) 338.
11098	6204	15	12 (1921-1922) 267.
11099	5814	15	12 (1921-1922) 269.
11100	5078	15	18 (1928-1929) 143.
11101	4416	15	18 (1928-1929) 143-144.
11102	5897	15	20 (1931-1932) 315.
11103	4392	15	20 (1931-1932) 316.
11104	5146	15	20 (1931-1932) 327.
11105	5723	15	20 (1931-1932) 347.
11106	5058	15	20 (1931-1932) 350.
11107	4369	15	20 (1931-1932) 325-326.
11108	5283	15	20 (1931-1932) 326.
11109	4703	15	21 (1933-1934) 383.
11110	4705	15	21 (1933-1934) 388.
11111	6320	15	22 (1935-1936) 196.
11112	4875	15	22 (1935-1936) 197.
11113	6509	15	22 (1935-1936) 197.
11114	7064	16	7, 928-929.
11115	7128	16	9, 1263.
11116	4893	134	2 (1884) 51.
11117	6558	134	4 (1886) 39.
11118	6573	134	9 (1891) 58.
11119	4536	174	142, 505.
11120	5787	16	7, 210.
11121	354	16	10, 328.
11122	1701	16	10, 464.
11123	428	16	10, 465.
11124	3678	16	10, 863.
11125	5749	134	33 (1915) 122.
11126	6306	134	28 (1910) 64, 49 (1931) 159.
11127	6548	134	34 (1916) 21, 67 (1950) 23.
11128	5658	134	78 (1961) 216.
11129	1040	134	24 (1906) 193.
11130	2429	134	32 (1914) 331.
11131	4322	134	41 (1923) 85, 282.
11132	1028	134	55 (1937) 159.
11133	6309	134	69 (1952) 94.
11134	4853	135	1 (1883-1884) nr. 27,  2.
11135	1733	135	1 (1883-1884) nr. 129, 2.
11136	310	135	1 (1883-1884) nr. 13, 2.
11137	1103	135	1 (1883-1884) nr. 13, 2.
11138	1878	135	1 (1883-1884) nr. 13, 2.
11139	1936	135	1 (1883-1884) nr. 13, 2.
11140	1846	135	1 (1883-1884) nr. 17, 3.
11141	1934	135	1 (1883-1884) nr. 22, 2.
11142	1785	135	1 (1883-1884) nr. 36, 2.
11143	2006	135	1 (1883-1884) nr. 37, 1.
11144	1116	135	1 (1883-1884) nr. 71, 1.
11145	1863	135	1 (1883-1884) nr. 71, 1.
11146	1981	135	1 (1883-1884) nr. 71, 2.
11147	439	135	1 (1883-1884) nr. 74, 2.
11148	1681	135	1 (1883-1884) nr. 74, 2.
11149	2395	135	1 (1883-1884) nr. 74, 3.
11150	58	135	1 (1883-1884) nr. 13, 2.
11151	5962	135	1 (1883-1884) nr. 22, 3.
11152	2046	135	1 (1883-1884) nr. 116, 2.
11153	956	137	1 (1906) 349.
11154	1257	137	1 (1906) 431.
11155	1704	137	1 (1906) 62.
11156	6957	137	1 (1907) 208.
11157	6310	137	4 (1909) 212.
11158	2322	137	10 (1915) 331.
11159	6562	138	3 (1874) 34.
11160	6578	136	1 (1897) 59.
11161	4963	136	2 (1898) 36.
11162	4960	136	13 (1909) 232.
11163	5201	136	13 (1909) 233.
11164	1328	136	1 (1897) 1.
11165	2997	136	16/17 (1912-1913) 27.
11166	7274	136	16/17 (1912-1913) 59.
11167	5511	136	21 (1917) 106.
11168	4241	137	10 (1915) 118.
11169	4316	137	5 (1910) 382-382.
11170	5522	220	291-292, 329.
11171	5841	221	189 (PDF-versie website Gelders Archief).
11172	5321	220	301, 533.
11173	5323	220	381, 424.
11174	5546	220	460, 539.
11175	5702	220	79, 136.
11176	5050	220	79, 296.
11177	5550	220	89, 386.
11178	6563	138	9 (1882) 146.
11179	6560	138	9 (1882) 46.
11180	3206	138	5 (1876) bijlage volgend op p. 208.
11181	1781	138	nieuwe reeks 1 (1879) 377.
11182	7245	138	nieuwe reeks 1 (1879) 39.
11183	7221	138	nieuwe reeks 1 (1879) 138.
11184	1375	138	nieuwe reeks 2 (1880) 100.
11185	3141	138	nieuwe reeks 2 (1880) 101.
11186	1701	138	nieuwe reeks 2 (1880) 102.
11187	2834	138	nieuwe reeks 2 (1880) 104.
11188	3025	138	nieuwe reeks 2 (1880) 115.
11189	3903	138	nieuwe reeks 2 (1880) 129.
11190	1946	138	nieuwe reeks 2 (1880) 198.
11191	6311	125	5 (1651) 77, n. 233, 6 (1952) 67-74.
11192	4007	138	nieuwe reeks 2 (1880) 256.
11193	4009	138	nieuwe reeks 2 (1880) 257.
11194	4010	138	nieuwe reeks 2 (1880) 257.
11195	1736	138	nieuwe reeks 2 (1880) 260.
11196	4004	138	nieuwe reeks 2 (1880) 263.
11197	2946	138	nieuwe reeks 2 (1880) 96.
11198	4017	138	nieuwe reeks 2 (1880) 99.
11199	6554	138	nieuwe reeks 2 (1880) 88.
11200	6557	138	nieuwe reeks 2 (1880) 88.
11201	4138	138	nieuwe reeks 3 (1881) 140.
11202	3352	138	nieuwe reeks 3 (1881) 180.
11203	4144	138	nieuwe reeks 3 (1881) 183.
11204	4146	138	nieuwe reeks 3 (1881) 188.
11205	3146	138	nieuwe reeks 3 (1881) 308.
11206	7057	138	nieuwe reeks 3 (1881) 77.
11207	6547	138	nieuwe reeks 3 (1881) 162.
11208	6587	138	nieuwe reeks 3 (1881) 174.
11209	6305	138	nieuwe reeks 3 (1881) 280.
11210	6555	138	nieuwe reeks 3 (1881) 75.
11211	5004	138	nieuwe reeks 3 (1881) 78.
11212	6566	138	nieuwe reeks 3 (1881) 86.
11213	7118	138	nieuwe reeks 4 (1882) 185.
11214	566	138	nieuwe reeks 1 (1879) 374.
11215	567	138	nieuwe reeks 1 (1879) 378.
11216	6679	141	39 (1984) 96.
11217	4599	141	37 (1982) 134.
11218	6556	145	12 (1862) 12, 16 (1886) 57.
11219	4550	145	28 (1878) 108, 31 (1881) 187, 34 (1884) 206.
11220	6565	145	29 (1879) 112.
11221	6566	145	29 (1879) 162.
11222	4964	145	31 (1881) 166.
11223	6574	145	36 (1886) 57.
11224	2872	146	Oud archief Monnickendam, inv. nr. 8, lijst met namen van vroedschappen voorin.
11225	3985	148	inventaris van de familie Van der Goes, (1412) 1524-1990 (i.h.b. inv. nr. 205, de bijlage).
11226	3986	148	inventaris van de familie Van der Goes, (1412) 1524-1990 (i.h.b. inv. nr. 205, vader van de betrokkene, en de bijlage).
11227	1242	150	Oud archief Enkhuizen, inv. nr. 255, 24 oktober 1654.
11228	4296	288	inleiding inventaris 551 Familie Van Maneil, 1602 - 1804.
11229	5971	248	Inventaris Huis Zuilen (76), 2.3.09.
11230	4277	222	32.
11231	7208	241	10, 234.
11232	6557	134	38 (1920) 91.
11233	5809	134	43 (1924) 8.
11234	4969	134	51 (1933) 95.
11235	6543	134	56 (1938) 154.
11236	1055	119	Lijst van leden van de Vroedschap, bijlage achterin, 66.
11237	1129	119	Lijst van leden van de Vroedschap, bijlage achterin, 66.
11238	1130	119	Lijst van leden van de Vroedschap, bijlage achterin, 66.
11239	1131	119	Lijst van leden van de Vroedschap, bijlage achterin, 66.
11240	1133	119	Lijst van leden van de Vroedschap, bijlage achterin, 66.
11241	1134	119	Lijst van leden van de Vroedschap, bijlage achterin, 66.
11242	1135	119	Lijst van leden van de Vroedschap, bijlage achterin, 66.
11243	1136	119	Lijst van leden van de Vroedschap, bijlage achterin, 66.
11244	1137	119	Lijst van leden van de Vroedschap, bijlage achterin, 66.
11245	1138	119	Lijst van leden van de Vroedschap, bijlage achterin, 66.
11246	1139	119	Lijst van leden van de Vroedschap, bijlage achterin, 66.
11247	1146	119	Lijst van leden van de Vroedschap, bijlage achterin, 66.
11248	1148	119	Lijst van leden van de Vroedschap, bijlage achterin, 66.
11249	1191	119	Lijst van leden van de Vroedschap, bijlage achterin, 66.
11250	1193	119	Lijst van leden van de Vroedschap, bijlage achterin, 66.
11251	1194	119	Lijst van leden van de Vroedschap, bijlage achterin, 66.
11252	1740	119	Lijst van leden van de Vroedschap, bijlage achterin, 66.
11253	1977	119	Lijst van leden van de Vroedschap, bijlage achterin, 66.
11254	2218	119	Lijst van leden van de Vroedschap, bijlage achterin, 66.
11255	2311	119	Lijst van leden van de Vroedschap, bijlage achterin, 66.
11256	2332	119	Lijst van leden van de Vroedschap, bijlage achterin, 66.
11257	2333	119	Lijst van leden van de Vroedschap, bijlage achterin, 66.
11258	2361	119	Lijst van leden van de Vroedschap, bijlage achterin, 66.
11259	2524	119	Lijst van leden van de Vroedschap, bijlage achterin, 66.
11260	4077	119	Lijst van leden van de Vroedschap, bijlage achterin, 66.
11261	4078	119	Lijst van leden van de Vroedschap, bijlage achterin, 66.
11262	450	119	Lijst van leden van de Vroedschap, bijlage achterin, 67, 68.
11263	447	119	Lijst van leden van de Vroedschap, bijlage achterin, 67.
11264	448	119	Lijst van leden van de Vroedschap, bijlage achterin, 67.
11265	449	119	Lijst van leden van de Vroedschap, bijlage achterin, 67.
11266	1045	119	Lijst van leden van de Vroedschap, bijlage achterin, 67.
11267	1048	119	Lijst van leden van de Vroedschap, bijlage achterin, 67.
11268	1051	119	Lijst van leden van de Vroedschap, bijlage achterin, 67.
11269	1054	119	Lijst van leden van de Vroedschap, bijlage achterin, 67.
11270	1056	119	Lijst van leden van de Vroedschap, bijlage achterin, 67.
11271	1141	119	Lijst van leden van de Vroedschap, bijlage achterin, 67.
11272	1142	119	Lijst van leden van de Vroedschap, bijlage achterin, 67.
11273	1143	119	Lijst van leden van de Vroedschap, bijlage achterin, 67.
11274	1144	119	Lijst van leden van de Vroedschap, bijlage achterin, 67.
11275	1145	119	Lijst van leden van de Vroedschap, bijlage achterin, 67.
11276	1147	119	Lijst van leden van de Vroedschap, bijlage achterin, 67.
11277	1149	119	Lijst van leden van de Vroedschap, bijlage achterin, 67.
11278	1150	119	Lijst van leden van de Vroedschap, bijlage achterin, 67.
11279	1151	119	Lijst van leden van de Vroedschap, bijlage achterin, 67.
11280	1152	119	Lijst van leden van de Vroedschap, bijlage achterin, 67.
11281	1153	119	Lijst van leden van de Vroedschap, bijlage achterin, 67.
11282	1154	119	Lijst van leden van de Vroedschap, bijlage achterin, 67.
11283	1155	119	Lijst van leden van de Vroedschap, bijlage achterin, 67.
11284	1163	119	Lijst van leden van de Vroedschap, bijlage achterin, 67.
11285	1446	119	Lijst van leden van de Vroedschap, bijlage achterin, 67.
11286	1447	119	Lijst van leden van de Vroedschap, bijlage achterin, 67.
11287	1448	119	Lijst van leden van de Vroedschap, bijlage achterin, 67.
11288	1766	119	Lijst van leden van de Vroedschap, bijlage achterin, 67.
11289	1837	119	Lijst van leden van de Vroedschap, bijlage achterin, 67.
11290	2241	119	Lijst van leden van de Vroedschap, bijlage achterin, 67.
11291	2242	119	Lijst van leden van de Vroedschap, bijlage achterin, 67.
11292	2456	119	Lijst van leden van de Vroedschap, bijlage achterin, 67.
11293	2492	119	Lijst van leden van de Vroedschap, bijlage achterin, 67.
11294	3009	119	Lijst van leden van de Vroedschap, bijlage achterin, 67.
11295	4080	119	Lijst van leden van de Vroedschap, bijlage achterin, 67.
11296	4081	119	Lijst van leden van de Vroedschap, bijlage achterin, 67.
11297	4083	119	Lijst van leden van de Vroedschap, bijlage achterin, 67.
11298	4084	119	Lijst van leden van de Vroedschap, bijlage achterin, 67.
11299	4085	119	Lijst van leden van de Vroedschap, bijlage achterin, 67.
11300	4086	119	Lijst van leden van de Vroedschap, bijlage achterin, 67.
11301	446	119	Lijst van leden van de Vroedschap, bijlage achterin, 68.
11302	451	119	Lijst van leden van de Vroedschap, bijlage achterin, 68.
11303	452	119	Lijst van leden van de Vroedschap, bijlage achterin, 68.
11304	453	119	Lijst van leden van de Vroedschap, bijlage achterin, 68.
11305	454	119	Lijst van leden van de Vroedschap, bijlage achterin, 68.
11306	455	119	Lijst van leden van de Vroedschap, bijlage achterin, 68.
11307	456	119	Lijst van leden van de Vroedschap, bijlage achterin, 68.
11308	457	119	Lijst van leden van de Vroedschap, bijlage achterin, 68.
11309	459	119	Lijst van leden van de Vroedschap, bijlage achterin, 68.
11310	460	119	Lijst van leden van de Vroedschap, bijlage achterin, 68.
11311	461	119	Lijst van leden van de Vroedschap, bijlage achterin, 68.
11312	462	119	Lijst van leden van de Vroedschap, bijlage achterin, 68.
11313	463	119	Lijst van leden van de Vroedschap, bijlage achterin, 68.
11314	1046	119	Lijst van leden van de Vroedschap, bijlage achterin, 68.
11315	1057	119	Lijst van leden van de Vroedschap, bijlage achterin, 68.
11316	1120	119	Lijst van leden van de Vroedschap, bijlage achterin, 68.
11317	1121	119	Lijst van leden van de Vroedschap, bijlage achterin, 68.
11318	1125	119	Lijst van leden van de Vroedschap, bijlage achterin, 68.
11319	1449	119	Lijst van leden van de Vroedschap, bijlage achterin, 68.
11320	1451	119	Lijst van leden van de Vroedschap, bijlage achterin, 68.
11321	1452	119	Lijst van leden van de Vroedschap, bijlage achterin, 68.
11322	1453	119	Lijst van leden van de Vroedschap, bijlage achterin, 68.
11323	1454	119	Lijst van leden van de Vroedschap, bijlage achterin, 68.
11324	1455	119	Lijst van leden van de Vroedschap, bijlage achterin, 68.
11325	1456	119	Lijst van leden van de Vroedschap, bijlage achterin, 68.
11326	1457	119	Lijst van leden van de Vroedschap, bijlage achterin, 68.
11327	1458	119	Lijst van leden van de Vroedschap, bijlage achterin, 68.
11328	1459	119	Lijst van leden van de Vroedschap, bijlage achterin, 68.
11329	1460	119	Lijst van leden van de Vroedschap, bijlage achterin, 68.
11330	1913	119	Lijst van leden van de Vroedschap, bijlage achterin, 68.
11331	2243	119	Lijst van leden van de Vroedschap, bijlage achterin, 68.
11332	2496	119	Lijst van leden van de Vroedschap, bijlage achterin, 68.
11333	2505	119	Lijst van leden van de Vroedschap, bijlage achterin, 68.
11334	2507	119	Lijst van leden van de Vroedschap, bijlage achterin, 68.
11335	2548	119	Lijst van leden van de Vroedschap, bijlage achterin, 68.
11336	2549	119	Lijst van leden van de Vroedschap, bijlage achterin, 68.
11337	2567	119	Lijst van leden van de Vroedschap, bijlage achterin, 68.
11338	2579	119	Lijst van leden van de Vroedschap, bijlage achterin, 68.
11339	2603	119	Lijst van leden van de Vroedschap, bijlage achterin, 68.
11340	464	119	Lijst van leden van de Vroedschap, bijlage achterin, 69.
11341	465	119	Lijst van leden van de Vroedschap, bijlage achterin, 69.
11342	475	119	Lijst van leden van de Vroedschap, bijlage achterin, 69.
11343	476	119	Lijst van leden van de Vroedschap, bijlage achterin, 69.
11344	716	119	Lijst van leden van de Vroedschap, bijlage achterin, 69.
11345	1126	119	Lijst van leden van de Vroedschap, bijlage achterin, 69.
11346	1461	119	Lijst van leden van de Vroedschap, bijlage achterin, 69.
11347	1462	119	Lijst van leden van de Vroedschap, bijlage achterin, 69.
11348	1463	119	Lijst van leden van de Vroedschap, bijlage achterin, 69.
11349	1464	119	Lijst van leden van de Vroedschap, bijlage achterin, 69.
11350	1465	119	Lijst van leden van de Vroedschap, bijlage achterin, 69.
11351	1466	119	Lijst van leden van de Vroedschap, bijlage achterin, 69.
11352	1467	119	Lijst van leden van de Vroedschap, bijlage achterin, 69.
11353	1468	119	Lijst van leden van de Vroedschap, bijlage achterin, 69.
11354	1469	119	Lijst van leden van de Vroedschap, bijlage achterin, 69.
11355	1915	119	Lijst van leden van de Vroedschap, bijlage achterin, 69.
11356	2605	119	Lijst van leden van de Vroedschap, bijlage achterin, 69.
11357	2635	119	Lijst van leden van de Vroedschap, bijlage achterin, 69.
11358	1050	119	Lijst van leden van de Vroedschap, bijlage achterin, 66.
11359	2405	119	Lijst van leden van de Vroedschap, bijlage achterin, 67.
11360	2501	119	Lijst van leden van de Vroedschap, bijlage achterin, 68.
11361	6542	134	72 (1955) 92.
11362	6437	134	58 (1940) 350.
11363	4540	135	4 (1887) 204.
11364	2027	135	1 (1883-1884) nr. 37, 2.
11365	2190	135	1 (1883-1884) nr. 4, 3.
11366	2317	135	1 (1883-1884) nr. 67, 3.
11367	2709	135	1 (1883-1884) nr. 69, 3.
11368	1650	151	10, 147.
11369	1959	151	10, 211.
11370	4614	244	69 (1976-1977) 170.
11371	4963	244	4 (1901) 2.
11372	6532	244	39 (1936) 83.
11373	6558	244	39 (1936) 59.
11374	6552	244	72 (1981) 104, 48 (1946) 213.
11375	6556	244	46 (1943) 218.
11376	6560	244	72 (1981) 70.
11377	6559	244	27 (1924) 68.
11378	4488	248	archief van het stadsbestuur van Utrecht, 1577-1795 (702), secretarie, inv. nr. 129-ter-2.
11379	6568	244	4 (1901) 279-280.
11380	6562	244	2 (1899) 259.
11381	6573	244	15 (1912) 125.
11382	6561	244	46 (1943) 175, 10 (1907) 163.
11383	6578	244	2 (1899) 176.
11384	6580	244	27 (1924) 69.
11385	6579	244	60 (1961) 71.
11386	6591	244	75 (1984) 120.
11387	4731	248	archief Staten van Utrecht 1581-1810 (233), inv. nr. 246-1, f. 43.
11388	4943	248	archief Staten van Utrecht 1581-1810 (233), inv. nr. 246-1, f. 47.
11389	6003	248	archief Staten van Utrecht 1581-1810 (233), inv. nr. 246-1, f. 41.
11390	6244	248	archief Staten van Utrecht 1581-1810 (233), inv. nr. 246-1, f. 46.
11391	6594	248	archief Staten van Utrecht 1581-1810 (233), inv. nr. 264-105.
11392	6596	248	archief Staten van Utrecht 1581-1810 (233), inv. nr. 264-105.
11393	6598	248	archief Staten van Utrecht 1581-1810 (233), inv. nr. 264-105.
11394	6630	249	119.
11395	7139	134	27 (1909) 26.
11396	5059	220	274, 281.
11397	7325	275	"Familie Van Eck (0545), 1.1.26.
Arnhem, Doopboek - Nederlands Hervormde gemeente, 1700-1717, f. 333, idem begraafboek 1738-1791, 19 september 1783"
11398	6472	263	https://www.parlement.com/id/vg09llx426sq/g_c_c_vatebender [geraadpleegd 28 september 2023].
11399	6265	248	Inventaris Huis Zuilen (76), 2.3.08.
11400	6644	263	http://www.parlement.com/id/vg09llwo4bit/j_c_smissaert [geraadpleegd 28 september 2023].
11401	4442	220	488, 491.
11402	5477	220	147, 238.
11403	5517	220	203, 466
11404	1191	150	Oud archief Hoorn, inv. nr. 104 (ongefolieerd; overzicht vroedschappen voorafgaand aan resoluties 14 april 1614).
11405	1141	150	Oud archief Hoorn, inv. nr. 113, vroedschapsnotulen 1637-1641 (voorafgaand aan vergadering 26 april 1639).
11406	6266	248	Inventaris Huis Zuilen (76), 2.3.12.
11407	5977	248	Inventaris Huis Hardenbroek (1010),  2.2.33.2.
11408	5943	265	2, 1054.
11409	2168	265	3, 183.
11410	5795	241	367.
11411	4794	125	5 (1951) 41-46.
11412	5833	241	325.
11413	6316	125	6 (1952) 73-77.
11414	4909	125	5 (1951), 47-53, 74, 6 (1952) 65-68 .
11415	4993	125	6 (1952) 75-78, 103.
11416	5180	125	6 (1952) 77-83.
11417	5235	125	6 (1952) 80-86.
11418	5750	125	4 (1950) 69- 70, 80.
11419	5825	276	Inventaris van de collectie Röell (1572-1817) (0389), inv. nr. 1, 59, 138.
11420	5833	125	6 (1952) 69-71, 98.
11421	6564	125	5 (1951) 33-34, 39-43, 54.
11422	6338	125	6 (1952) 74-78, 101.
11423	6339	125	6 (1952) 75-77, 104.
11424	6589	125	5 (1951) 42-46, 48-51.
11425	4583	125	6 (1952) 68-70, 90.
11426	6875	125	5 (1951) 48-53, 6 (1952) 65-68.
11427	6400	125	6 (1952) 77-78, 80-83, 104.
11428	4614	125	6 (1952) 74-76, 104.
11429	6348	125	6 (1952) 76-83.
11430	7157	125	6 (1952) 68-71, 90.
11431	6403	125	6 (1952) 75-78, 98.
11432	6423	125	6 (1952) 78-88, 98.
11433	6505	125	6 (1952) 80-88.
11434	6901	125	5 (1651) 50-53, 77, 6 (1952) 65-68..
11435	5339	242	108.
11436	7000	125	5 (1951) 47-50, 60.
11437	7160	125	6 (1952) 68-69, 95-96.
11438	7145	125	6 (1952) 71-75.
11439	7708	241	1.
11440	7172	125	3 (1949) 78, 4 (1950) 68, 70, 5 (1951) 33-38.
11441	7175	125	5 (1951) 39-40, 61.
11442	7192	125	5 (1951) 40-45, 62.
11443	7207	125	5 1951) 47-
11444	7387	6	1, 386.
11445	7216	125	5 (1951) 46-51, 70.
11446	7556	6	1, 524.
11447	7591	6	2, 718.
11448	5789	125	6 (1952) 72-74.
11449	7764	6	2, 645.
11450	4823	125	6 (1952) 78-86, 107.
11451	5848	125	6 (1952) 89.
11452	7889	194	481.
11453	6582	125	26 (1972) 52.
11454	7221	125	5 (1951) 51-53, 78, 6 (1952) 65-68.
11455	4698	243	437.
11456	7229	125	5 (1951) 50-53, 59, 6 (1952) 65.
11457	7856	16	7, 320.
11458	7239	125	6 (1952) 72-74.
11459	7298	125	5 (1951) 33-37.
11460	4612	125	6 (1952) 72-75.
11461	4631	125	6 (1952) 78-80, 106.
11462	4640	125	6 (1952) 77-80.
11463	7887	300	187.
11464	6272	300	187.
11465	5001	125	6 (1952) 83-88.
11466	5234	125	6 (1952) 83-86, 107.
11467	5842	125	6 (1952) 69, 89.
11468	6302	125	6 (1952) 71-75, 103.
11469	6880	300	195.
11470	6943	134	26 (1908) 136.
11471	6974	271	1, 309.
11472	7610	271	1, 302.
11473	7895	151	3, 113.
11474	7909	271	1, 309.
11475	8011	134	27 (1909) 78.
11476	7840	297	3, 238, n. 8.
11477	656	272	101.
11478	8038	191	141.
11479	4901	145	23 (1873) 580.
11480	6746	301	10e reeks, nr. 4 (1996) 221-223.
11481	6120	265	3, 181-182.
11482	7398	265	3, 183, 192.
11483	6172	265	3, 184.
11484	8044	265	3, 185.
11485	6185	265	3, 185.
11486	6261	265	3, 185.
11487	6255	265	3, 186.
11488	5966	265	2, 1054 en 3, 186.
11489	8048	265	3, 186.
11490	6238	265	3, 187.
11491	7957	276	Inventaris van de collectie Röell (1572-1817) (0389), inv. nr. 1, 29.
11492	4768	265	3, 190.
11493	7746	151	9, 83.
11494	8117	151	2, 129.
11495	7999	151	3, 60.
11496	8263	276	Inventaris van de collectie Röell (1572-1817) (0389), inv. nr. 1, 54.
11497	8181	241	69.
11498	8216	148	archief Gemeente Delft, 1e afd. (1246-1795), inv. nr. 327.
11499	6264	265	3, 184.
